detalle_id,pedido_id,producto_id,cantidad,precio_unitario
1,1,38,3,4941.48
2,2,70,1,31108.11
3,2,4,2,9404.83
4,3,61,2,18784.42
5,3,91,4,13591.79
6,3,73,1,6868.45
7,3,43,1,13240.09
8,4,22,24,11397.32
9,4,80,1,12624.59
10,4,12,1,14015.8
11,5,76,1,8461.35
12,6,71,4,10697.56
13,6,16,1,10752.4
14,7,56,2,11654.7
15,7,27,3,13370.64
16,8,19,1,5814.36
17,8,89,1,2119.66
18,9,76,3,8675.04
19,9,88,1,3580.66
20,9,19,1,5891.87
21,9,99,1,7751.88
22,9,52,4,13979.56
23,10,14,1,7191.97
24,10,35,3,87428.34
25,10,93,1,5133.64
26,11,38,1,4534.23
27,11,26,2,18053.93
28,11,14,3,7860.95
29,12,76,4,8743.61
30,12,11,3,12906.86
31,12,42,2,11512.2
32,13,84,1,17625.32
33,13,36,1,20217.55
34,14,16,1,11200.74
35,15,41,1,22532.44
36,15,2,2,6616.36
37,16,76,2,8777.22
38,16,74,1,16820.43
39,16,55,1,37879.43
40,17,24,1,15164.04
41,17,76,1,8086.34
42,18,48,1,7314.16
43,18,7,1,12127.9
44,18,28,2,8697.11
45,18,86,4,27845.98
46,19,87,1,14801.41
47,19,22,2,10944.14
48,19,88,3,4020.99
49,19,81,24,10305.35
50,20,88,1,3690.73
51,20,74,3,16851.76
52,20,38,2,4867.58
53,21,95,1,60569.88
54,22,17,1,25725.23
55,22,2,1,7098.12
56,22,48,2,7549.87
57,23,71,1,9813.05
58,24,4,3,9363.16
59,24,67,2,23913.97
60,25,17,1,27768.19
61,25,30,1,25968.58
62,26,89,3,2346.96
63,27,29,2,5498.97
64,27,33,1,10940.97
65,28,74,2,17054.11
66,28,67,3,23698.88
67,29,43,1,11832.07
68,29,91,1,14485.49
69,30,27,1,13687.68
70,30,43,1,13218.19
71,31,53,18,16009.05
72,31,38,1,4702.08
73,31,78,1,5958.54
74,31,51,4,9507.34
75,32,29,2,5506.46
76,32,36,1,18561.46
77,32,52,1,14521.79
78,33,2,1,7340.54
79,34,62,1,15430.16
80,34,54,1,26654.28
81,34,55,6,36721.85
82,34,18,6,12130.65
83,35,38,1,5106.25
84,35,16,1,11852.58
85,36,32,12,7509.37
86,37,63,1,9758.24
87,38,4,2,9475.92
88,39,88,4,3836.18
89,39,37,2,12655.4
90,40,72,1,11962.17
91,40,23,4,11144.16
92,41,74,1,18216.49
93,41,47,1,12848.92
94,42,87,1,15009.38
95,42,39,1,8008.24
96,43,4,1,9287.45
97,44,51,1,8895.75
98,45,2,1,6589.12
99,45,36,1,19684.98
100,45,40,2,29671.46
101,45,1,2,9213.25
102,46,4,1,9325.74
103,47,74,1,17013.96
104,48,12,3,14164.42
105,49,89,2,2134.08
106,49,22,1,11676.49
107,50,88,1,3956.1
108,51,82,4,16554.08
109,51,70,1,32342.93
110,51,38,2,4598.56
111,52,34,1,11520.07
112,52,17,2,26227.81
113,53,22,1,11025.34
114,53,37,1,13460.31
115,54,24,1,14427.25
116,54,76,1,8206.73
117,54,2,1,6793.13
118,55,36,1,19926.24
119,56,73,4,6846.67
120,56,40,1,28920.83
121,57,71,4,10566.69
122,57,16,1,11702.54
123,57,27,1,12708.88
124,57,40,3,27784.71
125,58,85,24,72984.67
126,58,42,1,11522.86
127,59,24,2,15138.64
128,60,40,4,28840.36
129,61,74,2,17958.86
130,61,91,1,13961.22
131,62,78,1,5766.22
132,62,34,1,12001.61
133,62,97,1,7939.79
134,62,85,1,68564.58
135,62,14,1,7760.65
136,63,58,2,8611.65
137,63,14,1,7415.13
138,64,14,2,7569.49
139,65,48,1,7443.14
140,65,60,1,8320.01
141,65,84,3,16056.57
142,66,73,1,6549.85
143,66,76,1,8598.47
144,66,40,2,28198.5
145,66,21,1,9298.65
146,67,52,1,14722.74
147,67,4,1,9536.48
148,68,22,1,11707.09
149,68,35,1,85056.05
150,69,34,1,11037.75
151,69,23,1,11918.61
152,70,66,1,17178.7
153,70,10,1,42076.15
154,71,62,2,15978.42
155,72,60,2,8070.18
156,73,34,2,12400.87
157,74,3,1,8328.74
158,74,14,1,8091.49
159,74,26,1,20028.2
160,74,2,2,6611.92
161,75,21,1,9045.23
162,76,94,2,26118.65
163,77,36,1,18523.06
164,77,73,12,6259.63
165,78,26,1,18295.57
166,78,30,2,28349.48
167,78,82,1,15333.43
168,78,70,4,31242.38
169,78,42,2,11335.56
170,79,16,1,10859.0
171,79,40,6,27049.93
172,80,43,1,13195.96
173,80,4,1,9782.66
174,81,52,1,15169.89
175,81,17,2,25680.36
176,82,88,1,3739.9
177,82,63,1,10157.12
178,82,24,1,16038.32
179,83,12,1,14443.97
180,83,70,2,31652.33
181,84,63,2,10290.56
182,85,76,1,8110.38
183,85,56,1,10855.6
184,86,82,1,16984.64
185,87,70,1,32161.82
186,88,32,3,7959.27
187,89,70,2,31053.94
188,89,88,3,3827.99
189,90,89,1,2164.44
190,90,64,2,9816.86
191,90,3,1,8739.08
192,90,12,3,14721.95
193,90,100,1,27805.02
194,91,32,3,7855.88
195,91,37,3,13022.96
196,92,23,1,11999.54
197,92,1,3,9512.79
198,92,68,3,12351.82
199,93,71,2,10702.46
200,93,3,4,8328.52
201,93,51,1,9472.5
202,93,69,2,4367.44
203,93,65,2,77624.26
204,94,86,2,29723.77
205,94,49,1,4880.34
206,95,4,2,10322.08
207,95,67,2,25203.99
208,96,40,1,26631.22
209,96,82,1,17096.01
210,96,64,1,10245.86
211,97,84,2,17814.95
212,97,63,1,10309.35
213,97,65,2,79711.45
214,97,3,1,8099.85
215,98,2,1,7099.07
216,98,93,1,5598.75
217,99,52,3,13847.97
218,100,11,1,13953.15
219,101,2,2,7069.2
220,102,31,1,14963.26
221,102,99,3,7838.82
222,103,21,1,8737.83
223,103,40,3,29127.1
224,103,20,3,5457.64
225,104,51,3,8790.84
226,104,43,1,12946.27
227,105,12,1,14867.66
228,105,39,1,7309.34
229,105,9,2,6297.76
230,106,1,1,8880.65
231,106,56,1,11386.95
232,106,4,1,9312.96
233,106,94,4,27334.51
234,107,2,3,6658.64
235,108,12,2,14872.06
236,108,85,1,76141.96
237,109,82,3,15535.31
238,109,51,1,9317.05
239,109,14,6,8022.96
240,110,4,1,10099.55
241,110,86,1,29492.19
242,111,21,4,8344.75
243,112,55,2,36474.26
244,112,87,1,15449.16
245,113,4,1,10034.71
246,113,69,1,4402.76
247,113,14,24,7509.67
248,113,44,1,11247.73
249,113,21,2,9248.16
250,114,63,3,9775.89
251,114,55,1,35873.19
252,115,21,1,8929.59
253,115,82,1,15712.71
254,115,24,1,16013.42
255,116,22,2,10523.97
256,116,4,1,10217.57
257,116,29,1,5169.33
258,117,84,12,16295.23
259,118,14,24,7590.68
260,119,74,2,18003.98
261,119,72,2,11757.48
262,119,2,1,6546.36
263,120,72,12,12169.13
264,120,88,12,3757.78
265,121,52,2,14593.68
266,122,51,2,9138.85
267,123,41,2,20889.53
268,123,33,2,10826.86
269,123,24,1,15334.66
270,123,1,4,9598.58
271,124,26,4,18206.85
272,125,54,1,26041.48
273,125,14,1,7378.87
274,126,68,1,13777.5
275,127,35,1,92284.43
276,128,29,2,5359.4
277,128,62,2,15574.72
278,129,16,1,11483.52
279,130,93,1,5447.33
280,131,85,1,74575.78
281,131,76,1,8561.83
282,131,82,2,17078.28
283,131,24,1,15595.43
284,132,47,1,12796.79
285,133,4,2,10350.61
286,134,62,1,15667.88
287,134,67,1,26112.25
288,135,69,1,4302.09
289,136,74,1,18290.24
290,137,21,1,8492.66
291,137,26,3,18378.66
292,138,20,1,5259.63
293,138,5,2,87786.56
294,138,95,1,64897.7
295,139,21,1,9152.17
296,139,85,1,69474.18
297,140,38,3,5024.86
298,140,88,2,3700.95
299,140,95,2,59968.7
300,140,55,2,37030.25
301,141,59,1,6620.88
302,141,21,6,9156.69
303,141,49,2,4896.94
304,141,56,2,10958.76
305,142,81,2,9984.91
306,142,34,1,12176.93
307,142,65,2,86026.37
308,142,95,1,63179.42
309,142,36,2,18654.15
310,143,85,1,73638.78
311,143,2,4,6649.31
312,144,84,1,16097.39
313,144,51,2,8878.45
314,145,26,2,18034.82
315,145,23,1,11330.7
316,146,40,3,29601.77
317,146,66,3,17701.81
318,146,51,1,8447.82
319,147,91,1,13483.13
320,147,17,4,25917.69
321,147,68,1,13865.06
322,148,34,1,12341.25
323,148,88,3,3777.26
324,148,22,1,11075.31
325,149,36,2,19742.47
326,149,84,1,16367.46
327,150,99,2,7880.9
328,150,69,2,4422.94
329,150,41,1,22569.19
330,151,92,3,9741.32
331,152,94,1,28629.19
332,152,63,1,9835.74
333,152,37,1,13218.87
334,153,62,2,14560.5
335,154,85,2,71222.78
336,154,86,1,29071.04
337,155,51,1,8851.0
338,155,63,1,9688.3
339,155,34,1,11377.97
340,156,37,4,12847.57
341,156,47,1,14206.12
342,156,21,1,9036.84
343,156,49,1,4993.48
344,156,5,1,88069.48
345,157,71,2,10040.27
346,157,27,1,12943.43
347,157,28,1,8542.13
348,157,61,1,18914.37
349,158,43,1,13091.49
350,159,66,1,17344.56
351,160,18,1,11109.48
352,160,25,1,86753.33
353,160,23,1,11338.03
354,161,70,1,31254.11
355,161,100,1,28768.49
356,161,62,1,16091.4
357,161,91,2,13569.02
358,162,1,2,9188.51
359,162,36,1,19397.39
360,162,45,1,106182.58
361,163,31,1,13418.98
362,164,4,1,10105.61
363,164,30,2,27461.34
364,165,74,2,17022.4
365,165,37,1,12587.57
366,165,5,1,92753.25
367,166,90,1,15166.89
368,166,89,2,2195.2
369,167,67,1,25450.58
370,167,94,2,26209.03
371,168,84,1,17312.8
372,168,62,1,15901.17
373,169,32,2,7386.7
374,169,6,1,37959.89
375,170,36,1,19546.58
376,170,74,2,18297.14
377,171,29,1,5162.48
378,171,84,2,16204.73
379,171,37,1,12575.83
380,172,40,3,26623.0
381,172,34,2,12412.25
382,172,87,1,13780.06
383,172,81,2,10322.65
384,173,2,1,6957.67
385,174,10,1,42042.79
386,174,29,1,5525.06
387,174,45,1,108949.12
388,174,34,1,11299.29
389,175,41,3,22840.18
390,176,79,1,4215.93
391,176,74,1,17208.92
392,177,90,4,14314.02
393,177,23,3,11384.77
394,177,25,4,91958.59
395,177,55,1,36190.7
396,178,36,2,19404.01
397,178,59,2,6578.97
398,179,84,1,17748.4
399,179,87,2,15140.22
400,180,82,1,16056.19
401,180,48,2,7484.05
402,181,13,1,6377.11
403,181,8,1,13708.64
404,181,26,2,19551.86
405,182,92,1,8923.55
406,183,51,2,8472.65
407,184,86,2,27328.85
408,184,26,2,19937.27
409,185,63,3,10455.19
410,185,59,1,6396.1
411,186,61,2,20448.21
412,187,42,1,10994.4
413,188,69,1,4612.24
414,188,99,1,7888.71
415,189,27,1,13639.18
416,190,2,1,7244.25
417,190,90,1,15332.97
418,190,88,1,3644.74
419,190,52,1,14537.54
420,191,65,3,82305.13
421,192,1,1,9152.76
422,192,46,1,18327.85
423,192,24,2,14765.89
424,193,76,2,8779.6
425,193,22,2,11469.76
426,194,85,1,75863.07
427,194,24,1,14838.94
428,195,84,2,17081.12
429,195,14,2,8055.69
430,196,36,24,19332.25
431,196,2,1,6541.59
432,197,74,2,17353.71
433,198,81,2,10802.82
434,199,67,1,25045.3
435,200,85,1,73460.85
436,200,67,1,25013.03
437,200,91,1,13352.59
438,201,51,1,8763.39
439,202,14,1,7553.09
440,203,79,2,4257.68
441,203,18,1,10980.27
442,203,91,3,14067.89
443,203,25,2,86141.97
444,204,99,1,7579.13
445,204,32,3,8189.57
446,204,92,1,9658.59
447,205,14,1,7592.07
448,205,54,1,28043.73
449,206,52,3,15178.35
450,206,40,2,26832.71
451,207,49,1,5161.27
452,208,73,2,6538.28
453,208,14,6,7950.28
454,209,91,2,14703.01
455,209,28,1,8058.94
456,210,55,1,35532.38
457,210,5,2,90135.72
458,210,56,2,10714.06
459,211,67,2,25618.03
460,211,46,1,19000.71
461,212,84,2,15842.11
462,213,4,1,9527.91
463,214,14,6,8066.12
464,214,77,1,14636.59
465,215,62,1,14515.35
466,215,58,1,9040.92
467,216,12,1,13743.53
468,216,82,3,16807.32
469,216,84,1,16799.53
470,217,82,3,16105.61
471,217,34,2,12173.68
472,217,85,1,73428.41
473,218,74,1,17699.59
474,219,2,1,6831.38
475,219,55,1,35126.04
476,219,99,1,8039.64
477,219,21,2,8445.08
478,220,14,1,7480.23
479,220,56,2,10855.62
480,221,1,1,9679.57
481,221,14,1,8005.24
482,221,55,2,34066.56
483,221,34,1,11513.44
484,222,24,3,14914.91
485,222,67,24,25203.85
486,223,95,1,66004.75
487,223,81,4,10564.33
488,223,71,2,10019.75
489,224,73,1,6244.81
490,225,85,2,77093.05
491,225,76,1,8387.33
492,226,83,1,11826.97
493,226,26,3,19462.04
494,227,83,2,11339.33
495,227,71,2,10322.97
496,228,4,3,9661.9
497,229,31,2,15048.9
498,229,14,1,7737.81
499,229,95,1,61116.94
500,229,36,2,19235.85
501,230,100,3,28374.01
502,230,32,1,8090.2
503,230,52,18,14758.1
504,230,36,2,18648.93
505,230,8,1,13690.32
506,231,2,1,7199.65
507,231,61,3,19008.96
508,232,26,1,18210.6
509,233,4,1,10373.6
510,233,67,1,23473.76
511,233,40,2,26486.43
512,233,36,1,19981.57
513,234,33,1,11059.88
514,234,54,1,27683.77
515,235,43,1,11854.43
516,235,55,1,36074.69
517,236,22,2,11812.3
518,237,23,2,11582.21
519,237,36,2,20229.04
520,237,7,2,12282.99
521,238,81,1,10301.12
522,239,46,3,19993.83
523,239,4,1,9426.18
524,239,64,2,10381.79
525,239,26,1,19703.72
526,240,37,1,12962.99
527,240,84,1,16345.67
528,241,59,1,6482.68
529,242,33,1,11031.44
530,242,61,2,18982.89
531,242,59,1,6688.81
532,243,34,1,12360.4
533,243,88,1,3868.49
534,244,26,1,20090.78
535,244,82,1,15875.29
536,244,40,4,26449.53
537,245,76,1,8277.6
538,246,1,1,8762.68
539,246,76,2,8003.64
540,246,12,2,14414.35
541,246,31,2,14827.13
542,247,2,3,6898.19
543,247,4,1,10284.89
544,248,37,1,13715.75
545,249,91,1,14798.38
546,250,89,1,2324.06
547,251,18,1,11602.53
548,251,84,2,17361.04
549,252,88,6,3957.79
550,252,81,2,10512.52
551,252,32,1,8163.04
552,252,47,1,13949.05
553,253,26,1,18740.64
554,253,41,4,22142.25
555,254,16,2,11609.28
556,255,12,2,14398.84
557,255,8,2,13488.48
558,255,14,3,7810.27
559,255,64,1,9691.54
560,256,93,1,5677.1
561,256,91,2,13532.55
562,257,79,2,4042.34
563,258,54,1,26846.72
564,258,2,2,6697.45
565,258,30,1,27269.58
566,258,86,2,27317.86
567,259,14,1,7490.22
568,259,38,1,4680.41
569,259,24,3,15173.57
570,260,2,1,6823.33
571,260,33,2,12046.01
572,260,46,2,19430.6
573,261,37,2,12467.32
574,261,38,1,4538.79
575,262,94,1,28035.04
576,262,95,2,66285.68
577,263,22,1,11888.07
578,263,16,1,12047.14
579,263,90,2,15099.87
580,264,83,1,12053.87
581,265,57,1,29479.32
582,266,46,1,19871.19
583,266,91,1,14854.75
584,267,81,3,10769.34
585,267,55,1,34492.37
586,268,88,2,3777.05
587,268,61,1,19705.83
588,268,6,2,40937.19
589,268,90,1,13854.77
590,269,2,3,6776.12
591,269,11,2,13656.24
592,269,85,1,71759.87
593,269,13,1,5913.36
594,270,83,1,11752.07
595,270,21,1,9035.75
596,270,51,1,9042.12
597,271,83,1,10710.84
598,272,34,1,12284.66
599,272,29,1,5588.04
600,273,8,1,13568.04
601,273,14,1,7583.55
602,274,76,1,8653.05
603,275,24,4,14278.28
604,275,16,1,11759.39
605,276,16,1,11192.72
606,277,60,2,8879.46
607,277,22,2,11375.4
608,277,70,2,32875.28
609,278,76,12,8241.11
610,278,95,1,62962.51
611,278,46,1,18684.26
612,279,38,2,4868.31
613,279,14,1,7992.63
614,279,1,1,9086.09
615,280,80,1,12128.21
616,280,2,1,6874.53
617,280,4,1,9578.34
618,281,14,1,7693.86
619,281,38,4,4857.99
620,282,93,2,5248.92
621,282,51,2,8521.8
622,283,42,2,11959.57
623,283,26,1,18021.39
624,283,20,2,5427.74
625,284,14,1,7736.97
626,284,26,2,18554.85
627,284,85,1,70946.34
628,285,4,1,10414.06
629,285,24,1,14634.19
630,286,68,2,12660.12
631,287,4,4,9495.65
632,287,45,18,114677.88
633,288,7,1,13078.46
634,288,98,3,4096.93
635,288,83,1,10821.22
636,288,75,2,44596.49
637,289,37,2,13884.85
638,289,76,1,8510.63
639,290,81,1,10322.26
640,290,68,2,13166.24
641,291,94,1,25842.54
642,291,26,4,18566.46
643,291,76,18,8840.87
644,292,74,2,17461.98
645,292,89,1,2274.87
646,292,49,1,4881.62
647,292,18,1,11384.61
648,293,55,2,36795.71
649,293,22,1,10924.23
650,293,91,1,14830.74
651,294,70,1,31418.46
652,294,34,1,12197.99
653,294,14,2,7523.08
654,294,26,2,18616.45
655,295,84,24,17839.99
656,296,96,1,22171.1
657,297,88,1,3611.31
658,297,18,1,12078.46
659,298,14,4,8037.17
660,299,56,3,11498.03
661,299,47,2,13122.1
662,300,91,1,13970.69
663,301,94,1,26730.09
664,301,54,1,27726.42
665,302,52,1,14804.41
666,303,51,1,8570.65
667,303,5,1,90339.59
668,303,52,2,15250.28
669,304,82,1,15797.9
670,304,55,1,35770.6
671,305,85,2,72349.02
672,305,51,1,8821.11
673,305,14,2,7240.73
674,306,32,1,7766.7
675,306,34,1,12378.95
676,307,100,4,29808.93
677,307,40,2,27487.89
678,308,59,1,6021.06
679,308,32,2,7692.24
680,309,76,1,8137.25
681,310,34,3,11700.56
682,311,89,4,2355.43
683,312,66,3,17600.76
684,312,4,1,10309.7
685,313,86,1,30306.81
686,313,27,3,13592.9
687,314,4,1,10177.5
688,314,47,1,13371.75
689,315,5,2,93402.61
690,315,55,1,35241.87
691,316,76,3,8257.6
692,316,84,1,17025.72
693,317,1,2,9045.81
694,317,81,6,10840.57
695,318,36,1,18124.18
696,318,61,2,18765.51
697,318,32,1,7383.86
698,318,74,2,16823.4
699,319,59,1,6316.66
700,320,18,1,11397.43
701,320,62,1,14389.45
702,321,14,1,7688.63
703,321,88,1,3590.85
704,322,7,1,12939.53
705,322,81,1,10019.9
706,322,22,1,10821.02
707,323,38,2,5118.41
708,324,5,1,91750.8
709,324,15,1,61156.99
710,324,22,1,10848.78
711,324,86,1,27401.1
712,325,51,1,9423.03
713,325,63,1,9897.9
714,325,2,1,6963.29
715,325,61,12,20297.03
716,326,89,2,2345.65
717,326,26,1,17924.83
718,326,2,1,6701.42
719,326,86,1,30007.54
720,326,55,2,35220.69
721,327,61,1,19293.24
722,327,4,1,10433.23
723,327,22,1,11141.54
724,328,14,1,7550.11
725,329,83,1,11297.96
726,329,59,2,5965.28
727,329,30,1,27001.28
728,329,26,1,19316.53
729,330,22,1,11837.32
730,330,21,2,8634.35
731,331,73,1,6919.69
732,331,38,1,4967.19
733,331,42,1,11244.78
734,332,79,2,3833.84
735,333,74,1,17541.64
736,333,48,4,7434.86
737,333,1,2,9374.57
738,334,26,4,19397.55
739,334,48,2,6925.19
740,334,83,1,11818.54
741,335,83,2,11931.26
742,335,85,2,71504.61
743,335,46,2,18485.37
744,336,92,3,9256.48
745,336,34,1,12460.45
746,337,29,2,5207.89
747,337,14,1,7851.65
748,338,16,2,10993.16
749,339,71,1,9520.14
750,340,81,2,10240.46
751,341,6,1,38203.17
752,342,96,2,20652.02
753,343,49,1,4857.32
754,343,59,2,6656.56
755,344,30,1,28831.48
756,345,52,1,14955.93
757,346,26,1,19599.73
758,346,17,1,26319.66
759,346,36,2,18701.87
760,347,53,2,15623.16
761,347,2,1,6688.02
762,347,41,1,22837.24
763,347,69,1,4515.91
764,348,10,1,39562.66
765,348,4,1,9919.88
766,348,59,3,6562.61
767,349,22,2,10630.87
768,349,3,1,8574.02
769,349,46,1,19954.45
770,350,37,3,12588.97
771,350,26,1,18525.14
772,350,16,1,11301.5
773,350,22,2,11874.33
774,351,59,1,6016.99
775,352,16,2,11775.83
776,353,55,2,37028.45
777,353,90,3,14776.27
778,353,12,2,13602.75
779,354,73,1,6604.32
780,355,72,3,12048.13
781,355,82,1,16950.25
782,356,67,3,23554.32
783,357,7,1,13102.16
784,357,46,2,19097.06
785,358,4,1,10011.21
786,358,2,2,6886.26
787,359,55,3,34881.41
788,359,24,1,15416.55
789,359,61,2,18148.52
790,359,43,1,12505.28
791,360,2,6,6717.05
792,361,27,2,13118.8
793,362,4,2,9998.43
794,362,55,3,34323.09
795,362,72,1,11835.54
796,362,59,4,6279.5
797,363,59,1,6678.97
798,363,8,4,12993.67
799,364,61,1,19371.54
800,364,93,12,5362.96
801,365,24,2,14582.35
802,365,51,1,8526.82
803,366,86,2,29773.05
804,366,69,2,4725.97
805,366,59,1,6503.67
806,367,29,1,5541.25
807,368,66,1,17214.5
808,368,70,1,30895.37
809,368,12,1,13745.7
810,369,2,3,6849.3
811,369,68,1,12714.12
812,369,24,2,14406.14
813,370,74,2,17640.86
814,370,36,1,18332.89
815,370,68,1,12757.85
816,370,26,1,19330.33
817,371,26,1,18063.39
818,371,34,1,11443.41
819,372,62,3,14901.4
820,372,70,1,30204.04
821,373,85,2,77113.93
822,374,89,1,2252.04
823,374,11,1,13310.4
824,375,14,1,8102.77
825,375,38,1,4555.69
826,376,71,2,10049.46
827,376,38,1,4781.74
828,376,67,1,24275.71
829,377,13,1,5835.67
830,377,56,1,11514.34
831,378,23,1,10744.48
832,378,32,2,7884.61
833,378,90,1,13918.74
834,379,32,1,7356.05
835,380,94,2,27525.92
836,380,29,1,5194.21
837,380,56,1,11199.77
838,381,11,1,14009.11
839,382,56,4,11026.56
840,382,37,1,13112.08
841,382,60,1,8712.28
842,382,34,1,11661.44
843,383,76,4,8636.37
844,384,97,2,7540.61
845,384,62,2,15294.0
846,384,56,2,11031.89
847,384,72,2,11747.08
848,385,90,1,14910.16
849,386,90,1,14693.4
850,386,46,2,19031.94
851,386,7,1,12188.08
852,387,48,3,7123.58
853,387,75,1,48855.24
854,388,37,1,13317.59
855,388,73,2,6163.95
856,389,89,1,2263.73
857,389,100,2,27801.72
858,390,75,2,44627.3
859,391,74,2,16599.24
860,391,86,1,29445.49
861,392,66,1,18311.09
862,392,74,4,16944.53
863,392,25,1,93991.92
864,393,21,1,9195.14
865,394,18,1,12221.45
866,395,31,1,13446.76
867,395,32,1,7559.18
868,396,41,2,21116.47
869,396,34,3,11613.45
870,396,51,1,8872.92
871,396,1,2,9326.77
872,397,4,4,9961.17
873,397,6,1,41470.91
874,397,90,1,14847.97
875,398,85,1,68821.92
876,398,54,1,25434.18
877,399,23,4,10912.52
878,399,88,1,3590.34
879,399,85,1,76441.96
880,400,22,2,11635.95
881,401,93,1,5508.87
882,401,33,2,10938.56
883,402,74,1,17444.1
884,402,21,1,9165.79
885,402,68,1,12663.17
886,403,71,2,10588.08
887,403,65,2,81819.92
888,404,55,1,37700.9
889,404,86,1,28845.79
890,405,26,2,20162.41
891,406,62,2,15638.07
892,407,34,1,11715.77
893,407,95,1,67014.86
894,407,38,2,4793.74
895,407,53,1,15927.58
896,408,32,2,7447.22
897,408,46,1,19349.94
898,408,72,4,12687.96
899,409,2,1,6643.81
900,409,92,1,9710.05
901,410,17,1,27351.61
902,410,86,1,28807.76
903,410,24,2,14360.81
904,410,14,1,7765.46
905,411,73,3,6536.73
906,412,84,4,16627.69
907,412,34,2,11982.27
908,412,37,2,13387.41
909,413,31,3,14050.22
910,414,36,1,20169.11
911,414,38,1,4711.3
912,414,2,2,7331.46
913,415,75,4,45683.52
914,415,41,1,22730.33
915,416,94,1,26137.11
916,417,85,1,70046.02
917,417,26,1,18916.03
918,418,34,2,12031.91
919,418,31,1,14282.99
920,419,91,2,13793.62
921,419,83,2,11047.0
922,420,61,1,18824.04
923,420,33,1,11431.26
924,421,34,1,12420.77
925,422,38,1,4724.25
926,422,24,4,15117.69
927,423,99,3,7571.33
928,424,88,1,3960.06
929,424,91,1,13326.5
930,425,47,2,13586.31
931,425,63,1,10516.0
932,425,38,2,4739.25
933,426,74,1,17757.92
934,427,69,4,4400.68
935,427,85,1,72390.28
936,428,51,2,8512.62
937,428,93,1,5730.0
938,429,74,1,18637.97
939,429,6,1,41022.63
940,430,4,1,10232.12
941,430,57,1,26973.36
942,431,32,4,8006.74
943,432,56,4,10781.44
944,433,46,1,19791.16
945,434,71,2,10461.09
946,435,94,1,28558.03
947,435,23,3,11876.17
948,435,52,1,15436.07
949,435,54,1,26511.37
950,435,22,1,10868.99
951,436,72,1,11639.55
952,436,7,4,11826.46
953,437,7,1,12159.65
954,437,71,2,10141.98
955,437,16,4,10714.37
956,437,43,1,12090.35
957,438,26,2,18234.97
958,438,29,2,5378.62
959,439,88,1,3884.49
960,439,82,1,16258.29
961,440,14,1,7349.14
962,440,66,1,18431.54
963,440,52,1,13952.13
964,441,43,2,12001.58
965,441,54,1,26097.31
966,442,25,6,96657.8
967,442,24,3,15810.57
968,442,58,4,9520.01
969,442,33,3,10882.85
970,442,88,1,3981.73
971,443,23,1,11086.63
972,443,85,2,75642.22
973,444,29,2,5523.02
974,445,14,3,7527.27
975,446,38,1,4644.35
976,447,83,1,11294.89
977,448,2,1,6893.35
978,448,24,1,15053.04
979,448,74,1,16753.26
980,448,34,2,11976.03
981,449,4,3,10235.99
982,449,6,1,38801.81
983,450,74,1,16950.54
984,450,36,1,18515.87
985,451,34,4,11966.35
986,451,33,2,11572.02
987,452,62,2,15783.82
988,452,49,1,5124.08
989,452,86,2,27371.32
990,453,33,3,11958.25
991,453,76,1,8458.52
992,453,11,1,13569.91
993,454,2,1,6732.76
994,454,24,2,15796.8
995,454,94,2,28112.68
996,455,81,2,10631.56
997,456,56,1,10731.79
998,456,86,3,29652.47
999,457,59,1,6036.55
1000,457,74,2,16712.47
1001,457,81,4,10559.58
1002,458,14,1,7177.63
1003,458,26,3,17950.36
1004,458,91,2,14651.26
1005,458,87,2,14627.89
1006,459,56,1,10390.0
1007,459,66,2,18010.5
1008,459,51,1,9213.82
1009,460,2,1,6763.18
1010,461,82,1,16524.59
1011,462,42,2,11682.65
1012,462,24,1,14924.61
1013,462,84,2,15840.25
1014,463,76,1,8099.14
1015,463,82,1,16430.47
1016,464,27,4,12973.05
1017,464,36,3,19679.18
1018,465,92,4,8989.02
1019,465,31,2,14915.26
1020,466,87,2,14002.68
1021,467,9,1,6480.83
1022,467,63,3,9749.57
1023,467,91,3,14033.83
1024,468,64,1,10115.03
1025,469,48,1,7436.13
1026,469,67,1,26236.39
1027,469,88,2,3627.44
1028,470,14,1,7621.66
1029,470,69,2,4689.3
1030,470,64,4,10461.39
1031,471,43,1,12385.64
1032,472,74,1,18536.67
1033,472,43,2,12477.68
1034,473,90,1,14166.23
1035,473,4,1,9753.29
1036,473,61,1,20344.28
1037,474,48,2,7154.83
1038,474,29,1,5251.59
1039,474,93,1,5419.96
1040,474,62,1,15489.88
1041,475,10,1,42877.25
1042,475,89,1,2092.9
1043,476,2,1,6536.53
1044,477,81,4,10242.24
1045,478,29,2,5121.8
1046,478,74,2,17912.75
1047,479,2,1,7196.23
1048,480,92,1,9134.91
1049,481,60,4,8207.57
1050,481,39,1,7477.02
1051,481,46,2,19709.99
1052,482,1,1,9272.37
1053,482,90,4,14480.81
1054,482,4,1,9496.51
1055,483,73,1,6300.11
1056,483,21,1,8393.61
1057,484,71,1,9887.92
1058,485,18,1,10955.21
1059,485,1,1,9475.07
1060,485,70,1,32089.01
1061,486,76,6,8798.68
1062,487,34,2,11094.69
1063,487,3,1,8373.06
1064,487,16,1,11700.91
1065,488,64,1,10548.1
1066,488,14,2,7284.97
1067,489,55,1,34524.89
1068,489,66,1,18433.93
1069,490,13,6,6305.2
1070,491,48,1,7231.74
1071,491,8,1,13443.19
1072,492,36,1,19644.18
1073,492,61,2,18601.93
1074,493,89,1,2239.29
1075,494,52,1,14247.04
1076,495,40,1,26451.2
1077,495,33,1,11779.08
1078,495,55,1,34691.6
1079,496,89,1,2316.49
1080,497,2,4,6867.66
1081,498,62,1,15944.45
1082,498,24,1,15755.88
1083,499,81,1,10177.41
1084,499,3,3,8608.3
1085,499,72,1,11977.58
1086,500,34,1,11588.54
1087,500,18,1,10929.94
1088,500,85,1,76476.24
1089,501,26,2,18162.51
1090,502,63,1,9752.7
1091,503,55,1,37010.2
1092,503,21,1,8444.94
1093,503,35,2,91919.33
1094,504,29,1,5266.6
1095,504,56,1,10965.84
1096,505,85,3,76458.08
1097,505,93,2,5713.93
1098,506,51,1,8756.93
1099,506,1,1,9492.72
1100,506,3,3,8168.62
1101,506,26,3,18581.3
1102,507,82,1,16136.85
1103,507,17,3,27822.6
1104,508,22,2,11078.71
1105,508,83,4,11032.77
1106,509,76,2,8681.41
1107,509,88,2,3718.54
1108,510,26,1,19720.85
1109,511,22,1,11203.5
1110,511,4,1,10159.09
1111,512,40,1,27853.19
1112,512,86,1,29270.95
1113,512,48,2,7654.43
1114,513,4,1,9514.99
1115,513,41,1,23226.92
1116,513,22,1,11569.51
1117,514,40,1,26770.09
1118,515,67,1,23761.19
1119,515,73,1,6584.91
1120,515,16,1,11139.03
1121,515,2,2,7101.6
1122,516,89,1,2265.75
1123,516,54,1,27646.83
1124,517,79,12,4192.27
1125,517,49,1,4845.95
1126,518,62,4,14458.3
1127,519,56,2,11354.41
1128,519,44,2,11909.22
1129,519,94,2,27472.99
1130,519,31,12,13941.46
1131,520,88,1,3698.33
1132,520,18,3,10856.0
1133,521,46,1,18122.3
1134,522,38,1,4756.05
1135,523,7,1,12081.49
1136,523,54,1,26604.08
1137,524,14,1,7239.89
1138,524,88,1,3821.28
1139,524,2,2,6969.01
1140,524,33,3,11170.25
1141,524,74,2,18133.36
1142,525,32,4,7854.78
1143,526,83,3,11126.9
1144,526,55,4,38153.13
1145,527,36,1,20011.14
1146,528,24,1,15010.17
1147,528,2,2,7308.33
1148,528,88,1,3870.68
1149,528,66,1,18172.36
1150,529,61,1,19714.65
1151,529,21,2,8965.04
1152,529,37,1,13195.83
1153,530,66,3,17059.66
1154,531,46,1,20415.5
1155,531,100,2,27492.0
1156,532,33,4,11041.87
1157,533,7,1,12677.95
1158,533,67,2,26428.54
1159,534,33,4,11091.97
1160,534,74,1,17818.87
1161,534,5,2,93406.66
1162,535,83,3,12017.45
1163,536,16,4,11723.91
1164,536,92,2,9427.95
1165,536,36,3,19880.61
1166,537,99,2,8030.95
1167,538,43,1,12318.73
1168,539,47,1,14081.74
1169,539,81,1,10707.01
1170,539,55,2,35256.39
1171,540,38,1,5107.07
1172,540,1,1,9825.27
1173,541,26,1,19073.51
1174,542,42,1,11615.75
1175,542,69,1,4455.74
1176,543,13,2,6103.22
1177,544,92,1,8847.45
1178,544,63,4,10197.11
1179,545,18,1,11328.62
1180,545,21,2,8594.27
1181,545,82,1,16000.42
1182,546,66,4,18256.29
1183,546,88,1,3962.24
1184,546,5,2,92496.54
1185,547,62,1,15174.86
1186,547,69,2,4370.94
1187,548,38,3,5000.11
1188,548,71,2,10222.94
1189,549,87,1,14753.46
1190,550,55,1,35853.06
1191,551,7,2,12626.14
1192,551,72,1,12784.82
1193,552,26,2,19774.9
1194,553,55,1,37268.05
1195,554,83,1,11309.28
1196,554,14,2,7438.76
1197,555,41,4,23103.64
1198,555,24,1,14530.71
1199,556,74,1,16745.83
1200,556,2,1,6710.55
1201,556,24,2,14863.44
1202,557,40,1,27067.8
1203,557,42,1,11528.57
1204,558,56,12,10728.5
1205,558,76,3,8020.57
1206,559,29,1,5052.0
1207,560,23,1,11395.34
1208,560,40,3,27159.91
1209,560,95,2,64598.3
1210,561,76,1,8860.19
1211,561,12,1,15068.05
1212,561,34,1,12313.46
1213,562,74,2,17868.79
1214,562,2,2,6513.44
1215,562,46,1,19344.81
1216,563,36,1,19584.85
1217,563,1,2,9475.79
1218,563,61,1,18158.38
1219,563,74,2,18556.41
1220,564,12,1,14674.61
1221,565,40,1,27271.86
1222,565,32,1,7419.11
1223,565,90,12,14165.16
1224,566,34,1,12087.59
1225,566,24,2,14849.7
1226,566,74,1,18585.68
1227,567,67,1,24092.48
1228,567,45,1,102961.0
1229,567,55,2,37701.12
1230,568,81,1,10067.37
1231,568,5,4,86469.45
1232,568,1,2,9059.68
1233,568,76,1,8587.73
1234,569,14,1,7592.73
1235,570,56,2,11289.49
1236,571,76,1,8818.54
1237,572,84,4,17196.99
1238,573,33,1,11075.71
1239,573,65,1,86401.45
1240,574,91,2,13618.56
1241,574,2,1,7023.61
1242,574,62,3,15978.57
1243,575,14,2,7433.28
1244,575,85,1,71409.37
1245,575,35,1,85993.45
1246,576,86,1,28042.11
1247,576,45,2,110527.85
1248,576,84,24,16629.86
1249,577,74,1,16703.62
1250,577,32,1,7432.29
1251,578,61,1,18419.33
1252,578,83,4,11419.26
1253,578,22,1,11557.74
1254,578,28,4,8595.22
1255,579,27,1,12521.25
1256,579,84,1,16281.76
1257,580,14,2,8018.33
1258,581,37,1,12493.91
1259,582,59,1,6504.87
1260,582,54,3,27780.05
1261,583,22,2,10637.24
1262,584,91,3,13503.79
1263,584,10,1,42469.37
1264,584,87,1,14284.83
1265,584,61,1,19341.68
1266,584,21,1,8622.32
1267,585,86,1,27704.39
1268,586,58,2,8846.94
1269,586,65,1,80459.37
1270,587,92,2,9150.52
1271,587,83,1,11351.08
1272,587,21,1,8242.09
1273,588,1,1,8803.38
1274,588,73,18,6624.86
1275,588,85,1,77128.72
1276,589,81,2,10513.86
1277,589,61,1,19301.13
1278,589,35,3,83612.28
1279,590,77,18,14728.52
1280,590,90,24,14778.52
1281,591,36,2,18534.27
1282,591,26,1,18295.45
1283,592,51,1,9149.92
1284,593,68,3,13335.71
1285,593,81,1,10010.32
1286,593,33,1,11761.62
1287,593,49,1,4778.86
1288,594,74,1,16963.61
1289,595,77,2,14588.99
1290,595,16,1,11329.96
1291,595,92,1,8990.46
1292,596,36,1,18130.22
1293,597,34,1,11233.92
1294,597,29,3,5436.59
1295,597,5,2,86275.23
1296,598,1,2,8762.27
1297,598,81,1,10733.26
1298,599,22,2,10662.21
1299,600,63,1,10162.4
1300,601,88,1,4022.61
1301,601,76,1,8620.47
1302,601,61,1,19503.51
1303,602,21,4,9243.79
1304,603,71,2,10066.31
1305,603,34,1,12377.64
1306,603,74,1,17343.76
1307,603,76,1,8866.0
1308,603,87,1,14498.42
1309,604,91,1,13765.71
1310,605,100,1,30140.56
1311,605,4,1,9356.44
1312,606,74,1,18144.59
1313,607,81,1,10809.63
1314,607,89,1,2123.3
1315,608,7,3,12534.75
1316,609,81,1,10879.1
1317,610,14,3,8067.91
1318,611,42,1,11939.15
1319,612,90,1,14311.91
1320,613,63,1,10324.27
1321,614,4,1,9345.8
1322,615,94,1,25663.64
1323,616,14,2,7625.59
1324,617,14,1,7817.11
1325,617,61,3,19091.45
1326,617,76,1,8819.29
1327,618,91,2,13268.32
1328,618,8,1,13979.23
1329,619,97,2,7933.07
1330,620,27,1,12997.99
1331,620,44,4,11804.41
1332,621,36,1,18256.41
1333,621,74,1,16951.54
1334,622,58,2,9349.37
1335,622,83,3,12056.57
1336,623,34,1,11973.02
1337,623,61,1,18428.53
1338,624,61,1,18306.25
1339,625,65,1,79877.31
1340,625,22,2,11028.36
1341,626,38,1,4625.52
1342,626,54,1,25383.02
1343,627,45,1,106878.48
1344,627,47,1,14160.53
1345,627,79,6,4018.89
1346,628,4,1,9669.94
1347,628,14,2,7538.49
1348,629,55,2,36908.45
1349,630,27,1,13209.35
1350,631,16,2,11926.54
1351,631,83,3,10692.31
1352,631,8,2,12779.93
1353,632,94,2,25575.59
1354,632,38,2,4911.81
1355,633,75,1,48015.12
1356,634,21,12,9286.43
1357,635,36,1,19372.79
1358,636,51,1,8507.29
1359,636,90,1,15342.9
1360,636,70,1,30839.21
1361,637,51,1,9490.19
1362,637,71,1,10576.18
1363,637,7,1,12419.5
1364,638,60,1,7909.89
1365,639,49,1,5062.72
1366,640,54,1,28141.15
1367,640,49,1,5118.05
1368,641,66,6,18757.5
1369,641,25,1,89952.21
1370,642,24,1,14781.69
1371,643,26,1,18586.26
1372,644,88,1,4029.8
1373,645,100,1,29790.04
1374,645,74,2,18648.92
1375,645,71,1,10421.79
1376,646,74,1,18176.73
1377,647,23,1,11096.44
1378,648,74,3,18129.45
1379,648,7,3,12845.98
1380,649,3,2,8706.58
1381,650,68,1,12866.91
1382,650,9,1,7008.99
1383,651,23,2,11186.61
1384,652,58,3,9537.64
1385,653,75,2,46176.31
1386,653,49,2,5076.61
1387,653,83,1,10799.67
1388,654,26,2,19246.8
1389,654,71,3,9524.48
1390,654,70,4,30419.03
1391,654,77,2,15934.45
1392,654,100,2,28429.44
1393,655,54,1,28598.4
1394,655,52,2,14986.23
1395,655,26,1,19263.73
1396,656,81,1,10124.91
1397,656,22,2,11391.58
1398,656,20,3,4983.61
1399,657,26,1,19393.35
1400,657,54,1,25830.96
1401,657,74,24,17649.37
1402,657,24,1,15484.39
1403,657,80,2,11899.28
1404,658,95,1,60771.9
1405,658,85,1,76486.2
1406,659,3,2,7853.03
1407,659,48,1,7102.69
1408,660,93,1,5768.3
1409,660,4,1,9414.4
1410,661,51,1,9152.4
1411,661,96,2,22398.84
1412,661,12,1,14680.66
1413,661,31,2,13511.29
1414,661,30,3,28254.17
1415,662,99,1,7953.27
1416,663,74,24,17150.58
1417,664,69,1,4396.4
1418,664,14,1,7916.51
1419,664,72,2,11389.79
1420,665,20,1,5538.73
1421,666,59,1,6584.83
1422,666,74,1,18658.98
1423,667,55,1,34903.52
1424,668,85,2,72110.01
1425,668,16,2,10789.06
1426,668,36,1,19057.16
1427,669,94,1,28226.26
1428,670,69,3,4273.61
1429,670,74,2,16675.89
1430,671,41,1,22990.2
1431,671,1,2,8923.57
1432,671,89,2,2194.95
1433,671,63,2,9635.29
1434,672,95,2,63515.96
1435,672,70,1,30523.25
1436,672,55,1,34698.63
1437,672,51,1,8969.76
1438,673,12,1,13688.82
1439,674,60,1,8723.87
1440,674,56,2,11014.53
1441,675,95,3,61895.2
1442,675,2,2,6950.53
1443,675,24,2,14342.96
1444,675,14,1,7997.29
1445,675,85,4,71427.36
1446,676,81,1,10445.59
1447,676,21,1,9026.16
1448,677,76,2,8605.04
1449,677,46,1,19422.51
1450,678,14,1,7476.17
1451,679,37,1,12714.5
1452,679,94,2,26954.82
1453,680,45,1,102821.84
1454,681,19,24,5643.02
1455,682,69,1,4542.17
1456,683,46,1,18824.26
1457,684,1,1,9052.19
1458,685,22,1,11781.94
1459,686,4,2,10007.2
1460,686,55,1,34473.89
1461,686,22,1,11714.9
1462,687,22,1,10712.14
1463,687,37,1,12485.25
1464,688,95,4,65095.88
1465,688,88,1,3713.04
1466,689,94,1,27919.74
1467,689,96,1,22165.28
1468,689,14,4,7865.1
1469,690,21,2,8259.97
1470,690,46,1,19987.16
1471,690,4,3,9979.69
1472,690,43,1,13026.08
1473,691,34,1,12229.83
1474,691,60,2,8709.5
1475,692,84,1,16804.31
1476,693,1,4,8897.76
1477,694,12,1,14727.0
1478,695,52,1,13808.69
1479,695,14,1,7375.63
1480,695,88,1,3691.32
1481,696,37,2,13546.56
1482,696,100,1,29442.27
1483,696,52,1,14816.18
1484,697,2,2,7175.79
1485,697,54,12,27991.32
1486,698,57,1,29574.79
1487,699,88,1,3675.83
1488,699,16,1,11496.42
1489,700,89,1,2239.55
1490,700,4,2,9547.86
1491,701,83,1,11001.72
1492,702,72,1,12677.04
1493,702,14,1,7571.7
1494,702,75,2,47433.78
1495,703,86,1,28067.92
1496,703,14,1,7210.44
1497,704,89,1,2357.72
1498,705,54,1,26160.34
1499,705,12,1,14604.77
1500,706,13,1,5866.16
1501,707,86,1,28127.17
1502,708,94,12,28523.77
1503,708,36,1,18789.72
1504,709,10,1,43626.74
1505,709,14,1,7765.21
1506,710,40,1,27041.65
1507,710,69,1,4360.51
1508,711,24,3,14538.15
1509,712,61,1,20010.59
1510,712,52,2,13981.65
1511,712,55,1,37326.36
1512,712,46,4,18417.28
1513,712,30,1,26088.09
1514,713,21,1,8532.98
1515,713,11,1,14129.88
1516,714,4,1,9527.36
1517,714,96,1,22287.72
1518,714,85,3,74459.62
1519,715,85,1,68754.43
1520,715,26,1,18864.09
1521,716,55,1,34994.17
1522,716,83,2,11436.73
1523,716,71,3,10137.75
1524,717,61,1,20022.84
1525,718,92,4,9557.44
1526,719,49,3,4918.97
1527,719,61,1,19979.66
1528,720,66,2,18411.42
1529,720,60,2,8838.25
1530,721,7,1,12976.32
1531,722,92,1,9616.62
1532,723,51,2,9412.05
1533,723,70,1,31147.65
1534,723,58,1,9413.04
1535,724,74,1,18399.62
1536,724,56,1,11505.46
1537,725,69,1,4590.08
1538,726,48,1,7453.14
1539,727,59,2,6468.19
1540,727,26,1,18844.6
1541,728,40,1,26950.95
1542,729,48,3,7343.5
1543,729,70,1,29438.36
1544,729,22,4,11539.13
1545,730,51,6,8660.97
1546,731,62,1,14757.39
1547,732,9,3,6749.66
1548,732,94,1,26583.76
1549,732,26,6,18381.71
1550,733,89,2,2108.19
1551,734,71,1,9886.28
1552,735,33,18,10887.33
1553,735,27,1,13013.3
1554,736,36,1,19517.43
1555,736,86,1,27258.73
1556,737,14,1,7460.62
1557,738,24,2,15124.99
1558,738,2,1,6526.04
1559,739,65,2,81562.63
1560,739,40,1,29161.97
1561,739,86,1,27328.55
1562,740,73,2,6484.25
1563,741,22,1,10732.87
1564,742,65,1,84816.39
1565,742,75,1,47735.09
1566,743,38,1,4625.48
1567,743,62,1,14893.91
1568,744,22,2,10905.44
1569,745,51,6,9447.99
1570,745,86,2,29234.84
1571,746,89,6,2172.05
1572,747,85,1,70733.1
1573,747,76,2,8677.26
1574,747,14,2,7338.24
1575,747,52,2,13697.99
1576,747,32,2,7609.47
1577,748,77,2,15436.76
1578,748,95,4,63977.18
1579,748,43,1,12014.24
1580,749,18,1,12029.27
1581,749,84,2,15953.43
1582,749,83,3,11702.66
1583,750,52,1,14001.82
1584,750,27,1,12798.01
1585,750,87,1,14654.8
1586,751,4,4,10094.35
1587,751,1,2,9164.97
1588,752,2,1,6821.14
1589,753,90,4,14740.26
1590,753,38,1,5058.67
1591,753,26,1,19120.24
1592,754,41,2,22391.83
1593,755,84,1,17431.87
1594,755,34,2,11460.49
1595,755,4,4,10402.74
1596,756,23,1,11286.23
1597,757,38,4,4655.31
1598,757,9,1,6619.31
1599,757,4,1,10334.35
1600,757,32,1,7900.86
1601,757,1,3,9128.92
1602,758,49,1,4721.38
1603,758,42,2,11083.58
1604,758,2,12,6563.39
1605,758,24,1,14749.99
1606,758,31,2,14974.6
1607,759,83,1,11443.98
1608,760,33,1,11191.6
1609,761,39,1,7654.62
1610,762,6,1,36974.84
1611,762,12,1,13859.94
1612,762,54,2,25364.36
1613,762,18,2,11171.0
1614,763,43,2,12251.9
1615,763,86,1,27427.41
1616,763,47,3,13663.48
1617,764,4,1,9869.61
1618,765,95,2,66795.04
1619,765,39,2,8118.47
1620,765,69,1,4340.76
1621,766,85,2,71100.76
1622,766,18,2,12122.35
1623,767,17,2,26036.49
1624,768,92,1,9657.08
1625,768,59,1,5964.11
1626,769,65,3,81091.24
1627,769,53,1,15937.33
1628,769,3,1,8238.92
1629,770,2,3,7308.96
1630,770,21,6,8523.46
1631,770,3,1,8221.04
1632,771,59,3,6279.85
1633,771,33,1,11703.21
1634,771,76,1,8206.06
1635,772,21,3,8881.09
1636,773,100,2,29847.71
1637,773,74,1,18037.43
1638,774,89,6,2238.91
1639,774,72,4,11444.43
1640,775,74,1,16915.74
1641,775,34,1,11939.58
1642,776,92,1,9619.84
1643,776,1,2,9118.77
1644,777,36,1,19905.29
1645,777,37,1,13507.34
1646,777,47,3,13479.05
1647,777,33,1,11472.68
1648,778,71,3,10620.29
1649,778,11,2,13015.38
1650,779,59,2,6000.52
1651,779,47,1,13119.6
1652,780,96,1,20164.58
1653,780,55,1,37385.82
1654,781,38,2,4930.42
1655,782,97,2,7689.01
1656,782,54,1,27002.35
1657,783,73,1,6919.75
1658,784,23,1,11576.24
1659,784,86,1,27238.67
1660,784,34,1,11266.23
1661,784,65,3,81390.57
1662,785,7,2,13036.83
1663,785,67,1,23956.94
1664,785,38,1,5012.13
1665,785,85,3,69576.37
1666,786,81,1,10720.12
1667,787,11,6,14294.4
1668,787,64,1,9858.42
1669,787,85,2,73277.68
1670,787,76,1,8230.09
1671,788,7,2,11891.49
1672,788,72,2,11917.24
1673,789,91,1,13217.22
1674,789,84,2,17048.29
1675,790,86,1,30339.33
1676,791,59,1,6443.29
1677,791,70,1,29586.11
1678,791,4,1,9314.3
1679,791,46,1,18384.52
1680,792,12,2,15151.54
1681,793,94,1,27953.38
1682,794,52,1,14415.98
1683,795,83,1,11948.02
1684,796,37,2,12755.2
1685,797,81,1,10568.5
1686,798,7,1,11920.26
1687,799,51,3,9208.23
1688,800,88,2,3996.95
1689,800,76,1,8174.56
1690,800,40,2,28492.27
1691,801,89,1,2249.51
1692,801,8,1,13980.19
1693,801,2,1,6774.38
1694,802,74,1,17481.47
1695,803,76,1,8315.88
1696,803,12,3,15011.07
1697,804,42,1,11107.83
1698,805,18,1,11951.39
1699,805,2,1,6528.28
1700,806,84,1,17504.79
1701,806,69,1,4399.38
1702,806,100,2,29196.13
1703,807,91,2,13242.16
1704,807,83,2,10705.25
1705,807,14,1,7234.34
1706,808,12,1,14168.37
1707,809,45,1,115020.96
1708,809,49,2,4913.72
1709,809,1,1,9786.35
1710,810,24,1,15477.77
1711,810,76,6,8351.68
1712,810,64,3,9773.68
1713,811,38,12,5018.89
1714,812,36,1,18808.81
1715,813,87,2,14888.91
1716,814,34,1,11160.39
1717,814,2,3,7244.22
1718,814,81,1,10093.59
1719,815,51,1,9307.64
1720,815,76,1,7961.75
1721,816,83,1,11308.95
1722,816,40,1,26530.67
1723,817,23,1,11880.71
1724,818,4,1,9687.71
1725,818,3,1,8480.85
1726,819,90,2,14777.92
1727,819,56,1,11317.44
1728,820,16,4,11363.8
1729,820,26,2,18390.08
1730,820,61,1,19657.39
1731,821,51,2,8448.49
1732,822,76,2,8278.11
1733,823,43,2,12067.73
1734,824,88,2,3784.16
1735,824,76,1,8068.99
1736,825,51,2,9389.77
1737,826,56,2,10773.61
1738,826,81,1,10010.96
1739,827,7,2,12442.77
1740,827,83,1,10932.92
1741,828,14,1,8081.05
1742,829,23,2,11411.18
1743,829,29,1,5400.51
1744,829,75,1,46595.52
1745,830,38,1,4943.36
1746,831,51,2,8708.7
1747,831,7,1,12595.49
1748,831,34,1,11478.94
1749,832,47,3,14332.31
1750,832,88,1,3664.62
1751,832,27,1,13154.67
1752,833,58,2,9483.63
1753,833,38,1,4678.72
1754,833,42,1,11413.85
1755,833,34,2,11897.34
1756,834,15,1,63982.18
1757,835,68,1,13673.42
1758,836,30,1,28778.83
1759,836,4,2,9437.14
1760,836,100,1,28787.61
1761,836,27,6,12861.71
1762,837,37,12,13046.37
1763,837,1,1,9202.4
1764,837,99,1,7655.82
1765,838,94,1,27385.04
1766,838,29,1,5071.43
1767,839,88,1,3618.5
1768,840,76,1,8040.82
1769,841,55,2,36749.57
1770,841,80,3,12308.39
1771,841,54,3,25584.28
1772,842,43,1,12039.39
1773,843,34,1,11344.53
1774,843,22,1,10908.13
1775,843,21,1,9052.15
1776,844,81,1,10823.56
1777,844,95,1,67158.47
1778,844,46,1,19368.47
1779,845,24,1,15030.28
1780,845,46,4,18718.92
1781,845,64,1,10177.86
1782,846,26,1,19135.47
1783,846,14,1,7932.43
1784,846,5,1,87638.08
1785,847,49,1,5183.15
1786,847,48,1,7032.48
1787,848,61,2,19288.29
1788,849,71,2,9682.32
1789,849,6,1,40273.49
1790,850,38,1,4550.29
1791,851,33,4,10933.39
1792,851,91,1,14844.35
1793,851,89,2,2242.73
1794,851,74,2,17062.64
1795,852,82,2,16986.05
1796,852,55,1,33883.14
1797,852,94,3,27692.01
1798,852,7,2,12723.53
1799,853,7,1,11765.43
1800,853,94,2,28385.35
1801,853,14,1,7525.97
1802,853,2,3,6920.61
1803,854,76,6,8513.25
1804,855,85,3,76721.6
1805,856,24,1,15230.41
1806,856,88,12,3879.38
1807,856,97,2,7533.48
1808,856,51,1,9344.46
1809,856,36,1,19394.91
1810,857,24,1,15388.01
1811,858,85,1,72289.66
1812,858,4,1,10223.23
1813,858,80,2,12196.02
1814,859,4,4,9360.33
1815,859,56,1,10705.59
1816,860,88,1,3803.15
1817,860,85,1,75929.63
1818,861,4,1,10130.24
1819,862,29,1,5120.26
1820,863,62,1,14822.13
1821,863,59,2,6562.53
1822,863,89,1,2311.58
1823,864,2,1,7254.09
1824,865,26,6,19987.52
1825,866,21,1,8255.38
1826,867,70,2,32736.66
1827,867,85,1,72908.3
1828,867,86,1,27610.28
1829,867,56,4,11451.95
1830,868,38,1,4695.2
1831,869,91,1,14021.36
1832,869,14,3,8058.06
1833,869,22,1,11274.8
1834,870,16,1,11825.36
1835,870,1,1,8720.45
1836,871,70,2,31906.72
1837,872,94,2,26833.92
1838,873,85,1,73345.1
1839,873,83,2,12032.22
1840,873,71,2,10611.15
1841,873,51,1,9470.43
1842,873,24,1,15529.94
1843,874,27,1,12767.38
1844,874,24,2,16008.87
1845,874,71,3,9620.37
1846,874,44,18,11954.75
1847,875,55,1,34852.48
1848,876,55,1,34133.5
1849,877,61,1,18467.0
1850,877,29,1,5146.2
1851,878,54,1,28191.29
1852,878,96,2,21095.75
1853,879,54,1,28190.14
1854,879,84,1,16111.7
1855,880,22,2,11310.61
1856,881,51,2,9178.97
1857,881,41,1,23050.18
1858,882,4,1,9442.49
1859,882,83,1,11996.18
1860,882,48,6,7216.06
1861,883,12,2,14812.04
1862,883,95,1,61034.51
1863,884,95,1,61978.61
1864,885,76,1,8835.33
1865,885,26,1,19350.35
1866,886,48,1,6933.59
1867,886,22,1,10950.44
1868,886,29,1,5665.38
1869,886,89,24,2335.79
1870,887,21,1,8730.53
1871,888,81,2,10396.4
1872,889,74,1,17149.73
1873,890,38,1,4905.11
1874,890,35,1,87868.74
1875,890,36,4,20401.01
1876,890,50,1,34562.88
1877,890,66,1,18876.07
1878,891,74,1,17918.66
1879,892,66,2,18037.55
1880,892,62,1,16099.08
1881,893,4,3,9397.46
1882,893,31,2,13845.35
1883,894,38,1,4709.0
1884,894,30,1,27390.32
1885,894,5,1,89420.33
1886,895,94,3,28361.71
1887,895,86,1,29703.54
1888,895,74,1,18190.99
1889,896,37,3,12519.54
1890,896,85,2,76358.42
1891,897,22,1,11143.91
1892,897,46,1,18529.39
1893,898,14,2,7937.97
1894,898,40,1,28051.0
1895,898,22,2,11821.35
1896,899,16,2,10993.28
1897,899,76,1,8060.26
1898,900,34,1,11315.51
1899,900,76,3,8078.33
1900,901,69,2,4333.01
1901,901,61,2,20439.07
1902,901,29,1,5673.03
1903,901,79,3,3804.57
1904,901,21,1,8744.22
1905,902,63,1,9689.84
1906,902,23,2,11106.02
1907,902,62,2,15255.9
1908,902,81,2,10724.77
1909,903,100,3,30337.16
1910,904,24,2,15332.88
1911,905,3,1,8320.05
1912,905,19,1,5535.7
1913,905,21,2,9229.2
1914,905,82,1,15895.53
1915,906,49,2,5165.8
1916,906,58,1,9032.27
1917,907,62,1,15242.81
1918,907,65,1,77848.67
1919,907,32,1,7822.78
1920,908,36,1,18683.11
1921,909,84,4,16818.47
1922,909,93,3,5752.9
1923,910,21,1,8513.77
1924,911,43,2,12132.55
1925,911,81,2,10615.29
1926,912,22,24,11716.64
1927,912,7,4,12238.61
1928,913,29,2,5479.34
1929,914,71,1,10237.7
1930,914,2,2,7336.02
1931,915,2,1,6528.46
1932,915,37,3,12735.48
1933,915,63,1,10105.95
1934,915,67,3,23974.4
1935,916,85,2,72926.09
1936,916,27,3,13507.2
1937,916,34,1,12260.18
1938,916,61,1,19552.42
1939,917,21,3,8634.21
1940,917,81,1,10900.57
1941,917,17,1,28859.36
1942,918,55,2,35180.95
1943,918,16,1,11375.16
1944,918,85,2,76055.91
1945,919,54,1,27769.81
1946,919,3,1,8412.89
1947,919,66,1,18158.46
1948,920,33,1,11667.81
1949,920,16,1,10890.81
1950,921,100,1,28244.58
1951,922,47,1,13298.47
1952,922,45,4,106221.3
1953,922,4,1,9448.67
1954,923,22,1,11232.16
1955,924,14,2,7538.9
1956,924,85,1,68791.21
1957,924,55,3,35149.26
1958,925,94,1,27459.58
1959,925,62,1,15644.19
1960,925,55,1,38143.66
1961,926,31,2,15054.24
1962,926,93,2,5120.72
1963,926,18,1,11379.13
1964,926,76,2,8280.48
1965,926,86,1,28181.46
1966,927,3,1,8460.5
1967,927,21,1,8664.64
1968,928,91,1,14006.31
1969,928,82,1,15453.53
1970,929,99,1,8337.62
1971,929,4,1,10037.96
1972,930,51,1,8479.88
1973,930,35,3,88857.29
1974,930,41,1,23128.31
1975,931,56,1,10447.25
1976,932,54,1,25958.54
1977,932,49,3,5087.34
1978,932,3,2,8149.81
1979,933,100,3,28184.29
1980,933,58,1,9030.88
1981,934,76,2,8388.59
1982,934,11,1,14142.86
1983,935,85,4,72806.94
1984,936,70,2,31947.55
1985,937,43,2,13065.09
1986,938,62,2,15315.36
1987,939,92,1,9200.85
1988,939,95,1,60108.15
1989,939,45,2,115785.68
1990,940,65,2,78471.37
1991,941,40,3,26863.95
1992,941,47,1,14152.18
1993,942,74,2,18614.55
1994,943,72,1,12327.05
1995,944,16,3,11001.33
1996,944,76,2,8237.26
1997,945,21,1,9096.1
1998,945,29,1,5089.63
1999,946,85,2,77452.53
2000,946,100,2,27607.59
2001,947,14,1,8036.35
2002,948,42,1,10649.2
2003,948,7,2,12129.73
2004,948,48,1,6990.52
2005,949,22,1,10729.79
2006,950,91,1,13812.81
2007,950,27,3,13507.22
2008,950,61,1,19653.67
2009,951,30,1,26764.26
2010,951,59,2,6310.84
2011,952,54,1,28449.89
2012,952,22,1,11640.12
2013,953,6,1,40676.65
2014,953,40,1,29364.22
2015,954,36,2,18636.48
2016,954,55,2,34157.53
2017,954,34,1,11969.22
2018,955,94,1,27485.66
2019,955,46,3,20403.82
2020,956,29,3,5246.04
2021,957,38,1,4959.96
2022,958,40,1,28083.62
2023,958,85,1,74893.47
2024,958,88,1,3950.42
2025,959,85,1,70495.48
2026,959,71,2,9692.3
2027,959,67,3,24674.39
2028,960,74,1,17387.04
2029,960,84,1,16675.18
2030,961,45,1,112178.18
2031,961,81,1,11151.87
2032,961,51,2,9236.23
2033,961,90,1,13922.33
2034,962,78,1,6350.81
2035,962,93,1,5696.23
2036,962,72,1,12624.38
2037,963,85,2,69562.26
2038,963,87,2,14787.91
2039,963,46,1,18785.03
2040,964,36,2,19566.44
2041,965,61,3,19671.51
2042,966,92,1,9011.12
2043,967,4,3,9326.08
2044,967,1,1,8818.73
2045,967,62,2,14583.03
2046,967,54,1,25485.39
2047,968,7,1,12836.73
2048,969,62,1,14763.02
2049,970,82,3,15357.12
2050,971,47,1,13749.4
2051,971,54,1,25491.75
2052,972,87,1,15324.89
2053,972,91,1,13174.83
2054,973,92,1,9771.93
2055,973,34,1,12341.73
2056,974,27,1,13658.41
2057,975,59,1,6212.88
2058,975,65,1,79973.11
2059,975,4,1,9614.52
2060,976,55,2,37952.47
2061,977,4,2,10385.74
2062,978,78,1,5994.05
2063,979,59,2,6572.41
2064,979,21,6,8874.02
2065,980,21,1,8854.18
2066,981,51,3,8704.64
2067,981,61,2,19718.49
2068,982,14,2,7845.6
2069,982,60,1,8895.62
2070,982,40,3,28035.97
2071,983,14,1,8083.98
2072,984,32,2,7863.35
2073,985,100,1,30087.39
2074,985,56,1,11219.81
2075,986,68,2,13643.36
2076,987,91,2,14304.66
2077,987,33,3,11625.52
2078,988,55,1,35346.48
2079,988,24,2,15334.87
2080,989,4,2,10142.4
2081,989,93,1,5500.08
2082,990,56,1,11466.4
2083,990,2,1,6996.43
2084,990,46,1,20273.89
2085,990,8,1,13356.84
2086,991,74,4,17242.26
2087,991,26,1,19778.94
2088,992,59,1,6605.41
2089,993,76,1,8662.95
2090,994,71,1,9959.61
2091,994,22,2,11424.95
2092,994,2,2,7345.93
2093,994,16,1,11697.62
2094,995,34,1,12425.61
2095,995,85,1,71622.08
2096,995,56,1,10659.77
2097,996,74,2,17279.55
2098,997,40,2,27894.19
2099,997,29,2,5368.19
2100,998,90,1,14089.4
2101,999,23,1,11791.26
2102,1000,88,2,3936.55
2103,1000,22,1,11437.28
2104,1001,52,1,13705.8
2105,1001,62,2,15857.08
2106,1002,18,4,11634.24
2107,1003,76,1,8654.55
2108,1003,80,2,12188.1
2109,1004,31,1,13958.4
2110,1004,84,2,16579.67
2111,1005,83,2,11966.49
2112,1005,88,1,3688.47
2113,1005,32,3,7920.8
2114,1006,71,1,10028.69
2115,1006,97,1,8143.56
2116,1006,7,1,11746.43
2117,1007,38,3,5025.18
2118,1007,20,1,5075.58
2119,1007,54,1,27651.9
2120,1007,1,1,8771.51
2121,1008,63,1,9820.51
2122,1008,7,4,11760.02
2123,1008,21,1,8823.66
2124,1009,47,2,13051.12
2125,1009,14,1,7402.2
2126,1009,22,1,10654.14
2127,1009,63,1,10076.94
2128,1010,81,2,10362.54
2129,1010,11,2,12905.81
2130,1011,68,1,12783.09
2131,1011,15,1,61165.86
2132,1011,31,1,13469.26
2133,1012,16,3,11515.73
2134,1012,42,3,10782.3
2135,1012,55,1,34889.79
2136,1013,12,1,15094.28
2137,1014,62,1,15016.87
2138,1014,2,2,7312.2
2139,1015,54,1,26082.34
2140,1015,4,1,10355.21
2141,1015,30,2,25969.73
2142,1016,45,2,110292.14
2143,1016,40,1,28782.92
2144,1016,94,3,27374.78
2145,1017,29,12,5235.47
2146,1017,55,1,37088.68
2147,1017,27,1,13448.8
2148,1018,40,18,29175.95
2149,1019,55,1,34322.93
2150,1020,65,3,81417.63
2151,1021,66,1,17271.48
2152,1021,3,3,8002.04
2153,1021,34,2,11097.5
2154,1022,24,2,14721.96
2155,1022,84,2,17555.63
2156,1022,48,4,7190.03
2157,1023,52,1,13766.49
2158,1024,2,2,7196.63
2159,1024,37,1,13940.33
2160,1024,22,2,11842.21
2161,1025,4,3,9773.34
2162,1025,71,3,10449.38
2163,1025,13,2,6282.97
2164,1026,52,1,14267.41
2165,1026,59,1,6579.21
2166,1027,54,2,28207.07
2167,1028,21,1,8513.3
2168,1028,86,2,30487.52
2169,1028,24,2,14430.21
2170,1028,22,2,10799.75
2171,1028,87,1,14978.17
2172,1029,63,1,9824.36
2173,1029,75,3,47992.63
2174,1030,21,1,8339.23
2175,1030,22,1,11544.83
2176,1030,56,1,11679.58
2177,1031,73,1,6524.44
2178,1031,33,2,12111.44
2179,1031,10,1,42871.7
2180,1031,91,2,13902.65
2181,1032,67,2,24550.41
2182,1033,87,1,15374.7
2183,1033,74,1,17393.5
2184,1033,81,2,10579.43
2185,1034,84,1,17046.82
2186,1035,60,1,8407.13
2187,1035,73,1,6273.49
2188,1035,85,1,69232.41
2189,1036,91,1,13405.22
2190,1037,69,4,4676.98
2191,1037,71,2,9955.28
2192,1038,92,2,8737.87
2193,1038,40,1,28816.88
2194,1039,4,2,10389.93
2195,1040,91,2,13223.49
2196,1040,70,1,32736.42
2197,1041,1,1,9621.06
2198,1041,63,3,10565.2
2199,1042,21,2,9291.85
2200,1043,56,1,10589.5
2201,1044,23,2,11721.54
2202,1045,34,1,12170.37
2203,1045,59,1,6066.24
2204,1045,100,3,28341.62
2205,1045,35,1,88118.14
2206,1046,34,3,12224.64
2207,1046,20,1,5059.18
2208,1047,74,1,17398.4
2209,1048,75,1,46480.9
2210,1048,86,2,28215.07
2211,1049,93,1,5688.68
2212,1050,29,4,5486.53
2213,1050,14,1,7254.4
2214,1051,22,1,11736.81
2215,1051,86,1,27437.46
2216,1051,7,2,11924.44
2217,1052,76,2,8884.58
2218,1053,48,3,6906.18
2219,1054,81,2,11016.3
2220,1055,36,6,19320.48
2221,1055,64,24,10490.24
2222,1055,75,2,49659.46
2223,1056,29,2,5255.79
2224,1057,60,3,8177.24
2225,1057,52,12,14166.37
2226,1057,16,1,11302.93
2227,1058,92,1,9417.0
2228,1059,55,1,33845.35
2229,1059,21,1,8416.75
2230,1059,96,2,20699.86
2231,1060,86,3,29427.25
2232,1061,85,1,74665.21
2233,1061,63,1,9786.86
2234,1062,62,2,14305.98
2235,1063,86,2,29122.29
2236,1064,85,1,69710.24
2237,1064,34,2,12257.2
2238,1065,18,3,11632.32
2239,1066,81,2,10076.91
2240,1067,84,1,17447.29
2241,1067,53,1,15269.01
2242,1067,88,1,3573.52
2243,1068,2,3,7147.64
2244,1068,12,1,13641.7
2245,1069,68,3,13761.75
2246,1069,7,1,12814.85
2247,1069,82,1,16963.02
2248,1069,75,1,48272.09
2249,1069,76,1,8424.54
2250,1070,14,1,7669.1
2251,1071,29,1,5066.29
2252,1071,5,2,89134.13
2253,1071,16,1,10980.83
2254,1072,36,3,19750.15
2255,1072,34,1,12389.75
2256,1073,20,2,5080.69
2257,1074,76,1,8235.88
2258,1074,26,2,20119.03
2259,1075,38,2,4595.39
2260,1075,74,3,18248.89
2261,1075,63,1,10829.45
2262,1076,74,1,17523.45
2263,1077,60,2,8290.03
2264,1077,70,1,31147.92
2265,1078,55,2,34649.21
2266,1078,29,1,5601.67
2267,1078,63,12,10185.48
2268,1079,76,1,7988.83
2269,1079,71,1,10496.24
2270,1079,1,2,9181.38
2271,1080,7,1,12169.21
2272,1081,7,1,12934.9
2273,1081,66,1,18987.67
2274,1082,67,2,25065.2
2275,1082,54,1,26552.99
2276,1083,69,3,4440.85
2277,1083,76,3,8130.32
2278,1083,81,1,11186.85
2279,1083,2,2,6616.74
2280,1084,28,1,8642.52
2281,1084,62,1,14588.4
2282,1084,73,1,6315.73
2283,1084,1,2,9584.05
2284,1085,71,1,9808.39
2285,1085,56,1,10878.62
2286,1086,58,2,8872.01
2287,1087,64,2,9608.67
2288,1087,75,4,45525.37
2289,1087,2,2,7200.81
2290,1087,52,2,14290.54
2291,1087,81,1,11069.76
2292,1088,58,2,9571.62
2293,1088,11,2,12952.61
2294,1089,22,4,11064.33
2295,1090,83,1,11139.91
2296,1091,94,1,26061.99
2297,1091,70,1,30003.1
2298,1092,38,2,5033.19
2299,1093,81,1,10023.27
2300,1094,18,2,11396.27
2301,1094,99,2,7593.46
2302,1094,88,3,3792.38
2303,1094,65,1,80830.53
2304,1094,97,2,7670.71
2305,1095,2,2,7094.74
2306,1095,51,1,9093.03
2307,1095,14,2,7609.24
2308,1095,26,1,18804.63
2309,1096,85,1,71558.1
2310,1096,99,4,8209.97
2311,1096,83,4,11296.91
2312,1097,99,1,7643.62
2313,1097,15,2,66804.46
2314,1097,26,1,17938.12
2315,1098,76,2,8590.12
2316,1099,32,2,8024.3
2317,1099,51,2,9478.9
2318,1100,4,1,9512.18
2319,1100,51,1,9216.92
2320,1101,70,1,30835.47
2321,1101,68,1,13418.36
2322,1102,16,1,11021.16
2323,1103,95,1,65325.89
2324,1104,12,1,13750.49
2325,1104,42,2,11937.1
2326,1104,37,1,13965.06
2327,1105,72,2,12341.02
2328,1105,52,6,15430.07
2329,1105,26,1,18799.37
2330,1106,24,1,15608.44
2331,1107,17,1,28947.0
2332,1108,26,2,19490.35
2333,1109,10,1,42234.36
2334,1109,8,2,12797.93
2335,1109,89,1,2332.8
2336,1110,31,1,14841.59
2337,1110,45,2,105969.91
2338,1110,70,1,31387.71
2339,1111,42,1,11079.79
2340,1112,2,2,6765.03
2341,1113,75,1,45240.85
2342,1114,67,1,24309.08
2343,1114,81,1,10701.03
2344,1115,46,2,19625.69
2345,1116,21,1,8869.94
2346,1116,9,1,6220.78
2347,1116,18,4,11306.89
2348,1116,37,1,13464.47
2349,1117,54,1,25903.66
2350,1118,76,1,8007.84
2351,1119,22,3,11889.49
2352,1119,38,1,4930.57
2353,1120,33,1,11675.07
2354,1120,48,3,7135.87
2355,1121,14,1,7684.17
2356,1122,15,1,65472.03
2357,1123,4,1,9529.19
2358,1124,38,2,4926.47
2359,1124,56,1,11371.58
2360,1125,26,1,18650.32
2361,1126,62,18,15189.46
2362,1127,40,1,27967.29
2363,1127,34,1,11610.21
2364,1127,18,3,11991.12
2365,1127,42,2,11631.58
2366,1128,52,1,14883.39
2367,1128,77,1,15040.88
2368,1129,91,2,14393.98
2369,1129,74,1,18369.97
2370,1129,2,2,7119.32
2371,1129,76,2,8663.35
2372,1130,18,2,12064.48
2373,1130,4,1,10114.69
2374,1130,38,1,5016.1
2375,1130,14,2,7412.24
2376,1131,3,1,8158.48
2377,1132,23,2,10746.3
2378,1132,62,2,15101.16
2379,1133,51,12,9540.06
2380,1134,75,1,46392.85
2381,1135,86,1,27412.34
2382,1136,52,1,15389.97
2383,1137,68,2,13488.92
2384,1137,14,1,7897.6
2385,1138,37,3,13940.29
2386,1139,45,12,113447.95
2387,1139,74,1,18085.25
2388,1140,55,3,37172.35
2389,1141,26,1,17953.29
2390,1142,55,1,36904.28
2391,1142,92,2,9723.35
2392,1142,76,2,8350.87
2393,1143,16,6,10923.61
2394,1144,1,1,9628.8
2395,1144,67,4,26473.54
2396,1144,74,2,18153.28
2397,1145,55,3,33835.6
2398,1145,85,1,76236.96
2399,1146,46,2,19039.02
2400,1147,26,1,18306.2
2401,1148,84,2,16877.5
2402,1149,66,1,17087.7
2403,1150,2,2,6600.84
2404,1150,87,2,14597.15
2405,1151,67,2,24419.88
2406,1151,27,2,12956.66
2407,1152,35,1,93065.12
2408,1153,93,1,5187.79
2409,1153,48,1,6985.56
2410,1153,76,3,7997.0
2411,1154,76,1,7954.85
2412,1155,6,1,37697.59
2413,1155,33,1,11017.44
2414,1156,26,1,19570.95
2415,1156,1,3,8807.05
2416,1156,61,3,20064.59
2417,1157,62,1,16131.32
2418,1157,46,1,19756.98
2419,1157,31,1,14657.7
2420,1158,41,1,22341.26
2421,1158,51,1,8940.96
2422,1159,36,3,19805.38
2423,1160,24,1,14977.04
2424,1161,14,2,7409.41
2425,1162,35,1,93402.4
2426,1163,82,1,16074.26
2427,1163,26,2,19946.36
2428,1163,64,1,10349.97
2429,1163,53,1,15276.05
2430,1164,73,1,6339.95
2431,1164,100,2,28463.79
2432,1165,34,1,11964.9
2433,1165,37,1,13325.12
2434,1166,91,1,14545.27
2435,1166,72,2,12436.06
2436,1166,59,1,6333.91
2437,1167,7,3,12768.52
2438,1168,22,1,11429.4
2439,1168,42,1,11708.11
2440,1168,69,6,4290.16
2441,1169,94,1,28822.98
2442,1170,55,1,37795.5
2443,1170,37,1,13962.92
2444,1171,84,1,17506.82
2445,1172,88,1,3822.66
2446,1172,38,2,4921.62
2447,1172,79,1,3972.7
2448,1173,17,2,28229.67
2449,1174,29,12,5572.9
2450,1175,22,1,11535.06
2451,1175,49,1,5180.02
2452,1175,46,1,18793.51
2453,1176,87,1,14061.55
2454,1176,88,2,3869.09
2455,1177,4,1,10136.13
2456,1177,30,1,25783.29
2457,1178,95,1,62981.41
2458,1178,78,1,5849.21
2459,1179,26,1,19915.25
2460,1180,12,4,14575.29
2461,1180,29,2,5027.89
2462,1180,37,1,12744.24
2463,1181,12,6,14479.41
2464,1181,76,2,8562.5
2465,1182,23,1,10722.94
2466,1182,65,1,80456.86
2467,1183,87,2,14077.95
2468,1183,30,1,28533.47
2469,1184,94,1,25754.41
2470,1185,52,1,14411.93
2471,1185,63,1,10824.77
2472,1186,81,1,10091.57
2473,1186,32,2,7574.39
2474,1186,89,2,2093.42
2475,1187,32,1,8175.2
2476,1187,63,1,9938.29
2477,1187,85,1,75157.5
2478,1188,5,1,89335.02
2479,1188,74,2,18331.37
2480,1189,23,4,11345.53
2481,1189,62,1,14575.24
2482,1190,12,3,14521.1
2483,1190,75,2,49783.77
2484,1190,63,1,9740.92
2485,1191,52,2,14753.39
2486,1192,78,1,5942.07
2487,1193,4,1,10280.18
2488,1194,100,1,30467.26
2489,1194,95,1,60731.86
2490,1194,71,4,10322.14
2491,1194,99,1,8384.32
2492,1195,88,4,3597.85
2493,1196,4,2,9494.7
2494,1197,14,1,7332.2
2495,1197,59,2,5971.65
2496,1197,4,2,9388.72
2497,1198,34,2,11546.79
2498,1198,20,3,5176.57
2499,1198,17,1,28139.91
2500,1199,18,1,11972.32
2501,1199,27,1,12751.43
2502,1199,74,1,16637.54
2503,1200,4,1,10118.34
2504,1200,63,1,10835.55
2505,1200,31,2,14510.82
2506,1201,73,3,6756.09
2507,1202,56,1,11461.54
2508,1202,27,2,12777.85
2509,1203,67,1,26351.08
2510,1203,86,1,27383.02
2511,1204,59,1,6042.01
2512,1204,17,1,27514.86
2513,1204,55,1,37154.16
2514,1204,49,3,4650.24
2515,1205,58,2,8964.56
2516,1205,59,1,6048.68
2517,1206,14,1,7800.51
2518,1206,97,12,7490.44
2519,1207,51,1,8987.61
2520,1207,61,2,19134.22
2521,1207,38,1,5051.28
2522,1208,37,4,13170.3
2523,1208,93,1,5489.58
2524,1208,16,2,10726.0
2525,1209,94,2,26135.29
2526,1209,73,1,6356.01
2527,1209,14,1,7533.16
2528,1209,23,18,11309.07
2529,1210,88,2,3606.8
2530,1210,83,2,11788.82
2531,1211,75,1,47451.02
2532,1212,86,2,28505.9
2533,1212,81,1,10194.11
2534,1212,21,2,9110.82
2535,1213,32,1,7727.18
2536,1214,77,3,14740.31
2537,1215,49,2,4973.84
2538,1216,84,2,16416.69
2539,1216,38,3,4891.89
2540,1216,4,2,10352.75
2541,1217,27,4,13924.12
2542,1217,61,2,20290.28
2543,1217,43,1,11970.11
2544,1217,2,1,7009.12
2545,1218,85,18,72285.53
2546,1218,34,1,11657.32
2547,1219,93,1,5632.22
2548,1219,63,1,10183.42
2549,1220,50,1,36493.98
2550,1220,26,4,19870.18
2551,1220,80,3,12288.33
2552,1221,36,1,19420.72
2553,1221,22,1,11257.36
2554,1222,14,4,7897.08
2555,1222,56,1,10470.46
2556,1223,92,2,9141.27
2557,1223,59,1,6084.1
2558,1223,1,1,8724.25
2559,1224,59,1,6693.63
2560,1224,12,1,14202.8
2561,1225,76,1,8371.52
2562,1225,83,1,11653.13
2563,1226,52,4,15425.18
2564,1226,38,1,4697.6
2565,1227,72,2,11992.38
2566,1228,90,6,14213.45
2567,1228,62,2,15808.65
2568,1228,53,1,15019.84
2569,1228,61,3,18235.42
2570,1229,16,1,12032.24
2571,1229,15,1,61539.08
2572,1229,49,3,4633.76
2573,1230,49,1,4678.99
2574,1230,22,1,10874.42
2575,1230,12,1,14119.03
2576,1231,29,1,5609.12
2577,1231,42,6,11000.05
2578,1232,21,2,9145.67
2579,1232,48,1,6846.22
2580,1233,24,2,15761.71
2581,1234,23,1,11653.48
2582,1234,10,1,41185.8
2583,1234,88,1,3943.27
2584,1235,22,3,10699.68
2585,1235,5,1,95503.65
2586,1236,38,4,4903.08
2587,1236,85,1,77025.69
2588,1237,18,1,11017.27
2589,1237,9,3,6963.41
2590,1237,86,2,27368.08
2591,1238,85,1,73210.89
2592,1238,63,1,10135.57
2593,1239,42,1,11087.14
2594,1239,40,1,29298.52
2595,1239,58,1,8784.15
2596,1239,43,1,12625.92
2597,1240,63,1,9679.59
2598,1240,38,1,4543.19
2599,1240,85,1,73833.3
2600,1241,24,3,15453.8
2601,1242,14,2,7368.92
2602,1243,52,1,14865.27
2603,1243,1,1,9723.17
2604,1244,45,1,111305.32
2605,1245,89,4,2345.72
2606,1246,51,1,9065.22
2607,1247,99,3,7923.66
2608,1247,4,4,9810.03
2609,1248,89,1,2206.74
2610,1249,81,2,11137.24
2611,1249,88,1,3588.84
2612,1249,2,3,7097.68
2613,1249,5,3,96029.82
2614,1249,76,1,8856.59
2615,1250,51,2,9141.01
2616,1250,82,1,15267.79
2617,1251,9,2,6229.53
2618,1252,5,24,86303.04
2619,1252,18,1,12030.2
2620,1252,47,1,13084.71
2621,1253,22,1,11544.65
2622,1254,1,1,8726.73
2623,1255,2,6,6835.43
2624,1256,3,1,8010.63
2625,1256,86,3,28341.32
2626,1257,71,2,10573.37
2627,1257,55,1,36812.41
2628,1258,86,6,28980.39
2629,1259,94,1,26429.06
2630,1259,71,2,10261.21
2631,1259,34,4,11655.74
2632,1260,30,3,26166.52
2633,1260,31,1,13737.89
2634,1260,4,1,10157.49
2635,1261,18,1,11811.73
2636,1262,34,1,12456.94
2637,1263,66,1,18353.91
2638,1263,56,2,11354.79
2639,1264,91,1,13836.26
2640,1264,5,2,91214.19
2641,1265,52,2,14316.91
2642,1265,88,1,3733.7
2643,1266,49,1,5165.91
2644,1266,1,1,9555.5
2645,1267,97,2,7721.0
2646,1267,81,2,10843.94
2647,1268,48,1,7022.3
2648,1268,43,2,12998.52
2649,1268,23,1,11709.3
2650,1269,43,1,12358.42
2651,1269,32,2,7374.67
2652,1270,43,4,12390.04
2653,1271,84,3,17023.61
2654,1272,89,1,2264.49
2655,1273,34,2,11083.97
2656,1274,21,4,9107.53
2657,1274,49,1,5090.16
2658,1274,36,4,19551.01
2659,1275,21,2,8656.78
2660,1275,88,2,3582.61
2661,1276,67,3,25307.17
2662,1276,88,1,3930.41
2663,1277,62,1,15858.01
2664,1278,40,1,28316.72
2665,1278,36,1,19382.25
2666,1278,37,2,13953.11
2667,1279,81,2,10304.33
2668,1279,51,2,9202.51
2669,1280,34,1,12267.55
2670,1281,7,1,11735.32
2671,1282,65,4,86187.78
2672,1282,23,1,11316.13
2673,1282,85,3,74625.81
2674,1283,34,1,12248.88
2675,1283,38,2,4723.38
2676,1283,37,2,12460.9
2677,1284,82,1,15143.79
2678,1285,59,2,6426.13
2679,1285,74,1,17972.55
2680,1286,26,24,18646.68
2681,1287,86,1,30201.89
2682,1288,46,1,18924.89
2683,1288,74,2,17390.77
2684,1289,52,1,15326.91
2685,1289,4,3,10369.68
2686,1290,81,1,10737.32
2687,1290,60,4,8723.64
2688,1291,3,1,8033.53
2689,1292,23,1,10824.02
2690,1293,74,1,18620.29
2691,1294,99,3,8220.71
2692,1295,95,1,62754.27
2693,1295,83,2,11798.18
2694,1295,51,1,8623.3
2695,1295,14,1,7367.83
2696,1296,34,18,12402.06
2697,1297,49,1,4810.22
2698,1298,92,1,9570.75
2699,1298,37,4,13965.61
2700,1298,16,1,11343.2
2701,1299,21,2,8960.85
2702,1300,86,3,28627.22
2703,1301,58,2,8981.16
2704,1301,5,1,90744.78
2705,1302,62,1,14286.52
2706,1303,2,1,6537.73
2707,1304,75,1,44402.03
2708,1305,21,1,8547.34
2709,1305,38,3,4788.58
2710,1306,4,1,9471.42
2711,1306,7,2,11838.15
2712,1306,3,1,7947.52
2713,1306,31,6,14470.8
2714,1307,85,1,75572.03
2715,1307,69,1,4532.87
2716,1307,67,2,23523.98
2717,1307,55,1,37549.9
2718,1307,40,2,28632.44
2719,1308,42,1,11496.34
2720,1308,55,1,36393.29
2721,1309,36,1,20185.03
2722,1309,27,3,13221.03
2723,1309,5,1,94137.95
2724,1310,34,2,11775.8
2725,1310,14,1,7575.4
2726,1310,81,1,11144.47
2727,1310,58,1,9099.87
2728,1311,58,18,9403.47
2729,1311,26,1,19112.93
2730,1312,10,1,39084.52
2731,1312,72,2,12102.97
2732,1312,73,1,6617.29
2733,1313,21,3,9237.01
2734,1314,58,2,9038.54
2735,1314,38,4,4916.36
2736,1314,75,6,47362.98
2737,1315,84,2,16093.88
2738,1315,85,1,76567.28
2739,1316,100,1,29959.47
2740,1317,24,4,15051.78
2741,1318,29,1,5561.46
2742,1319,93,2,5246.62
2743,1320,36,1,18954.85
2744,1321,43,6,12543.42
2745,1321,84,1,16170.92
2746,1322,92,3,9585.07
2747,1323,54,4,26364.82
2748,1323,26,1,20187.99
2749,1324,7,2,11927.03
2750,1325,54,1,26023.94
2751,1325,40,2,27803.66
2752,1325,5,1,93651.54
2753,1325,36,1,18190.85
2754,1326,61,3,19608.68
2755,1326,71,1,10646.43
2756,1326,82,1,16209.48
2757,1326,74,2,17834.23
2758,1327,38,2,5051.13
2759,1328,12,2,13905.4
2760,1328,100,1,29244.85
2761,1328,52,2,14901.44
2762,1328,70,1,30452.23
2763,1329,4,12,9864.3
2764,1330,22,4,11870.98
2765,1331,55,2,34871.12
2766,1331,49,1,5145.42
2767,1332,88,1,3802.38
2768,1332,63,1,10472.7
2769,1333,24,2,15649.55
2770,1333,76,1,8147.57
2771,1334,42,2,11358.97
2772,1334,54,1,27202.44
2773,1335,5,1,87875.56
2774,1335,85,1,73599.88
2775,1336,1,3,8965.43
2776,1337,40,1,29578.87
2777,1338,58,2,9215.0
2778,1338,69,1,4744.25
2779,1339,71,2,9641.7
2780,1340,5,1,94980.34
2781,1341,83,2,10861.8
2782,1341,24,1,15305.27
2783,1341,85,1,76570.92
2784,1342,71,1,10546.02
2785,1342,16,3,11782.37
2786,1342,17,1,28459.56
2787,1343,65,1,78981.71
2788,1343,85,1,68897.66
2789,1344,84,1,17590.44
2790,1345,21,1,8824.62
2791,1345,49,3,5015.27
2792,1345,65,2,86882.71
2793,1346,2,1,7281.61
2794,1346,51,3,8610.35
2795,1346,62,2,14695.99
2796,1347,56,2,10583.74
2797,1347,63,1,10347.33
2798,1348,44,1,12127.71
2799,1348,21,4,9215.1
2800,1349,37,2,13133.35
2801,1349,38,1,4928.52
2802,1349,82,1,16188.74
2803,1349,22,2,11039.16
2804,1350,99,2,7689.38
2805,1350,72,2,11563.12
2806,1351,5,2,93995.55
2807,1352,18,1,11787.48
2808,1352,23,1,11419.7
2809,1353,5,2,92736.98
2810,1353,14,1,7979.31
2811,1354,21,3,8382.28
2812,1354,55,1,35381.54
2813,1355,49,2,5028.01
2814,1355,59,6,6142.48
2815,1355,11,1,13063.0
2816,1355,64,2,9587.59
2817,1356,22,1,11108.17
2818,1357,94,2,28448.86
2819,1357,72,1,11841.76
2820,1358,55,2,36182.05
2821,1359,95,1,65896.65
2822,1359,67,1,25592.18
2823,1359,51,1,8625.99
2824,1360,54,1,27301.98
2825,1360,23,4,11775.47
2826,1361,46,2,20312.05
2827,1362,47,1,13369.74
2828,1363,94,1,27613.13
2829,1363,70,1,30258.21
2830,1364,90,1,14352.45
2831,1364,72,1,12584.12
2832,1364,54,1,27880.52
2833,1364,16,4,11687.59
2834,1365,37,1,12781.38
2835,1365,11,2,13583.46
2836,1365,22,2,11889.14
2837,1366,14,3,7420.05
2838,1366,66,1,17784.3
2839,1366,21,18,8800.66
2840,1367,52,1,13916.2
2841,1367,25,1,93591.01
2842,1367,63,1,10453.36
2843,1367,62,2,16003.26
2844,1367,76,3,8483.11
2845,1368,2,1,6818.3
2846,1369,61,1,19285.77
2847,1369,58,1,9488.12
2848,1370,75,1,45737.02
2849,1370,69,1,4579.82
2850,1371,55,2,34634.23
2851,1371,24,1,15763.54
2852,1371,81,6,11095.92
2853,1372,97,1,8163.39
2854,1372,92,1,9053.78
2855,1373,22,1,10808.13
2856,1373,68,1,13736.36
2857,1373,66,1,17670.6
2858,1374,70,2,30012.12
2859,1375,48,1,7311.31
2860,1375,88,1,3808.68
2861,1376,33,1,11148.28
2862,1377,3,1,8606.46
2863,1377,67,1,23461.37
2864,1378,51,1,9433.14
2865,1378,21,1,8466.92
2866,1378,50,2,36729.84
2867,1378,22,1,11425.08
2868,1379,86,1,29482.59
2869,1379,18,1,11294.03
2870,1380,63,1,10720.24
2871,1380,90,2,15180.13
2872,1380,29,1,5121.29
2873,1380,98,1,4023.81
2874,1381,89,1,2292.86
2875,1381,95,2,60954.5
2876,1382,49,3,4911.19
2877,1382,5,3,92503.14
2878,1383,33,1,11903.9
2879,1383,67,3,24446.15
2880,1384,100,2,28870.34
2881,1385,88,1,3965.7
2882,1385,74,2,17845.07
2883,1385,76,1,8388.98
2884,1385,51,12,8846.31
2885,1386,52,1,14915.3
2886,1387,14,1,7824.87
2887,1388,5,2,92879.66
2888,1388,46,1,18373.54
2889,1388,4,2,9967.17
2890,1388,20,1,5432.36
2891,1389,7,1,12136.13
2892,1390,34,1,12462.55
2893,1390,88,2,3798.16
2894,1390,68,1,12673.81
2895,1391,84,1,17475.83
2896,1391,92,2,9580.6
2897,1392,66,12,18337.89
2898,1392,43,1,12489.02
2899,1393,14,1,7435.55
2900,1393,4,3,9604.65
2901,1394,74,1,17610.52
2902,1394,25,1,90739.3
2903,1394,62,2,14723.43
2904,1395,14,1,7421.64
2905,1395,42,1,11215.19
2906,1396,38,3,4540.7
2907,1397,1,1,9337.63
2908,1397,29,1,5510.67
2909,1398,55,2,36550.35
2910,1399,76,1,8555.14
2911,1400,38,1,4926.21
2912,1401,86,4,28562.45
2913,1402,26,1,18888.84
2914,1402,14,4,7341.38
2915,1403,30,2,26435.22
2916,1403,80,3,12610.49
2917,1404,12,1,14682.59
2918,1404,27,2,13363.39
2919,1404,49,2,5090.26
2920,1405,76,1,8721.0
2921,1405,29,2,5170.72
2922,1405,55,3,34487.84
2923,1406,86,3,28068.63
2924,1406,76,1,8782.65
2925,1407,18,2,11787.31
2926,1408,31,1,13981.51
2927,1408,34,1,11306.2
2928,1408,81,1,10388.85
2929,1409,69,1,4240.43
2930,1410,33,2,11864.73
2931,1410,89,2,2108.12
2932,1410,50,1,34167.92
2933,1411,2,4,6969.49
2934,1411,92,1,8827.71
2935,1411,4,1,9746.0
2936,1412,61,1,18240.64
2937,1413,74,1,17317.71
2938,1413,61,1,19315.78
2939,1413,1,3,8823.63
2940,1413,96,12,20366.74
2941,1414,95,1,61821.22
2942,1414,62,1,14811.62
2943,1415,52,1,13826.82
2944,1416,90,1,14245.25
2945,1417,24,2,14605.8
2946,1417,37,1,13794.96
2947,1417,71,1,10292.66
2948,1418,61,1,18153.69
2949,1418,83,1,11361.78
2950,1418,81,1,10954.12
2951,1418,38,1,4621.04
2952,1419,90,1,14152.06
2953,1419,77,2,14325.51
2954,1420,91,2,14718.81
2955,1420,14,1,7398.08
2956,1421,22,3,11561.68
2957,1421,48,3,7036.25
2958,1421,68,2,13145.79
2959,1422,34,1,11821.83
2960,1423,94,1,27519.21
2961,1423,55,1,33974.03
2962,1424,64,1,10254.55
2963,1425,41,2,21852.35
2964,1425,84,1,16232.79
2965,1426,56,2,10899.47
2966,1427,22,2,11430.93
2967,1427,17,1,27132.57
2968,1427,54,1,25425.0
2969,1428,23,1,11406.28
2970,1428,29,1,5507.71
2971,1429,22,1,11555.29
2972,1429,10,1,42390.23
2973,1430,23,1,12001.23
2974,1431,88,4,3627.93
2975,1431,99,3,7971.6
2976,1432,85,1,76542.31
2977,1432,89,2,2324.62
2978,1433,17,1,26276.49
2979,1433,69,1,4288.01
2980,1434,4,1,9940.09
2981,1434,2,2,6960.31
2982,1434,95,1,65138.62
2983,1434,46,2,20309.8
2984,1435,37,1,13241.37
2985,1435,34,12,12042.78
2986,1436,15,1,59969.23
2987,1437,56,2,11480.15
2988,1437,84,1,16634.43
2989,1437,74,2,17350.67
2990,1438,42,1,10919.12
2991,1439,21,1,8732.22
2992,1440,56,1,10927.6
2993,1440,89,2,2349.68
2994,1440,81,24,10387.24
2995,1440,26,1,17976.58
2996,1441,30,1,28547.89
2997,1441,28,1,8185.01
2998,1441,67,1,23691.0
2999,1442,51,2,9421.81
3000,1442,75,2,45807.74
3001,1442,52,2,13792.44
3002,1442,7,1,12805.12
3003,1442,2,2,6911.78
3004,1443,63,2,10264.38
3005,1444,70,1,33003.65
3006,1445,86,1,30461.91
3007,1446,98,2,3797.97
3008,1446,51,1,8820.48
3009,1446,76,3,8422.37
3010,1447,58,1,9363.83
3011,1447,79,2,4089.23
3012,1447,68,2,12795.28
3013,1448,68,2,13842.73
3014,1448,1,1,8873.47
3015,1449,15,2,59997.44
3016,1449,49,2,4763.16
3017,1450,26,1,18656.33
3018,1450,81,1,10084.37
3019,1451,51,2,9500.04
3020,1451,7,2,12492.03
3021,1451,85,2,73882.15
3022,1452,86,2,29841.21
3023,1453,59,2,6353.03
3024,1453,63,2,9977.02
3025,1453,45,1,111057.27
3026,1454,61,2,19843.41
3027,1455,34,1,11707.62
3028,1455,81,1,10311.33
3029,1455,88,4,4032.65
3030,1456,57,1,29622.4
3031,1456,65,1,80790.9
3032,1457,4,1,10265.12
3033,1458,88,1,3626.47
3034,1459,3,1,8513.44
3035,1459,54,1,28024.49
3036,1460,4,2,10397.12
3037,1460,13,2,6331.39
3038,1461,90,1,14957.74
3039,1461,22,2,10731.01
3040,1462,91,2,13660.97
3041,1462,76,1,8419.28
3042,1463,68,1,13378.3
3043,1463,55,2,34971.62
3044,1463,36,2,19103.53
3045,1463,23,1,11418.27
3046,1464,81,1,11065.69
3047,1465,14,1,7290.59
3048,1465,70,2,29369.68
3049,1466,4,1,9691.58
3050,1466,20,3,5360.62
3051,1466,100,1,28292.05
3052,1467,24,2,15422.03
3053,1467,54,1,28146.31
3054,1468,55,2,36834.78
3055,1469,76,1,8793.66
3056,1470,83,1,10773.2
3057,1470,21,1,9105.64
3058,1470,22,2,11247.29
3059,1470,76,2,8657.82
3060,1471,15,2,64119.29
3061,1472,56,1,10976.27
3062,1472,29,4,5451.68
3063,1473,60,3,8494.5
3064,1473,86,1,29707.4
3065,1473,14,12,7230.75
3066,1474,88,1,3864.35
3067,1474,74,1,18448.81
3068,1474,22,1,11129.76
3069,1475,29,1,5360.49
3070,1476,26,2,20054.78
3071,1476,79,2,3960.04
3072,1476,75,1,45234.29
3073,1476,22,2,11462.9
3074,1477,7,2,12432.3
3075,1477,49,1,5202.46
3076,1477,27,1,12500.81
3077,1478,88,1,3803.47
3078,1478,28,1,8069.51
3079,1479,72,2,11601.53
3080,1479,20,2,5013.17
3081,1480,8,2,12833.6
3082,1480,89,1,2292.18
3083,1481,71,2,9524.06
3084,1482,62,2,15935.42
3085,1483,33,6,11539.32
3086,1484,56,1,11464.12
3087,1484,54,2,28488.26
3088,1484,42,1,11876.56
3089,1485,14,2,8067.96
3090,1485,46,2,19484.79
3091,1486,16,3,12056.48
3092,1486,29,2,5186.27
3093,1486,74,1,18004.38
3094,1487,85,1,71991.51
3095,1487,14,1,7460.4
3096,1488,45,1,108400.89
3097,1488,67,2,25167.67
3098,1489,4,2,10274.23
3099,1490,55,2,34720.67
3100,1490,78,1,6009.71
3101,1491,61,2,19157.25
3102,1492,90,1,14036.53
3103,1492,2,2,6655.97
3104,1492,11,1,14012.43
3105,1492,91,2,14363.22
3106,1493,41,3,21228.73
3107,1493,88,3,3801.29
3108,1493,74,2,16545.66
3109,1494,56,4,10694.08
3110,1495,74,2,16537.2
3111,1495,43,2,11876.4
3112,1495,14,1,7515.9
3113,1495,86,1,28444.76
3114,1496,71,1,9636.48
3115,1496,16,1,11564.26
3116,1496,2,2,6738.08
3117,1496,22,2,11795.68
3118,1497,74,3,18255.24
3119,1498,37,2,12768.3
3120,1499,59,1,6522.73
3121,1499,14,2,7300.93
3122,1500,2,3,7142.72
3123,1501,15,2,66754.02
3124,1501,80,1,11791.19
3125,1502,100,3,29859.45
3126,1503,14,1,7781.32
3127,1504,51,18,9007.17
3128,1504,16,1,12062.92
3129,1505,86,1,28715.0
3130,1505,66,1,18236.1
3131,1505,91,1,14277.83
3132,1505,23,1,11766.23
3133,1505,81,1,10036.07
3134,1506,67,1,26048.09
3135,1507,41,1,22256.99
3136,1508,26,1,18530.66
3137,1508,1,2,9714.37
3138,1508,75,1,44205.85
3139,1509,49,3,4726.52
3140,1509,54,2,25763.94
3141,1509,5,1,90366.33
3142,1509,22,1,11698.59
3143,1510,52,2,14930.6
3144,1510,14,2,7355.31
3145,1510,4,1,10402.0
3146,1511,72,2,11659.74
3147,1511,86,3,28384.31
3148,1511,61,1,19121.58
3149,1512,71,1,10158.58
3150,1512,16,2,11066.3
3151,1512,84,1,16676.39
3152,1513,66,1,17622.08
3153,1514,33,1,11852.87
3154,1515,76,1,8247.33
3155,1515,32,1,7397.18
3156,1515,81,6,9974.01
3157,1516,40,1,28327.33
3158,1517,74,1,16869.46
3159,1518,55,24,34213.95
3160,1519,7,1,13076.97
3161,1519,2,2,6875.43
3162,1520,97,1,7776.87
3163,1520,14,1,7770.92
3164,1521,76,1,8196.08
3165,1521,72,1,12684.18
3166,1522,33,1,11990.35
3167,1522,20,1,5123.25
3168,1523,94,1,27669.73
3169,1524,65,2,86832.9
3170,1525,85,1,74181.59
3171,1526,14,1,8065.51
3172,1526,82,1,15994.92
3173,1527,56,1,10940.1
3174,1527,12,1,13542.43
3175,1528,94,1,26849.52
3176,1529,51,1,9317.98
3177,1529,4,2,9574.33
3178,1529,45,1,109455.87
3179,1530,7,1,12254.52
3180,1530,55,1,34333.12
3181,1531,88,2,3841.96
3182,1531,100,1,27490.26
3183,1531,16,3,10985.58
3184,1532,70,2,30468.66
3185,1532,91,1,14136.14
3186,1533,48,1,7268.21
3187,1533,86,1,27311.36
3188,1534,54,4,26349.93
3189,1535,40,1,27427.77
3190,1535,81,1,10761.14
3191,1536,15,1,65836.25
3192,1536,67,2,26218.57
3193,1537,1,3,8883.36
3194,1537,69,2,4337.42
3195,1538,16,3,12062.83
3196,1539,14,2,7622.34
3197,1540,60,1,8134.82
3198,1541,36,3,19700.37
3199,1541,86,2,28092.62
3200,1542,4,1,9865.77
3201,1542,38,2,4775.25
3202,1543,88,1,3677.36
3203,1543,38,2,4653.35
3204,1544,28,2,8423.44
3205,1545,31,2,13832.76
3206,1545,5,1,89361.05
3207,1546,52,1,13951.61
3208,1547,85,1,76012.68
3209,1548,80,1,13062.52
3210,1548,43,1,12623.72
3211,1548,55,1,37105.66
3212,1548,81,1,11070.63
3213,1549,91,1,13201.78
3214,1550,55,2,36952.24
3215,1550,74,1,17283.07
3216,1551,31,1,14963.06
3217,1551,85,4,73915.14
3218,1552,19,1,5857.61
3219,1553,41,2,21352.89
3220,1553,55,2,36210.03
3221,1553,18,12,11717.84
3222,1554,67,2,24787.49
3223,1555,55,2,37160.35
3224,1555,69,2,4719.6
3225,1555,90,1,13897.08
3226,1556,14,1,7579.22
3227,1556,38,1,4652.58
3228,1556,81,1,10592.78
3229,1556,62,3,14568.68
3230,1556,26,1,18464.42
3231,1557,38,1,4961.3
3232,1557,94,2,28087.4
3233,1557,23,3,11100.12
3234,1557,22,1,11341.88
3235,1558,15,2,63378.5
3236,1558,81,1,10702.52
3237,1559,79,1,3923.14
3238,1560,24,2,14756.67
3239,1561,2,12,7105.84
3240,1562,72,1,12830.68
3241,1562,48,2,7055.06
3242,1563,4,2,9904.51
3243,1563,84,1,16549.02
3244,1563,51,1,8960.96
3245,1564,86,1,28857.5
3246,1564,34,4,11732.88
3247,1564,38,1,4768.9
3248,1565,1,2,9380.8
3249,1566,4,2,10006.16
3250,1567,75,1,46802.41
3251,1567,9,2,6454.64
3252,1567,90,3,14805.03
3253,1568,95,1,62259.32
3254,1568,14,3,7615.64
3255,1569,32,2,8050.66
3256,1570,29,2,5114.4
3257,1571,21,1,8856.84
3258,1571,54,2,26248.08
3259,1571,56,1,11605.19
3260,1572,13,1,5697.94
3261,1572,39,1,7951.98
3262,1572,74,2,17270.27
3263,1573,75,1,44786.74
3264,1574,40,3,26589.37
3265,1574,16,1,11409.56
3266,1574,15,1,64169.37
3267,1575,81,1,11156.26
3268,1576,36,1,18144.07
3269,1576,84,3,16585.59
3270,1577,100,1,30452.11
3271,1578,56,1,10767.33
3272,1578,75,1,46559.08
3273,1578,51,2,9070.28
3274,1579,52,1,14138.87
3275,1579,84,1,16588.95
3276,1580,7,1,11893.13
3277,1581,58,3,9483.46
3278,1581,16,3,10934.36
3279,1582,55,4,37530.03
3280,1582,86,3,27269.36
3281,1582,59,1,6594.85
3282,1582,83,1,10912.62
3283,1583,4,2,10254.4
3284,1583,10,3,39213.58
3285,1584,80,1,11956.36
3286,1585,34,2,11684.64
3287,1586,4,1,10365.17
3288,1586,91,1,13162.55
3289,1587,87,4,14481.64
3290,1587,84,1,16548.64
3291,1588,92,1,9060.3
3292,1589,23,2,11392.7
3293,1590,7,2,12319.29
3294,1590,56,1,10507.1
3295,1591,35,1,83555.67
3296,1591,69,1,4572.78
3297,1592,85,2,70911.19
3298,1592,14,1,7273.72
3299,1592,26,2,18376.66
3300,1593,45,1,106522.76
3301,1594,86,1,28063.22
3302,1594,13,18,5749.05
3303,1594,19,4,5618.38
3304,1594,91,3,14094.89
3305,1595,34,3,11813.03
3306,1595,32,3,8113.8
3307,1596,52,1,14018.8
3308,1596,32,4,8022.36
3309,1596,76,3,8478.18
3310,1596,21,1,8309.2
3311,1596,2,1,6904.65
3312,1597,100,1,27945.94
3313,1597,76,2,8779.65
3314,1597,61,1,18965.47
3315,1598,11,1,13380.68
3316,1599,76,1,7960.51
3317,1600,71,2,10135.37
3318,1600,1,3,9645.27
3319,1601,91,2,13978.52
3320,1601,55,2,38079.14
3321,1601,18,1,11422.61
3322,1601,70,1,31917.48
3323,1602,71,1,10372.94
3324,1603,99,1,7488.9
3325,1603,80,1,12389.33
3326,1603,10,1,41119.07
3327,1603,81,1,10451.34
3328,1603,52,3,13962.89
3329,1604,61,1,18858.4
3330,1604,29,2,5374.57
3331,1605,19,1,5527.44
3332,1605,36,1,19537.8
3333,1606,7,1,12029.95
3334,1606,48,1,7196.68
3335,1606,21,6,8511.56
3336,1606,30,1,26586.72
3337,1607,3,1,8690.47
3338,1607,36,1,20215.97
3339,1607,71,1,10386.37
3340,1607,92,3,8815.72
3341,1608,76,1,8392.89
3342,1609,2,1,6515.82
3343,1610,12,1,13563.74
3344,1610,70,3,31940.5
3345,1611,71,2,9972.13
3346,1612,42,1,11975.27
3347,1612,43,1,12141.64
3348,1613,55,1,36570.42
3349,1613,81,1,10510.63
3350,1613,54,2,28247.42
3351,1614,54,2,28086.3
3352,1614,75,1,44259.32
3353,1614,17,2,27803.95
3354,1615,87,2,14593.96
3355,1615,34,6,11628.55
3356,1615,45,2,114011.23
3357,1616,74,3,17279.91
3358,1616,24,1,15270.86
3359,1617,97,1,7718.35
3360,1617,63,2,10516.26
3361,1618,27,1,12888.31
3362,1618,1,2,9227.2
3363,1619,88,1,3598.04
3364,1619,96,2,21974.75
3365,1619,7,1,12688.97
3366,1619,85,2,70492.87
3367,1619,82,1,15561.64
3368,1620,72,4,11505.32
3369,1620,63,1,9911.24
3370,1620,62,4,15401.79
3371,1621,69,2,4721.28
3372,1621,78,1,6064.79
3373,1622,74,1,18205.42
3374,1623,81,2,10605.43
3375,1623,90,2,14437.94
3376,1624,54,3,28478.7
3377,1624,13,1,6102.71
3378,1624,38,2,4667.79
3379,1624,24,1,14906.82
3380,1625,33,2,11223.64
3381,1625,1,1,9323.08
3382,1626,13,2,6386.11
3383,1627,85,1,70608.56
3384,1627,89,3,2197.12
3385,1627,52,1,15445.85
3386,1627,83,4,11852.11
3387,1627,100,1,27695.05
3388,1628,22,3,10783.5
3389,1628,94,1,26698.18
3390,1629,91,2,14150.62
3391,1629,82,1,16099.84
3392,1630,92,4,9443.88
3393,1630,97,4,7468.81
3394,1630,40,1,26827.8
3395,1630,62,3,15167.41
3396,1631,82,1,16033.29
3397,1632,76,1,8514.39
3398,1633,97,3,8192.16
3399,1633,84,1,15813.81
3400,1634,71,2,10303.27
3401,1634,94,1,27696.93
3402,1634,5,1,89511.9
3403,1635,38,1,5062.93
3404,1636,15,2,62218.08
3405,1636,4,1,9278.86
3406,1636,33,1,11958.66
3407,1637,58,2,8869.59
3408,1637,4,2,9343.24
3409,1638,16,1,11491.14
3410,1639,81,1,10254.45
3411,1639,3,1,8760.92
3412,1639,16,1,10797.06
3413,1640,89,1,2227.08
3414,1640,66,4,17969.04
3415,1640,12,1,15266.16
3416,1641,49,3,4766.81
3417,1641,96,1,20979.4
3418,1641,5,1,85733.57
3419,1641,51,1,8820.54
3420,1642,63,2,10726.25
3421,1642,18,4,10936.84
3422,1642,17,2,26333.37
3423,1643,29,2,5308.87
3424,1644,55,1,36275.35
3425,1644,23,3,11173.25
3426,1645,51,2,8513.84
3427,1645,11,1,14072.57
3428,1646,91,2,14410.82
3429,1646,46,3,18704.75
3430,1646,20,2,5242.97
3431,1646,18,2,11130.75
3432,1647,27,6,13674.55
3433,1647,36,1,18730.86
3434,1647,38,1,4933.06
3435,1647,12,2,14796.54
3436,1647,48,1,7423.74
3437,1648,51,3,9435.83
3438,1648,74,1,16545.63
3439,1648,88,1,3767.59
3440,1648,55,1,38062.01
3441,1649,38,1,4688.5
3442,1650,19,2,6143.21
3443,1650,94,2,28103.65
3444,1651,74,1,17660.58
3445,1652,30,1,28965.78
3446,1653,40,1,28421.77
3447,1653,14,1,7377.78
3448,1653,52,2,14420.64
3449,1653,12,1,14083.73
3450,1654,26,1,20069.36
3451,1655,26,2,17941.64
3452,1656,95,3,67074.32
3453,1656,61,2,20375.7
3454,1657,12,1,14872.76
3455,1657,59,4,6180.31
3456,1657,58,1,9487.14
3457,1658,67,1,24839.91
3458,1658,76,2,8842.34
3459,1659,29,1,5283.65
3460,1659,40,12,27755.19
3461,1659,8,1,13904.99
3462,1660,20,1,4949.48
3463,1660,70,1,29292.07
3464,1661,83,1,11524.7
3465,1662,57,2,29941.23
3466,1663,42,2,11702.94
3467,1663,1,2,9394.03
3468,1664,81,4,10724.86
3469,1664,5,4,89012.36
3470,1664,58,3,9230.62
3471,1664,33,2,11270.88
3472,1664,26,1,18149.83
3473,1665,55,1,37258.42
3474,1665,56,1,11062.7
3475,1665,74,2,17360.41
3476,1665,26,1,18334.0
3477,1666,20,1,5051.64
3478,1667,21,18,9038.85
3479,1668,1,1,9321.01
3480,1668,4,2,9778.03
3481,1669,53,3,15503.95
3482,1670,97,1,7665.42
3483,1671,85,1,70719.69
3484,1671,54,2,27728.43
3485,1672,36,1,18394.39
3486,1672,85,4,73618.36
3487,1673,5,1,88841.41
3488,1673,58,2,8997.82
3489,1673,1,1,8876.43
3490,1673,95,1,64420.6
3491,1673,29,2,5030.82
3492,1674,74,4,17535.82
3493,1675,71,2,9916.32
3494,1676,43,2,12156.23
3495,1676,22,2,10606.45
3496,1677,31,2,14517.34
3497,1677,90,1,14563.45
3498,1678,8,2,13187.6
3499,1679,36,1,18253.29
3500,1679,91,1,13588.35
3501,1679,5,3,96179.44
3502,1680,90,1,14513.27
3503,1681,96,1,22166.49
3504,1681,55,1,34181.81
3505,1681,11,1,13190.38
3506,1682,96,3,21420.64
3507,1683,32,1,7298.33
3508,1684,34,4,11483.63
3509,1684,94,1,25807.73
3510,1684,42,1,11301.56
3511,1685,65,3,85063.93
3512,1686,53,1,16067.15
3513,1687,42,24,10862.73
3514,1687,61,3,19184.35
3515,1687,95,2,61789.08
3516,1688,66,1,18917.11
3517,1688,14,4,7800.68
3518,1689,51,2,9408.68
3519,1690,88,1,3755.23
3520,1690,25,1,90325.6
3521,1691,91,2,13892.36
3522,1692,93,2,5668.7
3523,1692,81,1,10727.18
3524,1693,26,2,18084.66
3525,1693,40,2,26579.65
3526,1693,77,2,14258.49
3527,1694,58,1,8650.44
3528,1695,4,4,9313.83
3529,1696,10,2,39136.31
3530,1696,81,3,10502.16
3531,1696,31,1,14544.06
3532,1697,1,1,9690.71
3533,1697,85,2,73035.13
3534,1697,64,1,9543.62
3535,1697,34,1,11825.89
3536,1698,87,1,14091.38
3537,1698,94,1,27944.83
3538,1699,81,3,10037.48
3539,1699,70,1,31945.32
3540,1700,79,2,3889.28
3541,1700,76,2,8226.15
3542,1700,4,4,9624.92
3543,1701,21,2,9063.68
3544,1701,22,1,10542.23
3545,1701,86,1,27231.22
3546,1702,3,3,8521.0
3547,1702,37,1,13667.29
3548,1702,38,2,4713.65
3549,1702,29,3,5586.48
3550,1703,5,1,91898.69
3551,1704,3,1,8052.33
3552,1705,46,1,19327.19
3553,1705,80,1,12028.62
3554,1705,70,1,32483.23
3555,1706,69,2,4514.34
3556,1706,34,1,12073.09
3557,1707,55,1,37598.38
3558,1708,13,1,6111.77
3559,1708,89,1,2274.61
3560,1709,31,2,13935.26
3561,1709,56,1,11437.41
3562,1709,27,1,12492.74
3563,1709,4,2,10038.44
3564,1709,16,2,11747.39
3565,1710,58,1,9505.12
3566,1710,2,1,6931.34
3567,1710,26,1,18397.33
3568,1710,73,2,6905.14
3569,1711,71,1,10278.07
3570,1711,42,1,11569.95
3571,1711,91,1,14137.31
3572,1711,22,1,11456.13
3573,1712,93,6,5324.64
3574,1712,54,2,25718.26
3575,1712,48,1,6901.67
3576,1713,90,1,15271.33
3577,1714,76,2,8602.57
3578,1714,31,1,13347.22
3579,1715,26,1,18886.92
3580,1715,86,1,27944.44
3581,1716,87,3,14343.31
3582,1716,47,1,13877.64
3583,1717,17,1,27146.45
3584,1717,29,2,5409.58
3585,1718,100,2,29096.32
3586,1718,50,2,34086.91
3587,1719,63,2,9676.34
3588,1719,2,6,6913.89
3589,1720,88,2,3923.1
3590,1721,11,1,13385.47
3591,1721,27,4,13272.35
3592,1721,17,2,28679.86
3593,1722,48,2,7017.96
3594,1722,1,1,9351.43
3595,1722,84,2,17636.9
3596,1722,61,1,19652.04
3597,1722,92,1,8732.86
3598,1723,38,1,5009.47
3599,1723,92,1,9472.95
3600,1723,5,2,91369.78
3601,1723,81,1,11081.42
3602,1724,2,2,6984.03
3603,1724,92,1,8814.22
3604,1724,73,1,6908.05
3605,1724,16,2,11112.53
3606,1725,38,2,4617.91
3607,1725,91,1,13921.88
3608,1725,90,1,15432.27
3609,1726,76,1,8365.0
3610,1727,1,1,8745.08
3611,1727,95,1,64507.72
3612,1727,81,1,10902.42
3613,1727,62,1,15211.66
3614,1728,63,1,9824.02
3615,1729,81,1,11133.28
3616,1730,65,1,79979.14
3617,1730,36,1,18549.36
3618,1731,29,1,5121.24
3619,1731,90,1,13819.63
3620,1732,16,1,11862.79
3621,1733,14,1,7478.7
3622,1734,38,1,4601.45
3623,1734,29,1,5211.89
3624,1734,69,2,4454.71
3625,1734,51,1,8790.13
3626,1735,17,1,26323.31
3627,1735,76,2,8152.17
3628,1736,7,1,13001.64
3629,1736,12,4,14703.62
3630,1736,80,4,11933.8
3631,1737,1,2,9651.3
3632,1737,26,1,18151.04
3633,1738,67,1,24496.3
3634,1738,4,1,9716.78
3635,1738,29,4,5453.96
3636,1739,12,2,13805.71
3637,1739,30,1,26986.63
3638,1739,49,1,4820.78
3639,1739,13,1,5877.53
3640,1740,8,2,13934.1
3641,1740,26,1,19083.9
3642,1741,66,1,17141.61
3643,1741,62,2,14954.25
3644,1742,82,1,16972.58
3645,1743,85,4,70814.41
3646,1744,74,1,17699.88
3647,1745,38,1,4661.55
3648,1745,74,1,17893.5
3649,1746,92,2,8915.06
3650,1746,88,1,3606.42
3651,1747,32,1,7604.3
3652,1747,64,1,9660.2
3653,1748,29,3,5595.24
3654,1748,27,1,12560.61
3655,1748,84,1,15800.07
3656,1748,16,2,11467.02
3657,1749,40,1,27573.19
3658,1750,29,1,5411.22
3659,1750,85,1,76425.01
3660,1751,65,2,81644.6
3661,1751,46,6,19166.47
3662,1751,47,1,13963.62
3663,1752,51,3,8961.91
3664,1752,91,1,14757.04
3665,1753,25,2,92236.15
3666,1753,100,3,27892.62
3667,1754,74,4,17393.39
3668,1754,30,1,26112.19
3669,1755,55,3,34207.69
3670,1756,2,1,7123.4
3671,1756,6,2,38461.49
3672,1757,51,4,8482.85
3673,1757,52,1,13691.32
3674,1757,72,4,12168.03
3675,1757,68,1,13515.82
3676,1758,63,1,10530.49
3677,1758,81,1,10526.05
3678,1759,91,1,14600.88
3679,1760,70,1,31148.03
3680,1760,37,2,13838.91
3681,1761,82,1,16484.76
3682,1761,42,1,10748.5
3683,1761,76,1,8150.16
3684,1761,83,3,11311.38
3685,1762,17,1,28517.05
3686,1762,38,3,5039.58
3687,1763,74,3,17185.82
3688,1763,25,2,91612.89
3689,1763,93,1,5403.13
3690,1763,84,18,16258.16
3691,1764,34,1,12167.1
3692,1765,63,2,10117.61
3693,1765,38,1,4660.17
3694,1766,74,1,16734.87
3695,1766,21,1,9222.33
3696,1767,62,1,15196.46
3697,1767,7,6,12462.65
3698,1768,84,1,17175.73
3699,1769,26,1,18054.05
3700,1769,85,1,70744.4
3701,1769,94,2,28299.33
3702,1770,37,1,13824.73
3703,1770,84,2,17708.74
3704,1770,70,1,32428.97
3705,1771,96,4,21763.45
3706,1771,67,1,23750.85
3707,1772,64,1,9982.16
3708,1772,86,1,28496.83
3709,1773,53,1,16266.46
3710,1773,48,1,7114.88
3711,1774,81,3,10190.69
3712,1774,40,1,29281.35
3713,1775,34,1,11156.02
3714,1775,4,1,9774.7
3715,1776,8,4,13963.64
3716,1776,80,2,12148.73
3717,1776,90,1,14014.52
3718,1777,61,1,18806.8
3719,1777,3,1,8755.29
3720,1777,63,2,9863.87
3721,1778,90,2,13770.5
3722,1779,1,2,8719.17
3723,1779,81,2,10393.89
3724,1779,49,2,5076.44
3725,1780,47,2,12945.16
3726,1781,97,1,7895.07
3727,1781,26,2,20150.35
3728,1782,75,1,49463.94
3729,1783,86,2,27250.53
3730,1783,89,1,2354.98
3731,1783,93,1,5242.33
3732,1784,65,1,79248.64
3733,1784,48,1,6799.57
3734,1784,56,1,11472.79
3735,1784,82,1,17057.97
3736,1785,100,2,29984.81
3737,1785,69,1,4273.19
3738,1786,63,2,10220.8
3739,1786,22,1,11776.52
3740,1787,15,1,63011.66
3741,1787,76,2,8614.55
3742,1787,45,1,107265.02
3743,1788,21,2,8642.3
3744,1788,92,1,9633.74
3745,1789,49,1,4998.17
3746,1789,34,2,11155.12
3747,1789,13,1,6014.51
3748,1789,81,1,10190.89
3749,1790,42,1,10970.44
3750,1791,95,1,62015.1
3751,1792,27,1,13511.25
3752,1793,7,1,12326.52
3753,1793,84,1,17285.35
3754,1794,14,1,7925.1
3755,1795,76,1,8487.91
3756,1796,81,1,10094.38
3757,1797,82,2,16028.01
3758,1798,5,2,89993.0
3759,1798,21,1,8962.01
3760,1799,18,2,11325.1
3761,1799,76,1,8774.75
3762,1799,85,1,69661.34
3763,1800,49,1,4690.84
3764,1800,4,2,9504.3
3765,1801,91,1,14831.3
3766,1802,5,1,96172.22
3767,1803,87,1,14359.03
3768,1803,36,1,18485.78
3769,1803,23,1,11855.21
3770,1804,16,1,11863.89
3771,1804,61,1,18156.05
3772,1805,7,1,13028.94
3773,1805,34,2,11263.25
3774,1805,46,1,18450.14
3775,1806,85,2,77100.42
3776,1806,74,1,17604.88
3777,1806,84,3,16301.55
3778,1807,14,2,7246.36
3779,1807,90,6,14386.0
3780,1807,36,1,19366.91
3781,1807,22,1,10570.06
3782,1808,30,2,26949.88
3783,1808,54,1,25495.42
3784,1808,67,4,24671.01
3785,1809,92,1,8922.42
3786,1810,22,2,10766.74
3787,1811,94,2,28616.23
3788,1811,52,1,14925.98
3789,1811,83,3,10987.57
3790,1812,5,2,91975.41
3791,1812,26,1,18887.18
3792,1812,85,1,70963.24
3793,1813,72,1,11612.44
3794,1814,88,1,3942.13
3795,1814,19,1,6014.15
3796,1814,61,1,19869.91
3797,1815,8,1,13377.61
3798,1815,2,6,6891.22
3799,1816,37,1,13300.54
3800,1816,70,3,29269.23
3801,1816,38,2,5062.78
3802,1816,88,2,3952.11
3803,1816,14,1,7520.62
3804,1817,55,1,37437.82
3805,1818,26,3,19074.18
3806,1818,38,2,4542.17
3807,1818,4,1,9984.97
3808,1819,71,4,9980.63
3809,1819,47,2,13075.33
3810,1820,54,2,25690.31
3811,1820,68,2,12852.39
3812,1821,88,2,3877.31
3813,1821,14,1,7618.47
3814,1822,49,1,4920.27
3815,1823,60,1,8445.19
3816,1823,95,3,60910.39
3817,1824,29,1,5105.56
3818,1825,51,2,8737.42
3819,1825,4,3,10384.96
3820,1826,13,1,5957.02
3821,1826,43,1,13052.62
3822,1827,51,2,9253.47
3823,1827,66,2,18583.56
3824,1827,34,6,11480.51
3825,1827,87,1,13789.73
3826,1827,2,1,7333.18
3827,1828,34,1,11889.84
3828,1828,89,1,2289.83
3829,1828,4,2,9350.28
3830,1828,74,2,18070.44
3831,1829,92,1,9099.94
3832,1829,100,3,28018.95
3833,1829,93,1,5643.8
3834,1830,89,1,2181.01
3835,1830,74,3,18075.28
3836,1831,14,1,7383.09
3837,1831,4,1,9806.94
3838,1831,37,2,13065.44
3839,1832,86,1,27312.84
3840,1832,70,2,31045.04
3841,1833,7,2,11910.98
3842,1833,29,1,5244.45
3843,1833,41,1,23386.42
3844,1834,21,1,9156.99
3845,1834,72,2,12493.07
3846,1835,4,1,9452.74
3847,1835,14,3,7788.12
3848,1836,30,1,28803.69
3849,1837,86,1,28664.45
3850,1837,61,3,18458.8
3851,1838,75,1,47583.17
3852,1838,12,1,13676.37
3853,1838,39,1,7550.2
3854,1839,4,1,9699.92
3855,1840,60,2,8639.72
3856,1840,37,1,13944.06
3857,1840,21,1,8838.49
3858,1841,20,1,5477.58
3859,1841,93,2,5265.77
3860,1842,52,1,14979.07
3861,1842,100,2,28132.74
3862,1842,4,1,10321.31
3863,1843,83,3,11116.01
3864,1844,54,1,27164.1
3865,1845,81,1,10120.11
3866,1845,90,1,14128.86
3867,1845,17,1,28068.57
3868,1845,77,2,15655.02
3869,1846,88,1,4033.04
3870,1847,74,24,17762.25
3871,1847,54,1,26588.0
3872,1847,21,1,8404.31
3873,1847,86,1,27990.92
3874,1848,66,3,18078.78
3875,1848,5,1,94224.51
3876,1848,92,1,8958.85
3877,1849,22,1,10714.61
3878,1850,63,2,10211.34
3879,1851,55,2,36263.58
3880,1851,33,2,10973.15
3881,1851,75,1,44606.46
3882,1852,24,1,15609.98
3883,1853,83,1,11226.87
3884,1853,62,1,14635.02
3885,1854,34,2,11784.94
3886,1854,83,2,11134.34
3887,1854,37,1,13872.11
3888,1855,4,3,10093.82
3889,1855,71,2,10615.43
3890,1855,32,1,7386.73
3891,1856,17,1,27109.31
3892,1857,83,2,11378.55
3893,1858,14,1,7183.57
3894,1859,38,2,4867.1
3895,1859,91,18,14703.96
3896,1860,63,1,9908.5
3897,1861,67,2,24756.36
3898,1861,4,1,9311.66
3899,1862,36,2,19643.84
3900,1862,20,6,5078.47
3901,1862,91,1,14409.31
3902,1862,95,1,60939.24
3903,1863,76,2,8509.35
3904,1863,84,3,16599.67
3905,1864,55,1,37321.94
3906,1865,86,6,28093.8
3907,1865,81,2,10021.2
3908,1866,21,3,9179.59
3909,1867,72,2,11419.62
3910,1867,92,12,9630.11
3911,1867,51,1,8604.39
3912,1868,89,1,2214.71
3913,1869,72,4,12307.95
3914,1869,31,1,14826.81
3915,1870,38,2,5097.69
3916,1871,53,1,15295.46
3917,1872,1,1,9767.84
3918,1873,100,1,28857.13
3919,1873,56,2,11112.06
3920,1873,92,1,9409.42
3921,1874,63,1,10280.19
3922,1875,84,3,17289.17
3923,1876,22,1,11584.06
3924,1876,16,1,11426.52
3925,1877,84,1,17628.15
3926,1877,78,3,6106.23
3927,1877,14,1,8062.48
3928,1878,56,2,10356.31
3929,1878,55,1,34711.97
3930,1878,4,4,10007.09
3931,1879,16,2,10759.63
3932,1879,34,1,11285.9
3933,1879,27,1,12442.27
3934,1880,74,1,16587.59
3935,1881,85,2,68535.34
3936,1881,16,3,10974.48
3937,1881,8,6,13777.63
3938,1881,61,1,19486.29
3939,1882,20,2,4980.24
3940,1883,100,1,27288.18
3941,1884,86,1,28323.72
3942,1884,66,1,18341.38
3943,1885,7,1,13072.91
3944,1886,55,1,36094.06
3945,1886,6,1,38856.92
3946,1886,85,2,76430.25
3947,1887,64,12,10429.3
3948,1887,45,2,104797.78
3949,1888,32,1,7622.06
3950,1889,56,2,10695.03
3951,1889,62,1,14317.62
3952,1890,86,3,27646.76
3953,1890,75,1,48961.61
3954,1890,4,1,9989.28
3955,1891,48,1,7394.79
3956,1892,69,1,4278.16
3957,1893,85,1,69882.39
3958,1893,70,12,32427.65
3959,1894,5,1,91058.94
3960,1895,67,1,24890.41
3961,1895,8,1,13834.93
3962,1895,92,2,9097.88
3963,1896,81,1,11203.43
3964,1897,91,1,13629.8
3965,1897,52,1,14697.65
3966,1898,1,1,8854.47
3967,1898,35,3,84821.81
3968,1899,14,2,7225.74
3969,1899,81,1,10758.28
3970,1900,4,1,10018.34
3971,1901,83,1,10913.69
3972,1902,25,1,87283.57
3973,1902,90,1,13866.54
3974,1902,22,1,11072.42
3975,1903,49,1,4977.34
3976,1903,33,1,11400.92
3977,1904,83,1,10862.46
3978,1905,29,2,5372.64
3979,1905,51,1,8659.54
3980,1906,100,1,30698.87
3981,1906,26,1,19009.89
3982,1907,35,1,87456.21
3983,1908,61,1,19485.28
3984,1908,85,1,69504.28
3985,1909,85,2,71710.99
3986,1909,14,2,7934.77
3987,1910,67,1,23641.81
3988,1910,84,1,17631.44
3989,1911,4,1,10399.92
3990,1911,46,2,19779.68
3991,1912,82,1,16102.04
3992,1912,52,1,14283.35
3993,1913,26,1,20191.77
3994,1913,80,1,12149.53
3995,1913,17,2,26884.0
3996,1913,23,1,11264.47
3997,1913,91,1,14584.91
3998,1914,33,1,11157.95
3999,1914,61,1,19815.56
4000,1915,91,3,13275.12
4001,1915,46,1,19540.44
4002,1915,55,1,37148.4
4003,1916,22,3,11768.78
4004,1916,4,1,10078.88
4005,1917,74,2,16649.34
4006,1917,63,4,9958.22
4007,1918,62,2,15850.09
4008,1919,81,1,10865.32
4009,1919,99,1,7618.51
4010,1920,30,1,27497.58
4011,1920,54,2,26464.25
4012,1920,84,2,17354.03
4013,1920,48,1,7012.26
4014,1921,77,1,14820.58
4015,1921,49,1,4651.92
4016,1922,59,1,6570.38
4017,1922,72,2,12467.86
4018,1922,38,4,4785.78
4019,1923,95,1,66080.54
4020,1923,34,2,11810.15
4021,1924,89,1,2216.81
4022,1924,21,1,9277.68
4023,1924,61,2,19466.26
4024,1925,27,1,13566.86
4025,1926,1,6,9651.17
4026,1926,22,2,10861.24
4027,1927,3,1,8379.29
4028,1928,91,2,13283.61
4029,1929,71,1,10562.86
4030,1929,40,3,27972.18
4031,1929,14,2,7405.99
4032,1929,41,1,21423.38
4033,1929,66,1,18929.52
4034,1930,63,1,9709.14
4035,1930,43,1,12180.15
4036,1930,23,6,10940.95
4037,1931,47,2,13077.01
4038,1931,99,1,7829.56
4039,1932,48,1,7374.48
4040,1932,56,1,11663.71
4041,1932,52,3,14943.96
4042,1933,63,1,10338.69
4043,1934,89,4,2340.29
4044,1935,1,2,9229.8
4045,1935,51,2,8517.08
4046,1935,56,12,11364.87
4047,1936,53,6,15427.2
4048,1936,22,1,11462.8
4049,1937,14,1,7270.13
4050,1938,95,1,64827.41
4051,1939,94,2,28145.2
4052,1940,7,1,11852.62
4053,1940,74,1,17475.18
4054,1940,76,2,8617.36
4055,1941,22,4,11272.29
4056,1941,85,2,72695.91
4057,1941,91,2,14861.47
4058,1942,40,3,28389.5
4059,1942,59,1,6399.65
4060,1943,29,4,5095.94
4061,1943,52,2,14559.52
4062,1944,5,1,89531.41
4063,1944,73,1,6138.94
4064,1944,37,2,12638.47
4065,1944,74,2,17790.04
4066,1944,55,2,34883.05
4067,1945,74,1,17773.41
4068,1946,84,1,15849.4
4069,1947,46,1,19360.43
4070,1947,18,2,12190.4
4071,1948,85,2,69492.74
4072,1948,51,1,8762.12
4073,1949,55,4,36086.88
4074,1949,68,1,12966.82
4075,1949,93,2,5563.32
4076,1950,2,1,6807.24
4077,1950,4,2,9811.2
4078,1951,10,1,39299.14
4079,1951,41,4,22798.26
4080,1951,45,3,106002.25
4081,1951,77,1,14387.1
4082,1952,95,18,63814.76
4083,1953,91,1,13354.23
4084,1954,14,1,8013.55
4085,1954,22,1,11395.61
4086,1955,37,2,12849.36
4087,1955,41,1,21200.26
4088,1955,76,2,8672.97
4089,1955,65,2,85432.15
4090,1956,1,1,9056.52
4091,1956,26,3,17993.75
4092,1956,55,2,35603.37
4093,1957,62,2,14771.73
4094,1958,82,2,15780.68
4095,1958,19,2,6084.6
4096,1958,74,1,17978.21
4097,1959,18,1,11139.15
4098,1959,20,3,5346.88
4099,1960,24,1,16062.83
4100,1960,43,2,11858.12
4101,1961,88,1,3692.26
4102,1961,94,1,26545.0
4103,1962,82,1,16177.14
4104,1963,56,1,10497.11
4105,1963,53,1,15621.99
4106,1964,93,2,5629.55
4107,1964,66,1,18116.23
4108,1964,7,1,11936.05
4109,1965,88,1,3708.46
4110,1965,94,2,28372.56
4111,1966,91,1,14692.83
4112,1966,29,2,5602.86
4113,1967,32,1,8192.88
4114,1968,4,1,9435.28
4115,1969,84,2,16158.65
4116,1970,3,1,8768.02
4117,1971,34,4,12076.01
4118,1971,80,1,11764.31
4119,1971,14,1,7526.49
4120,1972,36,1,18120.32
4121,1972,85,1,75769.5
4122,1972,82,2,16056.54
4123,1973,46,3,19060.11
4124,1973,58,2,8654.89
4125,1973,88,1,3812.28
4126,1974,84,1,16528.73
4127,1974,98,1,4158.99
4128,1974,48,1,7588.28
4129,1975,91,2,13757.93
4130,1975,38,6,4878.08
4131,1976,71,1,10112.85
4132,1977,94,3,27904.45
4133,1978,14,6,7238.37
4134,1979,85,1,73306.18
4135,1980,63,1,10400.75
4136,1980,2,2,7175.07
4137,1981,52,2,15350.99
4138,1981,81,1,10263.34
4139,1982,22,1,11459.29
4140,1982,45,3,110487.89
4141,1982,74,1,16828.34
4142,1982,60,1,8769.19
4143,1983,51,12,8838.35
4144,1984,6,1,38440.35
4145,1984,59,1,6638.15
4146,1985,88,2,3730.42
4147,1985,59,2,6530.73
4148,1986,9,1,6423.07
4149,1987,18,3,11009.35
4150,1987,16,1,11093.13
4151,1988,89,2,2104.0
4152,1988,95,1,63640.9
4153,1989,45,1,111851.46
4154,1989,96,12,21421.56
4155,1989,43,4,12390.16
4156,1990,90,4,14469.73
4157,1991,63,1,10273.3
4158,1991,51,1,8788.32
4159,1992,8,1,13217.45
4160,1993,4,1,10219.95
4161,1993,14,2,7237.82
4162,1994,76,1,8482.91
4163,1994,74,1,16720.74
4164,1995,81,1,10131.61
4165,1996,20,1,5282.2
4166,1996,84,2,15957.7
4167,1997,33,3,11106.25
4168,1997,99,1,7819.62
4169,1998,83,1,10931.62
4170,1998,37,1,12938.72
4171,1998,52,2,14803.56
4172,1999,17,3,27719.65
4173,2000,24,1,15643.72
4174,2000,55,1,37513.1
4175,2000,51,2,9292.54
4176,2001,12,1,13961.28
4177,2001,1,1,9481.33
4178,2002,81,18,10337.73
4179,2002,29,2,5472.25
4180,2003,94,2,27116.62
4181,2003,40,1,28556.07
4182,2003,19,1,6091.1
4183,2003,55,3,37256.41
4184,2004,4,1,10395.53
4185,2004,74,2,18415.66
4186,2005,29,1,5165.54
4187,2005,30,2,26260.58
4188,2005,40,1,27084.87
4189,2006,67,6,25617.15
4190,2006,23,1,11006.31
4191,2006,48,1,7583.99
4192,2007,14,2,8107.36
4193,2008,46,3,19248.11
4194,2008,98,1,4057.46
4195,2008,22,2,11837.46
4196,2009,88,1,3610.05
4197,2009,27,1,12347.35
4198,2009,56,1,10542.31
4199,2009,37,1,12479.0
4200,2010,63,1,10130.71
4201,2011,23,6,10848.38
4202,2011,74,4,17897.67
4203,2011,40,2,27863.14
4204,2011,7,1,12140.65
4205,2012,69,1,4365.64
4206,2012,88,3,3919.13
4207,2013,21,2,9230.93
4208,2014,4,3,9548.97
4209,2014,45,2,109346.45
4210,2015,24,1,14889.59
4211,2015,55,1,33963.13
4212,2016,2,18,6726.75
4213,2016,27,1,13614.71
4214,2016,16,1,11689.3
4215,2017,65,1,86120.18
4216,2017,88,1,3932.07
4217,2017,21,1,9100.04
4218,2017,94,3,28083.2
4219,2018,18,2,10884.21
4220,2018,4,1,10309.14
4221,2019,44,1,11540.4
4222,2019,4,1,9948.05
4223,2019,14,1,7308.0
4224,2020,48,1,7337.44
4225,2020,66,1,18592.94
4226,2020,84,1,17080.91
4227,2021,81,1,10176.01
4228,2022,68,1,13063.4
4229,2022,89,1,2331.74
4230,2022,38,1,4531.17
4231,2023,83,1,11529.39
4232,2024,88,2,3674.4
4233,2024,30,1,26178.52
4234,2024,1,1,9719.61
4235,2024,46,2,18573.49
4236,2025,22,1,11533.56
4237,2026,29,1,5315.11
4238,2027,18,2,11682.69
4239,2027,21,1,8442.17
4240,2028,55,1,34630.03
4241,2028,37,1,12639.93
4242,2028,7,6,12219.53
4243,2028,59,1,6476.39
4244,2029,40,3,26662.87
4245,2030,7,1,12750.56
4246,2031,5,1,86860.97
4247,2032,21,1,8948.34
4248,2033,48,2,7456.14
4249,2034,2,1,7339.26
4250,2035,29,1,5106.19
4251,2035,41,1,23495.7
4252,2036,95,1,61951.1
4253,2037,29,1,5350.09
4254,2038,1,4,9727.62
4255,2038,84,1,17756.03
4256,2038,4,1,9356.01
4257,2039,89,2,2325.48
4258,2039,14,1,7238.8
4259,2039,21,2,8250.99
4260,2039,54,4,26404.27
4261,2040,49,3,4876.13
4262,2040,81,1,10628.88
4263,2040,23,2,11060.66
4264,2040,29,1,5450.86
4265,2041,55,6,34655.34
4266,2042,3,1,8782.72
4267,2042,38,1,4976.67
4268,2043,44,1,11305.25
4269,2043,65,2,85960.98
4270,2043,34,1,11641.75
4271,2043,20,2,5490.84
4272,2044,73,1,6231.54
4273,2044,23,1,11432.68
4274,2044,88,1,3898.27
4275,2044,76,1,8225.13
4276,2044,84,3,17230.11
4277,2045,91,1,13475.61
4278,2045,76,1,8180.76
4279,2045,51,2,9239.15
4280,2045,30,1,28954.17
4281,2046,42,2,11460.81
4282,2046,10,4,38678.84
4283,2046,5,4,91119.44
4284,2047,24,2,15322.63
4285,2048,22,2,10724.95
4286,2048,66,1,17509.63
4287,2048,92,2,9377.25
4288,2049,45,1,103725.01
4289,2050,89,1,2282.67
4290,2050,95,2,66854.22
4291,2051,3,6,8462.51
4292,2051,55,3,37917.65
4293,2051,8,1,13749.01
4294,2051,6,1,37025.98
4295,2051,85,1,71926.98
4296,2052,32,2,7930.99
4297,2052,64,1,10388.25
4298,2052,75,2,48268.1
4299,2053,62,3,14340.49
4300,2053,18,1,12155.65
4301,2054,17,6,25943.79
4302,2054,41,1,22445.21
4303,2055,31,2,13519.75
4304,2055,61,6,19070.07
4305,2055,49,2,5196.46
4306,2055,34,1,11841.52
4307,2055,14,6,7498.97
4308,2056,22,2,11467.38
4309,2056,86,3,30532.69
4310,2057,86,1,27165.48
4311,2057,1,1,9557.48
4312,2058,2,2,6558.75
4313,2058,55,2,37915.03
4314,2059,91,1,14522.39
4315,2059,63,2,10396.4
4316,2059,38,1,5060.33
4317,2060,2,3,6693.27
4318,2060,88,18,3759.85
4319,2060,85,2,72650.94
4320,2060,86,1,27514.38
4321,2060,14,1,7725.15
4322,2061,84,1,16768.87
4323,2061,76,1,8648.23
4324,2062,34,1,11649.08
4325,2063,23,4,11757.78
4326,2064,34,1,11366.74
4327,2065,80,1,13000.97
4328,2065,41,2,21112.95
4329,2066,12,1,13891.64
4330,2067,40,1,27206.47
4331,2068,18,2,11425.48
4332,2068,31,2,14845.29
4333,2068,81,1,11073.31
4334,2068,30,1,26361.5
4335,2069,32,1,7255.79
4336,2069,81,2,10490.91
4337,2070,29,2,5513.46
4338,2070,100,1,29387.66
4339,2071,14,1,7328.86
4340,2071,40,3,26731.81
4341,2071,91,1,13881.44
4342,2071,61,2,18484.44
4343,2072,65,2,78850.39
4344,2072,88,1,4002.98
4345,2073,64,1,10694.59
4346,2073,86,2,28622.78
4347,2073,48,1,7520.59
4348,2074,32,3,7821.33
4349,2075,54,3,27529.0
4350,2075,95,1,65351.43
4351,2076,38,1,4896.5
4352,2076,4,1,9984.33
4353,2077,70,1,31843.98
4354,2078,62,1,14870.46
4355,2078,31,1,13518.86
4356,2078,51,1,8690.99
4357,2078,36,2,18890.05
4358,2079,71,1,9727.55
4359,2080,7,4,12805.04
4360,2081,85,1,68683.66
4361,2082,33,1,11904.99
4362,2082,56,1,11033.32
4363,2083,88,1,3842.97
4364,2083,61,1,20383.51
4365,2084,3,1,8681.99
4366,2084,90,1,13721.8
4367,2085,81,1,11230.63
4368,2085,76,1,8130.31
4369,2085,72,1,12391.0
4370,2085,46,1,18993.36
4371,2086,38,2,5106.94
4372,2086,23,1,11054.08
4373,2087,69,3,4475.29
4374,2087,66,1,17408.95
4375,2087,25,1,89148.5
4376,2087,38,1,4958.11
4377,2088,87,1,15034.04
4378,2088,72,1,11654.46
4379,2088,4,2,9499.12
4380,2089,4,1,9581.95
4381,2089,70,1,32237.13
4382,2089,31,2,13738.37
4383,2090,86,1,29167.31
4384,2090,4,4,10293.1
4385,2091,4,2,9792.38
4386,2091,74,1,18052.26
4387,2091,87,1,14565.84
4388,2092,26,2,19002.91
4389,2092,62,1,15488.72
4390,2092,38,2,4539.28
4391,2093,94,1,28689.34
4392,2094,85,1,70994.29
4393,2094,23,2,10913.86
4394,2095,4,4,9373.3
4395,2095,76,1,8527.07
4396,2096,67,1,25062.56
4397,2096,18,1,11255.58
4398,2096,55,1,37343.86
4399,2097,85,3,70853.96
4400,2097,100,2,27469.1
4401,2098,26,1,19422.79
4402,2098,33,1,11141.6
4403,2099,71,1,10467.47
4404,2099,14,2,8058.87
4405,2099,26,1,18849.23
4406,2099,55,1,35737.42
4407,2099,69,2,4345.73
4408,2100,56,1,11416.73
4409,2101,62,1,15386.88
4410,2101,92,3,8824.24
4411,2102,2,1,6778.96
4412,2102,7,1,12276.25
4413,2102,72,1,12540.09
4414,2103,66,3,18647.72
4415,2103,43,1,12753.09
4416,2104,5,1,87119.03
4417,2105,14,1,7325.29
4418,2105,56,1,11150.39
4419,2105,61,1,19126.55
4420,2106,62,4,14849.61
4421,2106,20,1,5029.32
4422,2106,43,1,12971.07
4423,2107,51,4,9242.46
4424,2107,2,1,6911.21
4425,2107,75,1,46435.87
4426,2107,33,1,12085.25
4427,2108,76,1,8603.36
4428,2108,37,3,13167.42
4429,2108,96,1,20814.29
4430,2108,74,1,18151.28
4431,2109,34,1,12199.24
4432,2109,86,1,27956.41
4433,2109,19,1,5733.51
4434,2110,88,1,4023.43
4435,2110,22,1,10998.98
4436,2110,54,1,26872.79
4437,2111,36,1,19557.72
4438,2111,26,1,18148.37
4439,2112,95,1,59936.42
4440,2113,81,3,10394.19
4441,2114,93,3,5545.63
4442,2114,56,1,11592.28
4443,2115,71,1,10087.98
4444,2115,14,1,7938.58
4445,2116,23,1,11307.67
4446,2116,95,3,62981.21
4447,2117,4,2,10127.22
4448,2117,56,1,11244.87
4449,2117,94,4,28220.58
4450,2118,22,1,11634.11
4451,2118,5,1,96384.95
4452,2119,59,3,6723.5
4453,2119,1,1,9608.28
4454,2120,81,1,10051.61
4455,2121,49,1,5205.03
4456,2122,94,3,28773.98
4457,2122,58,4,9092.7
4458,2123,2,1,6602.71
4459,2123,38,6,4842.3
4460,2123,82,1,16688.09
4461,2124,51,1,9135.71
4462,2124,74,2,16617.29
4463,2124,67,1,26125.16
4464,2124,85,1,68626.8
4465,2125,7,2,11914.72
4466,2125,27,4,12360.16
4467,2126,62,3,15747.06
4468,2126,71,1,10303.89
4469,2127,61,3,18987.5
4470,2127,76,1,8156.94
4471,2127,66,3,17077.5
4472,2127,54,1,27878.65
4473,2127,74,1,17271.81
4474,2128,97,1,7525.79
4475,2128,85,1,76276.65
4476,2129,62,1,15809.44
4477,2130,55,2,34942.05
4478,2130,15,1,64457.23
4479,2131,51,2,9401.42
4480,2131,95,1,60463.4
4481,2131,22,3,11141.39
4482,2132,80,1,13059.55
4483,2132,59,1,6440.25
4484,2132,31,3,13712.86
4485,2133,85,1,75416.59
4486,2134,84,1,17496.63
4487,2135,34,2,12218.66
4488,2136,24,1,15088.44
4489,2136,18,1,10918.71
4490,2136,81,2,10782.14
4491,2137,2,2,7350.87
4492,2137,14,1,7343.6
4493,2137,1,1,9216.19
4494,2137,60,1,8225.3
4495,2138,54,1,26013.88
4496,2139,17,1,28626.17
4497,2140,75,1,46695.01
4498,2140,100,2,29681.95
4499,2140,55,1,36435.45
4500,2141,78,1,5858.64
4501,2141,95,1,66034.43
4502,2141,62,2,14893.41
4503,2142,70,6,30516.27
4504,2142,87,1,15172.32
4505,2142,61,2,18634.55
4506,2142,3,1,8559.69
4507,2143,36,3,19267.91
4508,2144,95,3,67076.05
4509,2144,22,1,11336.52
4510,2145,51,1,8729.38
4511,2145,29,1,5326.2
4512,2146,45,1,108527.17
4513,2146,83,1,10794.36
4514,2147,71,6,9788.51
4515,2147,36,2,18451.26
4516,2148,30,2,25883.51
4517,2149,48,2,7039.31
4518,2150,58,1,8976.38
4519,2150,62,1,14557.76
4520,2151,74,2,18135.27
4521,2151,84,1,17072.24
4522,2151,62,2,14533.26
4523,2152,31,1,13358.56
4524,2152,21,2,8898.09
4525,2153,61,4,20463.08
4526,2153,71,3,10321.95
4527,2153,99,3,8205.08
4528,2154,29,1,5533.8
4529,2154,4,1,9950.93
4530,2155,14,4,7703.39
4531,2155,40,2,29424.25
4532,2155,94,1,27856.95
4533,2156,4,1,10053.28
4534,2156,26,2,18382.64
4535,2157,26,1,20154.23
4536,2157,74,6,18295.94
4537,2157,34,1,11464.95
4538,2158,55,1,33954.89
4539,2158,2,2,7154.7
4540,2159,85,2,68765.01
4541,2159,42,1,11880.0
4542,2159,22,3,11793.54
4543,2159,43,1,13062.13
4544,2160,50,3,34468.55
4545,2160,26,1,18353.9
4546,2160,67,1,26228.03
4547,2161,76,2,7949.84
4548,2161,56,2,10425.34
4549,2161,66,3,17267.26
4550,2162,74,1,18361.24
4551,2163,36,2,20012.18
4552,2164,62,1,15336.84
4553,2164,17,2,26078.71
4554,2164,4,1,10102.68
4555,2164,12,1,13985.91
4556,2165,56,2,11482.75
4557,2165,29,2,5645.16
4558,2165,47,1,13941.85
4559,2166,83,1,10829.08
4560,2166,99,1,7509.39
4561,2166,21,2,8378.22
4562,2167,56,1,10814.46
4563,2167,12,1,14144.32
4564,2167,16,1,11740.42
4565,2168,28,2,8836.08
4566,2168,21,1,8940.77
4567,2168,81,1,10978.72
4568,2169,5,1,92750.16
4569,2169,49,1,4905.34
4570,2169,1,4,9640.4
4571,2169,91,2,14480.85
4572,2169,81,1,10550.22
4573,2170,85,1,71570.2
4574,2170,36,3,18411.44
4575,2170,46,1,20459.59
4576,2171,51,1,9069.15
4577,2172,38,1,4613.25
4578,2172,12,1,13994.42
4579,2172,24,1,14346.79
4580,2173,84,3,17644.79
4581,2174,73,1,6262.4
4582,2175,2,1,7346.21
4583,2175,4,1,10470.83
4584,2175,23,1,12068.38
4585,2176,83,1,11344.17
4586,2177,63,1,10466.83
4587,2178,88,1,3876.65
4588,2178,4,3,9527.62
4589,2179,61,1,19579.45
4590,2179,79,1,3986.88
4591,2180,74,1,16548.15
4592,2181,29,1,5122.22
4593,2181,54,1,28626.56
4594,2182,100,1,30550.67
4595,2182,71,1,10404.36
4596,2182,97,3,7402.04
4597,2182,10,1,43437.92
4598,2183,29,2,5665.27
4599,2183,5,1,96523.05
4600,2184,73,4,6666.44
4601,2185,69,1,4310.43
4602,2185,63,4,10280.87
4603,2185,29,2,5067.42
4604,2186,14,2,7937.17
4605,2186,69,1,4297.95
4606,2187,4,1,10206.66
4607,2187,80,2,12215.84
4608,2187,22,4,10965.24
4609,2188,29,1,5051.22
4610,2189,88,3,3569.38
4611,2190,22,3,11186.61
4612,2191,14,1,7690.02
4613,2192,74,3,18013.79
4614,2192,99,1,8396.16
4615,2193,51,1,8638.84
4616,2194,85,1,76252.79
4617,2195,53,1,16623.42
4618,2195,86,3,27605.92
4619,2195,82,3,16775.8
4620,2195,100,1,29293.94
4621,2196,42,1,11509.13
4622,2197,89,1,2319.13
4623,2197,62,1,14313.67
4624,2197,64,2,10384.24
4625,2198,84,1,16128.99
4626,2198,31,1,14428.92
4627,2199,25,2,92254.08
4628,2199,38,1,4952.4
4629,2199,66,2,18008.23
4630,2200,55,3,37455.83
4631,2200,4,1,9766.16
4632,2200,1,1,9550.98
4633,2201,88,1,3673.12
4634,2202,85,1,69044.36
4635,2202,49,1,4750.72
4636,2202,4,2,9725.56
4637,2202,50,1,34146.71
4638,2203,97,1,7894.27
4639,2203,59,1,6566.89
4640,2204,67,1,26449.34
4641,2204,81,2,11219.14
4642,2204,11,1,13396.47
4643,2204,93,4,5578.07
4644,2205,26,1,19896.15
4645,2205,81,2,10650.88
4646,2205,84,1,17770.93
4647,2206,23,1,10967.89
4648,2206,60,1,8659.94
4649,2206,16,2,11995.16
4650,2207,51,4,9317.07
4651,2208,64,1,9631.54
4652,2209,67,2,25460.71
4653,2210,74,1,18504.29
4654,2210,4,2,9600.63
4655,2211,31,1,15048.69
4656,2211,38,3,5054.12
4657,2211,5,2,89728.08
4658,2212,20,1,5164.66
4659,2212,2,1,7198.47
4660,2212,74,1,18524.35
4661,2213,22,1,11211.4
4662,2213,4,2,10348.59
4663,2213,89,2,2097.89
4664,2214,14,2,7821.45
4665,2215,76,1,7961.29
4666,2215,85,1,73136.19
4667,2216,22,4,11077.64
4668,2217,4,2,9359.05
4669,2217,86,3,28221.62
4670,2217,93,1,5662.23
4671,2218,54,1,25447.08
4672,2218,53,1,16049.84
4673,2218,21,3,8442.25
4674,2219,70,4,29698.59
4675,2219,89,1,2093.86
4676,2219,49,1,4973.7
4677,2219,37,1,12505.01
4678,2220,43,1,12707.38
4679,2220,96,4,21343.87
4680,2221,56,1,11421.11
4681,2221,4,2,9312.58
4682,2221,82,2,16277.94
4683,2222,93,1,5369.73
4684,2223,26,1,19171.55
4685,2224,4,1,9291.17
4686,2224,30,1,25851.83
4687,2225,88,6,3785.74
4688,2225,14,1,7686.14
4689,2226,4,2,9368.29
4690,2226,32,2,7491.75
4691,2227,56,6,10982.22
4692,2227,82,3,16880.78
4693,2227,47,1,12819.33
4694,2227,36,2,18662.29
4695,2228,27,1,12886.98
4696,2229,24,1,14682.54
4697,2230,22,1,11881.36
4698,2230,63,1,10231.74
4699,2231,96,1,21950.18
4700,2231,31,1,14162.67
4701,2231,5,1,85625.33
4702,2232,21,3,8958.51
4703,2232,74,2,18343.16
4704,2232,54,1,26738.96
4705,2233,67,1,26444.03
4706,2234,86,1,28646.52
4707,2235,95,1,66581.86
4708,2236,29,2,5442.03
4709,2236,36,1,20129.3
4710,2237,62,1,15597.52
4711,2237,96,1,20374.69
4712,2237,55,1,36704.6
4713,2238,29,1,5366.33
4714,2239,4,1,10380.76
4715,2239,81,1,10784.68
4716,2239,26,1,17908.02
4717,2240,91,1,13628.52
4718,2240,4,1,9307.98
4719,2240,83,2,11447.49
4720,2241,34,1,11596.07
4721,2242,76,2,8729.1
4722,2243,71,1,10609.8
4723,2243,3,2,8334.03
4724,2244,74,2,17249.19
4725,2244,88,1,3849.48
4726,2245,14,2,7676.13
4727,2245,36,1,18960.39
4728,2245,4,1,10061.26
4729,2245,95,1,66707.54
4730,2246,62,4,15192.14
4731,2246,58,1,8805.14
4732,2247,76,2,8622.95
4733,2247,20,2,5442.75
4734,2247,29,4,5124.53
4735,2248,23,2,11766.5
4736,2248,4,3,9567.07
4737,2248,68,2,13007.08
4738,2249,27,1,12615.01
4739,2249,32,1,7793.62
4740,2249,21,2,8634.0
4741,2249,64,1,9678.27
4742,2250,93,2,5290.89
4743,2251,52,1,15424.42
4744,2251,7,2,11743.97
4745,2252,51,12,9215.61
4746,2252,67,2,23967.86
4747,2252,61,1,18537.78
4748,2253,55,2,37154.99
4749,2254,14,1,7760.38
4750,2255,68,2,13281.3
4751,2255,34,1,11839.07
4752,2255,7,2,11804.17
4753,2256,29,2,5460.88
4754,2256,67,1,23455.29
4755,2257,100,3,28495.38
4756,2257,66,1,17821.78
4757,2258,27,1,12555.5
4758,2258,40,1,29009.54
4759,2258,85,1,74578.57
4760,2258,26,2,19683.38
4761,2259,17,1,25876.64
4762,2260,16,3,10938.4
4763,2260,93,2,5644.35
4764,2260,85,2,70739.6
4765,2260,74,1,16798.77
4766,2261,86,1,27505.6
4767,2261,58,1,8963.79
4768,2262,77,1,14774.52
4769,2262,40,3,28333.81
4770,2262,26,1,20077.86
4771,2263,83,1,11861.66
4772,2263,34,2,11581.66
4773,2263,71,1,10569.54
4774,2264,38,1,4645.16
4775,2265,83,2,11310.78
4776,2266,100,1,30707.97
4777,2266,87,1,14438.48
4778,2267,12,2,13656.97
4779,2268,7,3,12758.96
4780,2268,76,1,8184.62
4781,2268,38,1,4996.35
4782,2269,61,2,20476.1
4783,2269,81,1,10250.49
4784,2270,54,2,28553.81
4785,2270,1,2,8732.93
4786,2271,85,3,73698.75
4787,2271,27,1,12733.89
4788,2271,76,1,8584.58
4789,2271,70,1,31978.62
4790,2272,56,1,11162.57
4791,2272,91,3,13299.23
4792,2273,16,2,11485.08
4793,2273,98,1,4042.19
4794,2274,79,1,3792.58
4795,2275,92,1,9650.75
4796,2275,62,1,14800.87
4797,2276,54,1,27491.27
4798,2276,51,1,9315.56
4799,2276,2,1,7111.12
4800,2277,52,1,15230.8
4801,2278,34,1,11282.2
4802,2279,100,1,29028.3
4803,2280,26,1,18120.62
4804,2280,32,2,8175.16
4805,2280,2,1,7298.36
4806,2281,99,1,7890.24
4807,2282,85,2,73978.75
4808,2282,89,1,2175.69
4809,2282,86,2,29743.58
4810,2282,62,1,14942.18
4811,2283,55,3,35611.42
4812,2283,86,2,28052.68
4813,2283,26,2,19024.87
4814,2283,23,1,11039.28
4815,2284,69,3,4693.26
4816,2285,84,1,16305.92
4817,2285,22,2,11471.24
4818,2285,80,4,12974.21
4819,2286,14,4,7658.08
4820,2287,14,4,7970.81
4821,2287,84,6,16918.99
4822,2287,85,1,77169.41
4823,2287,2,1,7197.12
4824,2288,1,18,8937.34
4825,2289,27,1,12942.16
4826,2289,14,2,7274.98
4827,2290,14,1,7682.18
4828,2291,48,1,7008.46
4829,2292,71,2,10444.87
4830,2293,88,2,3718.07
4831,2293,74,6,18328.99
4832,2294,29,1,5321.76
4833,2294,84,1,16001.75
4834,2295,49,1,4718.54
4835,2296,94,2,26650.45
4836,2296,4,2,9381.26
4837,2297,70,1,32688.61
4838,2297,27,4,13901.05
4839,2297,14,2,7596.22
4840,2298,38,2,4880.31
4841,2299,29,1,5236.93
4842,2300,26,1,20146.09
4843,2301,61,1,19064.15
4844,2301,73,3,6663.67
4845,2301,21,1,8287.93
4846,2302,94,3,27562.19
4847,2302,83,1,11799.37
4848,2302,75,1,48749.34
4849,2302,6,2,38817.67
4850,2303,63,3,10564.18
4851,2303,27,2,13149.15
4852,2304,26,3,19050.67
4853,2304,24,6,16082.03
4854,2305,85,1,73104.79
4855,2305,81,1,10187.2
4856,2305,67,1,26108.38
4857,2306,90,1,13971.37
4858,2306,14,3,7264.33
4859,2306,74,3,16878.6
4860,2307,100,1,29808.09
4861,2307,95,3,65964.07
4862,2308,59,1,6320.78
4863,2308,83,2,11208.38
4864,2309,83,1,11076.09
4865,2309,23,1,10908.24
4866,2309,39,1,7759.77
4867,2310,5,1,88697.78
4868,2311,14,1,7802.33
4869,2312,59,1,6692.79
4870,2312,46,1,18673.63
4871,2312,36,1,20359.51
4872,2312,93,1,5290.64
4873,2312,14,2,7657.11
4874,2313,72,1,12151.5
4875,2313,93,2,5454.74
4876,2313,30,1,28139.42
4877,2314,38,24,4966.46
4878,2314,62,1,16078.12
4879,2315,4,1,9903.46
4880,2316,34,3,12297.03
4881,2317,31,1,13757.72
4882,2317,2,1,6764.61
4883,2317,88,1,3867.44
4884,2318,19,1,5740.03
4885,2319,94,1,28029.08
4886,2320,83,1,10947.52
4887,2320,14,3,7626.49
4888,2321,20,1,5054.97
4889,2322,86,4,27377.26
4890,2322,37,1,12906.89
4891,2322,49,1,4767.9
4892,2323,78,1,5700.04
4893,2324,29,1,5458.36
4894,2325,46,1,19001.39
4895,2325,52,6,13906.8
4896,2326,66,1,16880.99
4897,2326,63,1,10267.71
4898,2326,26,1,18786.4
4899,2326,94,3,26291.78
4900,2327,82,2,15667.97
4901,2328,20,1,5213.04
4902,2328,33,2,11994.58
4903,2329,83,1,11481.68
4904,2329,1,1,9152.09
4905,2329,62,1,15527.93
4906,2330,65,1,85250.09
4907,2330,22,1,11214.83
4908,2331,39,1,8126.85
4909,2332,75,1,46697.15
4910,2332,16,1,11085.85
4911,2333,79,1,3948.68
4912,2333,23,1,11877.76
4913,2333,73,18,6388.3
4914,2334,54,2,28244.96
4915,2335,68,2,12519.95
4916,2336,3,1,8121.56
4917,2336,86,1,27543.11
4918,2337,71,2,9615.31
4919,2338,4,1,9827.52
4920,2338,43,1,12409.79
4921,2338,17,1,26451.19
4922,2339,88,1,3813.79
4923,2339,65,1,81030.48
4924,2340,68,3,13136.23
4925,2341,48,1,6850.29
4926,2341,85,1,72557.49
4927,2342,84,3,17335.41
4928,2342,74,2,17193.14
4929,2342,92,1,9452.93
4930,2343,22,1,11298.45
4931,2343,74,1,17564.95
4932,2343,71,2,10357.27
4933,2344,83,1,11608.87
4934,2344,7,1,11832.26
4935,2344,35,1,93489.98
4936,2345,36,2,19417.63
4937,2345,64,12,10105.98
4938,2346,71,2,9568.6
4939,2346,46,3,20065.59
4940,2347,4,2,10468.04
4941,2348,40,1,29671.78
4942,2348,79,2,4039.12
4943,2349,2,1,6989.97
4944,2349,40,2,28984.35
4945,2349,16,1,10882.5
4946,2350,1,1,9551.32
4947,2350,52,1,14838.51
4948,2350,29,1,5133.91
4949,2351,61,1,18479.55
4950,2351,74,1,16639.34
4951,2351,23,1,11165.28
4952,2351,29,6,5197.63
4953,2352,45,1,105451.54
4954,2352,94,2,28607.08
4955,2353,4,3,10071.47
4956,2354,82,1,16189.04
4957,2354,14,1,7318.9
4958,2354,81,2,11038.41
4959,2355,93,1,5665.18
4960,2356,72,2,11372.01
4961,2357,46,1,19074.29
4962,2357,37,3,13699.04
4963,2358,67,2,23604.73
4964,2358,52,2,14497.8
4965,2359,24,12,15850.68
4966,2359,58,3,9049.43
4967,2359,90,2,15235.33
4968,2359,56,1,10980.83
4969,2360,3,1,8189.63
4970,2361,46,1,20143.27
4971,2362,31,3,14205.23
4972,2363,24,1,15365.51
4973,2364,82,1,16860.83
4974,2364,12,1,15196.48
4975,2365,72,3,12487.27
4976,2366,38,3,4912.56
4977,2366,91,3,13972.69
4978,2367,4,1,9325.41
4979,2368,49,1,4912.2
4980,2368,81,6,10423.85
4981,2369,7,4,12351.58
4982,2369,4,1,10231.73
4983,2369,56,2,10471.6
4984,2369,85,1,72523.73
4985,2370,88,1,3768.35
4986,2370,14,1,7522.03
4987,2371,61,1,19326.68
4988,2371,85,2,72058.05
4989,2371,7,1,11864.3
4990,2372,36,1,18295.36
4991,2372,61,1,20253.18
4992,2372,74,1,16825.72
4993,2373,29,1,5472.91
4994,2373,91,1,14577.3
4995,2373,14,1,7239.47
4996,2373,62,2,14660.47
4997,2373,74,2,18333.97
4998,2374,26,12,18944.25
4999,2374,69,1,4312.93
5000,2375,14,1,7182.52
5001,2375,96,1,22321.58
5002,2376,83,4,10704.14
5003,2376,82,2,15795.55
5004,2376,80,3,12473.06
5005,2377,18,3,11898.01
5006,2377,78,1,6197.46
5007,2378,4,2,10278.53
5008,2379,89,2,2206.98
5009,2379,4,1,9594.52
5010,2379,91,2,13789.7
5011,2380,36,1,19953.63
5012,2380,27,1,13605.89
5013,2381,69,1,4437.98
5014,2381,89,1,2306.98
5015,2381,55,1,38166.04
5016,2381,76,2,8845.96
5017,2381,17,1,25950.21
5018,2382,87,2,14811.11
5019,2382,91,1,13767.37
5020,2383,32,2,7281.21
5021,2384,36,2,20183.45
5022,2384,8,1,13879.24
5023,2384,71,1,10563.8
5024,2384,81,1,10624.42
5025,2384,14,2,7369.48
5026,2385,81,2,10447.68
5027,2386,1,1,9773.37
5028,2386,14,1,7634.01
5029,2386,63,3,10786.59
5030,2386,11,1,12905.94
5031,2386,37,1,12572.61
5032,2387,12,1,15152.34
5033,2388,29,3,5363.23
5034,2389,12,3,13946.5
5035,2389,94,2,28355.66
5036,2389,3,1,8462.63
5037,2390,38,1,4673.42
5038,2390,4,1,10172.67
5039,2391,74,1,18299.82
5040,2392,4,1,10115.24
5041,2392,92,1,8773.35
5042,2393,47,1,13048.64
5043,2393,22,1,11544.89
5044,2393,100,1,27882.52
5045,2393,32,2,7585.04
5046,2394,86,1,27067.78
5047,2395,1,2,8881.47
5048,2396,2,1,6618.82
5049,2396,46,2,18141.58
5050,2396,14,2,7298.3
5051,2397,24,1,14683.44
5052,2397,67,1,26010.6
5053,2398,59,1,6605.92
5054,2398,83,1,11610.25
5055,2398,24,1,16079.63
5056,2399,91,1,13655.7
5057,2400,3,1,7971.39
5058,2401,32,1,7565.01
5059,2402,24,2,14684.3
5060,2402,32,1,7530.25
5061,2402,85,1,70975.57
5062,2402,15,2,65221.95
5063,2403,12,2,14859.69
5064,2403,76,1,8475.79
5065,2404,83,3,10987.84
5066,2404,78,2,5779.36
5067,2405,31,1,13494.9
5068,2405,75,1,45699.03
5069,2406,56,1,11404.18
5070,2406,1,2,9538.34
5071,2406,64,2,9943.24
5072,2406,94,1,25959.41
5073,2406,97,1,7388.89
5074,2407,40,1,29102.3
5075,2407,65,2,84970.47
5076,2407,56,1,10804.25
5077,2408,38,2,4807.24
5078,2409,75,1,45003.88
5079,2409,85,1,72594.8
5080,2410,68,1,12795.41
5081,2410,59,4,6260.03
5082,2411,87,1,13872.52
5083,2412,11,1,12936.64
5084,2412,4,1,9383.63
5085,2412,3,2,8746.02
5086,2413,46,1,18688.88
5087,2414,45,3,108019.38
5088,2415,51,1,8588.91
5089,2416,27,1,12633.68
5090,2416,76,2,8117.46
5091,2417,74,1,16913.35
5092,2417,70,4,29630.41
5093,2417,23,1,11949.22
5094,2417,41,2,22743.78
5095,2417,35,1,92968.4
5096,2418,100,1,30724.71
5097,2418,49,4,5124.05
5098,2419,67,6,25596.79
5099,2419,88,2,3955.96
5100,2419,56,1,11216.29
5101,2420,3,1,8447.05
5102,2420,81,12,11089.18
5103,2420,45,2,103426.42
5104,2421,64,3,10112.16
5105,2421,81,1,10808.08
5106,2421,5,3,86985.06
5107,2421,74,1,17195.02
5108,2422,86,2,30260.5
5109,2422,27,1,12426.95
5110,2423,81,4,10884.38
5111,2423,100,1,30129.95
5112,2424,9,1,6646.42
5113,2424,86,1,29931.02
5114,2424,90,1,13823.29
5115,2425,14,2,7815.77
5116,2425,62,1,15341.11
5117,2426,86,2,28909.88
5118,2427,30,1,26698.11
5119,2427,22,1,11215.23
5120,2428,56,1,11576.3
5121,2428,31,4,13838.49
5122,2428,34,1,11921.52
5123,2428,23,2,10980.25
5124,2428,70,2,32608.71
5125,2429,7,1,12108.41
5126,2430,77,1,15079.14
5127,2430,42,1,11637.29
5128,2430,40,2,27897.64
5129,2430,4,1,9977.05
5130,2431,55,1,38160.67
5131,2432,85,3,71192.74
5132,2432,24,2,16036.79
5133,2433,61,2,18272.54
5134,2433,68,1,12526.64
5135,2434,85,1,72527.51
5136,2434,76,3,8304.47
5137,2434,33,2,11817.2
5138,2435,14,2,7230.75
5139,2435,30,1,26330.6
5140,2435,85,1,77440.74
5141,2435,4,2,9931.76
5142,2436,72,2,11886.74
5143,2437,14,1,7375.69
5144,2437,34,4,11859.16
5145,2438,27,4,13119.65
5146,2439,37,1,12965.59
5147,2439,52,2,13980.6
5148,2439,61,3,18226.53
5149,2440,23,4,11762.6
5150,2440,22,2,11431.37
5151,2441,91,2,14452.36
5152,2441,33,1,11460.47
5153,2441,100,1,28598.45
5154,2442,81,1,10975.33
5155,2442,15,2,64749.28
5156,2443,52,2,15092.36
5157,2444,69,1,4301.12
5158,2444,63,1,10388.65
5159,2444,54,4,26418.85
5160,2445,63,2,10199.19
5161,2445,34,1,12086.83
5162,2445,76,6,8754.09
5163,2445,74,1,18074.88
5164,2446,88,1,3872.82
5165,2446,34,1,11869.77
5166,2446,43,1,12579.29
5167,2446,74,1,17232.91
5168,2447,58,2,8999.32
5169,2447,18,2,10879.9
5170,2448,27,1,13598.48
5171,2448,3,1,8549.9
5172,2448,40,3,26734.23
5173,2448,54,4,25904.0
5174,2449,94,1,28674.76
5175,2450,69,3,4633.06
5176,2450,67,2,25922.2
5177,2451,71,1,10181.31
5178,2452,7,2,12871.35
5179,2453,14,1,7278.02
5180,2453,36,1,20453.25
5181,2454,4,1,9623.44
5182,2455,67,1,23538.76
5183,2456,69,1,4411.66
5184,2456,24,1,14367.86
5185,2456,52,1,14086.4
5186,2457,22,3,11582.88
5187,2457,55,1,36104.75
5188,2457,11,1,14148.94
5189,2457,58,1,8934.87
5190,2458,24,1,15858.34
5191,2458,22,1,11537.83
5192,2458,30,3,26802.19
5193,2459,88,1,3744.64
5194,2459,55,1,37918.85
5195,2460,86,2,29046.04
5196,2460,63,1,10448.32
5197,2460,89,2,2357.16
5198,2461,59,4,6107.14
5199,2461,1,1,9785.26
5200,2461,33,4,11340.7
5201,2462,59,1,6697.97
5202,2462,27,3,12514.34
5203,2462,84,1,17302.46
5204,2463,69,2,4425.68
5205,2464,12,1,13870.12
5206,2464,5,1,86941.79
5207,2464,22,4,11545.25
5208,2465,64,1,10613.14
5209,2466,96,1,21040.82
5210,2466,40,1,29168.1
5211,2466,24,3,14523.05
5212,2466,64,1,10085.31
5213,2467,91,1,14774.45
5214,2467,29,2,5484.62
5215,2467,63,1,10006.48
5216,2468,71,1,10699.23
5217,2469,71,1,10511.32
5218,2470,91,1,13772.8
5219,2470,74,4,18361.82
5220,2470,22,1,10710.9
5221,2471,30,6,27936.01
5222,2471,29,2,5182.23
5223,2472,24,3,14570.86
5224,2473,34,1,12446.43
5225,2474,86,2,28465.63
5226,2474,62,1,14335.82
5227,2474,61,1,19491.13
5228,2474,4,2,9730.19
5229,2474,87,2,14685.05
5230,2475,7,1,11815.55
5231,2475,31,1,13670.39
5232,2476,75,12,44635.2
5233,2477,4,2,9489.67
5234,2477,66,1,17437.73
5235,2477,84,1,16382.46
5236,2478,42,24,11383.36
5237,2479,76,1,8004.6
5238,2479,43,4,12719.28
5239,2480,25,12,92846.6
5240,2480,23,2,11347.76
5241,2481,29,2,5267.74
5242,2481,85,2,75705.86
5243,2481,20,3,5499.65
5244,2482,74,2,18356.71
5245,2482,26,12,17915.04
5246,2483,76,3,7889.14
5247,2484,14,3,7534.52
5248,2484,40,1,29626.96
5249,2485,23,2,11349.75
5250,2486,20,3,5489.65
5251,2487,59,1,6372.06
5252,2487,10,1,41162.28
5253,2487,51,1,9037.74
5254,2488,42,1,11713.42
5255,2489,36,1,18604.52
5256,2490,21,1,8503.38
5257,2490,51,3,8549.69
5258,2491,1,3,9103.36
5259,2491,10,1,40255.41
5260,2491,29,2,5435.3
5261,2491,89,1,2191.03
5262,2491,21,4,8927.17
5263,2492,2,2,6911.87
5264,2492,21,1,8394.52
5265,2492,74,1,18588.97
5266,2493,75,2,48883.33
5267,2494,17,1,25894.11
5268,2494,94,1,26381.76
5269,2494,38,1,4877.65
5270,2494,23,1,10974.38
5271,2495,42,1,11872.04
5272,2495,73,2,6554.87
5273,2495,4,1,10137.09
5274,2496,95,1,66387.19
5275,2496,45,1,107334.27
5276,2497,38,2,4630.3
5277,2497,47,2,13287.48
5278,2497,31,2,15009.38
5279,2498,75,1,44177.93
5280,2498,81,1,10058.42
5281,2499,16,2,10986.69
5282,2499,78,2,6090.92
5283,2499,94,3,28037.94
5284,2500,1,3,9530.02
5285,2500,97,2,7855.89
5286,2501,62,2,14440.5
5287,2502,88,1,3858.15
5288,2502,51,1,9167.95
5289,2503,67,1,24790.52
5290,2504,5,2,95840.28
5291,2504,53,2,15886.37
5292,2505,30,1,28299.42
5293,2505,82,1,16864.78
5294,2506,24,1,15423.57
5295,2507,2,2,6797.31
5296,2507,33,3,11235.06
5297,2508,45,1,107904.9
5298,2508,27,1,12588.32
5299,2509,84,3,16514.78
5300,2509,4,2,9991.12
5301,2510,71,1,10109.0
5302,2510,29,1,5197.02
5303,2511,27,1,12385.37
5304,2511,26,2,19027.46
5305,2512,14,4,7578.92
5306,2512,67,1,24310.15
5307,2513,62,1,15796.35
5308,2513,86,1,30198.21
5309,2514,51,2,9108.25
5310,2515,52,1,15146.1
5311,2515,18,1,12101.36
5312,2515,34,4,11502.83
5313,2516,24,2,15288.6
5314,2516,84,3,15973.92
5315,2517,56,2,10349.95
5316,2517,4,1,9490.85
5317,2517,63,1,9837.03
5318,2517,89,1,2297.17
5319,2517,18,1,11866.75
5320,2518,53,1,15865.69
5321,2519,100,6,27628.62
5322,2519,26,2,19310.09
5323,2519,2,1,7101.39
5324,2520,2,1,7339.54
5325,2520,93,1,5233.35
5326,2520,64,1,9739.88
5327,2521,5,1,87827.44
5328,2521,46,1,19284.59
5329,2522,14,2,7801.02
5330,2522,76,1,7984.74
5331,2522,26,18,18640.86
5332,2523,90,1,14125.91
5333,2523,24,1,14426.59
5334,2523,63,1,9874.31
5335,2523,2,1,6760.8
5336,2524,11,4,13858.51
5337,2525,65,4,77997.69
5338,2526,26,2,18990.8
5339,2526,68,1,13158.2
5340,2527,31,1,13422.54
5341,2527,92,1,9302.21
5342,2528,29,1,5220.44
5343,2528,13,1,5702.79
5344,2528,67,1,25504.23
5345,2528,63,1,10049.99
5346,2528,34,1,11388.42
5347,2529,25,1,86622.71
5348,2530,14,4,7744.18
5349,2531,15,1,65123.3
5350,2532,36,1,18823.19
5351,2532,63,1,10782.33
5352,2532,32,1,7869.19
5353,2533,14,2,7913.92
5354,2533,18,1,11750.54
5355,2534,95,1,63556.43
5356,2534,18,2,11867.39
5357,2535,36,1,19657.18
5358,2536,82,1,16449.01
5359,2537,79,2,4045.65
5360,2537,85,2,68910.84
5361,2537,9,2,6457.58
5362,2538,12,1,14157.62
5363,2539,86,6,28631.47
5364,2540,51,1,9483.45
5365,2540,67,3,25763.23
5366,2540,83,1,11949.66
5367,2541,67,1,25667.81
5368,2542,43,3,12213.23
5369,2543,71,1,10576.91
5370,2543,76,1,8452.2
5371,2543,22,4,11789.6
5372,2543,88,1,3769.89
5373,2543,93,2,5360.26
5374,2544,86,1,27574.29
5375,2544,21,1,8413.69
5376,2545,63,1,9894.39
5377,2546,81,2,10055.33
5378,2546,20,1,4977.94
5379,2546,52,1,14152.55
5380,2547,45,1,107075.41
5381,2547,70,1,30172.4
5382,2547,23,1,11143.38
5383,2547,21,2,8932.01
5384,2548,99,2,8324.28
5385,2548,18,4,10886.52
5386,2549,37,1,13198.22
5387,2549,91,1,13347.92
5388,2550,91,1,13167.93
5389,2550,2,1,7000.74
5390,2550,61,1,19660.29
5391,2551,61,1,18569.45
5392,2551,74,1,17122.67
5393,2551,26,1,18435.65
5394,2552,55,1,34355.35
5395,2552,85,1,73063.01
5396,2552,14,2,7411.26
5397,2553,87,3,15200.88
5398,2554,26,1,19065.33
5399,2554,29,2,5631.63
5400,2554,76,1,8143.67
5401,2555,4,1,10310.99
5402,2556,74,1,17594.75
5403,2557,21,1,8993.75
5404,2557,68,2,13903.17
5405,2558,63,1,10825.33
5406,2559,45,2,113796.48
5407,2559,16,2,11216.75
5408,2560,1,3,9520.23
5409,2560,88,1,3870.66
5410,2561,4,3,10121.78
5411,2561,60,1,8469.21
5412,2562,24,1,14589.38
5413,2563,1,1,9519.52
5414,2563,43,2,12762.58
5415,2564,37,2,12896.27
5416,2564,20,2,5334.78
5417,2565,2,1,7166.64
5418,2565,85,1,76269.47
5419,2566,76,1,8752.22
5420,2567,60,1,8647.13
5421,2568,59,1,6693.11
5422,2569,33,2,11802.38
5423,2570,52,1,14540.36
5424,2570,61,3,19918.07
5425,2571,1,2,9671.48
5426,2572,70,6,29715.57
5427,2572,75,4,46850.73
5428,2573,61,3,20044.08
5429,2573,93,1,5555.25
5430,2573,14,1,7536.22
5431,2574,84,2,16612.94
5432,2574,33,1,12007.81
5433,2575,7,6,12858.98
5434,2576,83,1,11961.41
5435,2577,59,1,6633.03
5436,2578,67,1,26310.9
5437,2578,47,1,14121.13
5438,2579,56,2,11600.34
5439,2580,23,3,10943.53
5440,2581,17,1,28697.64
5441,2581,64,1,10710.98
5442,2582,85,1,74760.78
5443,2582,67,2,26097.11
5444,2583,1,3,8777.13
5445,2583,52,4,14587.45
5446,2583,49,2,5011.0
5447,2584,59,12,6708.77
5448,2584,4,2,9488.6
5449,2584,86,2,27475.21
5450,2585,10,1,38780.38
5451,2585,31,1,14375.92
5452,2585,3,1,8271.29
5453,2586,89,1,2323.27
5454,2587,89,3,2288.02
5455,2587,66,1,17541.12
5456,2587,5,6,93904.32
5457,2588,45,1,106625.94
5458,2589,76,1,8090.98
5459,2589,59,2,6091.74
5460,2590,84,1,16581.4
5461,2590,85,2,68703.61
5462,2591,51,1,9309.67
5463,2591,74,4,18326.29
5464,2591,56,2,10459.35
5465,2591,1,1,9579.05
5466,2591,41,1,21574.2
5467,2592,36,1,20084.25
5468,2592,67,4,24880.85
5469,2593,68,3,13111.31
5470,2594,85,2,71702.18
5471,2594,20,1,5436.06
5472,2595,69,2,4414.13
5473,2596,18,1,11171.17
5474,2596,38,3,4930.09
5475,2597,65,2,78210.06
5476,2597,56,1,11154.26
5477,2597,76,2,8297.28
5478,2597,5,1,95493.23
5479,2598,42,1,10799.27
5480,2599,14,1,7803.02
5481,2600,38,4,4664.41
5482,2600,13,1,5930.56
5483,2601,74,3,18116.77
5484,2602,82,6,15765.55
5485,2603,5,2,94885.86
5486,2603,74,2,17557.86
5487,2604,18,2,11747.13
5488,2604,2,1,7132.29
5489,2604,4,3,9275.99
5490,2605,69,2,4325.6
5491,2605,81,1,11082.55
5492,2605,84,1,16162.17
5493,2606,7,1,12085.2
5494,2607,51,2,8460.9
5495,2607,26,1,18689.96
5496,2608,1,1,9209.32
5497,2609,76,1,8214.09
5498,2610,66,2,18688.11
5499,2611,36,1,19580.12
5500,2611,4,1,9303.42
5501,2612,36,1,18530.65
5502,2613,64,3,10124.76
5503,2613,36,1,18957.58
5504,2613,27,3,13841.42
5505,2614,55,1,36995.18
5506,2614,88,1,3745.86
5507,2615,85,1,70073.95
5508,2615,36,1,20433.54
5509,2616,45,1,108967.55
5510,2617,74,1,17133.89
5511,2617,45,1,114199.36
5512,2617,23,3,11621.91
5513,2617,27,1,12793.65
5514,2618,55,4,37207.27
5515,2618,37,1,14043.54
5516,2619,25,1,91474.53
5517,2619,43,6,12042.35
5518,2619,68,2,13590.07
5519,2619,93,4,5253.35
5520,2620,70,1,29424.69
5521,2620,76,2,8071.35
5522,2621,36,1,19832.35
5523,2622,20,1,5520.22
5524,2622,24,3,15642.1
5525,2622,12,2,14124.46
5526,2623,5,2,90766.85
5527,2623,24,6,14837.77
5528,2624,62,1,15438.43
5529,2625,65,1,85616.98
5530,2625,70,1,32454.62
5531,2626,79,1,3963.7
5532,2627,22,2,11236.56
5533,2627,76,2,8517.94
5534,2628,26,3,18311.39
5535,2629,46,2,18894.54
5536,2629,42,1,11605.48
5537,2630,90,1,14958.37
5538,2631,48,1,7224.72
5539,2631,36,1,18474.9
5540,2632,4,4,9298.98
5541,2632,72,3,11925.04
5542,2633,49,2,4892.1
5543,2633,29,1,5490.35
5544,2633,81,3,11065.33
5545,2634,69,3,4329.64
5546,2635,58,12,9456.84
5547,2636,55,2,34871.91
5548,2636,81,4,10830.33
5549,2637,35,6,92113.77
5550,2637,87,2,14822.66
5551,2637,81,1,11038.02
5552,2638,55,1,35973.62
5553,2638,6,2,40199.86
5554,2639,54,1,27038.16
5555,2640,26,2,18004.38
5556,2640,79,2,4261.31
5557,2641,88,1,3775.1
5558,2642,82,3,15380.57
5559,2642,16,1,11312.2
5560,2643,37,1,12608.6
5561,2644,91,1,13394.11
5562,2644,22,1,11079.88
5563,2645,94,1,26344.18
5564,2646,62,1,15787.1
5565,2646,22,1,11883.84
5566,2646,88,1,3629.4
5567,2647,24,1,14394.13
5568,2647,29,1,5352.33
5569,2648,92,2,9498.78
5570,2648,54,1,27492.55
5571,2649,50,2,36470.28
5572,2650,42,3,10860.03
5573,2650,2,2,6888.89
5574,2650,67,1,24744.62
5575,2651,54,1,27595.79
5576,2651,91,2,13289.04
5577,2651,66,2,17356.12
5578,2651,83,1,11641.33
5579,2652,95,3,62608.79
5580,2653,7,1,12491.61
5581,2654,38,1,4932.01
5582,2654,92,1,9269.79
5583,2654,36,1,18367.67
5584,2655,1,1,9731.06
5585,2655,7,1,12913.56
5586,2655,12,2,14602.83
5587,2656,48,1,6889.13
5588,2656,81,1,10760.58
5589,2657,100,1,30255.76
5590,2657,80,2,11915.73
5591,2658,22,1,10755.78
5592,2658,59,2,6553.75
5593,2659,29,1,5422.36
5594,2660,34,1,11218.29
5595,2660,74,1,18218.02
5596,2660,7,2,12666.06
5597,2660,22,2,11379.31
5598,2661,75,1,45659.82
5599,2662,22,1,10641.24
5600,2662,12,1,14683.31
5601,2663,10,2,41773.48
5602,2664,94,2,25958.6
5603,2664,61,12,18590.5
5604,2664,68,2,13903.42
5605,2665,47,2,12938.35
5606,2665,12,1,13671.4
5607,2665,71,1,9775.38
5608,2666,24,3,16009.56
5609,2667,38,1,4725.3
5610,2667,75,3,49528.89
5611,2667,46,1,18258.35
5612,2667,83,3,11440.17
5613,2668,86,2,27977.69
5614,2668,4,2,9663.32
5615,2668,76,4,8573.46
5616,2668,2,2,6656.41
5617,2668,23,1,11322.15
5618,2669,37,6,13380.53
5619,2669,23,1,11416.33
5620,2670,67,1,25647.61
5621,2671,14,2,8073.49
5622,2672,7,1,13138.61
5623,2672,56,2,10338.03
5624,2672,26,1,18274.66
5625,2673,73,1,6804.48
5626,2673,27,1,13741.66
5627,2674,30,1,28502.6
5628,2675,33,1,11064.58
5629,2675,22,1,10884.14
5630,2675,83,1,12060.4
5631,2676,73,18,6889.6
5632,2677,100,1,27866.76
5633,2677,48,1,7243.58
5634,2678,29,2,5131.61
5635,2678,49,2,4967.87
5636,2679,11,6,12984.99
5637,2679,24,1,14532.94
5638,2680,87,1,14553.33
5639,2681,50,2,33795.33
5640,2681,67,2,24212.14
5641,2681,20,3,5327.0
5642,2681,21,2,9160.22
5643,2682,29,1,5523.73
5644,2682,90,2,14226.43
5645,2682,26,1,18372.93
5646,2683,5,1,95827.49
5647,2683,62,1,15971.9
5648,2684,26,1,18501.72
5649,2684,83,1,11402.18
5650,2684,88,2,3637.64
5651,2685,78,3,6303.91
5652,2686,38,1,4830.25
5653,2686,25,1,95290.83
5654,2687,41,1,21593.89
5655,2687,86,1,29683.02
5656,2688,54,2,27910.53
5657,2688,14,1,7900.53
5658,2689,3,1,8564.48
5659,2689,97,1,8016.8
5660,2689,69,1,4555.1
5661,2689,79,2,3844.34
5662,2690,26,1,19099.15
5663,2690,55,3,35982.15
5664,2691,26,1,17969.2
5665,2691,69,2,4747.53
5666,2691,2,1,7097.07
5667,2692,81,3,10924.36
5668,2692,99,1,7667.29
5669,2692,58,1,8649.3
5670,2693,71,2,10741.46
5671,2694,40,1,27414.73
5672,2695,71,3,9626.07
5673,2696,14,1,7251.83
5674,2697,29,1,5463.05
5675,2697,86,1,28438.82
5676,2698,67,1,25423.78
5677,2699,74,1,18621.26
5678,2700,94,1,25650.23
5679,2700,62,2,15169.87
5680,2700,88,1,3868.26
5681,2700,36,3,19729.47
5682,2701,81,1,10848.92
5683,2701,25,1,96345.37
5684,2702,86,2,29568.92
5685,2702,4,3,9345.93
5686,2703,84,1,16363.78
5687,2703,41,4,22637.8
5688,2704,59,1,6250.09
5689,2705,38,1,4998.99
5690,2705,24,1,15428.69
5691,2706,29,1,5258.22
5692,2706,88,1,3598.77
5693,2707,87,3,14604.37
5694,2707,42,2,10811.74
5695,2708,5,1,94118.89
5696,2708,91,2,14726.54
5697,2709,89,1,2184.34
5698,2710,97,12,7772.62
5699,2711,51,1,9410.35
5700,2712,22,2,10946.02
5701,2712,38,1,4768.11
5702,2713,38,1,4824.73
5703,2714,100,1,27387.82
5704,2715,30,1,26436.64
5705,2716,74,3,18142.59
5706,2717,74,6,17131.72
5707,2717,84,2,15800.65
5708,2717,1,1,9462.39
5709,2717,59,2,5978.97
5710,2718,22,2,11143.22
5711,2718,20,1,5181.6
5712,2719,42,1,10919.25
5713,2719,33,4,11378.38
5714,2719,10,2,42851.27
5715,2720,51,1,8595.13
5716,2720,12,1,14190.7
5717,2720,4,1,10091.52
5718,2721,52,1,13866.24
5719,2721,12,2,13634.34
5720,2722,85,1,72184.23
5721,2722,61,1,18721.21
5722,2723,46,2,18364.19
5723,2723,35,1,91177.81
5724,2724,82,2,17068.81
5725,2725,60,1,8308.07
5726,2725,30,2,26073.98
5727,2726,5,2,92507.1
5728,2726,32,1,7332.19
5729,2727,21,1,8968.04
5730,2727,38,1,5028.58
5731,2727,46,1,18412.65
5732,2727,67,1,23895.28
5733,2728,84,1,16259.85
5734,2729,65,1,81586.37
5735,2730,26,1,18112.06
5736,2731,100,1,30121.28
5737,2731,62,2,15801.76
5738,2731,55,1,35332.52
5739,2732,1,1,9438.73
5740,2732,53,1,16129.59
5741,2733,63,1,9929.06
5742,2733,2,1,6785.23
5743,2734,60,1,8198.83
5744,2734,92,1,9297.73
5745,2735,74,1,17571.62
5746,2736,50,2,36904.36
5747,2736,81,1,11207.55
5748,2737,21,3,9182.71
5749,2738,23,2,11818.6
5750,2738,59,1,6033.35
5751,2738,21,1,8477.29
5752,2738,76,2,8871.79
5753,2739,75,4,45274.18
5754,2740,29,1,5202.76
5755,2740,34,2,11843.33
5756,2740,51,3,9151.67
5757,2741,74,6,18555.81
5758,2742,4,2,10415.11
5759,2743,36,1,20354.89
5760,2743,71,1,10307.96
5761,2743,2,3,6740.93
5762,2743,76,1,8616.75
5763,2744,81,2,10732.31
5764,2744,45,12,105314.48
5765,2745,67,1,24225.52
5766,2745,4,2,9492.53
5767,2746,31,1,14338.97
5768,2746,3,1,8783.26
5769,2747,81,3,10418.31
5770,2747,42,1,10643.82
5771,2748,62,1,15936.63
5772,2749,61,2,20183.6
5773,2749,17,2,28601.16
5774,2749,11,1,13305.61
5775,2750,84,24,16489.21
5776,2750,67,2,24972.15
5777,2751,66,3,17537.01
5778,2751,4,1,9788.34
5779,2751,71,1,10273.45
5780,2752,74,1,16801.6
5781,2752,3,1,8356.67
5782,2752,59,1,6552.76
5783,2752,83,3,10923.25
5784,2753,26,1,19322.98
5785,2753,24,1,15419.95
5786,2753,34,3,11281.34
5787,2754,93,1,5236.63
5788,2754,14,3,7205.93
5789,2754,31,2,14836.2
5790,2754,91,2,14701.08
5791,2755,49,2,5045.03
5792,2755,61,2,19122.91
5793,2755,62,3,15618.57
5794,2756,97,2,8084.77
5795,2756,93,1,5309.98
5796,2757,84,1,17812.91
5797,2757,91,1,13613.6
5798,2757,94,2,26332.85
5799,2758,17,1,26280.53
5800,2758,61,1,19455.48
5801,2759,22,1,10847.43
5802,2759,76,1,8186.17
5803,2759,83,2,11858.38
5804,2760,20,1,4970.24
5805,2760,22,1,10522.72
5806,2760,41,1,21057.79
5807,2761,37,1,13912.95
5808,2762,32,1,7691.7
5809,2762,7,1,12374.3
5810,2762,56,1,11621.27
5811,2762,45,1,109666.29
5812,2762,73,1,6762.02
5813,2763,12,1,14989.41
5814,2764,30,1,29078.54
5815,2765,27,1,13323.49
5816,2765,76,3,7942.11
5817,2765,96,4,22038.93
5818,2766,5,1,89569.69
5819,2766,18,1,11213.38
5820,2766,46,2,19331.39
5821,2766,12,1,13732.04
5822,2767,21,1,8468.83
5823,2767,94,6,27325.57
5824,2767,4,2,9721.87
5825,2767,55,1,34272.02
5826,2768,90,1,14186.05
5827,2769,62,2,14610.23
5828,2769,42,1,11708.75
5829,2769,23,1,11402.96
5830,2769,49,2,4819.48
5831,2770,26,2,19088.48
5832,2770,2,1,6815.99
5833,2770,57,6,29658.87
5834,2770,34,1,11409.46
5835,2771,17,4,26033.17
5836,2771,96,1,21677.32
5837,2771,90,2,14259.25
5838,2771,14,2,7820.07
5839,2772,18,1,11675.93
5840,2772,56,1,10383.06
5841,2773,56,1,10670.08
5842,2773,62,3,14280.74
5843,2774,46,1,18815.59
5844,2774,21,2,8834.38
5845,2775,97,2,8012.04
5846,2776,46,3,19866.26
5847,2777,85,1,74372.11
5848,2778,74,2,17478.02
5849,2778,34,1,12107.97
5850,2778,85,1,74407.25
5851,2779,22,1,10937.27
5852,2779,51,2,8649.67
5853,2780,29,1,5396.91
5854,2781,90,1,13785.09
5855,2781,45,1,104744.4
5856,2782,14,1,7712.03
5857,2783,30,2,27569.24
5858,2783,31,1,14625.11
5859,2784,59,1,6689.38
5860,2784,66,1,18960.49
5861,2785,52,1,14877.04
5862,2785,42,1,11840.84
5863,2785,22,4,11076.4
5864,2786,59,2,5991.35
5865,2787,34,2,11593.69
5866,2788,35,6,88335.82
5867,2788,15,1,62069.83
5868,2789,45,3,104038.98
5869,2790,42,2,11613.44
5870,2790,65,1,82797.99
5871,2790,20,2,5305.81
5872,2791,38,1,5035.13
5873,2791,58,2,8838.13
5874,2792,70,1,30281.79
5875,2793,54,1,26896.25
5876,2794,38,1,4694.92
5877,2795,29,1,5306.04
5878,2796,90,6,14820.52
5879,2796,89,2,2115.98
5880,2796,62,1,16031.54
5881,2797,51,1,8916.87
5882,2797,14,1,7521.03
5883,2798,95,1,63495.08
5884,2798,94,2,27518.26
5885,2798,54,24,25693.58
5886,2799,14,1,7927.64
5887,2799,25,4,96533.07
5888,2799,12,2,14892.51
5889,2800,34,1,11436.38
5890,2800,72,3,12292.53
5891,2801,14,1,7200.43
5892,2802,94,1,27999.74
5893,2802,29,1,5226.05
5894,2803,69,1,4785.31
5895,2803,71,1,10286.72
5896,2803,76,2,8598.21
5897,2804,29,1,5462.92
5898,2804,91,1,14164.16
5899,2805,54,1,28124.5
5900,2805,34,4,11408.01
5901,2806,56,4,10772.82
5902,2806,31,1,14320.36
5903,2806,61,3,20333.66
5904,2807,29,1,5550.16
5905,2807,100,1,28967.88
5906,2807,75,2,44323.0
5907,2808,73,1,6168.17
5908,2809,71,1,10060.58
5909,2810,38,1,5051.67
5910,2811,61,1,19775.79
5911,2811,95,4,66621.11
5912,2812,90,1,13898.91
5913,2812,17,1,28857.97
5914,2812,36,3,18295.44
5915,2812,76,4,8221.09
5916,2813,81,1,10210.29
5917,2813,26,2,19801.03
5918,2814,69,3,4379.58
5919,2815,64,6,10620.02
5920,2815,54,2,27151.69
5921,2816,20,2,5367.74
5922,2816,29,2,5518.68
5923,2816,53,1,15041.93
5924,2816,95,1,65759.19
5925,2816,90,1,13990.49
5926,2817,39,1,7565.25
5927,2817,14,2,8056.18
5928,2818,90,6,15441.04
5929,2818,4,1,10244.45
5930,2819,16,3,10807.38
5931,2820,62,2,15329.77
5932,2821,58,1,9090.4
5933,2822,83,1,10911.48
5934,2822,36,2,20132.83
5935,2822,100,1,30306.55
5936,2822,31,1,14137.4
5937,2823,76,4,7983.46
5938,2824,89,1,2148.55
5939,2824,4,1,9586.83
5940,2824,30,1,26635.63
5941,2825,59,2,6209.77
5942,2825,5,2,87445.94
5943,2825,4,12,9843.52
5944,2826,7,2,12659.88
5945,2827,97,4,7831.19
5946,2828,24,1,15841.51
5947,2828,4,1,10438.31
5948,2828,1,1,9071.06
5949,2828,92,1,9515.66
5950,2829,29,1,5567.95
5951,2829,81,1,10917.48
5952,2829,92,1,9130.05
5953,2830,2,1,6858.73
5954,2830,100,6,29921.35
5955,2830,26,1,19457.82
5956,2830,14,1,7347.53
5957,2830,29,6,5324.17
5958,2831,93,1,5207.5
5959,2831,4,4,9343.49
5960,2832,5,2,88386.97
5961,2833,55,4,36928.37
5962,2834,7,2,12955.24
5963,2835,34,3,12026.35
5964,2836,52,1,14966.82
5965,2836,12,1,15137.9
5966,2836,84,3,16317.29
5967,2837,37,1,13303.02
5968,2838,38,2,4662.62
5969,2838,4,1,9644.28
5970,2838,92,1,9359.36
5971,2838,74,4,17962.17
5972,2839,32,1,7592.74
5973,2839,51,2,8442.0
5974,2840,75,1,45292.2
5975,2840,67,2,23451.26
5976,2840,57,3,27314.6
5977,2841,36,3,19279.87
5978,2842,72,4,11693.42
5979,2842,51,2,8722.0
5980,2843,38,3,4575.06
5981,2844,5,2,95185.37
5982,2845,9,1,6769.87
5983,2845,4,1,10255.15
5984,2845,60,3,8387.28
5985,2845,27,1,12460.73
5986,2846,73,2,6608.73
5987,2847,66,1,16928.66
5988,2847,1,1,8916.72
5989,2847,89,1,2156.83
5990,2847,74,1,18324.89
5991,2848,45,1,112610.31
5992,2848,89,24,2266.7
5993,2848,36,2,19521.39
5994,2848,34,2,11473.97
5995,2849,68,3,12666.64
5996,2849,55,1,37424.44
5997,2850,5,2,95201.62
5998,2851,23,2,10861.53
5999,2852,52,1,13956.59
6000,2853,22,1,11613.19
6001,2853,82,1,15890.32
6002,2853,73,1,6868.87
6003,2854,90,2,14256.15
6004,2854,30,2,28145.45
6005,2855,2,1,7161.71
6006,2855,24,2,15323.3
6007,2855,87,2,13898.94
6008,2856,95,2,63867.88
6009,2856,44,1,11228.15
6010,2856,26,1,18856.89
6011,2857,21,1,8700.55
6012,2857,83,3,11248.5
6013,2858,69,1,4401.73
6014,2858,85,1,71591.04
6015,2858,58,1,8795.87
6016,2858,81,1,10153.73
6017,2859,87,18,14245.36
6018,2859,88,4,4009.46
6019,2860,17,1,27198.84
6020,2861,2,1,7167.17
6021,2861,52,2,15035.27
6022,2862,91,6,13547.92
6023,2863,36,1,18153.28
6024,2864,91,2,14432.05
6025,2864,83,1,11900.27
6026,2865,78,1,5768.68
6027,2866,48,2,7418.53
6028,2866,71,2,10176.08
6029,2866,35,1,93456.35
6030,2866,37,1,13251.18
6031,2867,26,1,19932.4
6032,2868,69,3,4286.09
6033,2868,51,1,8574.61
6034,2868,2,2,6615.97
6035,2868,80,1,12579.34
6036,2869,14,1,7891.77
6037,2870,4,1,9456.17
6038,2870,23,4,11806.51
6039,2870,76,2,8624.49
6040,2871,59,1,6712.39
6041,2871,4,1,9434.26
6042,2871,34,2,12187.6
6043,2871,88,3,3665.07
6044,2872,70,1,32152.43
6045,2872,61,1,20237.24
6046,2872,75,1,47548.22
6047,2873,86,1,28698.12
6048,2873,48,1,7364.07
6049,2874,90,2,15067.69
6050,2874,76,1,8061.55
6051,2874,94,4,28691.0
6052,2875,22,4,11258.98
6053,2876,61,1,19434.92
6054,2877,36,1,19894.16
6055,2877,53,1,15781.75
6056,2878,8,2,14132.71
6057,2879,54,1,26182.76
6058,2880,69,6,4436.74
6059,2880,97,1,7428.7
6060,2880,93,3,5160.77
6061,2881,65,1,86434.34
6062,2881,71,1,10071.13
6063,2881,46,1,18144.2
6064,2881,14,1,7328.6
6065,2882,66,1,17638.61
6066,2882,90,1,13667.46
6067,2882,2,1,7131.69
6068,2882,81,2,11062.44
6069,2882,14,2,7178.17
6070,2883,75,1,46778.05
6071,2883,76,2,8292.08
6072,2884,38,1,4938.8
6073,2885,38,2,4862.82
6074,2885,27,3,13686.88
6075,2886,86,1,28448.78
6076,2886,34,3,11677.63
6077,2886,35,1,91745.55
6078,2886,24,1,15493.31
6079,2887,19,3,5963.14
6080,2887,91,4,14842.68
6081,2888,24,2,15597.09
6082,2889,81,1,11146.16
6083,2889,66,1,18949.52
6084,2889,76,3,8669.29
6085,2889,85,1,77270.25
6086,2890,74,1,17615.51
6087,2890,70,1,31222.8
6088,2891,36,1,19283.52
6089,2891,34,2,11713.71
6090,2892,66,2,18085.04
6091,2892,1,2,8952.71
6092,2892,71,1,10720.49
6093,2893,87,6,13892.19
6094,2893,55,2,36705.98
6095,2894,4,1,9463.35
6096,2894,69,1,4710.02
6097,2895,93,1,5748.36
6098,2895,24,3,14869.83
6099,2896,4,6,9457.89
6100,2896,14,2,7209.25
6101,2896,86,1,28419.94
6102,2896,84,1,16746.77
6103,2896,5,3,90864.87
6104,2897,96,2,21207.72
6105,2897,26,1,18155.83
6106,2898,72,4,12437.06
6107,2898,76,1,8208.43
6108,2899,53,1,16194.45
6109,2899,65,1,83004.81
6110,2899,34,1,11119.48
6111,2900,71,2,9924.89
6112,2901,1,1,9629.2
6113,2901,2,1,7169.97
6114,2901,92,2,9569.15
6115,2902,70,1,29857.56
6116,2903,37,2,14061.03
6117,2904,38,1,4885.64
6118,2905,69,1,4322.41
6119,2905,29,1,5105.25
6120,2905,55,1,35784.38
6121,2905,81,1,10880.19
6122,2906,84,2,17505.0
6123,2906,90,3,14430.34
6124,2907,55,1,35712.26
6125,2908,61,1,19783.57
6126,2908,20,3,5310.77
6127,2908,54,1,27305.09
6128,2909,84,1,17244.29
6129,2910,92,1,9668.73
6130,2910,75,1,44585.69
6131,2910,3,2,8026.02
6132,2911,94,1,27277.81
6133,2911,67,4,24609.89
6134,2912,64,1,9729.71
6135,2912,70,2,32233.96
6136,2912,76,1,8408.48
6137,2912,52,2,14203.82
6138,2912,100,1,28766.87
6139,2913,15,1,61376.9
6140,2913,96,3,21779.02
6141,2914,55,1,34498.53
6142,2915,31,1,13582.33
6143,2916,27,1,13000.01
6144,2916,17,12,26167.7
6145,2916,2,1,6618.42
6146,2916,81,2,10278.81
6147,2916,100,2,29182.87
6148,2917,42,3,11519.38
6149,2917,77,1,14807.38
6150,2917,4,2,9946.26
6151,2917,65,1,80166.45
6152,2918,73,3,6623.87
6153,2919,62,1,16051.84
6154,2919,52,4,14767.56
6155,2919,95,1,67577.91
6156,2919,81,1,10590.89
6157,2920,29,1,5637.96
6158,2921,41,3,22445.25
6159,2921,54,1,26142.33
6160,2922,59,1,6707.97
6161,2923,14,2,8034.21
6162,2923,43,2,13179.19
6163,2924,94,1,26267.91
6164,2924,18,1,11844.49
6165,2924,46,1,18490.89
6166,2925,85,1,75490.7
6167,2925,34,1,11141.92
6168,2926,99,1,7772.51
6169,2927,67,2,23996.49
6170,2928,52,1,13876.46
6171,2928,45,1,107012.1
6172,2929,4,1,10467.04
6173,2929,22,1,11453.26
6174,2929,61,1,20355.81
6175,2929,40,1,27382.01
6176,2930,84,4,17020.45
6177,2930,94,2,27186.46
6178,2930,4,1,10318.22
6179,2931,21,3,8929.58
6180,2931,75,1,48965.55
6181,2932,54,1,27271.55
6182,2932,26,2,19628.38
6183,2932,82,4,15489.72
6184,2933,26,2,20107.91
6185,2934,29,1,5539.27
6186,2934,85,3,70111.61
6187,2935,17,1,27331.05
6188,2936,92,2,8934.25
6189,2936,90,1,14102.89
6190,2936,62,1,14603.87
6191,2937,22,1,11361.98
6192,2937,26,2,18337.87
6193,2937,94,2,26479.05
6194,2938,52,1,15120.04
6195,2938,34,3,12207.2
6196,2938,38,1,4615.51
6197,2939,77,1,15998.68
6198,2939,69,1,4550.32
6199,2940,88,1,3709.83
6200,2940,76,1,8094.25
6201,2940,95,1,60432.19
6202,2940,100,1,29134.57
6203,2941,70,1,32050.55
6204,2942,3,1,8452.75
6205,2942,86,1,27219.85
6206,2943,3,1,8101.95
6207,2944,54,1,25707.85
6208,2944,62,2,14972.05
6209,2945,29,1,5073.94
6210,2946,51,1,8908.77
6211,2947,85,1,72447.43
6212,2947,94,1,25616.44
6213,2947,74,2,17511.69
6214,2948,49,1,4754.8
6215,2949,40,1,27969.16
6216,2949,74,1,17163.89
6217,2950,65,2,77974.93
6218,2950,86,2,27763.86
6219,2950,2,1,6956.28
6220,2950,73,1,6184.03
6221,2950,84,2,17548.96
6222,2951,49,1,4750.07
6223,2951,74,18,17042.43
6224,2951,90,1,15274.65
6225,2951,2,1,6571.21
6226,2952,84,2,16400.74
6227,2952,2,1,6721.86
6228,2953,26,3,19339.47
6229,2953,55,1,37612.75
6230,2954,51,1,8539.89
6231,2954,46,1,19969.43
6232,2954,26,2,18079.3
6233,2954,29,1,5596.6
6234,2955,16,1,11803.73
6235,2955,91,2,13379.2
6236,2955,93,1,5368.55
6237,2956,22,1,11426.86
6238,2956,26,3,18067.05
6239,2956,24,2,14550.18
6240,2957,71,1,10499.08
6241,2957,51,1,8748.43
6242,2958,74,2,17163.16
6243,2959,77,1,15173.09
6244,2959,51,2,8957.27
6245,2960,11,1,13445.53
6246,2961,31,1,14837.0
6247,2961,63,2,9892.02
6248,2961,22,3,10755.66
6249,2961,52,1,15308.22
6250,2962,95,1,64897.73
6251,2963,22,2,10617.97
6252,2963,31,2,14296.02
6253,2964,27,1,12786.61
6254,2965,92,2,8729.07
6255,2966,55,3,34430.42
6256,2967,36,1,19513.01
6257,2967,46,18,18582.01
6258,2968,93,1,5501.36
6259,2968,43,2,12696.25
6260,2968,4,2,9741.77
6261,2968,69,2,4597.94
6262,2969,24,1,15101.14
6263,2970,76,1,8835.28
6264,2970,5,2,96022.44
6265,2970,66,2,16961.48
6266,2970,51,1,8956.05
6267,2971,7,1,12635.54
6268,2971,27,2,12924.63
6269,2972,37,1,13471.0
6270,2972,12,2,15267.86
6271,2972,47,2,13513.45
6272,2973,71,6,10548.83
6273,2974,39,1,7253.57
6274,2974,70,2,32949.33
6275,2974,21,1,8776.53
6276,2974,34,1,11267.57
6277,2975,34,1,11941.63
6278,2975,22,1,10662.98
6279,2975,51,1,8568.35
6280,2976,45,2,114689.74
6281,2976,81,1,10982.77
6282,2977,22,3,10793.91
6283,2978,95,1,60726.9
6284,2979,88,2,3820.65
6285,2979,61,1,19016.6
6286,2980,81,2,10585.22
6287,2980,68,1,13776.7
6288,2980,3,1,7914.58
6289,2981,38,3,4529.88
6290,2982,62,2,14545.77
6291,2983,88,1,3991.63
6292,2984,72,3,12225.2
6293,2984,4,2,10177.4
6294,2985,47,1,12751.88
6295,2986,42,1,11603.61
6296,2986,45,1,104877.86
6297,2987,5,1,88433.68
6298,2987,75,2,47760.71
6299,2988,8,1,12574.78
6300,2988,65,1,79669.84
6301,2989,2,1,7036.78
6302,2990,85,1,69345.94
6303,2990,55,1,37117.79
6304,2990,30,1,25904.39
6305,2991,24,2,14604.75
6306,2991,74,1,17043.83
6307,2992,43,1,12651.82
6308,2992,22,2,10970.36
6309,2993,12,1,14458.73
6310,2993,23,1,11243.52
6311,2993,76,1,8008.63
6312,2994,37,1,12570.57
6313,2995,76,1,7950.73
6314,2995,94,2,28562.28
6315,2995,16,2,10932.52
6316,2995,93,2,5247.33
6317,2996,76,1,8193.18
6318,2997,93,3,5775.5
6319,2997,88,1,3615.24
6320,2997,61,1,19821.03
6321,2998,63,1,10430.29
6322,2998,26,1,18433.02
6323,2998,27,1,13407.52
6324,2999,67,3,26394.38
6325,3000,63,1,10201.68
6326,3001,86,1,27893.87
6327,3001,32,1,7989.94
6328,3002,26,2,18537.57
6329,3002,19,3,5510.77
6330,3002,87,1,15325.4
6331,3002,63,1,10153.37
6332,3002,70,1,32588.14
6333,3003,59,1,6128.92
6334,3004,3,1,8498.91
6335,3004,1,2,9813.5
6336,3004,29,1,5544.03
6337,3005,83,1,11816.82
6338,3005,51,2,8642.85
6339,3006,68,1,13749.76
6340,3007,92,2,9250.64
6341,3007,36,3,18628.78
6342,3008,51,1,9439.44
6343,3008,81,1,11006.34
6344,3009,14,1,7416.29
6345,3009,43,1,12253.82
6346,3010,2,12,7279.85
6347,3010,90,1,15208.06
6348,3011,23,1,11456.66
6349,3011,56,1,11339.35
6350,3011,46,1,19017.55
6351,3011,51,2,9323.58
6352,3012,16,3,10766.46
6353,3012,95,1,61509.1
6354,3013,81,6,10042.61
6355,3013,14,3,8106.92
6356,3013,83,2,11418.82
6357,3014,71,2,9843.51
6358,3014,84,1,17016.55
6359,3014,29,1,5485.16
6360,3014,72,24,12489.81
6361,3015,55,3,34349.77
6362,3016,81,1,10742.06
6363,3017,55,1,36891.78
6364,3018,86,2,27713.89
6365,3018,84,1,16299.38
6366,3019,2,2,6582.2
6367,3019,84,1,16759.74
6368,3020,34,2,11642.95
6369,3020,42,2,11764.25
6370,3020,71,1,9676.66
6371,3021,47,2,12750.18
6372,3021,80,1,12955.08
6373,3021,3,1,7952.37
6374,3022,27,2,13087.86
6375,3022,89,2,2220.61
6376,3022,31,4,13751.13
6377,3023,21,2,8444.02
6378,3023,32,1,7929.04
6379,3023,26,2,19441.96
6380,3024,37,2,13874.77
6381,3024,75,2,48354.53
6382,3025,81,3,11121.54
6383,3026,34,1,12303.25
6384,3026,1,1,9142.52
6385,3027,85,1,72902.08
6386,3027,2,1,7296.27
6387,3028,14,2,7945.74
6388,3028,70,1,32225.93
6389,3029,92,3,9131.86
6390,3029,67,1,24830.09
6391,3029,29,1,5229.08
6392,3030,24,2,15986.71
6393,3030,14,2,7734.65
6394,3030,38,3,4882.91
6395,3030,37,1,13137.72
6396,3031,70,2,32225.04
6397,3031,29,1,5561.46
6398,3031,33,1,11066.51
6399,3032,14,1,7602.94
6400,3032,18,1,11359.99
6401,3033,52,2,14618.62
6402,3034,96,2,20248.06
6403,3035,32,1,7933.35
6404,3035,76,1,8239.56
6405,3035,61,1,20179.49
6406,3035,62,2,14805.58
6407,3036,71,3,9976.99
6408,3036,96,1,20935.04
6409,3036,18,2,11012.14
6410,3036,94,1,25887.39
6411,3037,36,4,19824.56
6412,3037,7,6,13124.4
6413,3038,11,1,13031.96
6414,3038,29,1,5029.21
6415,3038,58,2,8592.1
6416,3039,12,1,14697.86
6417,3039,45,1,110003.75
6418,3039,34,3,11857.4
6419,3039,88,6,3842.92
6420,3040,7,1,12610.36
6421,3040,76,2,8366.96
6422,3040,51,1,9537.53
6423,3041,29,1,5164.18
6424,3041,49,4,5032.64
6425,3042,34,1,11333.82
6426,3043,81,1,10081.92
6427,3043,1,1,9156.31
6428,3044,63,3,10718.54
6429,3045,22,2,11548.32
6430,3045,38,1,4629.63
6431,3046,64,4,10351.75
6432,3046,86,12,28852.12
6433,3047,29,2,5447.01
6434,3047,36,12,19972.54
6435,3047,88,3,3683.62
6436,3047,91,1,13605.42
6437,3048,67,1,25731.98
6438,3048,36,4,19145.17
6439,3048,26,1,18135.07
6440,3049,35,2,83881.49
6441,3049,46,1,19413.29
6442,3050,38,1,4924.72
6443,3050,2,1,7325.1
6444,3051,14,3,7553.11
6445,3051,86,1,28154.89
6446,3051,29,3,5297.17
6447,3052,72,2,12303.56
6448,3052,84,2,17090.5
6449,3052,38,1,4866.68
6450,3053,78,2,5895.87
6451,3054,27,2,13650.58
6452,3054,54,3,27378.05
6453,3055,91,3,14580.38
6454,3056,36,4,20273.28
6455,3056,14,1,7896.27
6456,3057,14,2,7381.35
6457,3057,76,1,8382.0
6458,3057,59,1,6471.23
6459,3057,83,1,12041.84
6460,3058,93,1,5614.86
6461,3058,14,1,7970.06
6462,3058,74,1,18000.6
6463,3059,82,2,16936.9
6464,3060,96,1,20947.91
6465,3061,12,1,13775.43
6466,3061,42,1,11424.52
6467,3061,90,3,13773.48
6468,3062,34,2,12228.17
6469,3063,74,1,18520.33
6470,3064,78,1,5999.81
6471,3064,55,1,36088.15
6472,3065,4,1,9931.84
6473,3065,5,1,96004.97
6474,3066,96,1,21439.94
6475,3066,51,3,8554.09
6476,3066,94,1,28515.71
6477,3067,23,1,11056.23
6478,3067,95,1,66101.17
6479,3067,34,2,11315.0
6480,3068,26,1,19451.73
6481,3068,76,3,8537.14
6482,3068,41,1,21105.6
6483,3069,8,1,13591.85
6484,3069,87,1,14914.51
6485,3069,54,2,25804.46
6486,3069,61,1,19584.87
6487,3070,55,3,35241.87
6488,3070,83,1,11608.93
6489,3070,59,3,6469.18
6490,3070,47,12,14068.58
6491,3071,55,1,36399.99
6492,3071,14,24,7344.84
6493,3072,18,1,12175.32
6494,3072,3,6,8403.5
6495,3072,67,1,25998.9
6496,3073,17,1,26126.69
6497,3073,97,1,7591.99
6498,3074,51,12,8582.39
6499,3074,74,1,16817.79
6500,3075,71,1,10510.22
6501,3076,64,1,10037.49
6502,3076,11,3,13174.99
6503,3077,37,1,13461.19
6504,3078,80,3,11951.1
6505,3078,4,3,9887.45
6506,3079,54,1,27924.63
6507,3079,18,4,11096.34
6508,3079,15,2,62057.8
6509,3080,7,3,12564.58
6510,3080,61,1,18500.47
6511,3080,24,2,15142.14
6512,3081,4,1,9842.35
6513,3081,92,1,9147.89
6514,3082,99,1,8108.88
6515,3083,82,1,16775.5
6516,3084,26,1,18851.53
6517,3084,71,1,9843.14
6518,3085,70,4,31925.96
6519,3085,55,3,36016.43
6520,3086,24,1,14501.79
6521,3087,41,1,22590.53
6522,3087,31,1,14573.01
6523,3088,90,6,15189.75
6524,3088,84,2,17538.51
6525,3088,14,1,7937.33
6526,3088,89,2,2246.92
6527,3089,26,1,20082.24
6528,3090,5,1,89593.2
6529,3090,85,1,71357.18
6530,3091,29,1,5264.63
6531,3091,66,2,16873.52
6532,3092,51,1,9038.4
6533,3092,65,2,79628.78
6534,3092,10,1,42498.07
6535,3093,4,1,9898.8
6536,3093,14,1,7570.77
6537,3094,52,2,13868.55
6538,3094,91,2,13805.1
6539,3094,25,1,95914.08
6540,3095,37,1,13573.68
6541,3096,46,2,19979.7
6542,3097,61,1,18812.44
6543,3098,5,2,94071.96
6544,3099,72,1,12164.52
6545,3100,84,1,17312.84
6546,3101,42,1,11888.13
6547,3102,74,1,18293.13
6548,3103,54,1,27677.46
6549,3104,94,3,27612.89
6550,3104,100,1,29801.02
6551,3105,37,1,13877.0
6552,3105,23,2,11173.71
6553,3106,38,2,4702.13
6554,3107,14,1,7647.35
6555,3108,45,3,113662.8
6556,3109,59,1,6404.25
6557,3109,71,2,10160.1
6558,3109,20,2,5147.9
6559,3109,55,1,35905.03
6560,3110,4,1,9899.67
6561,3111,74,1,17733.95
6562,3112,92,1,8965.72
6563,3113,23,1,11534.36
6564,3113,26,1,19580.67
6565,3114,82,1,16244.32
6566,3114,65,2,83825.67
6567,3114,76,6,7867.78
6568,3115,20,1,5010.93
6569,3116,85,2,70478.49
6570,3117,29,1,5054.09
6571,3118,76,1,8279.84
6572,3118,67,3,24318.92
6573,3119,59,2,6437.42
6574,3120,74,4,16909.64
6575,3120,94,4,28248.3
6576,3121,76,1,8638.95
6577,3121,10,1,40322.33
6578,3121,72,1,11897.52
6579,3122,53,1,15616.44
6580,3122,1,1,9738.18
6581,3122,89,2,2321.52
6582,3123,24,2,15394.67
6583,3124,46,1,18383.33
6584,3125,89,12,2300.76
6585,3125,96,2,21509.3
6586,3126,3,1,8610.31
6587,3126,94,3,26836.41
6588,3126,75,1,44331.67
6589,3127,29,1,5615.34
6590,3127,38,1,4667.09
6591,3128,96,1,21991.0
6592,3128,91,4,13670.76
6593,3128,34,1,11544.99
6594,3128,29,3,5241.12
6595,3128,85,2,75314.23
6596,3129,1,1,9437.89
6597,3130,3,4,7880.58
6598,3130,61,1,18453.72
6599,3130,18,2,11799.48
6600,3130,73,4,6766.18
6601,3131,93,1,5496.89
6602,3131,80,4,11849.34
6603,3131,49,1,5113.14
6604,3132,59,2,6181.58
6605,3133,36,1,19574.8
6606,3133,91,1,14674.85
6607,3134,97,2,8058.13
6608,3135,8,4,14132.22
6609,3135,4,2,9817.89
6610,3135,7,1,12573.1
6611,3135,55,2,36872.52
6612,3136,2,1,6700.98
6613,3136,36,2,19065.27
6614,3136,69,1,4321.71
6615,3137,85,1,73811.17
6616,3137,68,2,13753.78
6617,3138,76,1,8298.69
6618,3138,51,1,8646.26
6619,3139,95,1,63699.63
6620,3139,89,2,2347.41
6621,3139,76,1,7920.33
6622,3140,89,2,2298.31
6623,3140,33,2,11026.53
6624,3141,10,1,43341.3
6625,3141,26,1,19467.92
6626,3142,51,3,8942.9
6627,3143,55,1,37784.74
6628,3144,70,4,31570.08
6629,3144,1,1,9125.77
6630,3145,16,1,12004.5
6631,3145,31,2,13862.05
6632,3145,83,1,11692.92
6633,3146,7,1,12035.75
6634,3146,70,2,30156.61
6635,3146,74,4,16938.09
6636,3147,32,4,7904.26
6637,3148,71,1,10084.63
6638,3148,82,1,15688.59
6639,3149,2,1,7046.93
6640,3150,2,1,6629.1
6641,3151,48,1,7019.37
6642,3152,2,1,6609.11
6643,3153,2,1,6709.93
6644,3154,4,1,9487.45
6645,3154,74,4,18477.49
6646,3154,21,2,8542.74
6647,3154,2,2,7120.03
6648,3155,91,1,13860.94
6649,3155,34,1,11656.42
6650,3155,51,1,8468.38
6651,3155,36,6,18179.01
6652,3156,29,2,5085.51
6653,3156,52,1,14165.96
6654,3157,74,1,17368.94
6655,3158,16,1,11881.29
6656,3158,14,1,8043.08
6657,3159,92,3,9360.01
6658,3160,56,3,11168.18
6659,3160,27,1,13373.66
6660,3160,67,18,23549.13
6661,3161,7,4,12559.68
6662,3161,52,2,13987.36
6663,3162,13,2,5887.0
6664,3162,23,1,10687.35
6665,3163,14,1,7509.54
6666,3164,95,1,67325.13
6667,3165,5,2,95214.85
6668,3165,51,1,8703.35
6669,3165,14,1,7776.64
6670,3166,80,2,11854.02
6671,3167,87,1,14284.79
6672,3168,7,2,12841.31
6673,3168,55,2,34411.02
6674,3168,18,2,11133.28
6675,3169,61,1,18783.11
6676,3170,69,12,4633.83
6677,3171,17,2,27527.98
6678,3172,55,2,35346.81
6679,3172,66,3,17049.75
6680,3173,26,1,18893.05
6681,3174,67,2,25769.95
6682,3174,29,1,5503.0
6683,3174,73,1,6187.57
6684,3175,54,2,25944.11
6685,3176,55,1,37462.48
6686,3176,86,1,27954.07
6687,3176,65,2,84951.01
6688,3176,34,1,11981.59
6689,3177,46,6,18118.96
6690,3177,67,1,23697.42
6691,3177,4,3,9275.27
6692,3178,85,18,73292.16
6693,3178,12,2,14346.68
6694,3178,76,1,7880.94
6695,3178,4,12,10239.97
6696,3179,69,2,4380.94
6697,3179,61,2,18778.31
6698,3180,11,1,13013.62
6699,3181,38,2,4974.38
6700,3181,74,1,17348.32
6701,3182,36,1,18195.25
6702,3182,34,3,12240.61
6703,3182,14,18,7897.16
6704,3183,85,3,75512.83
6705,3184,51,1,9246.64
6706,3184,38,2,4946.38
6707,3185,38,1,4620.12
6708,3185,45,1,104753.58
6709,3186,26,1,18258.11
6710,3187,76,1,8422.71
6711,3188,16,1,11349.93
6712,3188,95,2,61010.88
6713,3189,26,3,18546.18
6714,3190,38,4,4990.58
6715,3191,54,2,26226.21
6716,3191,20,1,4943.86
6717,3192,2,1,6625.78
6718,3192,88,1,3818.09
6719,3193,4,2,9808.83
6720,3193,58,2,9465.21
6721,3194,84,2,17653.62
6722,3194,37,2,13114.38
6723,3195,1,3,8885.83
6724,3195,24,1,15116.8
6725,3195,68,3,12344.91
6726,3196,63,4,10319.3
6727,3196,82,4,15695.29
6728,3197,83,1,11364.84
6729,3198,92,1,8979.17
6730,3198,81,1,11051.53
6731,3199,55,1,35981.06
6732,3200,16,3,11884.7
6733,3200,14,1,7410.41
6734,3201,56,2,10428.93
6735,3202,52,1,15269.6
6736,3202,24,1,14839.22
6737,3203,71,1,10671.09
6738,3203,26,1,18268.7
6739,3203,84,1,17312.35
6740,3204,87,1,14156.25
6741,3204,1,2,9447.12
6742,3205,55,2,37971.75
6743,3205,4,2,10297.2
6744,3206,33,3,10814.72
6745,3206,55,12,36363.11
6746,3206,74,2,18570.02
6747,3207,38,2,4642.02
6748,3208,76,1,7979.69
6749,3208,42,1,11563.79
6750,3208,56,1,10467.48
6751,3209,71,2,10151.23
6752,3209,4,1,10339.8
6753,3209,26,1,19180.74
6754,3209,34,4,12118.82
6755,3210,74,1,18057.08
6756,3210,75,3,44472.91
6757,3211,67,2,24461.23
6758,3211,41,3,22161.95
6759,3212,47,1,12854.63
6760,3212,76,2,8635.74
6761,3213,69,1,4323.51
6762,3214,65,1,79471.65
6763,3214,57,1,30112.8
6764,3215,4,1,9268.62
6765,3216,53,1,15053.71
6766,3217,63,1,10550.33
6767,3218,64,1,10460.53
6768,3218,55,1,36818.34
6769,3218,100,2,28914.48
6770,3218,48,1,7057.7
6771,3218,76,1,8752.82
6772,3219,51,2,8687.65
6773,3220,51,3,9194.21
6774,3220,4,2,10213.29
6775,3221,22,3,10890.44
6776,3222,83,1,11348.02
6777,3223,28,1,8856.02
6778,3223,18,1,11768.6
6779,3223,45,2,110102.79
6780,3223,83,1,11547.79
6781,3224,62,1,14517.66
6782,3225,81,3,11108.72
6783,3225,92,2,9253.12
6784,3226,22,3,11255.69
6785,3227,24,1,15367.67
6786,3227,28,1,8092.74
6787,3227,32,2,7985.94
6788,3227,8,1,13165.08
6789,3228,4,1,10208.44
6790,3229,30,1,27367.96
6791,3229,1,1,9403.57
6792,3230,31,3,14489.52
6793,3231,81,3,10118.58
6794,3231,88,1,3603.51
6795,3231,100,1,30016.96
6796,3232,27,1,12723.95
6797,3232,95,1,65978.5
6798,3233,84,1,16660.9
6799,3234,51,1,9453.48
6800,3234,74,1,18387.39
6801,3235,69,2,4452.9
6802,3235,30,1,26043.16
6803,3236,14,3,7571.91
6804,3236,70,1,32601.23
6805,3237,74,1,16678.78
6806,3237,81,1,10163.58
6807,3238,24,1,14825.22
6808,3238,72,1,11886.26
6809,3239,8,1,13552.15
6810,3239,87,1,15160.48
6811,3239,55,1,37596.68
6812,3240,76,4,8315.96
6813,3240,74,1,16736.2
6814,3241,67,1,25118.88
6815,3241,59,2,6080.75
6816,3241,85,1,76057.85
6817,3242,61,1,20504.23
6818,3243,24,1,14521.37
6819,3243,3,1,8065.65
6820,3244,11,4,13023.45
6821,3244,34,4,12426.81
6822,3245,61,2,20217.26
6823,3245,12,1,14319.61
6824,3245,83,3,11212.2
6825,3246,16,2,11258.3
6826,3247,95,2,67067.11
6827,3248,85,3,74725.16
6828,3248,44,1,11722.8
6829,3249,32,2,7463.7
6830,3250,80,1,12640.51
6831,3250,73,2,6824.15
6832,3250,26,1,20120.21
6833,3250,33,4,11123.51
6834,3251,4,1,9491.28
6835,3251,40,3,28518.59
6836,3251,21,1,8376.82
6837,3251,83,1,11731.41
6838,3252,43,1,12546.53
6839,3252,55,1,35131.9
6840,3253,14,6,8096.59
6841,3253,9,1,6706.59
6842,3254,81,2,10629.35
6843,3254,29,1,5339.37
6844,3255,95,1,61512.67
6845,3255,40,3,27049.16
6846,3255,100,1,27893.9
6847,3255,67,1,24263.42
6848,3255,29,1,5301.09
6849,3256,21,1,8544.24
6850,3257,35,1,85345.09
6851,3257,32,1,7370.78
6852,3258,81,2,10472.92
6853,3258,74,3,16989.74
6854,3258,63,1,9667.08
6855,3258,34,2,12337.49
6856,3259,22,24,11568.24
6857,3259,2,1,6909.95
6858,3259,29,2,5111.43
6859,3260,52,1,14966.18
6860,3260,14,3,7748.51
6861,3261,54,2,27577.98
6862,3262,12,4,14044.94
6863,3262,59,1,6455.21
6864,3262,71,2,10579.79
6865,3262,2,1,6606.75
6866,3263,21,4,8360.77
6867,3263,14,2,8020.43
6868,3264,64,12,9746.54
6869,3265,48,1,6966.94
6870,3266,4,1,9487.38
6871,3266,5,12,96673.97
6872,3267,93,1,5456.94
6873,3267,61,1,19833.69
6874,3268,90,3,15400.55
6875,3269,47,1,12987.23
6876,3269,95,2,62073.15
6877,3269,37,1,12878.96
6878,3269,49,2,4723.15
6879,3269,88,1,3767.55
6880,3270,23,1,11151.61
6881,3270,26,1,18786.83
6882,3270,81,1,10759.3
6883,3271,27,1,12760.52
6884,3272,37,1,13112.4
6885,3272,7,3,12588.25
6886,3272,85,6,77205.29
6887,3273,85,1,68788.42
6888,3273,41,1,23378.49
6889,3273,27,1,12624.35
6890,3274,38,2,4546.7
6891,3274,1,1,9338.66
6892,3274,51,1,9014.85
6893,3274,7,1,12489.08
6894,3275,61,1,18293.37
6895,3276,23,2,11545.7
6896,3276,89,1,2300.46
6897,3277,82,4,16756.31
6898,3278,94,1,25620.41
6899,3278,63,1,10479.19
6900,3279,75,1,48254.76
6901,3279,3,2,8795.5
6902,3279,43,1,11895.01
6903,3280,27,1,13056.26
6904,3281,52,1,15323.14
6905,3281,62,1,15478.2
6906,3281,37,1,12492.48
6907,3282,61,2,19496.44
6908,3283,67,1,26388.78
6909,3284,2,2,6908.89
6910,3285,76,2,8453.69
6911,3286,36,1,20095.06
6912,3286,74,1,17875.62
6913,3287,92,1,9750.91
6914,3288,28,1,8833.66
6915,3288,33,2,11682.05
6916,3289,60,1,8292.34
6917,3289,3,1,7808.52
6918,3290,49,2,5134.92
6919,3291,32,2,7983.85
6920,3292,1,1,9144.82
6921,3292,22,1,11822.46
6922,3293,30,2,26706.62
6923,3293,23,2,11192.92
6924,3294,85,2,72039.54
6925,3295,62,2,15706.19
6926,3295,40,1,26482.62
6927,3295,95,1,67423.48
6928,3296,12,1,14658.24
6929,3297,30,1,28978.95
6930,3298,75,6,48500.5
6931,3298,84,3,16814.11
6932,3298,92,1,8720.51
6933,3298,34,1,12356.95
6934,3298,43,1,12119.72
6935,3299,29,1,5639.75
6936,3299,2,1,7318.54
6937,3300,94,2,26834.37
6938,3300,88,2,3989.59
6939,3301,21,2,8620.81
6940,3301,38,3,4643.68
6941,3301,51,3,8990.61
6942,3301,67,2,26182.52
6943,3301,95,12,63954.65
6944,3302,51,1,9464.17
6945,3302,23,4,11250.98
6946,3303,48,1,7274.41
6947,3303,54,1,26850.38
6948,3304,7,1,12135.41
6949,3304,61,2,19492.26
6950,3304,37,4,13661.04
6951,3304,26,1,18105.06
6952,3304,14,1,7917.76
6953,3305,75,1,45222.96
6954,3305,49,3,4797.84
6955,3305,48,1,6790.93
6956,3306,65,2,86369.06
6957,3306,54,2,27254.71
6958,3307,86,1,30271.25
6959,3307,24,1,15028.8
6960,3307,74,2,17506.9
6961,3308,75,2,46109.84
6962,3308,59,2,6396.13
6963,3309,21,1,8452.43
6964,3310,47,1,13463.23
6965,3310,79,1,4078.22
6966,3311,22,1,11382.87
6967,3312,28,3,8771.53
6968,3313,65,2,79926.17
6969,3314,67,2,24112.1
6970,3314,82,2,16213.66
6971,3315,22,2,11132.47
6972,3315,2,2,6544.18
6973,3315,31,2,14482.4
6974,3316,99,1,7687.29
6975,3316,11,1,12710.75
6976,3316,87,4,15474.27
6977,3316,17,3,28511.05
6978,3316,69,1,4725.7
6979,3317,74,1,17147.68
6980,3317,37,12,14032.54
6981,3318,12,2,15233.23
6982,3318,23,1,11113.85
6983,3318,2,1,7027.83
6984,3319,14,1,7984.08
6985,3319,1,1,9204.76
6986,3319,51,1,9359.3
6987,3319,2,1,6679.5
6988,3320,84,1,16030.54
6989,3320,36,1,19535.46
6990,3320,22,1,11140.78
6991,3320,83,1,12047.22
6992,3320,18,1,11001.58
6993,3321,29,1,5653.46
6994,3321,89,2,2361.1
6995,3321,57,1,27787.61
6996,3322,37,2,13138.53
6997,3322,74,1,17309.19
6998,3322,95,1,63919.49
6999,3323,29,1,5148.68
7000,3324,36,2,19699.08
7001,3325,54,1,25463.42
7002,3325,94,1,28225.78
7003,3325,74,2,16740.87
7004,3326,68,1,12336.34
7005,3327,100,2,29772.29
7006,3327,97,4,7315.98
7007,3328,15,2,65629.43
7008,3328,34,4,11453.73
7009,3328,36,1,18571.85
7010,3328,52,3,15295.44
7011,3329,34,1,11965.94
7012,3329,36,12,18627.54
7013,3329,4,1,10131.23
7014,3330,71,1,10020.45
7015,3330,81,3,10557.3
7016,3330,7,1,12406.44
7017,3330,4,1,9531.04
7018,3331,33,1,11605.04
7019,3331,46,1,18128.45
7020,3332,62,4,15474.7
7021,3332,14,1,7271.38
7022,3333,79,2,4074.26
7023,3333,4,2,10380.5
7024,3333,44,2,12390.04
7025,3334,2,2,6670.74
7026,3335,23,1,11407.28
7027,3336,30,2,27410.96
7028,3336,31,1,14879.1
7029,3337,61,1,18723.6
7030,3337,95,2,65294.34
7031,3338,16,2,11098.32
7032,3338,59,1,6719.53
7033,3338,33,2,11265.49
7034,3339,54,4,27996.22
7035,3339,34,2,12257.31
7036,3339,58,6,8942.73
7037,3340,36,4,19987.06
7038,3341,31,6,14295.77
7039,3342,93,1,5650.86
7040,3342,85,2,76033.84
7041,3342,22,1,11436.31
7042,3343,32,2,7279.5
7043,3343,1,4,9257.12
7044,3343,2,2,6734.42
7045,3344,34,1,12446.19
7046,3344,96,2,22086.0
7047,3345,71,3,9850.96
7048,3345,35,1,93029.65
7049,3345,24,12,14467.04
7050,3346,81,1,10155.93
7051,3346,51,1,9141.62
7052,3347,3,1,8083.45
7053,3347,74,3,17637.08
7054,3348,86,1,29427.9
7055,3348,37,1,13756.29
7056,3349,76,1,8474.33
7057,3349,42,1,10681.3
7058,3349,34,2,12168.75
7059,3350,91,1,13496.44
7060,3350,24,1,14616.38
7061,3351,74,1,17580.2
7062,3351,55,1,35665.12
7063,3351,4,2,10320.33
7064,3352,5,1,89926.8
7065,3352,42,3,10781.49
7066,3353,94,3,25543.5
7067,3353,63,2,10049.65
7068,3353,3,1,8796.46
7069,3354,87,1,15090.45
7070,3355,84,1,16070.41
7071,3355,89,6,2281.31
7072,3355,85,2,74611.96
7073,3356,17,1,28643.85
7074,3356,74,1,18628.1
7075,3356,61,1,18960.94
7076,3356,14,2,7353.84
7077,3357,81,3,11017.54
7078,3357,7,2,12159.19
7079,3357,85,1,71547.63
7080,3358,68,1,12999.61
7081,3358,8,2,13922.24
7082,3359,76,1,8191.77
7083,3359,49,1,4918.69
7084,3359,65,1,79638.25
7085,3359,31,1,13687.27
7086,3360,93,1,5466.32
7087,3360,32,3,7383.22
7088,3361,24,1,15072.77
7089,3361,89,3,2360.7
7090,3361,85,1,71023.67
7091,3362,91,1,14200.16
7092,3362,74,1,18383.3
7093,3363,4,1,9335.87
7094,3363,24,2,15245.71
7095,3363,21,3,8581.34
7096,3363,76,2,8030.46
7097,3363,26,1,18083.92
7098,3364,26,2,18678.51
7099,3364,89,1,2281.14
7100,3365,45,1,104838.74
7101,3366,96,1,22505.62
7102,3367,22,3,10894.97
7103,3367,5,4,90326.29
7104,3367,31,1,14227.35
7105,3367,86,1,28998.6
7106,3367,81,3,9976.75
7107,3368,1,2,8806.46
7108,3368,29,1,5657.42
7109,3369,74,3,17692.18
7110,3370,85,1,77266.58
7111,3370,14,1,7226.2
7112,3370,78,1,6087.33
7113,3371,54,1,27068.77
7114,3372,7,3,12884.16
7115,3373,18,1,11572.49
7116,3373,36,1,20034.73
7117,3373,22,1,10734.86
7118,3374,50,1,33817.03
7119,3374,4,1,9365.56
7120,3374,67,1,24903.51
7121,3374,12,1,15267.08
7122,3375,51,2,9361.05
7123,3375,75,1,44776.81
7124,3375,4,1,10329.71
7125,3376,74,2,18201.99
7126,3376,46,24,18827.74
7127,3377,86,1,29640.43
7128,3377,27,1,13176.13
7129,3377,88,1,3911.78
7130,3378,24,4,15815.94
7131,3378,74,1,16816.8
7132,3378,36,1,18997.59
7133,3378,41,2,23459.22
7134,3379,27,2,13491.77
7135,3380,1,3,9797.39
7136,3381,7,1,11840.47
7137,3381,20,1,5363.64
7138,3382,20,1,5044.15
7139,3382,19,1,5871.19
7140,3383,42,2,11839.45
7141,3383,93,2,5216.88
7142,3383,36,1,19133.84
7143,3384,14,1,7628.15
7144,3384,52,1,15065.93
7145,3384,24,3,15888.14
7146,3384,65,1,79813.11
7147,3384,74,1,17685.53
7148,3385,32,3,7292.03
7149,3385,46,1,19985.13
7150,3386,69,2,4706.77
7151,3387,16,1,11013.21
7152,3387,7,2,11900.16
7153,3387,33,1,11810.91
7154,3387,31,1,13558.37
7155,3388,76,2,8206.77
7156,3388,93,1,5222.42
7157,3389,56,1,10855.93
7158,3389,93,1,5733.87
7159,3389,71,1,9732.43
7160,3389,37,2,13103.29
7161,3390,76,2,8787.27
7162,3391,29,1,5021.17
7163,3391,42,6,10756.17
7164,3391,14,1,7464.25
7165,3392,26,1,18832.93
7166,3392,48,2,7280.72
7167,3392,69,2,4739.28
7168,3392,4,1,10425.84
7169,3393,59,1,6032.36
7170,3394,86,3,27755.88
7171,3394,21,1,8478.48
7172,3395,27,1,12962.46
7173,3396,55,2,35288.57
7174,3396,13,1,6004.25
7175,3397,24,2,14657.89
7176,3397,40,1,27156.28
7177,3398,86,1,27353.68
7178,3398,100,2,27843.92
7179,3399,22,1,10857.26
7180,3399,14,3,7741.01
7181,3400,55,2,33796.63
7182,3401,4,24,9370.5
7183,3402,60,2,8227.96
7184,3402,51,1,9239.96
7185,3403,61,2,18729.61
7186,3403,95,1,59887.15
7187,3403,70,1,31581.19
7188,3404,24,1,14668.32
7189,3404,38,2,5096.67
7190,3404,91,1,13760.37
7191,3405,40,2,29627.48
7192,3406,76,2,8829.25
7193,3407,40,1,26387.19
7194,3408,14,1,7782.24
7195,3409,54,1,27918.97
7196,3410,60,1,8252.54
7197,3410,83,1,11776.6
7198,3410,14,2,7468.14
7199,3411,22,1,11628.11
7200,3411,94,1,26294.84
7201,3412,72,1,12710.96
7202,3412,48,18,7018.53
7203,3412,61,1,20264.31
7204,3412,22,3,10526.89
7205,3413,55,1,37524.72
7206,3414,22,1,11159.08
7207,3414,56,1,11638.43
7208,3414,45,1,107899.38
7209,3415,88,1,3761.35
7210,3415,27,1,13748.56
7211,3416,2,2,6535.49
7212,3416,93,2,5592.46
7213,3416,95,3,60500.01
7214,3417,97,1,8143.0
7215,3417,74,3,18588.69
7216,3418,62,1,14677.25
7217,3418,64,1,9678.87
7218,3418,63,1,10660.69
7219,3418,67,2,24381.37
7220,3419,31,1,14242.48
7221,3419,23,1,10776.41
7222,3419,59,3,6536.27
7223,3419,34,1,11116.29
7224,3420,63,3,10754.58
7225,3420,81,1,10717.16
7226,3421,54,6,27830.57
7227,3422,14,1,7863.4
7228,3422,74,2,18217.75
7229,3422,23,1,12007.4
7230,3423,73,1,6160.1
7231,3423,84,1,15904.01
7232,3423,31,1,14836.09
7233,3424,85,18,75164.71
7234,3424,48,1,7301.29
7235,3425,34,1,11188.97
7236,3425,55,1,35666.62
7237,3425,18,3,11709.72
7238,3425,54,1,28177.77
7239,3426,2,2,6994.07
7240,3427,17,4,27024.01
7241,3427,14,1,7699.04
7242,3428,74,1,17921.14
7243,3428,43,1,12440.43
7244,3429,76,1,8880.31
7245,3429,1,2,8814.86
7246,3429,55,2,36094.36
7247,3430,74,1,16875.21
7248,3430,84,2,17823.67
7249,3431,34,2,11600.45
7250,3431,26,2,18870.41
7251,3431,7,2,12283.32
7252,3432,56,1,10649.84
7253,3433,85,3,72699.88
7254,3433,81,1,10946.44
7255,3433,72,1,11750.62
7256,3434,55,3,36307.53
7257,3435,29,2,5616.28
7258,3435,35,1,93128.62
7259,3436,42,24,11509.61
7260,3437,3,1,8692.96
7261,3437,65,1,80184.09
7262,3437,89,1,2335.64
7263,3438,46,1,20401.26
7264,3439,81,2,10097.55
7265,3440,22,1,11149.99
7266,3441,24,1,15149.11
7267,3441,43,1,12355.68
7268,3441,85,1,73323.81
7269,3442,40,1,28167.89
7270,3443,55,1,35744.5
7271,3443,29,24,5279.4
7272,3444,55,1,36776.25
7273,3444,22,1,11435.72
7274,3445,12,1,14024.96
7275,3445,4,1,10024.79
7276,3445,55,1,35308.94
7277,3446,37,2,13812.48
7278,3446,4,1,10084.92
7279,3447,90,2,14641.67
7280,3447,52,1,14484.89
7281,3447,54,1,25749.0
7282,3448,18,1,11994.46
7283,3449,99,3,7877.15
7284,3449,29,1,5359.17
7285,3450,36,2,19449.18
7286,3450,4,3,9874.73
7287,3450,1,1,8857.31
7288,3451,7,2,12459.39
7289,3452,36,3,18655.13
7290,3452,71,1,10289.93
7291,3453,41,2,22266.94
7292,3453,57,2,27885.57
7293,3453,70,2,31623.23
7294,3454,26,6,18179.04
7295,3455,40,1,28547.83
7296,3455,24,1,15506.42
7297,3455,77,1,15202.08
7298,3455,92,1,9085.23
7299,3456,7,3,12752.29
7300,3456,4,1,10027.72
7301,3456,12,1,13685.9
7302,3457,49,12,4827.68
7303,3457,54,1,25941.46
7304,3458,54,3,27842.03
7305,3458,81,1,10992.13
7306,3458,34,1,11475.11
7307,3458,66,1,17554.01
7308,3459,36,1,18840.77
7309,3460,23,2,11146.89
7310,3460,51,3,9136.63
7311,3461,86,2,29135.16
7312,3462,88,2,3927.16
7313,3463,3,1,8573.1
7314,3463,85,1,72451.17
7315,3463,59,1,6610.87
7316,3463,14,3,8008.78
7317,3463,41,3,20952.22
7318,3464,4,2,9808.52
7319,3465,63,1,9953.86
7320,3465,41,1,23364.48
7321,3465,4,1,10126.49
7322,3465,17,1,27245.96
7323,3466,10,1,41232.5
7324,3466,86,1,27674.34
7325,3466,28,1,8385.98
7326,3466,23,4,11257.08
7327,3467,66,3,18852.14
7328,3467,59,2,6262.53
7329,3468,91,2,14147.6
7330,3469,94,2,25694.48
7331,3469,63,1,10746.87
7332,3469,85,1,71200.14
7333,3470,64,2,9863.12
7334,3470,37,1,12707.92
7335,3470,16,2,11945.21
7336,3470,75,1,48115.24
7337,3471,27,1,12706.57
7338,3471,85,4,72450.44
7339,3471,81,12,10739.53
7340,3471,2,1,6857.34
7341,3471,91,2,14154.2
7342,3472,49,1,5167.57
7343,3472,21,2,8496.46
7344,3472,82,4,16012.67
7345,3472,34,1,11351.23
7346,3473,81,24,10216.02
7347,3474,49,2,5026.71
7348,3475,26,1,19825.74
7349,3476,10,1,42135.57
7350,3476,26,2,20105.81
7351,3476,67,1,24208.75
7352,3477,88,2,3763.5
7353,3477,49,1,4779.48
7354,3477,2,3,7092.15
7355,3477,67,1,25372.74
7356,3478,73,1,6660.28
7357,3478,19,2,6006.23
7358,3479,9,1,6572.92
7359,3479,40,1,26411.35
7360,3479,84,1,16889.65
7361,3479,67,1,25038.7
7362,3479,61,2,18294.48
7363,3480,86,2,29729.11
7364,3481,76,1,8268.54
7365,3481,46,1,19282.64
7366,3481,43,2,12061.69
7367,3481,61,2,19224.28
7368,3481,89,2,2184.02
7369,3482,88,1,3880.74
7370,3482,27,3,12666.02
7371,3482,55,1,37971.99
7372,3482,56,1,11202.05
7373,3483,67,1,24624.3
7374,3483,15,1,65827.93
7375,3483,77,1,15708.18
7376,3484,1,1,9708.5
7377,3484,80,1,11906.72
7378,3484,85,4,68845.43
7379,3484,29,1,5058.9
7380,3485,38,1,4623.65
7381,3485,86,1,28767.41
7382,3486,12,1,14828.21
7383,3486,56,1,10834.65
7384,3486,95,2,63271.1
7385,3486,59,4,6631.84
7386,3486,88,2,3850.07
7387,3487,39,2,7731.63
7388,3488,81,1,10565.23
7389,3488,22,1,10927.94
7390,3488,1,1,9798.41
7391,3488,24,1,14866.52
7392,3489,86,1,29255.89
7393,3489,89,1,2170.87
7394,3489,69,1,4573.42
7395,3489,62,2,15611.32
7396,3490,58,2,9354.98
7397,3490,63,1,10083.0
7398,3490,7,1,12038.6
7399,3491,21,2,8976.89
7400,3491,24,1,14968.47
7401,3492,86,2,30214.74
7402,3493,86,1,27681.95
7403,3493,51,1,9447.31
7404,3494,3,2,8231.87
7405,3494,32,2,8106.52
7406,3494,74,2,17275.78
7407,3495,41,2,22193.0
7408,3496,65,1,84770.24
7409,3496,12,1,14283.24
7410,3496,52,1,14610.25
7411,3496,2,1,6653.39
7412,3497,2,1,6984.33
7413,3497,26,1,18231.51
7414,3498,18,1,11307.02
7415,3498,20,1,5373.88
7416,3498,29,1,5641.63
7417,3499,80,6,13048.18
7418,3499,82,1,16226.24
7419,3500,88,2,3960.6
7420,3501,25,2,90787.58
7421,3502,29,1,5372.48
7422,3503,54,1,28552.11
7423,3503,76,2,7872.59
7424,3504,31,1,14838.88
7425,3504,61,2,19801.64
7426,3505,100,1,29014.04
7427,3505,4,1,10128.33
7428,3505,25,2,89820.8
7429,3505,67,2,25981.51
7430,3506,64,1,10362.18
7431,3506,34,2,12194.13
7432,3507,70,1,30255.19
7433,3507,68,1,12642.53
7434,3508,26,1,19437.06
7435,3508,16,2,11238.64
7436,3508,76,2,8300.22
7437,3509,67,1,25901.61
7438,3509,49,2,4763.19
7439,3509,7,2,12107.5
7440,3509,52,1,14929.93
7441,3509,2,1,7325.07
7442,3510,88,1,3630.38
7443,3511,87,3,14698.45
7444,3511,62,2,15657.8
7445,3511,97,1,8066.11
7446,3512,98,3,4127.22
7447,3512,45,2,103970.48
7448,3512,17,1,25804.85
7449,3513,75,6,45367.73
7450,3513,48,1,6847.14
7451,3513,94,1,28423.04
7452,3514,76,1,8818.96
7453,3515,80,2,12114.93
7454,3515,61,1,18456.11
7455,3516,74,1,18179.97
7456,3516,63,1,9801.86
7457,3517,22,3,11215.36
7458,3517,95,1,63963.99
7459,3517,91,3,14191.22
7460,3517,36,1,20299.49
7461,3518,10,1,40052.12
7462,3518,83,2,10812.32
7463,3518,74,2,17341.78
7464,3519,36,2,18728.53
7465,3519,52,18,14040.36
7466,3519,11,1,13833.91
7467,3520,19,1,6072.23
7468,3521,97,1,7584.77
7469,3522,95,3,61786.69
7470,3522,21,1,8250.64
7471,3522,31,1,14786.36
7472,3523,88,1,4005.79
7473,3523,21,18,8781.91
7474,3523,83,1,11065.58
7475,3523,22,2,10680.08
7476,3524,12,1,14832.89
7477,3525,86,6,27856.14
7478,3525,44,1,12004.84
7479,3526,83,3,11053.06
7480,3526,85,2,72673.27
7481,3526,80,6,12768.27
7482,3527,34,1,11570.93
7483,3528,24,4,14269.22
7484,3529,20,2,5407.35
7485,3529,69,2,4335.46
7486,3530,2,1,7170.26
7487,3530,4,1,9584.32
7488,3530,64,1,10330.37
7489,3531,81,1,11119.17
7490,3531,87,1,15437.58
7491,3532,38,1,4870.9
7492,3533,34,3,11751.02
7493,3533,4,1,9849.24
7494,3533,55,1,35338.49
7495,3534,65,1,86332.19
7496,3534,2,3,6559.26
7497,3534,11,2,13398.03
7498,3535,14,1,7592.75
7499,3535,89,1,2271.59
7500,3536,65,1,79080.09
7501,3536,83,1,11309.27
7502,3536,3,1,8632.33
7503,3536,23,1,11218.49
7504,3536,12,1,14958.71
7505,3537,21,2,9146.63
7506,3538,29,1,5588.1
7507,3539,62,1,15992.26
7508,3539,36,2,19905.68
7509,3539,1,1,9272.69
7510,3539,22,2,11187.98
7511,3540,52,2,15092.72
7512,3540,34,1,11087.92
7513,3541,24,2,15916.47
7514,3541,5,3,96426.91
7515,3542,1,1,9295.11
7516,3542,42,1,11534.25
7517,3543,85,2,71735.3
7518,3544,14,2,7855.74
7519,3544,32,1,8098.25
7520,3544,33,1,11917.39
7521,3544,83,2,10906.47
7522,3545,4,2,9872.78
7523,3545,29,1,5400.91
7524,3546,97,1,8143.04
7525,3547,84,1,17702.57
7526,3548,64,2,9876.6
7527,3548,31,2,13508.01
7528,3549,54,1,28549.15
7529,3550,37,1,13054.79
7530,3550,18,2,11530.51
7531,3551,67,1,25227.89
7532,3551,51,4,8984.81
7533,3552,54,2,27592.01
7534,3552,96,2,22287.01
7535,3553,85,1,72781.4
7536,3554,21,1,8934.9
7537,3554,86,3,27729.75
7538,3555,22,12,11456.14
7539,3555,84,2,16807.9
7540,3556,88,2,3847.67
7541,3556,23,3,10749.03
7542,3557,29,2,5501.19
7543,3557,16,18,11764.05
7544,3558,90,1,14111.07
7545,3558,4,3,9832.06
7546,3559,74,2,17545.45
7547,3560,46,2,20218.74
7548,3561,55,1,36366.04
7549,3561,29,3,5524.13
7550,3561,4,1,9963.81
7551,3562,26,2,18737.33
7552,3563,66,6,18011.47
7553,3564,69,1,4394.87
7554,3565,29,1,5510.04
7555,3566,29,1,5644.58
7556,3567,67,1,26473.55
7557,3567,48,1,7060.06
7558,3567,51,1,9245.14
7559,3568,4,4,10222.26
7560,3569,21,1,9167.91
7561,3570,92,1,8690.69
7562,3570,64,1,10193.34
7563,3571,76,1,8063.9
7564,3572,5,1,95355.99
7565,3572,14,2,7472.17
7566,3573,72,1,11684.43
7567,3574,2,3,7083.69
7568,3574,66,4,16882.28
7569,3574,61,2,19855.3
7570,3575,96,3,21713.49
7571,3575,74,4,17396.43
7572,3576,85,1,76082.83
7573,3577,88,1,3638.96
7574,3577,81,1,11115.8
7575,3578,11,2,13980.79
7576,3579,31,1,14312.49
7577,3579,34,1,11175.8
7578,3580,24,1,14974.37
7579,3581,65,1,77354.11
7580,3582,34,2,11348.48
7581,3583,76,2,8698.85
7582,3584,22,4,10647.24
7583,3584,18,1,10904.62
7584,3584,46,1,18839.7
7585,3585,83,1,11579.12
7586,3585,94,1,25675.28
7587,3586,70,2,30161.95
7588,3586,28,2,8064.9
7589,3587,85,2,71940.37
7590,3588,29,1,5112.77
7591,3588,85,1,69095.41
7592,3589,21,1,8690.29
7593,3590,7,1,13178.28
7594,3591,8,2,12917.81
7595,3592,86,1,28868.29
7596,3592,51,1,9008.26
7597,3592,49,1,5155.42
7598,3593,46,1,18514.41
7599,3593,41,1,21118.71
7600,3593,1,2,9257.55
7601,3593,81,1,10115.94
7602,3594,60,1,8673.69
7603,3594,71,3,9757.93
7604,3595,97,1,7328.54
7605,3595,43,1,12352.41
7606,3596,41,1,22645.01
7607,3597,92,1,9312.48
7608,3598,69,1,4762.87
7609,3598,14,1,7346.9
7610,3598,4,1,9770.93
7611,3599,49,1,5076.01
7612,3599,12,24,13941.59
7613,3600,24,2,15964.51
7614,3601,67,2,26091.16
7615,3602,84,1,15800.38
7616,3603,11,1,12713.06
7617,3603,88,2,3709.62
7618,3604,14,2,7837.13
7619,3604,90,1,14507.77
7620,3605,11,2,12696.92
7621,3605,17,1,26757.74
7622,3605,83,1,10764.54
7623,3605,26,1,18704.2
7624,3606,21,1,8366.04
7625,3607,48,1,7248.36
7626,3607,34,1,12266.5
7627,3607,3,1,8665.1
7628,3608,93,4,5446.05
7629,3608,37,1,13042.85
7630,3609,76,1,8828.93
7631,3609,81,2,9983.63
7632,3610,72,1,12483.21
7633,3610,52,1,14526.85
7634,3611,12,2,14834.74
7635,3611,62,6,15630.34
7636,3611,93,1,5385.71
7637,3611,99,2,8136.3
7638,3612,71,2,9933.16
7639,3612,29,2,5352.75
7640,3613,12,1,15214.69
7641,3613,6,1,38217.37
7642,3613,84,2,17226.94
7643,3613,1,2,8882.12
7644,3613,68,1,13679.63
7645,3614,40,3,28316.04
7646,3614,22,1,10635.83
7647,3614,90,1,13677.43
7648,3615,86,2,27626.3
7649,3615,22,1,10939.36
7650,3616,80,1,12075.96
7651,3616,49,1,4935.57
7652,3616,28,2,8568.6
7653,3617,38,6,4581.5
7654,3618,68,3,12893.29
7655,3618,2,2,7197.67
7656,3619,16,1,11833.4
7657,3619,88,1,3671.84
7658,3620,21,2,8408.34
7659,3620,93,4,5363.65
7660,3621,46,1,19703.66
7661,3621,1,2,9554.28
7662,3621,76,2,8089.36
7663,3621,55,1,35825.59
7664,3622,76,1,8421.82
7665,3622,58,1,8619.67
7666,3622,69,3,4742.64
7667,3622,97,2,7830.12
7668,3623,33,3,11916.75
7669,3623,30,3,28639.37
7670,3624,29,1,5631.65
7671,3624,22,1,11013.03
7672,3624,91,1,14683.4
7673,3625,21,1,8657.39
7674,3626,46,1,19845.07
7675,3627,12,1,14412.82
7676,3627,67,2,23638.89
7677,3628,13,1,6337.08
7678,3628,55,2,34186.21
7679,3629,2,2,6897.33
7680,3629,100,1,29040.19
7681,3629,80,4,12964.21
7682,3630,55,1,37583.63
7683,3630,91,2,14319.59
7684,3631,62,1,15329.26
7685,3631,46,12,18511.38
7686,3631,45,1,105258.87
7687,3632,89,4,2155.98
7688,3632,14,2,7674.83
7689,3632,59,1,6017.32
7690,3633,60,4,8621.36
7691,3633,94,1,26765.45
7692,3633,55,3,34735.46
7693,3634,1,1,8910.38
7694,3635,31,2,13757.12
7695,3635,7,2,12586.97
7696,3635,61,1,20215.72
7697,3636,63,1,10603.94
7698,3636,65,2,78442.06
7699,3636,21,2,8484.33
7700,3637,2,1,6616.97
7701,3637,97,3,7900.53
7702,3637,66,3,17333.79
7703,3638,65,6,86110.13
7704,3639,4,1,9657.41
7705,3639,86,1,29025.42
7706,3640,93,1,5554.92
7707,3640,85,6,74498.38
7708,3641,14,1,7878.5
7709,3641,12,2,14927.76
7710,3641,61,1,20292.89
7711,3642,4,2,10306.32
7712,3642,36,3,20142.99
7713,3642,59,2,6653.33
7714,3643,62,2,14562.09
7715,3643,67,1,25434.32
7716,3644,95,1,63710.99
7717,3644,38,1,4627.5
7718,3645,52,1,14580.99
7719,3645,88,1,3638.19
7720,3645,51,1,8477.94
7721,3645,24,1,14672.67
7722,3645,55,1,36223.11
7723,3646,56,1,11181.33
7724,3646,1,2,9196.18
7725,3646,88,1,3780.09
7726,3647,17,3,28613.06
7727,3647,22,1,11440.31
7728,3648,87,1,15364.48
7729,3648,4,1,9476.22
7730,3648,69,3,4516.8
7731,3649,75,2,49611.13
7732,3649,87,1,15176.7
7733,3649,29,1,5303.37
7734,3649,40,1,27011.37
7735,3650,14,1,7870.73
7736,3651,36,1,19824.24
7737,3651,19,1,6050.11
7738,3652,43,1,13336.42
7739,3653,10,1,41807.78
7740,3654,4,1,10244.45
7741,3655,14,2,7221.67
7742,3655,38,1,4679.34
7743,3655,35,1,89904.22
7744,3656,51,2,9410.91
7745,3656,2,2,6601.14
7746,3656,93,1,5232.05
7747,3657,90,1,15438.66
7748,3657,14,2,7710.98
7749,3658,91,1,13211.61
7750,3658,96,1,21527.88
7751,3658,24,1,15424.89
7752,3658,90,2,14551.3
7753,3659,36,1,19306.83
7754,3660,78,24,6286.66
7755,3660,76,1,8811.03
7756,3661,63,3,9896.19
7757,3661,7,1,12569.73
7758,3661,14,1,8048.71
7759,3662,82,2,16572.81
7760,3662,84,2,16178.58
7761,3662,12,1,14606.84
7762,3663,14,2,7766.79
7763,3663,10,1,40052.1
7764,3663,7,1,12125.63
7765,3664,22,1,11392.26
7766,3665,34,1,11612.18
7767,3666,26,1,18522.17
7768,3666,71,3,10552.35
7769,3667,81,1,10148.68
7770,3667,65,1,86824.69
7771,3667,42,2,11039.1
7772,3668,5,2,94628.98
7773,3668,40,2,27599.63
7774,3669,72,1,12717.44
7775,3670,51,2,9244.59
7776,3670,34,2,11291.67
7777,3671,22,1,11608.24
7778,3671,84,2,16208.85
7779,3672,26,1,18912.24
7780,3672,37,1,12492.12
7781,3672,36,1,19827.74
7782,3673,83,2,11575.04
7783,3673,95,1,67503.37
7784,3674,2,1,7196.84
7785,3674,70,4,31609.89
7786,3674,83,1,11687.01
7787,3675,38,2,4838.19
7788,3676,81,1,10946.65
7789,3676,74,1,18184.62
7790,3677,52,1,14954.78
7791,3678,14,2,7601.15
7792,3678,62,3,14626.8
7793,3679,49,1,5130.34
7794,3680,85,1,68745.35
7795,3680,96,1,20367.72
7796,3680,67,1,25153.09
7797,3680,45,1,103414.41
7798,3681,1,2,9240.89
7799,3682,1,2,9574.85
7800,3682,5,1,89315.29
7801,3683,92,1,9200.36
7802,3684,14,2,7328.15
7803,3685,17,2,26424.71
7804,3686,55,2,35379.0
7805,3687,4,24,10409.39
7806,3687,95,2,62792.31
7807,3688,37,2,13393.07
7808,3688,76,1,8736.02
7809,3689,14,6,7247.36
7810,3689,82,6,15752.35
7811,3689,21,1,9212.15
7812,3689,78,1,5685.71
7813,3690,24,1,15726.14
7814,3691,82,1,16915.87
7815,3692,89,6,2267.93
7816,3693,88,1,3814.48
7817,3693,40,1,29617.13
7818,3694,45,2,114446.85
7819,3695,37,1,12709.27
7820,3696,16,1,11235.42
7821,3697,45,1,110980.3
7822,3697,47,2,13196.96
7823,3698,74,1,17606.39
7824,3698,45,1,109367.92
7825,3698,19,1,5643.05
7826,3699,27,1,12585.8
7827,3699,85,1,77232.73
7828,3699,4,1,10252.56
7829,3699,7,1,12251.64
7830,3699,74,1,18450.37
7831,3700,91,2,14134.08
7832,3700,52,4,14055.73
7833,3701,14,1,7354.85
7834,3701,59,1,6440.11
7835,3702,56,1,10367.11
7836,3702,59,1,6319.34
7837,3703,74,1,16905.95
7838,3704,100,1,28422.13
7839,3704,26,1,19264.86
7840,3705,51,1,8700.97
7841,3705,68,1,13196.98
7842,3705,10,2,43378.51
7843,3706,65,3,85984.95
7844,3707,74,1,17271.48
7845,3708,74,1,18409.35
7846,3709,6,2,39705.35
7847,3709,21,1,8406.0
7848,3710,72,1,11651.02
7849,3710,31,1,14365.32
7850,3710,63,1,9931.17
7851,3711,51,3,9248.67
7852,3711,64,2,10007.71
7853,3712,45,1,114231.85
7854,3712,70,1,30073.96
7855,3712,92,2,9562.61
7856,3712,36,3,20365.67
7857,3712,51,4,9491.35
7858,3713,54,1,25432.37
7859,3714,100,2,27465.84
7860,3714,1,2,9346.44
7861,3714,71,1,10211.83
7862,3715,1,3,9088.44
7863,3715,40,2,29646.01
7864,3716,33,1,11235.74
7865,3716,16,2,10902.3
7866,3716,99,1,7767.33
7867,3717,74,1,16835.8
7868,3717,29,1,5386.43
7869,3717,54,1,27965.48
7870,3717,18,1,10855.3
7871,3717,67,1,24243.36
7872,3718,22,1,11478.21
7873,3718,39,2,8124.33
7874,3718,29,1,5613.51
7875,3719,88,2,3863.24
7876,3719,71,3,9900.38
7877,3720,21,1,9082.22
7878,3720,36,1,18587.99
7879,3721,93,2,5514.47
7880,3722,99,1,8150.27
7881,3722,88,1,3610.99
7882,3723,59,1,6701.45
7883,3723,40,2,28858.66
7884,3723,52,1,14611.9
7885,3723,42,1,10909.07
7886,3724,24,2,14887.96
7887,3724,70,1,31910.16
7888,3724,8,1,12532.25
7889,3725,61,1,18652.21
7890,3725,29,3,5087.54
7891,3726,36,1,18570.83
7892,3726,10,1,41596.3
7893,3726,88,6,3734.17
7894,3727,38,4,4832.18
7895,3728,72,1,11609.42
7896,3728,14,1,7632.53
7897,3728,34,1,12374.36
7898,3729,35,1,91220.98
7899,3729,92,2,9548.34
7900,3730,70,1,31539.25
7901,3730,37,1,13331.08
7902,3731,76,2,8563.75
7903,3731,14,1,7654.85
7904,3731,31,2,14620.73
7905,3731,38,1,4856.92
7906,3732,70,3,30054.66
7907,3732,56,2,10384.38
7908,3732,100,1,28147.21
7909,3732,22,1,11547.43
7910,3733,18,2,11258.36
7911,3733,95,1,63418.48
7912,3733,20,1,5425.81
7913,3734,56,1,11540.61
7914,3735,14,1,7819.47
7915,3735,25,1,86847.54
7916,3736,81,24,10102.47
7917,3736,6,1,39855.45
7918,3736,2,6,6605.44
7919,3737,77,1,14765.45
7920,3737,21,2,8613.35
7921,3737,70,1,32374.9
7922,3737,85,2,68913.81
7923,3738,80,1,13113.11
7924,3738,76,1,8054.49
7925,3738,74,2,16728.93
7926,3739,72,1,12280.56
7927,3739,2,2,7163.49
7928,3740,17,2,26292.4
7929,3740,83,1,10988.33
7930,3741,90,12,13924.47
7931,3741,10,1,40781.17
7932,3741,4,1,9417.29
7933,3741,55,1,35335.92
7934,3741,85,1,70641.45
7935,3742,52,1,14443.85
7936,3742,2,3,7240.54
7937,3742,93,1,5712.1
7938,3743,15,1,63273.34
7939,3743,3,3,8376.61
7940,3743,74,1,18680.78
7941,3743,1,1,9381.71
7942,3743,43,1,11988.18
7943,3744,85,1,68878.72
7944,3744,19,1,5866.58
7945,3744,4,1,10231.61
7946,3745,49,1,5028.96
7947,3746,38,2,4683.71
7948,3746,67,1,25698.13
7949,3746,99,2,8003.9
7950,3746,48,2,7447.53
7951,3747,92,2,9425.52
7952,3747,23,6,11931.26
7953,3748,99,2,8389.54
7954,3748,2,4,6753.15
7955,3748,62,4,15601.41
7956,3748,61,2,20108.09
7957,3749,56,1,11104.25
7958,3750,56,1,11201.33
7959,3750,54,2,28275.8
7960,3750,4,1,9528.61
7961,3750,77,2,16001.47
7962,3751,87,1,14510.21
7963,3752,35,3,91948.72
7964,3752,85,2,73895.53
7965,3753,55,2,33829.73
7966,3753,49,2,4888.09
7967,3753,40,3,29115.28
7968,3754,84,1,16557.06
7969,3755,29,2,5044.57
7970,3756,2,1,7076.82
7971,3756,76,1,8520.84
7972,3757,65,4,84843.53
7973,3758,36,1,19793.35
7974,3758,29,1,5544.61
7975,3758,1,1,8756.89
7976,3758,75,3,44937.85
7977,3759,4,1,10255.77
7978,3759,26,24,20003.4
7979,3759,22,1,10855.78
7980,3760,47,2,13336.24
7981,3760,74,1,17578.94
7982,3761,4,1,10339.17
7983,3761,59,2,6538.89
7984,3761,62,1,16066.39
7985,3761,67,2,24466.42
7986,3762,14,2,7478.61
7987,3762,26,4,18654.4
7988,3762,100,1,29490.67
7989,3763,76,1,8849.9
7990,3763,61,2,18741.98
7991,3764,52,1,13810.75
7992,3764,40,1,29281.92
7993,3765,23,12,11914.71
7994,3765,2,1,7098.98
7995,3765,72,1,11726.96
7996,3766,65,2,78754.69
7997,3767,97,2,8017.25
7998,3768,68,1,12835.71
7999,3769,55,1,33829.34
8000,3769,54,1,28126.09
8001,3769,65,2,84575.68
8002,3770,75,1,48710.27
8003,3770,88,1,3880.37
8004,3770,77,2,14319.77
8005,3771,61,1,18537.56
8006,3772,2,2,7176.96
8007,3773,5,1,91033.9
8008,3773,46,1,19702.56
8009,3774,1,1,8873.48
8010,3775,10,1,42374.2
8011,3776,62,1,14514.14
8012,3777,37,1,14070.4
8013,3777,24,1,15946.51
8014,3778,85,1,75650.26
8015,3779,74,1,17071.13
8016,3779,34,1,11930.39
8017,3780,67,2,26181.74
8018,3780,26,1,18472.88
8019,3780,16,2,11637.19
8020,3781,3,1,8485.15
8021,3781,8,1,13365.12
8022,3782,10,2,42737.34
8023,3782,49,1,4931.5
8024,3783,8,1,13497.84
8025,3783,54,1,28520.53
8026,3783,59,1,6370.9
8027,3783,21,2,8986.57
8028,3784,37,2,13122.74
8029,3785,74,1,17879.71
8030,3785,26,1,20130.15
8031,3785,91,4,14110.44
8032,3786,38,1,5014.22
8033,3786,79,1,3982.89
8034,3787,86,1,28115.92
8035,3788,66,1,16952.06
8036,3788,38,1,4729.23
8037,3789,4,1,9713.4
8038,3790,51,3,8865.38
8039,3791,73,1,6748.77
8040,3791,55,3,37867.54
8041,3792,83,3,11286.43
8042,3792,4,4,9897.92
8043,3792,84,3,17593.56
8044,3793,54,3,28636.44
8045,3793,34,1,12099.26
8046,3794,83,1,10891.31
8047,3794,14,1,7542.42
8048,3794,85,1,73182.62
8049,3795,88,1,3848.55
8050,3795,8,3,13227.54
8051,3796,5,1,93417.26
8052,3796,34,1,11365.84
8053,3796,54,2,28386.88
8054,3796,37,2,13747.81
8055,3797,56,24,11333.15
8056,3797,26,2,19493.27
8057,3797,27,3,12633.75
8058,3798,50,1,33662.38
8059,3799,56,3,11448.15
8060,3799,81,2,11044.58
8061,3800,71,1,9769.35
8062,3801,52,1,13842.67
8063,3801,38,1,4602.75
8064,3801,40,1,29666.66
8065,3801,2,1,6766.01
8066,3802,37,1,13150.53
8067,3802,14,2,7640.13
8068,3803,4,1,10088.36
8069,3803,62,1,14459.06
8070,3803,29,1,5385.54
8071,3804,52,2,15381.92
8072,3804,22,1,11119.28
8073,3805,4,1,9784.46
8074,3805,14,3,7944.94
8075,3806,2,2,6587.83
8076,3806,4,1,10102.04
8077,3807,20,2,5215.23
8078,3807,76,1,8156.8
8079,3808,20,2,5157.18
8080,3809,49,3,4802.44
8081,3810,71,1,10291.86
8082,3811,58,2,9481.36
8083,3811,51,18,9226.74
8084,3812,34,3,11217.42
8085,3812,14,3,7229.36
8086,3812,16,1,11123.22
8087,3812,2,3,6859.33
8088,3813,24,2,15897.06
8089,3814,55,2,36792.13
8090,3814,29,2,5328.23
8091,3815,52,1,14167.54
8092,3816,19,1,5775.31
8093,3816,87,1,15348.38
8094,3817,46,18,20254.04
8095,3817,20,1,5173.13
8096,3817,3,1,8574.82
8097,3817,94,1,25835.92
8098,3818,40,3,29358.36
8099,3819,22,1,11513.86
8100,3819,36,1,20129.59
8101,3820,88,2,3858.0
8102,3821,88,1,3723.58
8103,3822,14,2,7795.65
8104,3822,32,3,8114.24
8105,3822,26,12,19169.49
8106,3823,89,1,2309.73
8107,3824,66,1,18389.59
8108,3825,76,2,8318.7
8109,3825,38,4,4853.21
8110,3825,78,1,6352.82
8111,3826,85,2,75437.15
8112,3826,5,1,89602.06
8113,3827,29,2,5503.98
8114,3827,1,2,9016.52
8115,3828,51,3,8971.55
8116,3829,49,2,5053.4
8117,3830,26,3,19818.61
8118,3831,85,2,69496.86
8119,3831,7,2,12567.8
8120,3831,32,1,7862.37
8121,3832,100,1,30138.93
8122,3833,17,1,27665.39
8123,3833,38,1,4892.78
8124,3834,84,1,17678.06
8125,3835,81,2,10995.92
8126,3835,29,1,5230.75
8127,3836,74,1,18612.53
8128,3837,40,1,28181.86
8129,3837,89,1,2362.27
8130,3838,7,1,12820.52
8131,3839,40,12,28050.52
8132,3840,34,2,11112.7
8133,3840,55,1,34741.95
8134,3840,84,1,17542.13
8135,3841,7,1,12939.29
8136,3841,74,1,16935.67
8137,3841,24,1,15043.75
8138,3842,61,1,18781.5
8139,3843,24,2,14665.31
8140,3843,51,1,9098.63
8141,3843,16,3,11602.09
8142,3844,97,3,7598.45
8143,3845,62,1,15645.17
8144,3845,4,1,10397.67
8145,3846,55,6,35622.3
8146,3846,19,2,5842.67
8147,3847,81,24,11053.88
8148,3847,12,2,14128.13
8149,3847,21,2,9240.97
8150,3848,55,1,36459.75
8151,3848,35,1,90166.97
8152,3848,67,1,25167.6
8153,3848,31,1,13707.27
8154,3849,55,4,36992.09
8155,3849,61,3,19136.49
8156,3849,68,3,13173.23
8157,3849,16,2,11580.35
8158,3849,14,4,7218.94
8159,3850,27,1,13657.59
8160,3851,91,2,13517.53
8161,3851,45,1,103115.96
8162,3851,81,1,10171.87
8163,3852,26,2,20099.85
8164,3852,76,2,7992.9
8165,3853,38,1,4884.69
8166,3853,11,1,13794.48
8167,3854,85,1,71508.58
8168,3854,23,2,11018.57
8169,3855,78,1,5884.51
8170,3856,5,1,95794.7
8171,3857,20,1,4929.33
8172,3857,21,3,8888.7
8173,3858,83,2,11126.57
8174,3859,64,1,10257.79
8175,3859,5,3,87939.76
8176,3859,76,4,8361.48
8177,3859,74,2,17379.2
8178,3860,4,4,9305.49
8179,3860,31,2,13625.68
8180,3861,4,1,9972.45
8181,3862,4,1,9811.79
8182,3863,71,1,10672.42
8183,3863,69,3,4695.56
8184,3864,67,2,24385.11
8185,3864,74,1,17039.28
8186,3864,95,1,66227.74
8187,3864,26,1,19063.93
8188,3865,69,2,4282.53
8189,3865,76,1,8171.25
8190,3865,2,3,6908.44
8191,3866,38,2,4811.35
8192,3866,76,1,8693.88
8193,3867,74,1,18218.81
8194,3867,34,1,12273.46
8195,3867,95,1,64137.44
8196,3868,2,1,7221.07
8197,3869,45,2,109023.01
8198,3869,75,3,44216.27
8199,3869,36,1,19267.73
8200,3869,27,1,13001.2
8201,3870,64,3,9563.66
8202,3870,78,2,6216.12
8203,3871,89,2,2256.63
8204,3871,14,1,7486.1
8205,3872,21,1,8884.67
8206,3872,4,1,9640.6
8207,3873,21,1,8386.71
8208,3873,100,1,30382.53
8209,3873,42,1,10928.12
8210,3874,11,3,12705.54
8211,3874,76,4,8794.87
8212,3874,26,1,19798.67
8213,3874,34,3,11489.73
8214,3875,80,1,12174.73
8215,3875,75,1,44603.02
8216,3875,23,1,10847.6
8217,3876,74,1,16779.46
8218,3876,31,2,14812.98
8219,3876,3,6,7914.53
8220,3877,83,4,11432.76
8221,3877,12,1,14442.35
8222,3878,85,1,76578.89
8223,3879,93,1,5375.78
8224,3880,47,1,13903.93
8225,3880,2,1,6586.52
8226,3880,30,2,27202.45
8227,3881,4,1,10377.28
8228,3882,54,1,25427.18
8229,3882,30,1,26898.86
8230,3882,84,1,17705.33
8231,3883,33,2,12018.22
8232,3883,95,1,64240.22
8233,3884,72,1,11684.12
8234,3884,52,1,15146.34
8235,3885,32,24,7407.66
8236,3885,4,1,9765.4
8237,3885,100,2,30614.65
8238,3886,4,2,9779.15
8239,3886,56,1,11219.04
8240,3887,89,3,2285.99
8241,3887,94,1,28336.86
8242,3888,51,1,9074.11
8243,3889,51,6,9155.87
8244,3889,39,1,8181.58
8245,3890,38,2,4947.12
8246,3890,34,1,11343.58
8247,3890,12,1,15275.73
8248,3891,62,2,15740.74
8249,3891,95,1,62820.25
8250,3891,93,1,5524.43
8251,3892,41,1,23001.55
8252,3892,93,1,5565.89
8253,3892,99,1,7770.31
8254,3893,46,1,18452.99
8255,3893,63,1,10244.19
8256,3893,6,1,36906.52
8257,3894,55,2,37473.83
8258,3895,37,1,12562.33
8259,3896,47,1,13930.34
8260,3896,1,1,9366.36
8261,3897,14,1,7268.45
8262,3897,74,1,17843.94
8263,3898,84,18,16496.26
8264,3899,46,1,19492.98
8265,3899,34,4,12158.53
8266,3900,54,1,27198.55
8267,3901,45,1,109152.29
8268,3901,2,1,6806.08
8269,3902,60,1,8535.21
8270,3902,90,1,14965.93
8271,3903,60,1,8613.77
8272,3904,53,1,15750.63
8273,3904,31,2,14020.85
8274,3904,48,2,7280.93
8275,3904,76,1,8119.0
8276,3905,45,1,113108.46
8277,3905,67,2,25025.72
8278,3905,21,1,9077.78
8279,3906,26,2,18581.86
8280,3906,74,2,17568.07
8281,3907,54,1,28062.27
8282,3908,89,3,2260.9
8283,3908,62,3,16055.81
8284,3909,29,1,5290.17
8285,3910,91,1,14623.34
8286,3910,37,3,12786.32
8287,3911,48,4,7436.22
8288,3911,83,1,10874.76
8289,3911,99,2,8102.59
8290,3912,84,1,15973.93
8291,3912,64,1,10510.65
8292,3913,83,1,11275.08
8293,3913,76,1,7880.95
8294,3913,61,1,19265.18
8295,3914,71,2,10346.76
8296,3914,74,1,18611.64
8297,3914,52,1,13793.24
8298,3915,4,1,10176.64
8299,3916,71,3,9693.4
8300,3917,45,2,106578.81
8301,3917,24,1,15273.71
8302,3917,81,1,10174.96
8303,3918,63,3,9943.8
8304,3918,69,1,4619.35
8305,3918,54,1,26259.7
8306,3918,47,4,14026.56
8307,3918,81,1,10032.3
8308,3919,100,1,28242.59
8309,3919,14,1,7606.74
8310,3920,94,2,28346.49
8311,3921,22,1,11030.03
8312,3922,26,1,18019.31
8313,3923,71,1,10232.6
8314,3924,49,1,4980.2
8315,3924,48,3,7449.17
8316,3924,4,2,10388.22
8317,3924,91,1,13567.86
8318,3925,2,2,7085.47
8319,3925,46,1,18867.55
8320,3926,32,1,7386.24
8321,3926,51,1,9408.91
8322,3926,80,2,13027.36
8323,3926,43,1,12191.46
8324,3927,38,3,4565.52
8325,3928,100,1,29039.24
8326,3929,2,4,6552.61
8327,3930,59,1,6711.39
8328,3930,32,2,8118.12
8329,3930,83,1,10866.27
8330,3931,45,1,109915.04
8331,3932,51,1,9456.63
8332,3933,89,1,2159.11
8333,3933,14,1,7320.94
8334,3934,81,1,10074.09
8335,3934,7,1,12718.51
8336,3934,29,1,5422.75
8337,3934,95,6,60061.75
8338,3935,92,1,9036.13
8339,3936,68,1,12751.8
8340,3936,61,3,18542.57
8341,3936,60,3,7969.14
8342,3936,85,1,75820.51
8343,3937,83,2,10713.56
8344,3937,45,1,112850.82
8345,3938,95,2,66237.97
8346,3938,12,1,14904.39
8347,3938,90,1,13709.05
8348,3939,62,2,15237.91
8349,3939,21,1,9090.23
8350,3939,69,1,4372.58
8351,3940,76,1,8782.49
8352,3940,31,1,14554.57
8353,3940,54,1,25345.41
8354,3940,55,2,35900.15
8355,3941,17,6,28806.75
8356,3941,89,1,2173.23
8357,3942,93,3,5453.66
8358,3943,4,2,9768.43
8359,3944,59,3,6498.81
8360,3944,12,1,15148.5
8361,3945,14,1,7594.16
8362,3946,51,2,8525.91
8363,3946,54,2,28502.52
8364,3946,14,1,7397.54
8365,3947,100,2,27569.65
8366,3948,2,2,6847.45
8367,3948,96,3,20882.18
8368,3949,92,1,9201.89
8369,3949,95,1,60661.55
8370,3950,14,2,7252.37
8371,3951,61,1,20273.21
8372,3951,76,1,7886.83
8373,3952,34,1,11329.15
8374,3953,46,1,18845.14
8375,3953,30,1,26749.89
8376,3953,76,1,8297.25
8377,3953,59,1,6155.52
8378,3954,62,1,16105.74
8379,3955,67,1,24975.93
8380,3956,14,1,7309.66
8381,3956,41,1,23036.48
8382,3956,22,1,11670.94
8383,3956,63,1,10587.2
8384,3957,86,1,30484.16
8385,3958,8,3,13925.03
8386,3958,31,2,14660.26
8387,3958,34,1,12394.03
8388,3959,14,1,7656.39
8389,3959,30,1,28369.82
8390,3960,70,1,29612.39
8391,3960,94,2,25769.73
8392,3960,75,3,45884.6
8393,3961,85,1,69080.86
8394,3962,34,1,11683.29
8395,3962,13,1,6153.3
8396,3963,18,1,10893.34
8397,3963,76,1,8124.73
8398,3963,80,1,12211.38
8399,3964,22,1,11811.72
8400,3964,34,1,11579.52
8401,3965,2,2,6940.28
8402,3966,56,1,10487.85
8403,3967,76,2,8176.19
8404,3968,32,1,8154.23
8405,3968,42,3,10622.74
8406,3968,12,1,13702.91
8407,3968,34,1,11514.5
8408,3969,4,1,9388.83
8409,3969,7,1,12270.95
8410,3969,61,3,18623.8
8411,3970,14,1,7972.72
8412,3970,82,2,15538.07
8413,3970,86,1,29523.1
8414,3970,90,1,15159.94
8415,3971,71,2,9907.34
8416,3971,26,1,18593.33
8417,3971,24,4,15067.38
8418,3972,14,1,7356.15
8419,3972,56,1,11020.99
8420,3972,4,1,10205.46
8421,3973,54,1,28410.71
8422,3974,66,1,16974.04
8423,3974,96,1,19993.94
8424,3974,83,1,11372.76
8425,3974,73,4,6563.04
8426,3975,26,2,18335.87
8427,3975,16,1,11958.57
8428,3975,33,2,10887.25
8429,3976,55,2,37236.75
8430,3976,21,1,9299.02
8431,3976,88,18,3625.36
8432,3977,54,1,27882.69
8433,3978,70,1,32326.05
8434,3979,48,2,6875.73
8435,3979,32,1,7895.22
8436,3980,46,12,19874.86
8437,3980,43,2,12047.85
8438,3980,85,1,69916.73
8439,3981,5,2,93479.7
8440,3981,69,1,4334.41
8441,3981,40,1,27235.39
8442,3981,22,3,11475.2
8443,3982,71,2,9547.44
8444,3982,46,2,18540.37
8445,3982,23,4,11486.18
8446,3982,16,1,10934.78
8447,3983,88,3,3904.57
8448,3983,97,3,8062.64
8449,3983,63,1,10833.05
8450,3983,81,1,10420.23
8451,3984,26,1,19519.1
8452,3984,51,1,8923.78
8453,3985,66,2,17404.72
8454,3986,63,1,10054.12
8455,3987,25,1,90947.09
8456,3988,62,1,15870.63
8457,3988,36,12,19667.29
8458,3988,34,1,12194.24
8459,3989,83,3,12014.99
8460,3989,4,1,9745.62
8461,3990,85,2,69691.15
8462,3990,29,1,5471.76
8463,3990,71,1,9727.41
8464,3990,45,3,109533.6
8465,3991,2,1,7186.92
8466,3991,20,1,5415.95
8467,3992,71,1,10523.3
8468,3992,65,1,78137.66
8469,3993,82,1,15954.4
8470,3993,51,1,9368.63
8471,3993,86,1,27150.03
8472,3994,7,1,12395.07
8473,3994,72,1,12766.16
8474,3995,70,1,30293.43
8475,3996,20,2,5496.95
8476,3997,1,1,9489.93
8477,3997,86,1,28565.01
8478,3998,24,1,15146.35
8479,3998,7,1,12473.46
8480,3999,84,2,15800.11
8481,3999,22,1,11708.58
8482,3999,95,1,61573.69
8483,4000,71,1,10294.93
8484,4001,14,1,7320.85
8485,4002,57,1,28786.4
8486,4002,16,2,11776.64
8487,4003,59,2,6635.84
8488,4004,35,3,83662.28
8489,4005,38,1,4860.91
8490,4006,29,2,5296.53
8491,4007,65,2,77671.35
8492,4007,62,1,14717.99
8493,4008,38,2,4737.27
8494,4008,52,2,14304.2
8495,4009,38,2,4693.58
8496,4009,26,3,19282.43
8497,4009,28,3,8851.81
8498,4009,97,1,7885.03
8499,4009,56,1,11311.35
8500,4010,55,1,36682.51
8501,4010,14,4,7975.8
8502,4010,82,1,17062.62
8503,4011,74,2,17413.86
8504,4012,84,1,17094.67
8505,4013,36,2,19289.67
8506,4014,20,2,5550.97
8507,4015,36,1,18691.2
8508,4016,61,6,19309.58
8509,4016,5,1,88943.88
8510,4017,83,2,11556.28
8511,4017,42,2,11599.3
8512,4018,37,2,13616.58
8513,4018,91,3,13988.3
8514,4019,55,2,36498.63
8515,4020,42,1,11927.9
8516,4021,38,1,4815.32
8517,4021,88,2,3795.56
8518,4021,83,4,11424.22
8519,4021,54,2,28386.59
8520,4021,29,4,5336.27
8521,4022,49,1,5065.46
8522,4022,55,1,37192.48
8523,4022,44,2,11751.46
8524,4022,21,1,9163.25
8525,4023,85,12,69034.58
8526,4023,71,1,10717.46
8527,4023,61,2,19207.54
8528,4024,49,3,5084.94
8529,4025,65,4,79947.87
8530,4026,24,1,15695.69
8531,4026,46,2,19878.3
8532,4027,21,1,9272.17
8533,4027,75,1,46558.11
8534,4028,26,1,19090.52
8535,4028,32,3,8166.16
8536,4028,61,1,19561.38
8537,4029,7,1,12936.46
8538,4030,94,3,27882.68
8539,4030,52,4,14755.17
8540,4030,84,1,16040.9
8541,4031,61,3,18201.32
8542,4031,55,2,36965.64
8543,4032,59,1,6380.67
8544,4032,92,1,8863.45
8545,4033,17,2,28053.68
8546,4033,33,1,11073.2
8547,4034,90,1,14836.96
8548,4035,61,1,19677.39
8549,4036,15,1,64668.55
8550,4037,36,3,18545.26
8551,4038,24,2,14930.7
8552,4039,36,1,19344.61
8553,4039,56,1,11461.99
8554,4040,63,1,10278.02
8555,4041,29,2,5374.12
8556,4041,63,2,9942.27
8557,4041,45,1,110401.18
8558,4041,52,1,14539.92
8559,4042,75,1,49589.87
8560,4043,60,2,8882.47
8561,4043,22,1,10562.44
8562,4043,33,1,11274.82
8563,4044,81,1,10229.66
8564,4044,12,1,13675.82
8565,4044,71,1,10411.71
8566,4045,26,1,18619.57
8567,4045,9,12,6333.31
8568,4046,54,1,26803.97
8569,4047,83,1,10888.2
8570,4047,82,1,15871.42
8571,4047,81,2,10157.78
8572,4047,72,1,11580.94
8573,4048,26,1,19830.72
8574,4048,71,1,10240.44
8575,4048,4,2,9752.12
8576,4048,95,2,64609.36
8577,4049,31,2,14839.01
8578,4050,75,4,49807.22
8579,4050,5,2,91253.34
8580,4051,91,1,14119.88
8581,4051,29,2,5325.55
8582,4051,28,1,7937.09
8583,4051,97,2,7446.62
8584,4051,78,1,6296.72
8585,4052,2,2,6868.12
8586,4052,3,1,8741.46
8587,4053,52,3,15421.56
8588,4053,27,1,13171.09
8589,4053,31,3,14365.7
8590,4054,26,1,19176.33
8591,4055,2,1,6757.36
8592,4056,30,2,28612.79
8593,4056,68,2,13208.08
8594,4056,21,1,8245.61
8595,4057,52,1,15337.16
8596,4058,42,1,10682.82
8597,4059,55,1,34415.02
8598,4059,81,1,10917.47
8599,4060,13,1,5720.99
8600,4061,1,4,9732.11
8601,4062,58,1,9320.7
8602,4062,84,1,16574.51
8603,4062,29,1,5405.48
8604,4063,82,1,16176.77
8605,4064,92,1,9688.32
8606,4064,84,1,17256.47
8607,4065,31,2,14283.21
8608,4066,43,4,11848.54
8609,4066,48,2,6954.28
8610,4067,12,2,14265.37
8611,4067,15,1,63275.29
8612,4067,88,4,3648.5
8613,4067,65,24,86937.87
8614,4068,74,2,16792.75
8615,4068,84,1,16420.86
8616,4068,91,2,13199.88
8617,4069,76,1,7936.51
8618,4070,21,2,9130.0
8619,4071,76,4,8823.64
8620,4072,1,1,9584.89
8621,4072,46,2,19450.47
8622,4073,37,2,13861.55
8623,4073,2,2,6909.24
8624,4073,93,2,5259.36
8625,4074,14,4,7327.28
8626,4074,81,1,11089.55
8627,4075,80,3,12808.47
8628,4075,71,3,10310.78
8629,4075,16,1,12072.92
8630,4075,52,2,14262.16
8631,4076,28,18,7968.48
8632,4076,89,2,2278.68
8633,4076,81,2,10779.95
8634,4077,56,1,10388.1
8635,4077,49,4,4978.69
8636,4077,60,18,8188.39
8637,4078,24,1,15489.08
8638,4079,9,1,6818.35
8639,4079,47,1,13974.75
8640,4079,55,1,37037.41
8641,4080,74,3,16728.96
8642,4080,20,2,4973.33
8643,4080,17,2,27582.24
8644,4081,59,1,6295.12
8645,4081,47,1,13003.9
8646,4082,85,1,69599.74
8647,4082,33,1,11474.71
8648,4082,20,1,5265.52
8649,4082,3,12,7968.65
8650,4083,69,4,4559.39
8651,4083,34,6,11233.53
8652,4084,83,1,11991.36
8653,4084,99,2,7799.94
8654,4085,29,1,5426.14
8655,4086,2,1,6813.56
8656,4087,2,2,6884.58
8657,4087,21,1,8371.97
8658,4088,18,1,11848.12
8659,4088,27,2,12789.05
8660,4088,95,1,60933.49
8661,4089,91,1,13304.36
8662,4089,95,24,63788.18
8663,4089,84,1,16623.43
8664,4090,91,1,13694.77
8665,4090,29,1,5535.78
8666,4090,68,2,13838.82
8667,4091,34,1,12426.07
8668,4091,85,1,70909.57
8669,4091,4,1,10259.43
8670,4091,84,1,17526.4
8671,4092,63,1,10771.92
8672,4092,53,1,15633.07
8673,4092,34,2,11611.78
8674,4093,14,1,7796.47
8675,4094,43,3,12863.24
8676,4094,15,1,66400.97
8677,4095,71,1,10627.72
8678,4095,89,1,2123.7
8679,4095,55,2,33944.66
8680,4096,82,2,16837.58
8681,4096,34,2,11515.54
8682,4097,55,2,36531.57
8683,4097,64,4,10310.56
8684,4098,95,1,60766.42
8685,4099,91,1,13956.9
8686,4100,70,1,29501.84
8687,4100,81,3,11227.45
8688,4100,4,2,9617.97
8689,4101,44,1,12492.29
8690,4101,2,1,6935.0
8691,4102,76,1,8025.34
8692,4103,42,4,11772.17
8693,4103,24,1,15256.45
8694,4103,1,1,9551.51
8695,4104,18,1,12137.23
8696,4104,88,1,4031.58
8697,4104,82,2,16576.54
8698,4105,51,4,8724.88
8699,4105,30,2,28252.81
8700,4105,50,1,35033.17
8701,4105,74,1,17577.82
8702,4106,36,1,20223.87
8703,4107,43,1,11960.52
8704,4107,92,4,9240.3
8705,4107,27,1,12416.7
8706,4108,36,3,19570.69
8707,4109,4,1,9925.35
8708,4110,81,1,10055.52
8709,4110,24,1,14279.72
8710,4110,52,2,15325.93
8711,4111,61,1,20191.35
8712,4112,67,2,24369.0
8713,4112,86,2,27180.55
8714,4113,16,1,11928.11
8715,4113,11,1,13442.41
8716,4113,66,4,17415.18
8717,4114,84,1,17585.45
8718,4114,14,4,7340.45
8719,4115,61,2,18151.77
8720,4115,46,1,18238.61
8721,4115,84,2,17380.76
8722,4116,83,2,11572.83
8723,4116,29,2,5099.29
8724,4116,51,3,9225.6
8725,4117,55,1,38076.19
8726,4117,24,1,14426.2
8727,4117,29,1,5529.53
8728,4118,36,1,18926.52
8729,4118,32,2,7773.07
8730,4119,94,2,28215.69
8731,4120,85,2,69363.18
8732,4121,86,1,29075.07
8733,4122,33,3,12072.02
8734,4123,43,2,13325.02
8735,4124,75,1,45706.86
8736,4124,63,1,9725.06
8737,4124,23,1,10772.8
8738,4125,18,1,11946.6
8739,4125,62,2,15093.91
8740,4126,100,2,29651.61
8741,4126,21,2,8499.04
8742,4127,55,2,34379.3
8743,4127,71,1,10166.53
8744,4128,2,1,6525.48
8745,4128,70,1,31277.16
8746,4128,14,1,8005.17
8747,4129,95,4,64497.02
8748,4130,85,1,76191.71
8749,4131,16,1,12048.35
8750,4131,85,2,74923.57
8751,4131,84,1,17805.2
8752,4131,100,1,28393.52
8753,4132,16,1,11995.08
8754,4133,26,2,18700.74
8755,4133,70,1,31304.28
8756,4134,4,1,9723.52
8757,4135,88,1,3621.99
8758,4136,67,3,25112.32
8759,4136,14,1,8089.73
8760,4136,90,1,14843.37
8761,4137,81,6,10207.52
8762,4138,2,2,7144.25
8763,4138,21,1,8604.3
8764,4138,54,1,26982.29
8765,4138,45,2,112372.92
8766,4139,40,1,27711.14
8767,4140,88,1,3850.57
8768,4140,1,1,8815.69
8769,4140,71,1,10494.68
8770,4141,4,2,10149.74
8771,4141,46,2,18352.17
8772,4142,29,1,5299.55
8773,4142,81,1,10962.87
8774,4142,57,1,29391.64
8775,4143,68,1,13205.26
8776,4143,51,2,8565.55
8777,4143,63,1,10587.37
8778,4143,29,1,5611.57
8779,4144,26,1,20191.77
8780,4144,92,2,9398.95
8781,4144,55,1,34791.35
8782,4144,14,1,7842.35
8783,4144,70,1,30058.42
8784,4145,42,2,11818.6
8785,4145,22,1,11133.47
8786,4146,46,1,20263.47
8787,4146,4,2,10174.44
8788,4146,23,2,11708.93
8789,4147,8,1,13531.6
8790,4147,23,2,10772.55
8791,4147,78,4,6346.89
8792,4147,55,1,34934.88
8793,4147,4,2,10013.9
8794,4148,87,1,14415.64
8795,4148,81,1,10390.45
8796,4148,5,1,93035.39
8797,4149,83,1,11815.05
8798,4149,14,2,8014.4
8799,4149,55,1,36680.79
8800,4150,4,1,9865.17
8801,4151,37,1,13769.52
8802,4151,63,1,10138.61
8803,4152,85,1,73783.42
8804,4152,51,1,8950.61
8805,4153,98,1,4031.99
8806,4153,62,3,15847.3
8807,4153,94,1,27926.48
8808,4153,4,1,10253.57
8809,4154,23,1,11092.65
8810,4155,74,1,17306.98
8811,4156,92,2,8825.19
8812,4156,36,1,18943.75
8813,4157,71,1,10103.0
8814,4157,2,2,6736.71
8815,4157,34,1,11911.28
8816,4158,15,2,64609.29
8817,4159,81,1,11131.28
8818,4159,76,2,8081.17
8819,4159,31,1,14307.18
8820,4160,76,2,8170.05
8821,4160,51,1,8919.24
8822,4161,67,1,24615.88
8823,4162,34,1,11621.21
8824,4162,74,1,17108.1
8825,4163,86,4,30060.68
8826,4163,34,3,11185.38
8827,4164,20,1,5098.27
8828,4164,26,1,19122.69
8829,4164,69,1,4330.99
8830,4165,84,1,16274.74
8831,4165,6,1,41594.51
8832,4165,36,3,19262.94
8833,4166,55,1,37387.6
8834,4166,18,1,11145.35
8835,4166,89,2,2311.56
8836,4166,93,1,5754.64
8837,4167,14,1,7862.43
8838,4167,46,2,18297.74
8839,4168,36,2,18293.68
8840,4169,29,1,5254.89
8841,4169,87,1,14030.44
8842,4170,95,1,63022.43
8843,4170,93,2,5783.91
8844,4170,18,2,11203.77
8845,4171,85,3,68863.05
8846,4171,91,2,14199.63
8847,4172,40,1,28327.75
8848,4173,70,1,30880.76
8849,4173,31,2,14916.88
8850,4173,23,1,11654.32
8851,4174,17,1,27981.4
8852,4174,31,1,13971.66
8853,4174,34,2,12083.37
8854,4174,36,1,18628.25
8855,4174,14,1,8041.12
8856,4175,88,1,3901.19
8857,4175,55,2,36934.4
8858,4175,5,1,88329.2
8859,4176,8,1,14071.61
8860,4176,91,1,13653.15
8861,4176,46,2,19716.64
8862,4177,4,1,9997.53
8863,4177,14,1,7602.33
8864,4178,55,1,35300.96
8865,4178,11,2,13453.33
8866,4178,51,1,8971.47
8867,4179,55,2,36930.71
8868,4179,42,2,11917.61
8869,4180,65,1,82313.8
8870,4180,52,2,14360.57
8871,4181,70,2,32526.12
8872,4181,85,1,70341.32
8873,4182,85,1,72965.5
8874,4182,52,2,15135.74
8875,4183,15,3,63187.12
8876,4183,26,2,19082.73
8877,4183,61,2,18510.49
8878,4183,62,1,15819.4
8879,4184,42,12,11552.71
8880,4184,33,1,11797.54
8881,4185,30,3,28500.8
8882,4185,76,1,8757.39
8883,4186,89,1,2116.9
8884,4186,92,1,9465.02
8885,4187,66,1,18771.0
8886,4188,27,1,13141.33
8887,4189,21,18,9133.95
8888,4190,88,3,3925.76
8889,4191,58,2,9439.51
8890,4192,11,1,14082.01
8891,4193,84,2,16035.11
8892,4194,22,2,11362.53
8893,4194,93,1,5571.94
8894,4195,81,1,10572.18
8895,4196,75,2,49068.48
8896,4196,21,2,8930.07
8897,4196,33,1,11559.23
8898,4196,69,1,4314.69
8899,4196,61,1,18538.82
8900,4197,86,2,28128.44
8901,4197,94,1,27480.48
8902,4197,32,1,7913.49
8903,4198,58,3,9132.45
8904,4198,83,1,11969.45
8905,4198,85,2,71560.95
8906,4198,24,2,15008.68
8907,4199,95,1,60104.1
8908,4199,16,1,11706.83
8909,4199,84,4,17849.37
8910,4200,55,2,38128.37
8911,4200,92,3,8688.47
8912,4200,8,1,12915.41
8913,4201,67,4,25040.82
8914,4201,2,2,7048.67
8915,4201,51,1,8764.73
8916,4201,92,2,9490.79
8917,4201,80,4,13036.69
8918,4202,74,1,17298.86
8919,4203,44,2,12113.28
8920,4204,55,2,38150.43
8921,4205,75,2,48350.22
8922,4205,48,2,7316.61
8923,4205,74,1,17006.4
8924,4205,81,1,10274.14
8925,4206,63,2,10243.64
8926,4207,67,2,24341.1
8927,4208,63,2,9969.61
8928,4208,11,24,13443.62
8929,4208,76,2,8255.78
8930,4209,100,2,28970.62
8931,4210,67,1,23744.97
8932,4211,73,2,6598.05
8933,4211,1,1,9069.26
8934,4211,85,1,70986.49
8935,4212,1,1,9117.61
8936,4212,14,2,8004.09
8937,4212,81,2,10294.68
8938,4212,26,2,19457.89
8939,4213,63,3,9612.17
8940,4213,100,3,30195.91
8941,4213,22,2,11564.72
8942,4213,45,2,104605.0
8943,4214,18,1,11427.27
8944,4214,21,1,8724.85
8945,4214,2,3,6906.42
8946,4215,74,1,16885.2
8947,4215,76,1,8622.65
8948,4215,8,1,13453.74
8949,4216,63,2,10656.0
8950,4217,24,6,15136.56
8951,4217,48,1,7571.47
8952,4217,92,3,9218.25
8953,4217,37,1,12860.7
8954,4218,94,3,26923.87
8955,4219,1,1,8944.93
8956,4219,51,2,9162.91
8957,4219,38,3,4636.42
8958,4220,5,1,88315.01
8959,4220,34,1,12294.99
8960,4221,72,1,11835.7
8961,4222,48,1,7648.76
8962,4222,72,2,11694.74
8963,4222,2,1,6540.45
8964,4223,91,1,14486.36
8965,4223,82,2,16185.74
8966,4224,76,1,8023.41
8967,4224,94,1,26754.25
8968,4224,38,3,4742.92
8969,4224,89,2,2258.24
8970,4225,23,1,11984.84
8971,4225,71,1,9622.77
8972,4226,81,3,10761.19
8973,4226,14,1,7184.24
8974,4227,14,2,7955.61
8975,4227,90,3,14961.46
8976,4227,85,1,73686.25
8977,4228,27,1,12984.06
8978,4228,67,1,24512.13
8979,4229,56,2,11639.07
8980,4229,14,1,8021.73
8981,4230,22,1,10845.59
8982,4231,4,4,10005.77
8983,4231,20,2,5417.69
8984,4232,83,1,10927.16
8985,4232,61,4,19646.96
8986,4232,20,3,5259.92
8987,4232,62,1,16013.54
8988,4233,7,1,11747.95
8989,4234,61,2,19424.48
8990,4235,88,1,3869.59
8991,4235,80,1,12191.77
8992,4235,81,1,10557.44
8993,4236,91,1,14258.24
8994,4236,83,2,11654.59
8995,4237,76,3,8634.57
8996,4238,16,2,11001.48
8997,4239,95,1,62153.03
8998,4239,45,1,103839.73
8999,4239,92,1,9708.89
9000,4240,74,2,17633.65
9001,4240,84,2,16700.81
9002,4241,29,1,5299.99
9003,4241,14,2,7205.84
9004,4242,100,1,27475.83
9005,4242,45,2,113065.72
9006,4242,34,2,11529.46
9007,4242,44,1,12071.31
9008,4243,27,1,12353.26
9009,4243,83,3,11913.54
9010,4244,38,1,4667.29
9011,4244,55,1,36304.4
9012,4245,37,1,13314.3
9013,4246,92,2,8995.06
9014,4246,85,2,71627.69
9015,4246,51,1,8605.16
9016,4247,100,2,28092.41
9017,4247,4,2,10232.48
9018,4248,55,1,34627.44
9019,4248,19,1,5580.91
9020,4249,22,1,11055.14
9021,4250,38,1,4720.32
9022,4250,1,1,8890.96
9023,4251,17,6,28376.89
9024,4251,25,2,86885.96
9025,4251,51,1,9306.99
9026,4251,69,1,4624.87
9027,4252,61,1,19498.31
9028,4252,6,1,40039.47
9029,4253,4,2,9470.36
9030,4254,59,3,6348.0
9031,4255,26,1,19782.26
9032,4256,36,2,19947.21
9033,4257,5,2,94248.04
9034,4257,71,1,10207.01
9035,4258,18,1,11783.21
9036,4258,4,1,9305.73
9037,4258,77,2,15005.42
9038,4259,1,1,9396.02
9039,4259,95,1,64287.75
9040,4259,62,1,15917.47
9041,4259,73,1,6822.76
9042,4260,14,1,7459.69
9043,4260,71,1,9832.48
9044,4261,24,1,14968.47
9045,4262,61,1,19301.09
9046,4262,76,2,8003.88
9047,4262,40,2,29642.62
9048,4263,55,1,35583.93
9049,4263,33,1,11343.08
9050,4264,66,1,18180.4
9051,4264,76,2,8590.97
9052,4264,85,3,69668.47
9053,4264,26,1,18455.03
9054,4265,65,3,84938.7
9055,4266,100,1,28400.46
9056,4267,83,4,10711.19
9057,4267,94,1,26427.14
9058,4268,2,1,7221.89
9059,4268,49,4,4723.01
9060,4268,21,2,9239.54
9061,4269,36,2,19354.07
9062,4270,45,1,115567.95
9063,4270,23,1,11254.53
9064,4271,83,3,11359.85
9065,4271,38,1,4965.59
9066,4271,55,2,35007.27
9067,4271,95,1,64584.23
9068,4272,21,2,8397.09
9069,4272,1,1,9099.03
9070,4272,34,1,11526.41
9071,4273,25,4,92699.19
9072,4274,85,1,74651.19
9073,4274,49,1,4622.5
9074,4275,61,1,18592.44
9075,4276,91,6,13275.84
9076,4277,84,3,17305.78
9077,4277,67,2,23941.82
9078,4277,65,1,86832.2
9079,4278,89,1,2314.38
9080,4278,34,2,11106.27
9081,4279,51,2,8614.22
9082,4280,51,2,8628.47
9083,4280,100,2,29808.77
9084,4281,48,1,7574.94
9085,4282,7,1,12492.44
9086,4282,85,1,76846.06
9087,4283,15,3,65325.58
9088,4283,20,1,5146.83
9089,4284,85,2,76423.33
9090,4284,29,1,5650.49
9091,4285,87,2,14522.96
9092,4286,18,1,11277.6
9093,4286,26,1,18144.58
9094,4286,40,1,29681.07
9095,4286,65,3,79746.41
9096,4287,61,6,19956.04
9097,4287,35,1,83768.45
9098,4287,29,6,5039.44
9099,4288,30,1,29026.69
9100,4289,48,1,7523.37
9101,4290,55,3,36198.68
9102,4290,37,2,13530.85
9103,4290,82,1,16239.23
9104,4290,61,1,20235.38
9105,4291,86,1,29391.92
9106,4292,4,2,9720.58
9107,4292,81,1,10425.0
9108,4292,34,2,11805.75
9109,4293,11,2,14292.07
9110,4293,67,3,24839.59
9111,4294,4,1,10471.3
9112,4295,27,1,13301.56
9113,4295,14,4,7584.05
9114,4295,18,3,12199.32
9115,4296,61,1,18147.25
9116,4296,34,1,11502.22
9117,4297,29,2,5301.08
9118,4297,4,1,10097.12
9119,4298,3,1,8057.12
9120,4298,4,1,9858.62
9121,4299,84,1,17241.99
9122,4300,85,1,76070.65
9123,4301,4,1,10354.14
9124,4301,65,1,80906.13
9125,4302,70,1,32512.26
9126,4302,97,2,7549.65
9127,4303,84,1,16376.02
9128,4303,22,3,11379.55
9129,4304,88,1,3640.11
9130,4304,76,1,8606.59
9131,4304,1,1,9424.25
9132,4305,34,2,12071.79
9133,4305,81,1,10612.65
9134,4305,62,1,15998.11
9135,4306,94,1,27904.68
9136,4307,31,1,14201.12
9137,4308,14,1,7249.44
9138,4309,54,6,25475.4
9139,4309,81,3,10006.35
9140,4309,99,1,7881.41
9141,4309,95,1,64835.63
9142,4310,91,3,13465.29
9143,4310,83,2,10884.47
9144,4311,41,1,23219.49
9145,4311,99,1,8128.91
9146,4312,11,2,14213.82
9147,4313,35,18,92763.42
9148,4313,34,1,11780.85
9149,4313,40,1,27749.76
9150,4314,1,2,9424.84
9151,4314,88,1,4029.46
9152,4315,36,1,19637.18
9153,4315,76,1,8450.03
9154,4316,63,1,9913.08
9155,4316,57,3,27283.97
9156,4316,58,4,9012.46
9157,4317,66,2,18157.5
9158,4318,36,1,19481.84
9159,4318,41,1,22373.04
9160,4319,91,2,13845.24
9161,4320,22,1,11347.01
9162,4321,59,1,6473.1
9163,4321,18,2,11829.36
9164,4322,84,3,17088.72
9165,4323,88,6,3611.76
9166,4323,91,2,13215.0
9167,4324,48,2,7207.94
9168,4324,23,1,11429.72
9169,4324,22,2,10819.55
9170,4325,76,3,8525.87
9171,4325,31,3,14015.84
9172,4326,76,1,7896.22
9173,4326,86,2,28475.3
9174,4326,83,1,11483.96
9175,4326,18,1,11730.67
9176,4327,71,1,9585.68
9177,4328,16,2,11174.48
9178,4329,91,1,14498.64
9179,4330,59,3,6715.01
9180,4331,34,1,11515.44
9181,4331,58,2,9173.03
9182,4332,89,3,2178.02
9183,4333,60,1,8884.76
9184,4333,29,1,5535.99
9185,4333,82,1,17088.33
9186,4333,85,1,76049.72
9187,4334,56,2,10435.29
9188,4334,70,1,30039.15
9189,4335,73,1,6834.02
9190,4335,4,2,9518.73
9191,4336,68,3,13309.83
9192,4336,30,1,28841.77
9193,4336,92,1,9138.45
9194,4337,66,3,18240.92
9195,4337,2,1,6776.05
9196,4338,54,1,25399.93
9197,4338,94,12,26958.92
9198,4339,62,1,15777.59
9199,4339,15,1,66136.44
9200,4340,72,1,11884.5
9201,4341,55,2,35176.08
9202,4341,46,3,19150.13
9203,4342,76,3,8052.07
9204,4343,33,2,10831.44
9205,4343,3,1,8744.38
9206,4343,36,1,19949.62
9207,4343,20,1,5058.98
9208,4344,34,3,12010.45
9209,4344,91,2,14767.78
9210,4345,61,1,20320.56
9211,4345,40,2,27347.88
9212,4346,86,2,28653.0
9213,4346,4,2,9680.29
9214,4347,90,1,14712.32
9215,4347,81,2,10061.95
9216,4347,87,1,14517.19
9217,4348,70,2,32132.84
9218,4349,6,1,36889.9
9219,4350,12,1,15222.96
9220,4351,67,2,25359.54
9221,4351,16,1,11304.64
9222,4352,68,1,13841.05
9223,4353,30,1,26762.76
9224,4353,47,1,13012.07
9225,4353,94,1,27899.5
9226,4354,2,2,6725.39
9227,4354,70,3,30024.95
9228,4354,65,1,82530.34
9229,4354,76,1,8829.46
9230,4354,56,1,11141.81
9231,4355,67,1,26196.04
9232,4355,54,1,25600.7
9233,4356,42,2,11586.55
9234,4356,33,1,12135.76
9235,4357,12,1,14899.89
9236,4357,76,2,8146.71
9237,4357,55,1,35393.56
9238,4357,15,1,64045.11
9239,4358,76,1,8283.53
9240,4358,1,3,9545.81
9241,4358,12,1,14647.92
9242,4358,19,2,5817.76
9243,4359,81,1,10603.29
9244,4359,26,2,19238.16
9245,4359,14,1,7541.14
9246,4360,22,1,11550.25
9247,4361,81,2,10113.68
9248,4361,76,2,8477.45
9249,4362,62,1,16141.54
9250,4362,74,1,16814.99
9251,4362,22,2,11184.2
9252,4362,75,1,47643.01
9253,4363,32,1,7442.94
9254,4363,52,2,15120.03
9255,4363,45,1,109753.07
9256,4364,14,2,7740.44
9257,4364,81,1,10093.44
9258,4365,34,1,11138.2
9259,4365,35,2,86941.8
9260,4365,83,1,11445.05
9261,4366,27,1,13464.9
9262,4366,36,2,18640.32
9263,4367,92,1,8787.91
9264,4368,26,1,19317.21
9265,4368,4,1,9958.48
9266,4368,20,1,4974.61
9267,4369,38,3,5052.13
9268,4369,85,12,77146.46
9269,4370,3,1,8419.68
9270,4370,31,1,14744.65
9271,4371,74,1,17089.73
9272,4371,52,1,13704.45
9273,4371,1,1,9328.2
9274,4372,1,1,9756.66
9275,4373,8,4,13601.47
9276,4374,77,1,14493.94
9277,4374,25,3,86725.78
9278,4374,3,2,8464.7
9279,4374,87,4,14388.37
9280,4375,47,4,14124.15
9281,4375,38,1,4609.58
9282,4375,74,2,17172.29
9283,4376,16,1,10921.46
9284,4376,88,1,3668.29
9285,4376,21,1,9019.89
9286,4377,64,2,9898.7
9287,4377,7,2,12284.43
9288,4378,92,1,9419.19
9289,4378,1,2,9386.52
9290,4378,7,3,13071.42
9291,4379,49,1,5182.79
9292,4379,16,1,11543.05
9293,4380,31,1,14292.48
9294,4381,81,1,11208.91
9295,4381,48,1,7369.91
9296,4381,40,1,29269.73
9297,4382,9,6,6814.74
9298,4383,38,3,5117.52
9299,4384,51,2,8912.46
9300,4385,14,2,7654.51
9301,4385,22,4,11014.42
9302,4385,63,2,9765.16
9303,4386,76,2,8786.05
9304,4386,29,1,5358.86
9305,4387,81,1,10567.91
9306,4387,4,1,10401.3
9307,4387,83,3,11511.32
9308,4388,46,1,19432.26
9309,4389,5,2,86698.86
9310,4390,100,3,28251.35
9311,4390,13,2,6295.04
9312,4391,2,1,7356.08
9313,4392,22,2,10963.92
9314,4393,36,2,19973.76
9315,4393,55,1,37793.54
9316,4393,83,1,12015.01
9317,4393,69,1,4496.19
9318,4394,8,1,13649.31
9319,4394,83,1,10738.34
9320,4395,71,1,10207.19
9321,4396,22,3,11727.38
9322,4396,63,2,10041.43
9323,4397,40,1,29235.62
9324,4397,33,2,11794.77
9325,4398,74,2,16911.99
9326,4399,74,1,16612.56
9327,4400,94,3,25668.38
9328,4401,72,1,12767.1
9329,4401,4,1,9768.62
9330,4402,4,2,9310.37
9331,4403,65,1,84297.76
9332,4403,19,1,6044.0
9333,4404,69,1,4442.3
9334,4404,55,1,36591.71
9335,4404,34,3,11426.08
9336,4404,66,2,18092.09
9337,4405,15,1,61751.7
9338,4405,4,1,9853.11
9339,4406,76,2,8349.19
9340,4407,95,1,66515.46
9341,4407,24,2,15094.36
9342,4407,94,2,27685.02
9343,4408,27,2,12582.04
9344,4409,66,2,17860.52
9345,4409,81,1,11021.16
9346,4409,27,2,13091.85
9347,4410,14,1,7659.7
9348,4410,95,3,60209.44
9349,4411,90,1,14744.61
9350,4411,37,1,13223.87
9351,4411,55,1,36475.94
9352,4412,43,1,11872.13
9353,4412,17,1,26307.69
9354,4412,34,1,11288.48
9355,4412,91,1,14273.69
9356,4413,71,1,10284.2
9357,4414,1,1,9826.26
9358,4415,90,3,15298.69
9359,4416,70,3,29273.82
9360,4416,88,1,3588.39
9361,4416,33,1,11621.91
9362,4416,2,2,7208.24
9363,4417,86,2,28627.12
9364,4418,5,1,89253.12
9365,4419,4,1,10102.22
9366,4419,26,2,18277.39
9367,4420,71,1,9641.95
9368,4421,81,1,10795.14
9369,4421,54,1,27840.61
9370,4422,26,1,18995.86
9371,4422,35,2,83611.55
9372,4422,47,1,13874.87
9373,4422,24,2,14279.87
9374,4423,74,2,16652.19
9375,4423,23,2,11191.91
9376,4424,37,1,13242.11
9377,4424,67,2,24441.18
9378,4424,82,1,16219.29
9379,4425,99,3,8206.19
9380,4426,1,1,9022.76
9381,4426,55,2,37619.41
9382,4426,18,2,11352.99
9383,4427,51,1,9527.42
9384,4427,17,2,27200.74
9385,4428,24,1,15292.24
9386,4428,1,3,9790.4
9387,4428,45,1,110655.3
9388,4429,4,1,10205.75
9389,4429,23,1,11575.57
9390,4429,80,1,12824.17
9391,4430,54,4,27297.16
9392,4430,51,1,9293.2
9393,4430,61,1,20176.6
9394,4431,76,1,8563.73
9395,4431,69,1,4528.34
9396,4432,85,2,75890.59
9397,4432,14,1,7868.13
9398,4432,27,1,12598.87
9399,4433,30,3,27749.02
9400,4433,97,1,8236.86
9401,4433,70,1,29826.6
9402,4433,71,1,10176.39
9403,4434,26,2,19260.16
9404,4434,14,1,7443.72
9405,4434,88,1,3689.65
9406,4434,62,2,15050.94
9407,4434,52,2,14085.14
9408,4435,27,1,12407.07
9409,4435,1,2,9715.71
9410,4436,89,1,2133.76
9411,4436,26,1,18559.31
9412,4436,72,3,11596.37
9413,4437,65,1,86907.97
9414,4438,74,2,17242.07
9415,4438,82,1,16743.42
9416,4438,91,4,14700.12
9417,4439,5,2,85947.25
9418,4439,49,1,4706.24
9419,4440,14,1,7631.87
9420,4441,84,1,17717.67
9421,4441,29,2,5290.71
9422,4442,4,4,9709.04
9423,4443,2,1,6993.44
9424,4443,47,2,14293.82
9425,4444,100,2,27939.01
9426,4444,51,1,8534.64
9427,4445,54,1,25906.01
9428,4445,21,1,8781.21
9429,4446,34,1,11611.0
9430,4446,95,1,61697.05
9431,4446,94,1,26028.0
9432,4446,93,6,5650.98
9433,4447,4,1,10405.09
9434,4448,4,1,9437.64
9435,4448,24,2,15538.49
9436,4449,4,1,9572.11
9437,4449,71,1,10519.73
9438,4450,76,2,8816.06
9439,4450,62,3,14974.81
9440,4450,89,1,2259.86
9441,4450,67,1,26280.34
9442,4451,58,2,8641.73
9443,4451,1,1,8721.6
9444,4452,87,1,14770.22
9445,4452,27,1,13580.14
9446,4453,74,2,16985.19
9447,4453,14,4,7948.72
9448,4454,38,1,4605.91
9449,4454,86,1,29533.68
9450,4455,44,2,12188.52
9451,4456,100,1,27353.77
9452,4456,16,1,11871.19
9453,4456,86,1,28385.33
9454,4456,72,1,12774.57
9455,4457,23,1,11253.86
9456,4457,59,1,5997.34
9457,4457,77,1,14569.08
9458,4457,24,1,14873.41
9459,4458,26,1,19660.2
9460,4459,55,2,35970.97
9461,4459,84,1,17302.92
9462,4460,63,1,10353.68
9463,4461,46,1,19413.48
9464,4462,88,4,3853.45
9465,4463,13,4,5874.96
9466,4463,70,1,31168.56
9467,4463,100,4,29704.24
9468,4464,2,1,7182.33
9469,4464,24,2,16004.71
9470,4464,93,2,5445.85
9471,4465,96,3,21796.0
9472,4465,63,1,9844.34
9473,4465,24,1,14779.33
9474,4466,96,2,20823.07
9475,4467,83,1,10925.28
9476,4467,91,1,13386.91
9477,4468,23,1,11260.46
9478,4468,9,1,6805.25
9479,4469,12,2,13562.53
9480,4470,16,1,11776.43
9481,4470,44,1,11986.3
9482,4471,76,1,8392.19
9483,4471,2,1,7001.56
9484,4471,29,1,5278.68
9485,4472,48,1,7121.11
9486,4472,46,3,18295.16
9487,4472,79,1,3922.71
9488,4473,49,2,4884.55
9489,4474,65,1,84667.11
9490,4475,31,1,14538.58
9491,4476,84,2,17210.37
9492,4477,12,2,14034.2
9493,4478,61,1,19961.22
9494,4479,51,6,8744.92
9495,4479,88,1,3595.77
9496,4480,11,1,13245.14
9497,4480,85,2,76099.73
9498,4481,34,1,12373.55
9499,4481,10,2,40268.89
9500,4481,40,2,26803.47
9501,4482,81,2,10146.11
9502,4482,40,3,28510.17
9503,4482,14,1,7380.74
9504,4483,95,1,61683.18
9505,4483,24,2,14265.72
9506,4484,36,1,19057.86
9507,4484,40,1,28261.02
9508,4484,76,2,8606.19
9509,4485,12,3,13950.3
9510,4486,93,3,5280.96
9511,4486,74,1,18211.71
9512,4487,20,1,5263.55
9513,4488,21,1,8570.02
9514,4488,58,2,9199.12
9515,4489,76,2,7995.28
9516,4489,41,1,22607.17
9517,4490,37,1,12803.73
9518,4491,26,1,20176.12
9519,4492,45,1,111921.46
9520,4492,88,4,3573.86
9521,4493,22,1,11269.09
9522,4493,74,1,18364.46
9523,4494,34,1,11928.85
9524,4495,14,2,7500.47
9525,4495,68,1,13706.76
9526,4496,28,1,8819.9
9527,4496,76,1,8225.27
9528,4496,55,1,35453.13
9529,4496,21,1,9289.2
9530,4497,76,3,8576.33
9531,4497,34,1,12214.52
9532,4497,45,2,104829.76
9533,4497,41,1,22917.77
9534,4498,82,1,15668.76
9535,4498,55,2,36579.23
9536,4498,24,2,15154.67
9537,4498,94,3,27511.95
9538,4499,71,3,9564.12
9539,4499,92,1,9289.8
9540,4500,12,1,13684.6
9541,4500,24,2,14525.5
9542,4501,71,2,9634.82
9543,4502,14,1,7990.43
9544,4502,73,2,6340.59
9545,4502,26,1,19958.13
9546,4502,84,1,17234.91
9547,4502,20,3,4936.32
9548,4503,74,2,18485.94
9549,4503,72,1,11976.16
9550,4503,100,3,29310.11
9551,4503,51,1,9021.46
9552,4504,85,2,74898.31
9553,4504,81,4,10343.44
9554,4505,71,1,10750.8
9555,4505,75,1,48820.61
9556,4506,47,1,14208.48
9557,4506,84,1,17271.88
9558,4507,21,2,8623.47
9559,4507,92,1,9256.01
9560,4508,23,1,11619.09
9561,4509,1,1,8911.85
9562,4509,2,1,6606.84
9563,4510,7,1,12522.53
9564,4510,55,1,34483.38
9565,4511,22,1,11188.48
9566,4511,86,12,28468.85
9567,4512,65,1,78218.12
9568,4512,61,6,19213.82
9569,4512,26,2,17935.23
9570,4513,3,1,8173.02
9571,4513,95,2,63257.48
9572,4514,47,1,13954.26
9573,4515,20,1,5553.88
9574,4516,49,2,5056.41
9575,4516,2,1,6697.15
9576,4517,55,1,36800.29
9577,4517,67,4,25809.35
9578,4518,29,1,5210.69
9579,4519,1,1,8965.25
9580,4519,85,1,75243.74
9581,4519,24,4,15775.49
9582,4520,90,1,14110.13
9583,4521,54,1,25457.65
9584,4521,34,1,11450.18
9585,4522,41,4,22634.06
9586,4522,99,2,7525.09
9587,4523,52,4,15388.88
9588,4523,95,1,64946.75
9589,4524,34,2,12239.06
9590,4525,23,1,12027.72
9591,4525,90,1,15208.53
9592,4525,33,4,11273.61
9593,4525,69,1,4247.8
9594,4526,67,1,23814.57
9595,4526,75,1,44313.02
9596,4527,14,1,8099.41
9597,4527,55,4,34012.35
9598,4528,47,1,13402.44
9599,4528,24,1,15820.03
9600,4529,78,1,5630.63
9601,4530,52,1,14925.65
9602,4531,34,1,12140.1
9603,4532,15,1,63540.66
9604,4532,32,1,8174.85
9605,4533,22,1,10798.17
9606,4533,46,1,18648.73
9607,4533,75,1,49753.01
9608,4534,8,2,13920.41
9609,4534,62,1,15964.92
9610,4534,24,1,14562.45
9611,4535,54,1,26031.67
9612,4535,18,2,11866.17
9613,4536,100,1,28540.98
9614,4537,74,1,16839.35
9615,4537,24,1,15143.57
9616,4537,23,1,10987.61
9617,4537,83,1,10932.66
9618,4538,81,3,10931.15
9619,4538,74,1,18660.91
9620,4539,87,1,14126.43
9621,4540,29,1,5570.51
9622,4541,61,1,19441.94
9623,4542,73,1,6661.76
9624,4542,54,1,26481.99
9625,4543,62,1,14992.62
9626,4543,95,2,60545.48
9627,4544,14,2,7743.45
9628,4544,5,1,95976.29
9629,4544,66,1,18977.8
9630,4544,22,1,11518.57
9631,4545,14,1,7938.04
9632,4546,14,1,7560.65
9633,4546,10,1,42400.83
9634,4546,2,1,6908.66
9635,4546,36,1,19694.33
9636,4547,16,1,10821.33
9637,4548,43,1,12113.17
9638,4549,52,1,14036.49
9639,4549,72,1,12002.91
9640,4549,18,1,11057.14
9641,4550,92,2,9410.34
9642,4550,39,4,7679.05
9643,4550,85,1,76257.17
9644,4550,83,1,11043.19
9645,4551,62,2,15245.4
9646,4551,23,3,10741.25
9647,4551,26,1,18837.26
9648,4552,88,1,3596.76
9649,4553,51,3,8486.79
9650,4554,71,1,10051.97
9651,4554,23,18,11957.29
9652,4555,76,1,8650.27
9653,4555,23,2,11688.45
9654,4555,85,1,70649.55
9655,4555,74,1,18353.16
9656,4556,100,2,28260.15
9657,4557,84,1,16567.58
9658,4558,3,2,8540.59
9659,4558,68,6,12954.4
9660,4558,4,2,10456.66
9661,4559,46,2,19993.63
9662,4559,4,1,9741.68
9663,4559,85,1,75294.55
9664,4560,76,1,8279.32
9665,4560,65,2,81134.6
9666,4561,5,1,92048.35
9667,4562,7,1,13188.71
9668,4562,69,2,4549.84
9669,4562,98,2,4082.83
9670,4562,52,1,14484.06
9671,4563,24,2,15193.4
9672,4563,14,2,7656.6
9673,4563,15,1,60945.6
9674,4564,54,1,26434.65
9675,4565,100,1,28979.71
9676,4566,68,2,13525.57
9677,4567,74,1,18391.1
9678,4568,27,1,12985.27
9679,4568,32,1,7316.33
9680,4568,85,1,68814.01
9681,4569,26,3,19570.22
9682,4570,89,1,2200.31
9683,4570,36,1,19739.1
9684,4571,32,1,8070.43
9685,4571,34,1,12205.86
9686,4571,12,3,13672.57
9687,4571,14,24,7194.53
9688,4572,69,2,4569.1
9689,4572,29,2,5404.42
9690,4572,51,2,8821.95
9691,4573,12,3,14385.26
9692,4573,35,4,87014.56
9693,4573,5,1,87462.04
9694,4573,4,1,10438.19
9695,4574,23,1,11342.03
9696,4575,37,1,13794.31
9697,4576,64,2,10294.99
9698,4577,26,1,19457.85
9699,4577,2,1,7330.02
9700,4578,73,2,6866.23
9701,4578,38,1,4730.27
9702,4578,42,2,11827.53
9703,4578,30,2,28219.42
9704,4579,92,1,9579.94
9705,4580,95,1,66286.73
9706,4581,21,3,8347.95
9707,4582,14,2,7191.57
9708,4583,1,6,9106.73
9709,4584,64,1,10613.5
9710,4584,51,1,9022.39
9711,4585,55,4,36144.84
9712,4586,70,1,30156.11
9713,4587,54,18,26563.73
9714,4588,86,2,27038.64
9715,4588,74,1,18404.89
9716,4588,76,1,8744.76
9717,4588,23,1,11513.26
9718,4588,31,3,13476.67
9719,4589,63,1,9933.92
9720,4589,1,2,9439.49
9721,4590,71,2,9626.11
9722,4590,63,1,10520.21
9723,4591,34,1,12208.73
9724,4592,55,2,35033.38
9725,4592,54,4,26485.25
9726,4592,29,2,5226.39
9727,4592,85,2,75605.76
9728,4592,91,2,13294.7
9729,4593,33,1,11639.19
9730,4594,30,1,28847.28
9731,4594,83,1,11357.85
9732,4595,51,1,9197.71
9733,4596,38,1,4749.86
9734,4596,14,2,7959.91
9735,4596,12,1,14227.57
9736,4597,34,1,11929.84
9737,4598,1,2,9473.51
9738,4598,76,1,7949.03
9739,4599,18,3,11514.58
9740,4600,22,1,10981.05
9741,4600,81,1,11017.89
9742,4601,70,1,32599.75
9743,4601,67,1,26447.24
9744,4601,72,1,11608.54
9745,4601,89,2,2147.72
9746,4602,40,2,28792.15
9747,4603,40,2,26926.21
9748,4604,61,1,19824.75
9749,4604,11,1,13792.21
9750,4605,71,1,9989.91
9751,4605,33,1,11019.04
9752,4605,84,2,15945.17
9753,4605,70,2,30687.61
9754,4606,68,2,12363.99
9755,4606,84,1,15998.24
9756,4606,91,1,13556.03
9757,4607,30,1,28318.12
9758,4608,40,1,28937.29
9759,4608,52,2,14660.52
9760,4608,95,1,63445.68
9761,4609,18,3,11303.74
9762,4609,14,2,7718.5
9763,4610,19,2,6035.5
9764,4610,95,3,63613.69
9765,4610,51,2,9510.61
9766,4611,14,1,7230.24
9767,4612,36,4,20249.83
9768,4612,1,6,8749.63
9769,4613,65,1,83563.76
9770,4613,12,4,14755.46
9771,4613,73,2,6734.56
9772,4614,90,1,15394.3
9773,4614,51,1,9491.44
9774,4614,5,1,87818.12
9775,4614,34,1,11787.61
9776,4615,52,1,14582.99
9777,4616,40,12,28340.62
9778,4617,73,2,6714.42
9779,4617,2,6,7297.9
9780,4618,36,1,19713.16
9781,4618,89,1,2100.41
9782,4619,83,1,11508.97
9783,4620,40,2,28421.59
9784,4620,74,1,17431.37
9785,4621,51,1,9455.39
9786,4621,75,2,46427.36
9787,4622,3,2,8547.05
9788,4623,5,1,87437.96
9789,4624,4,6,9695.87
9790,4624,71,2,10281.76
9791,4625,71,2,10248.16
9792,4626,14,1,7432.53
9793,4626,71,1,10025.6
9794,4627,28,1,8793.66
9795,4628,86,2,28424.06
9796,4628,52,1,13740.44
9797,4628,72,1,12161.37
9798,4629,22,1,11107.71
9799,4630,46,1,19515.44
9800,4630,74,2,17489.86
9801,4631,91,1,13851.31
9802,4632,5,3,88530.87
9803,4632,63,1,9632.32
9804,4633,26,4,19342.51
9805,4634,72,1,12692.34
9806,4634,48,1,7349.32
9807,4634,55,2,36393.69
9808,4635,42,3,10645.3
9809,4635,86,1,30047.05
9810,4635,99,1,8334.42
9811,4636,51,1,9041.49
9812,4636,74,1,17531.31
9813,4637,33,1,11096.17
9814,4637,24,1,14535.43
9815,4638,46,2,18382.14
9816,4639,94,4,25686.2
9817,4639,55,1,36001.45
9818,4640,85,1,75409.45
9819,4641,23,1,11461.07
9820,4641,67,2,23642.72
9821,4641,93,3,5662.75
9822,4641,21,1,9012.61
9823,4642,70,1,30657.8
9824,4643,81,1,10703.67
9825,4644,4,1,9555.31
9826,4644,58,2,8798.15
9827,4645,22,2,11278.33
9828,4646,61,4,20118.37
9829,4646,34,3,11603.03
9830,4646,48,1,7023.19
9831,4646,55,2,37257.32
9832,4647,1,4,9036.58
9833,4647,43,1,11845.07
9834,4648,91,2,13242.26
9835,4648,16,3,10701.27
9836,4648,81,4,11076.77
9837,4649,81,4,11246.65
9838,4649,63,1,10208.34
9839,4650,8,1,13903.41
9840,4650,54,3,27062.17
9841,4651,80,1,12663.0
9842,4652,24,2,15685.82
9843,4652,2,1,6921.91
9844,4652,65,1,77509.6
9845,4652,49,2,4738.19
9846,4653,61,3,20389.78
9847,4653,85,1,70270.86
9848,4654,16,1,10988.41
9849,4654,84,1,16653.52
9850,4654,45,2,105281.66
9851,4655,85,1,75993.73
9852,4655,84,4,16449.3
9853,4655,7,1,12255.77
9854,4656,66,1,17265.15
9855,4656,23,1,11294.82
9856,4657,14,1,7811.7
9857,4658,90,12,15055.7
9858,4659,67,1,25666.15
9859,4659,54,1,26496.25
9860,4659,76,4,8697.5
9861,4660,81,1,10408.3
9862,4660,71,2,10113.55
9863,4661,46,1,19955.86
9864,4662,73,1,6500.57
9865,4663,41,1,22793.52
9866,4664,100,2,28236.92
9867,4664,94,1,27285.25
9868,4665,44,1,12011.35
9869,4666,55,1,35403.53
9870,4666,93,4,5343.17
9871,4667,54,1,26570.07
9872,4668,23,1,10803.34
9873,4668,45,2,107239.59
9874,4668,91,1,14488.7
9875,4669,90,1,15219.79
9876,4669,94,3,25918.43
9877,4669,46,1,18353.27
9878,4670,32,2,7922.02
9879,4671,76,12,8181.61
9880,4671,75,1,49343.55
9881,4672,14,1,7758.35
9882,4672,71,1,10483.59
9883,4672,29,1,5155.67
9884,4673,62,2,15817.22
9885,4673,45,2,109656.08
9886,4673,14,4,7910.39
9887,4674,20,1,5071.67
9888,4675,84,1,16773.1
9889,4675,70,1,29853.09
9890,4676,82,12,15366.23
9891,4677,72,2,11834.63
9892,4678,65,1,77260.14
9893,4678,92,3,8864.35
9894,4679,74,1,17792.0
9895,4679,83,1,12000.82
9896,4680,46,2,19611.26
9897,4680,20,1,5440.87
9898,4681,71,1,10326.07
9899,4681,81,2,10657.71
9900,4681,86,1,29781.99
9901,4681,55,12,38053.5
9902,4681,5,3,89825.42
9903,4682,62,2,15406.65
9904,4682,2,1,6704.98
9905,4683,31,2,14592.63
9906,4683,91,6,14720.73
9907,4683,38,1,4698.95
9908,4684,20,2,5251.33
9909,4684,72,1,11829.42
9910,4684,34,4,12012.01
9911,4684,31,2,13814.96
9912,4685,76,2,7995.66
9913,4685,39,1,7436.57
9914,4685,26,1,18558.36
9915,4686,7,2,11820.75
9916,4686,31,2,13347.06
9917,4686,52,2,15414.76
9918,4686,14,1,7300.2
9919,4686,20,1,5107.94
9920,4687,93,2,5658.71
9921,4687,78,3,5674.68
9922,4688,40,1,29430.7
9923,4688,5,1,93750.18
9924,4689,93,2,5683.68
9925,4689,85,1,73781.19
9926,4689,24,1,15056.31
9927,4690,55,2,36830.74
9928,4690,72,2,12081.66
9929,4690,38,4,4694.02
9930,4690,66,1,17081.36
9931,4691,90,1,15248.3
9932,4692,59,3,6095.33
9933,4693,85,2,75403.24
9934,4693,38,1,4566.64
9935,4694,80,3,13020.5
9936,4694,26,1,19128.38
9937,4694,14,2,7287.92
9938,4694,3,2,8343.78
9939,4695,15,1,65351.65
9940,4695,82,2,15842.54
9941,4695,19,3,5947.17
9942,4696,37,2,13006.39
9943,4697,67,2,25961.48
9944,4698,95,2,63820.37
9945,4698,3,3,8302.57
9946,4699,40,2,28115.31
9947,4700,26,1,18610.5
9948,4700,38,1,4924.96
9949,4701,83,2,10956.5
9950,4701,42,1,11725.73
9951,4701,17,1,26340.3
9952,4702,15,1,60318.43
9953,4703,99,1,8029.38
9954,4704,62,4,15909.65
9955,4704,32,3,7737.78
9956,4704,55,1,36061.5
9957,4704,7,2,12842.25
9958,4705,21,1,8701.48
9959,4706,51,2,8446.8
9960,4706,5,2,88306.28
9961,4707,14,1,7409.42
9962,4707,91,1,13451.41
9963,4708,65,1,86191.35
9964,4708,29,3,5289.54
9965,4708,33,1,11123.15
9966,4709,2,1,7000.88
9967,4710,95,1,67109.55
9968,4710,92,2,9468.29
9969,4710,51,1,9477.45
9970,4711,87,2,14171.85
9971,4712,34,4,11656.05
9972,4712,11,4,14291.42
9973,4713,89,1,2248.71
9974,4713,12,2,14810.8
9975,4713,48,2,7546.75
9976,4714,88,1,3717.69
9977,4714,85,1,77188.44
9978,4715,94,2,26781.33
9979,4716,85,1,72235.22
9980,4717,8,1,14042.25
9981,4717,38,1,4572.05
9982,4718,21,1,8961.88
9983,4718,23,1,10717.97
9984,4718,40,1,29680.51
9985,4718,86,1,27961.31
9986,4719,51,1,8622.98
9987,4719,86,4,30101.36
9988,4720,24,6,15685.46
9989,4721,99,1,8232.71
9990,4722,51,1,9111.6
9991,4722,32,1,7985.66
9992,4723,53,1,16335.09
9993,4723,7,1,12264.35
9994,4723,37,2,13433.25
9995,4723,32,1,7785.02
9996,4724,64,2,9748.64
9997,4724,36,1,20393.94
9998,4725,12,1,15144.82
9999,4725,36,2,18935.52
10000,4726,85,4,74054.3
10001,4727,56,2,10835.04
10002,4727,32,2,7565.8
10003,4728,2,1,7034.11
10004,4729,59,2,6078.5
10005,4730,46,3,19913.87
10006,4730,81,2,11092.57
10007,4731,51,3,8664.52
10008,4731,22,1,11243.19
10009,4731,34,1,11297.19
10010,4732,14,1,7310.3
10011,4732,25,2,88330.78
10012,4732,26,1,20211.8
10013,4733,14,1,7502.5
10014,4733,31,3,14558.13
10015,4733,4,2,9980.01
10016,4734,27,1,13612.61
10017,4734,81,2,11028.09
10018,4735,12,1,14573.64
10019,4735,72,1,11987.48
10020,4735,4,1,10012.04
10021,4736,49,1,4970.65
10022,4736,4,1,9917.41
10023,4736,24,1,15068.98
10024,4737,5,1,90773.13
10025,4737,46,2,18374.14
10026,4738,47,3,14236.03
10027,4739,59,1,6690.01
10028,4740,4,1,9832.49
10029,4741,14,3,7734.79
10030,4742,7,1,12294.64
10031,4742,12,1,13755.48
10032,4742,23,1,10725.46
10033,4743,30,1,29005.46
10034,4743,76,1,8295.26
10035,4743,85,1,74578.99
10036,4743,36,2,18230.12
10037,4744,35,1,93972.62
10038,4744,34,1,11150.28
10039,4745,4,1,10025.84
10040,4745,20,1,5063.51
10041,4746,7,1,13148.7
10042,4746,23,1,11102.65
10043,4746,26,3,18182.56
10044,4747,65,1,83823.18
10045,4748,3,2,8357.11
10046,4748,23,1,10700.16
10047,4748,12,1,13764.87
10048,4748,56,1,11264.8
10049,4749,59,1,6685.18
10050,4750,35,6,83473.22
10051,4750,4,1,9821.51
10052,4751,63,1,9662.51
10053,4751,47,1,13285.59
10054,4752,24,1,16092.72
10055,4753,88,1,4027.1
10056,4753,35,1,93807.66
10057,4753,21,1,8904.52
10058,4753,82,1,16863.01
10059,4754,55,1,34517.71
10060,4754,45,1,112867.65
10061,4754,37,2,12537.33
10062,4754,62,1,15000.45
10063,4755,59,1,6393.2
10064,4755,95,1,61516.66
10065,4756,56,1,11526.14
10066,4756,14,1,7252.97
10067,4756,66,1,17192.62
10068,4756,54,1,26468.33
10069,4757,40,4,27463.1
10070,4758,29,1,5627.49
10071,4758,46,1,19173.2
10072,4759,63,1,9686.77
10073,4759,55,2,38028.8
10074,4760,61,1,19046.15
10075,4760,4,1,9862.63
10076,4760,55,2,35992.54
10077,4760,1,1,9586.08
10078,4761,27,1,12825.86
10079,4761,14,1,7443.02
10080,4761,67,2,26278.24
10081,4762,37,1,12605.06
10082,4763,73,2,6326.52
10083,4764,28,1,8667.5
10084,4764,63,1,10399.45
10085,4765,22,2,11674.93
10086,4765,55,1,38021.13
10087,4765,2,2,6880.51
10088,4765,69,4,4410.51
10089,4766,12,1,13877.17
10090,4766,74,1,17757.55
10091,4767,61,1,20369.01
10092,4767,24,1,15186.71
10093,4768,85,1,72900.7
10094,4769,55,1,36712.18
10095,4770,57,1,30306.32
10096,4770,88,1,3856.66
10097,4770,36,1,19959.69
10098,4771,83,1,10834.99
10099,4771,36,1,19470.26
10100,4771,85,3,75884.43
10101,4772,36,1,18405.36
10102,4772,27,4,13142.58
10103,4772,16,2,11412.06
10104,4773,54,1,27565.48
10105,4773,29,1,5052.83
10106,4774,12,1,13873.81
10107,4775,23,3,10895.23
10108,4775,65,1,86283.35
10109,4775,7,1,12039.3
10110,4776,24,1,15243.87
10111,4777,40,1,28885.98
10112,4778,26,1,20100.45
10113,4778,85,2,73192.24
10114,4779,27,12,13053.33
10115,4779,19,6,5780.1
10116,4779,85,1,76664.57
10117,4780,100,2,28889.04
10118,4781,71,1,9557.95
10119,4782,55,1,35883.07
10120,4783,30,4,26970.57
10121,4783,22,6,10543.86
10122,4784,68,1,13214.1
10123,4784,14,1,7618.59
10124,4784,38,1,4897.54
10125,4784,49,1,4769.54
10126,4785,84,1,16717.06
10127,4785,27,1,12492.05
10128,4786,49,1,5070.65
10129,4786,15,1,60062.62
10130,4787,4,1,10081.85
10131,4788,99,3,7709.75
10132,4788,26,4,20100.04
10133,4788,2,3,7294.76
10134,4788,21,1,9249.3
10135,4789,47,2,14191.4
10136,4790,81,1,10065.33
10137,4791,24,1,15224.36
10138,4792,70,1,29483.84
10139,4792,88,1,3973.78
10140,4792,1,1,9509.88
10141,4792,45,2,113619.93
10142,4793,83,1,11094.34
10143,4794,66,2,17025.68
10144,4795,91,1,14720.66
10145,4795,61,1,19445.61
10146,4795,4,2,9394.13
10147,4796,65,2,78974.23
10148,4796,56,1,10363.22
10149,4796,18,3,11273.15
10150,4797,20,1,5185.99
10151,4797,89,2,2089.94
10152,4798,94,4,26705.84
10153,4798,14,1,7922.19
10154,4798,84,1,17129.38
10155,4798,90,1,15271.46
10156,4798,80,1,11619.21
10157,4799,51,6,9351.49
10158,4799,21,6,8371.67
10159,4800,80,1,12073.04
10160,4801,85,4,70033.35
10161,4802,64,3,9711.55
10162,4802,6,1,37912.43
10163,4803,39,1,8104.86
10164,4803,76,1,8132.39
10165,4804,32,1,7356.41
10166,4804,17,1,28604.21
10167,4804,21,1,9247.72
10168,4805,52,1,14001.03
10169,4805,89,1,2123.94
10170,4805,74,1,17255.46
10171,4806,36,4,19889.01
10172,4806,76,1,7894.0
10173,4806,71,1,10247.85
10174,4807,17,1,26733.64
10175,4808,27,1,12881.96
10176,4808,60,1,8581.38
10177,4808,88,2,3840.65
10178,4808,23,2,11258.88
10179,4809,76,1,8316.61
10180,4810,86,18,29220.57
10181,4810,22,1,11762.89
10182,4811,19,1,5760.74
10183,4812,17,1,28723.71
10184,4813,59,2,6487.31
10185,4813,33,1,10797.1
10186,4814,3,1,8330.34
10187,4814,94,2,27340.24
10188,4815,31,3,14262.4
10189,4815,67,2,26418.27
10190,4816,22,2,11635.04
10191,4816,52,24,14743.23
10192,4817,2,1,6857.49
10193,4818,83,2,10809.65
10194,4818,21,1,8865.44
10195,4819,22,1,10992.44
10196,4819,68,3,12724.96
10197,4819,95,1,65947.95
10198,4820,14,2,8063.66
10199,4820,2,3,6612.59
10200,4821,20,1,5517.85
10201,4821,42,1,11879.64
10202,4822,16,3,11156.13
10203,4823,72,1,11961.75
10204,4824,100,4,28012.64
10205,4824,92,3,9187.5
10206,4824,34,1,11917.03
10207,4824,49,2,5108.74
10208,4824,29,2,5562.52
10209,4825,29,2,5439.98
10210,4825,86,2,27113.49
10211,4825,52,4,15308.52
10212,4826,4,2,10285.38
10213,4826,17,2,27606.08
10214,4827,2,1,6595.36
10215,4828,91,3,14808.95
10216,4828,76,1,7876.61
10217,4829,37,6,12492.11
10218,4829,33,2,10799.74
10219,4829,89,1,2135.06
10220,4830,14,2,7752.92
10221,4830,78,1,6187.37
10222,4830,91,1,13454.68
10223,4831,45,1,111001.89
10224,4831,1,6,8874.0
10225,4832,4,2,10395.04
10226,4832,87,1,14801.4
10227,4832,2,2,7168.57
10228,4833,43,1,11997.69
10229,4833,85,1,72075.77
10230,4833,24,1,15287.68
10231,4834,4,2,9707.65
10232,4835,46,2,18396.74
10233,4836,76,1,8423.86
10234,4836,2,4,7099.26
10235,4836,22,2,11714.33
10236,4837,54,1,26767.12
10237,4838,64,1,9863.13
10238,4838,46,1,20332.62
10239,4838,34,2,11383.96
10240,4838,1,4,9354.68
10241,4838,54,1,26917.02
10242,4839,51,1,9352.29
10243,4839,55,2,36080.88
10244,4839,74,1,16784.26
10245,4840,97,1,7623.98
10246,4840,87,1,14990.16
10247,4840,76,1,8793.99
10248,4841,62,2,15180.42
10249,4842,26,1,19660.2
10250,4843,86,2,27642.8
10251,4844,55,1,35596.78
10252,4844,62,2,15952.55
10253,4844,31,2,14257.45
10254,4844,48,1,7331.85
10255,4845,55,2,35757.98
10256,4845,11,4,14099.42
10257,4846,16,2,11307.47
10258,4846,72,1,12103.35
10259,4846,4,1,10104.49
10260,4847,58,2,8527.75
10261,4847,4,2,10455.44
10262,4848,82,1,16957.26
10263,4848,3,1,8811.68
10264,4848,26,1,18076.53
10265,4849,55,2,37574.32
10266,4850,7,1,12752.79
10267,4851,85,2,73798.31
10268,4852,34,2,11351.45
10269,4852,2,1,7107.85
10270,4853,48,1,6862.85
10271,4854,38,1,5106.21
10272,4855,14,1,7917.51
10273,4855,7,2,11754.77
10274,4856,14,3,7447.98
10275,4857,69,1,4723.5
10276,4857,50,2,33593.98
10277,4857,29,1,5560.31
10278,4858,60,2,8220.57
10279,4858,12,6,13962.42
10280,4858,76,2,8168.95
10281,4859,59,1,6172.14
10282,4860,93,6,5283.61
10283,4861,42,3,11776.31
10284,4862,57,1,27328.7
10285,4862,74,2,18605.84
10286,4863,7,1,12836.64
10287,4863,71,2,10446.94
10288,4864,22,6,11448.32
10289,4864,84,3,16192.13
10290,4864,69,1,4721.8
10291,4865,74,1,17202.82
10292,4865,81,1,10178.7
10293,4865,46,3,20324.83
10294,4865,7,1,13150.47
10295,4866,56,1,11465.64
10296,4866,22,1,11815.39
10297,4867,42,2,11061.19
10298,4868,67,1,26451.96
10299,4869,4,1,9632.09
10300,4869,97,1,8111.55
10301,4869,62,1,15826.95
10302,4869,90,1,15396.11
10303,4870,74,1,17878.51
10304,4871,30,1,27041.92
10305,4872,21,2,9256.5
10306,4873,80,1,11711.44
10307,4873,29,2,5619.55
10308,4874,4,18,10151.17
10309,4874,72,1,12195.39
10310,4875,54,1,26916.7
10311,4875,85,1,71611.59
10312,4875,5,2,92308.56
10313,4875,68,1,13034.07
10314,4876,88,1,3617.13
10315,4877,58,3,9118.72
10316,4878,94,1,25739.19
10317,4879,55,1,35217.62
10318,4880,31,1,14854.8
10319,4880,61,4,20104.06
10320,4881,42,1,11260.99
10321,4881,84,6,16544.24
10322,4881,22,1,10574.99
10323,4882,90,1,13858.34
10324,4883,27,3,13416.59
10325,4883,36,1,20396.74
10326,4883,75,1,47057.2
10327,4883,52,3,15240.18
10328,4884,73,1,6717.78
10329,4884,64,1,10520.67
10330,4884,55,1,36055.67
10331,4884,82,18,15349.88
10332,4885,48,2,7050.79
10333,4885,70,1,32590.45
10334,4886,34,1,11939.94
10335,4887,26,2,20122.56
10336,4887,1,4,9834.26
10337,4887,81,1,10450.34
10338,4887,40,1,29107.44
10339,4888,71,1,10497.12
10340,4888,68,1,13245.93
10341,4889,75,2,44345.92
10342,4889,51,1,9231.23
10343,4890,54,3,28068.3
10344,4890,33,2,11789.48
10345,4891,36,1,19820.31
10346,4891,26,1,19558.15
10347,4892,45,1,115351.48
10348,4892,83,1,11837.76
10349,4892,25,3,90792.81
10350,4893,2,1,7173.17
10351,4894,76,2,8658.22
10352,4894,93,2,5549.77
10353,4894,49,2,4973.68
10354,4894,42,1,12000.6
10355,4895,58,2,8995.37
10356,4896,85,2,71801.14
10357,4896,29,3,5157.31
10358,4897,67,4,24675.91
10359,4898,64,3,10313.6
10360,4898,52,1,14820.85
10361,4899,66,1,17016.37
10362,4899,33,1,10740.55
10363,4899,100,2,27918.84
10364,4900,22,1,10903.24
10365,4900,76,1,8572.24
10366,4901,85,2,76054.98
10367,4901,4,1,10300.0
10368,4901,58,2,8737.48
10369,4901,81,3,10062.48
10370,4902,85,1,76627.15
10371,4902,34,1,11884.73
10372,4902,26,1,19620.15
10373,4902,82,1,16535.94
10374,4903,74,2,18132.49
10375,4904,87,2,13897.76
10376,4905,65,2,82764.18
10377,4905,4,2,10009.38
10378,4906,4,1,10005.54
10379,4906,48,1,7219.47
10380,4907,51,1,9164.89
10381,4908,70,3,32206.06
10382,4909,32,2,8001.57
10383,4909,24,1,15403.47
10384,4910,76,1,8591.54
10385,4911,83,1,11635.87
10386,4912,42,1,11037.2
10387,4912,6,1,41564.44
10388,4912,63,2,10194.53
10389,4913,17,1,28039.88
10390,4913,27,1,13860.2
10391,4914,2,4,6532.16
10392,4915,1,1,9155.3
10393,4915,18,4,11555.29
10394,4915,95,1,65124.15
10395,4916,96,1,22367.52
10396,4917,80,2,11611.76
10397,4917,48,1,7250.28
10398,4918,46,3,20336.92
10399,4919,74,3,17823.82
10400,4919,44,4,11588.66
10401,4920,11,6,14233.35
10402,4921,22,2,10651.0
10403,4922,35,3,90559.03
10404,4923,96,1,21291.92
10405,4923,91,2,13935.14
10406,4924,52,1,15230.41
10407,4924,40,2,28812.66
10408,4925,99,3,7717.35
10409,4926,74,2,17741.45
10410,4926,63,4,10042.61
10411,4926,75,1,49803.67
10412,4926,2,3,6797.9
10413,4926,61,3,18594.4
10414,4927,15,1,65441.98
10415,4927,74,1,17284.23
10416,4928,88,1,3575.96
10417,4928,81,2,10960.07
10418,4928,33,1,11540.38
10419,4929,45,3,106594.87
10420,4930,65,1,85141.13
10421,4930,54,3,25428.11
10422,4930,88,1,3821.39
10423,4931,93,1,5667.26
10424,4931,32,2,7271.03
10425,4932,54,3,25579.21
10426,4932,85,2,74029.32
10427,4933,52,3,13913.87
10428,4933,31,4,14104.85
10429,4933,95,1,65349.81
10430,4934,95,3,59916.25
10431,4934,8,1,13944.01
10432,4934,26,2,19580.26
10433,4934,76,3,8284.02
10434,4935,91,2,14643.8
10435,4935,4,2,9567.54
10436,4935,21,3,8792.17
10437,4936,59,2,6229.76
10438,4936,42,1,10682.61
10439,4936,86,1,28511.86
10440,4936,47,1,12884.91
10441,4937,12,1,15079.23
10442,4938,46,2,19260.63
10443,4939,29,1,5185.21
10444,4939,76,4,8389.38
10445,4940,14,1,7877.2
10446,4941,46,1,20414.44
10447,4941,54,4,25989.58
10448,4942,84,1,16142.32
10449,4942,2,1,7273.82
10450,4942,12,1,13805.96
10451,4942,49,2,5087.97
10452,4943,71,2,10169.78
10453,4943,74,1,17079.78
10454,4944,4,1,10164.73
10455,4945,45,1,111935.32
10456,4945,81,1,10711.94
10457,4946,91,2,13566.85
10458,4947,22,4,11478.14
10459,4947,54,1,25607.96
10460,4947,12,4,14984.32
10461,4947,85,3,69153.78
10462,4948,52,2,14356.6
10463,4948,74,2,18665.94
10464,4949,95,2,62534.06
10465,4949,84,1,16835.87
10466,4950,94,3,26390.96
10467,4951,42,3,11870.22
10468,4951,84,2,17065.07
10469,4952,52,1,15141.81
10470,4952,42,2,11919.9
10471,4952,76,2,8739.59
10472,4953,22,6,10575.36
10473,4954,89,1,2297.55
10474,4955,26,1,19979.26
10475,4955,70,1,32184.01
10476,4955,34,1,11031.64
10477,4956,67,1,26471.65
10478,4957,5,1,90686.98
10479,4958,54,1,27579.45
10480,4959,26,1,18217.2
10481,4959,22,1,11885.81
10482,4959,14,6,7324.65
10483,4960,21,1,9097.26
10484,4961,90,1,15199.63
10485,4962,27,1,13485.33
10486,4962,62,1,14915.25
10487,4962,1,1,9365.91
10488,4963,79,3,4047.71
10489,4963,100,2,29009.59
10490,4963,7,2,11922.15
10491,4964,72,1,11903.31
10492,4964,20,2,5073.08
10493,4964,23,2,11439.07
10494,4965,60,2,8660.0
10495,4965,91,3,14388.63
10496,4965,61,1,18339.24
10497,4966,76,1,8107.19
10498,4966,99,1,7763.94
10499,4966,29,1,5663.53
10500,4967,67,1,25546.02
10501,4967,40,3,27992.3
10502,4967,74,1,17957.76
10503,4967,84,1,16189.62
10504,4968,36,1,19628.02
10505,4969,37,2,13804.64
10506,4969,81,1,10040.73
10507,4970,2,3,7050.42
10508,4971,59,1,6382.35
10509,4972,32,1,7892.9
10510,4972,21,1,8499.45
10511,4972,14,2,8019.99
10512,4972,4,1,9621.18
10513,4973,94,2,27809.97
10514,4973,59,1,6500.61
10515,4973,77,2,15302.95
10516,4974,91,1,13269.01
10517,4974,69,2,4237.9
10518,4974,24,2,14963.91
10519,4974,31,1,14657.27
10520,4975,88,1,3862.57
10521,4976,38,1,4548.47
10522,4977,100,1,29237.29
10523,4977,84,1,16529.69
10524,4978,61,1,19979.17
10525,4978,38,4,4951.63
10526,4978,64,2,9572.13
10527,4979,26,1,19536.44
10528,4980,94,1,25705.74
10529,4980,46,1,19685.93
10530,4981,21,2,8839.04
10531,4982,4,2,10052.36
10532,4982,2,1,7131.77
10533,4983,26,1,19433.38
10534,4983,38,1,4911.32
10535,4984,91,1,13949.73
10536,4985,31,1,13732.64
10537,4985,46,1,19828.4
10538,4985,8,2,13814.35
10539,4986,23,1,11290.55
10540,4986,18,1,11866.21
10541,4987,88,1,3588.64
10542,4987,61,3,19614.54
10543,4988,13,1,6327.04
10544,4988,34,3,11981.06
10545,4988,22,4,11440.72
10546,4988,2,4,7213.09
10547,4989,14,4,7741.84
10548,4989,86,1,29948.1
10549,4990,51,2,9456.91
10550,4990,36,1,20350.7
10551,4991,78,1,6289.02
10552,4992,34,3,11324.95
10553,4992,14,1,7258.02
10554,4993,86,2,29307.96
10555,4993,3,1,8639.16
10556,4993,88,1,3708.77
10557,4993,70,1,30925.61
10558,4994,4,1,9647.43
10559,4994,30,4,29029.34
10560,4994,76,4,8439.32
10561,4995,83,2,10697.55
10562,4996,74,4,17955.11
10563,4996,14,2,7233.86
10564,4996,3,1,7868.46
10565,4996,87,1,15283.24
10566,4997,74,2,18602.21
10567,4997,83,2,11538.98
10568,4997,91,1,14331.65
10569,4998,14,3,7409.59
10570,4998,52,2,14543.62
10571,4998,81,1,10624.51
10572,4999,74,1,17970.84
10573,4999,90,2,14618.92
10574,5000,34,1,11517.23
10575,5001,14,4,7221.56
10576,5002,30,3,26245.54
10577,5003,14,2,7721.58
10578,5003,18,1,11174.91
10579,5004,84,1,16770.68
10580,5004,88,3,3699.47
10581,5004,86,1,28755.13
10582,5005,40,1,27543.04
10583,5005,80,1,11631.01
10584,5006,89,1,2265.65
10585,5007,88,1,3590.47
10586,5008,14,3,7420.42
10587,5009,65,1,84342.95
10588,5009,2,1,7323.73
10589,5010,16,1,11957.52
10590,5011,17,1,26737.47
10591,5011,60,3,8404.66
10592,5012,76,1,7890.5
10593,5013,38,1,4876.13
10594,5014,80,2,12167.34
10595,5014,40,2,27467.5
10596,5014,48,2,7561.85
10597,5015,55,1,34713.43
10598,5015,51,1,9445.54
10599,5016,31,2,14199.37
10600,5016,57,2,27159.76
10601,5016,83,2,10726.57
10602,5017,80,1,12654.26
10603,5017,67,2,25605.17
10604,5017,24,1,14258.75
10605,5017,29,1,5226.32
10606,5018,24,2,15974.03
10607,5019,77,1,15473.83
10608,5020,66,2,17370.86
10609,5020,71,2,10658.61
10610,5020,54,1,28095.92
10611,5021,37,1,13754.25
10612,5021,85,1,74608.45
10613,5022,74,4,18016.9
10614,5022,70,1,29997.07
10615,5022,61,2,18763.41
10616,5023,34,1,11622.78
10617,5024,84,1,16229.08
10618,5025,26,2,19622.95
10619,5026,85,1,75928.89
10620,5027,63,1,9921.28
10621,5027,65,1,79581.53
10622,5027,43,1,12449.49
10623,5028,9,1,6729.55
10624,5029,24,2,14866.93
10625,5030,61,12,19194.54
10626,5031,21,6,8746.44
10627,5032,82,2,16415.55
10628,5032,63,1,9979.92
10629,5033,46,2,20239.44
10630,5033,35,2,93249.47
10631,5034,31,2,14867.8
10632,5034,71,1,10515.65
10633,5035,40,3,29079.6
10634,5035,49,1,5058.85
10635,5035,15,1,63053.49
10636,5036,88,1,3620.63
10637,5036,87,2,15264.74
10638,5037,68,1,12823.12
10639,5037,36,1,19482.5
10640,5038,34,1,11902.68
10641,5039,93,1,5416.04
10642,5040,35,1,83207.2
10643,5040,48,1,6811.86
10644,5041,71,1,9991.14
10645,5041,47,18,14069.71
10646,5042,94,2,26801.98
10647,5042,46,3,19930.44
10648,5043,95,1,59934.91
10649,5043,55,2,34200.02
10650,5044,42,1,10697.04
10651,5045,7,1,12919.92
10652,5046,58,1,9038.64
10653,5047,85,1,73962.07
10654,5048,40,2,29275.96
10655,5048,20,3,5447.46
10656,5048,51,1,8458.31
10657,5048,30,1,28827.06
10658,5049,5,2,86865.05
10659,5050,75,1,46914.65
10660,5050,71,1,9683.54
10661,5050,49,1,4956.82
10662,5050,67,1,26298.83
10663,5050,14,12,7851.58
10664,5051,61,1,19183.8
10665,5052,71,1,10103.97
10666,5053,74,4,16716.99
10667,5054,14,1,7843.59
10668,5054,73,1,6423.31
10669,5055,66,2,18805.47
10670,5056,84,1,17116.63
10671,5057,36,1,20277.95
10672,5057,95,2,60965.49
10673,5058,16,2,11256.48
10674,5058,37,1,13097.16
10675,5059,4,1,10241.98
10676,5060,67,1,24056.05
10677,5060,44,1,12255.94
10678,5060,40,1,27112.07
10679,5061,59,2,6268.63
10680,5061,18,1,11934.07
10681,5062,21,1,8755.49
10682,5063,51,3,8729.75
10683,5064,21,1,8476.51
10684,5064,95,12,59938.47
10685,5064,68,2,13849.06
10686,5065,54,1,27237.75
10687,5065,38,1,4995.16
10688,5066,62,1,14335.85
10689,5066,3,2,8080.53
10690,5066,74,1,17751.56
10691,5067,86,4,30093.51
10692,5068,85,1,70014.22
10693,5068,34,1,12071.4
10694,5069,73,2,6183.8
10695,5070,12,1,14146.34
10696,5071,66,1,17851.82
10697,5071,56,1,11205.38
10698,5072,61,2,20373.42
10699,5072,83,2,11332.74
10700,5073,29,1,5206.01
10701,5074,62,1,15748.78
10702,5074,20,2,5541.57
10703,5075,31,3,14878.27
10704,5075,66,1,18215.05
10705,5076,17,1,28558.54
10706,5076,74,1,17476.69
10707,5076,57,4,29379.92
10708,5077,14,1,7640.16
10709,5078,56,6,10568.18
10710,5079,14,1,7301.38
10711,5080,88,2,3641.03
10712,5081,42,1,11070.62
10713,5082,34,1,11979.17
10714,5083,58,2,9130.65
10715,5084,18,1,12069.16
10716,5084,38,2,4936.43
10717,5084,29,2,5513.64
10718,5084,86,4,27512.16
10719,5085,75,1,48785.05
10720,5085,67,2,24352.74
10721,5085,46,2,18346.54
10722,5085,21,12,9274.94
10723,5086,75,1,46031.68
10724,5086,2,1,7070.61
10725,5087,68,1,13870.95
10726,5088,4,3,10054.51
10727,5089,22,1,11689.22
10728,5089,20,1,5278.14
10729,5089,14,2,7719.8
10730,5090,74,2,17224.01
10731,5090,85,1,70261.02
10732,5091,14,1,7419.54
10733,5092,90,2,14625.02
10734,5093,24,2,15155.6
10735,5094,88,1,3952.12
10736,5095,85,6,70056.45
10737,5095,2,1,7105.97
10738,5095,81,1,10662.95
10739,5096,24,1,14600.67
10740,5097,98,2,3708.34
10741,5098,68,12,12314.43
10742,5098,48,1,7223.53
10743,5098,94,2,26576.29
10744,5099,65,1,83499.48
10745,5099,31,2,14260.42
10746,5100,65,1,77201.93
10747,5101,59,1,6146.29
10748,5101,40,2,29400.76
10749,5101,70,1,31634.29
10750,5102,91,1,14054.22
10751,5102,31,1,14586.31
10752,5102,55,4,35169.63
10753,5103,63,1,10449.91
10754,5103,14,1,7832.38
10755,5104,74,3,17125.95
10756,5105,40,1,28075.99
10757,5105,67,1,25890.98
10758,5105,69,2,4545.96
10759,5106,88,1,3830.74
10760,5106,75,3,44379.83
10761,5107,4,1,10114.83
10762,5108,61,1,18572.1
10763,5108,32,1,7716.36
10764,5108,46,1,18205.6
10765,5108,55,4,37670.48
10766,5108,36,18,20083.88
10767,5109,88,3,3867.49
10768,5109,45,4,106634.87
10769,5109,89,1,2248.34
10770,5109,4,3,10200.75
10771,5110,29,1,5535.88
10772,5110,72,2,12305.2
10773,5110,51,1,9485.3
10774,5111,95,1,60591.04
10775,5111,76,2,8621.27
10776,5111,31,2,14475.25
10777,5111,18,1,11056.02
10778,5111,7,2,12681.72
10779,5112,83,2,10691.45
10780,5112,47,1,13368.78
10781,5113,4,1,10135.18
10782,5113,76,2,8094.15
10783,5113,82,2,15146.44
10784,5114,25,1,90831.54
10785,5114,4,2,10091.71
10786,5114,35,1,88190.25
10787,5115,74,1,17165.05
10788,5115,84,1,17760.36
10789,5116,34,1,11751.3
10790,5116,12,1,14936.46
10791,5116,45,1,113198.33
10792,5117,8,1,12917.32
10793,5117,82,1,15591.81
10794,5118,71,1,10223.53
10795,5118,40,2,26376.5
10796,5118,96,1,22207.47
10797,5119,34,3,11139.93
10798,5120,76,2,8430.26
10799,5120,2,1,6581.12
10800,5121,72,2,12474.67
10801,5121,74,2,17752.71
10802,5121,17,1,25665.98
10803,5122,100,1,28774.72
10804,5123,8,1,12519.35
10805,5124,38,1,4543.6
10806,5124,73,1,6557.61
10807,5124,35,1,92465.63
10808,5125,57,1,29669.09
10809,5126,31,1,13628.35
10810,5126,84,1,16590.98
10811,5127,88,1,3994.67
10812,5128,24,1,15415.05
10813,5128,2,1,7080.28
10814,5129,96,1,21815.53
10815,5129,2,1,6797.69
10816,5130,21,3,9202.61
10817,5130,15,1,63470.95
10818,5131,71,3,9693.63
10819,5132,17,1,26995.85
10820,5132,90,4,13857.69
10821,5133,83,18,11696.1
10822,5133,18,1,11703.55
10823,5133,75,6,48523.21
10824,5134,74,1,18186.31
10825,5134,17,1,28528.61
10826,5135,2,1,7158.33
10827,5135,82,4,16034.36
10828,5135,43,2,13344.08
10829,5136,38,1,4754.18
10830,5136,46,1,18542.12
10831,5136,22,4,11739.89
10832,5137,77,2,15655.15
10833,5137,24,2,14717.24
10834,5138,63,1,10573.85
10835,5138,22,2,11184.38
10836,5138,51,1,9096.11
10837,5139,1,1,9548.49
10838,5140,3,1,8134.5
10839,5140,48,3,7136.42
10840,5140,64,3,10438.6
10841,5141,26,1,19313.1
10842,5141,22,2,11196.58
10843,5141,52,3,15355.42
10844,5141,27,1,12853.18
10845,5142,67,1,25895.85
10846,5142,35,1,88627.53
10847,5142,58,1,8562.72
10848,5142,100,3,29394.48
10849,5143,52,12,13897.06
10850,5144,36,4,18876.86
10851,5144,49,2,4969.64
10852,5145,2,1,6816.94
10853,5146,74,1,17120.42
10854,5146,82,6,16299.58
10855,5146,21,2,8247.87
10856,5146,59,1,6285.86
10857,5147,23,1,11577.49
10858,5147,34,1,12179.23
10859,5147,84,1,16470.45
10860,5147,48,1,7107.24
10861,5148,1,3,9809.75
10862,5149,84,1,16091.44
10863,5149,34,1,12269.98
10864,5149,14,1,7454.45
10865,5150,18,2,12028.87
10866,5150,26,6,19016.86
10867,5150,85,2,76250.31
10868,5151,73,1,6324.84
10869,5152,63,3,10400.51
10870,5153,12,1,15005.26
10871,5154,54,3,26580.66
10872,5154,57,1,28249.84
10873,5155,61,1,19976.15
10874,5155,81,1,10105.02
10875,5156,46,1,18127.6
10876,5156,68,1,13431.14
10877,5156,71,3,10572.04
10878,5157,69,2,4332.7
10879,5158,1,1,8922.0
10880,5159,95,2,66695.63
10881,5159,54,1,28054.47
10882,5160,82,1,16039.5
10883,5160,26,2,18628.64
10884,5161,4,2,10068.92
10885,5161,23,2,10852.84
10886,5161,87,2,15367.62
10887,5161,37,2,13597.69
10888,5161,74,1,16860.08
10889,5162,58,6,8661.25
10890,5162,86,2,27065.22
10891,5163,86,4,28017.5
10892,5163,88,2,3580.47
10893,5163,54,1,27690.25
10894,5164,95,3,62394.64
10895,5164,21,1,9010.04
10896,5165,76,1,8792.01
10897,5165,84,1,17775.39
10898,5166,34,2,12203.91
10899,5166,76,2,8665.91
10900,5166,32,2,7824.07
10901,5167,61,3,20223.98
10902,5167,81,1,10224.07
10903,5167,38,2,4910.49
10904,5168,34,1,12345.0
10905,5168,88,1,3762.4
10906,5168,90,2,14124.27
10907,5169,38,1,5019.72
10908,5169,4,1,9433.18
10909,5169,34,1,11270.54
10910,5170,81,1,10601.94
10911,5170,55,1,34853.35
10912,5171,17,1,27456.79
10913,5171,8,3,13318.18
10914,5171,74,2,17573.67
10915,5172,25,1,89073.2
10916,5173,26,4,19438.65
10917,5174,88,4,3929.48
10918,5174,73,2,6731.28
10919,5175,1,1,9362.57
10920,5175,43,2,12889.8
10921,5176,69,1,4525.6
10922,5177,46,1,19392.26
10923,5177,12,1,14812.42
10924,5177,19,1,6132.22
10925,5178,88,2,3659.4
10926,5179,4,3,9998.93
10927,5179,64,2,10252.99
10928,5179,76,1,8279.16
10929,5180,54,1,27499.55
10930,5180,38,1,4679.38
10931,5180,86,2,28897.98
10932,5180,74,1,17758.25
10933,5181,1,3,9310.03
10934,5182,94,1,27769.61
10935,5183,51,1,8678.52
10936,5183,55,6,34575.84
10937,5184,76,1,8279.55
10938,5184,91,3,13147.51
10939,5185,81,1,10837.16
10940,5185,83,1,11941.88
10941,5186,65,3,83991.11
10942,5187,54,24,28036.91
10943,5187,71,1,10605.91
10944,5188,56,2,10547.43
10945,5188,94,2,28419.85
10946,5189,24,2,15280.7
10947,5190,5,1,88391.99
10948,5190,51,18,8991.8
10949,5191,74,1,17166.64
10950,5192,88,1,3617.21
10951,5192,14,1,7897.89
10952,5192,52,1,14480.69
10953,5193,51,1,9447.51
10954,5194,4,1,9816.09
10955,5195,87,1,14201.27
10956,5196,9,2,6771.11
10957,5196,95,2,65991.48
10958,5197,15,12,64584.48
10959,5198,88,1,3880.81
10960,5198,24,6,14447.28
10961,5199,87,2,14374.82
10962,5200,55,1,34652.48
10963,5200,63,1,10300.96
10964,5200,30,1,26052.59
10965,5200,82,1,16077.17
10966,5201,97,2,7918.0
10967,5201,100,1,28518.96
10968,5201,14,6,8103.17
10969,5201,22,1,11490.77
10970,5202,2,3,6530.27
10971,5203,26,2,17892.16
10972,5203,96,2,21490.77
10973,5203,40,1,26816.85
10974,5203,67,2,26022.1
10975,5204,12,1,13607.11
10976,5204,34,1,11455.25
10977,5204,65,1,81665.71
10978,5204,8,2,13857.2
10979,5205,100,1,28024.56
10980,5205,62,1,14482.01
10981,5206,4,1,10420.36
10982,5207,76,1,8305.77
10983,5208,63,1,10266.74
10984,5208,24,4,14399.16
10985,5208,54,1,28325.67
10986,5208,95,2,62664.86
10987,5208,52,2,13927.7
10988,5209,51,2,8771.73
10989,5210,55,1,35795.36
10990,5210,89,1,2296.85
10991,5210,12,1,15104.19
10992,5210,43,1,12584.72
10993,5211,74,1,18582.88
10994,5211,52,6,14576.4
10995,5212,72,12,12758.79
10996,5212,63,2,9614.64
10997,5213,35,3,93853.34
10998,5214,88,1,3753.71
10999,5215,96,1,20108.67
11000,5215,53,2,16119.72
11001,5216,94,1,27606.82
11002,5217,26,2,19752.19
11003,5217,72,1,11541.44
11004,5217,66,1,16931.99
11005,5218,33,1,11139.25
11006,5218,42,4,11227.57
11007,5219,66,1,17707.11
11008,5219,22,1,10642.11
11009,5219,1,3,9358.83
11010,5220,56,1,10601.56
11011,5221,7,2,12367.29
11012,5221,86,1,28567.9
11013,5221,1,1,9141.5
11014,5221,46,1,20083.14
11015,5221,38,2,5049.65
11016,5222,25,1,92678.98
11017,5222,29,3,5055.72
11018,5222,62,2,14603.64
11019,5223,55,2,35423.3
11020,5224,54,1,26039.94
11021,5225,71,1,9599.14
11022,5226,69,2,4608.96
11023,5226,65,2,84946.65
11024,5227,74,1,17933.25
11025,5227,89,1,2209.65
11026,5227,48,1,6942.2
11027,5228,71,1,10648.95
11028,5228,38,1,4852.97
11029,5228,68,1,13511.15
11030,5229,24,6,14581.47
11031,5230,55,2,35484.88
11032,5231,59,2,6113.65
11033,5231,18,1,11635.88
11034,5231,66,1,17175.34
11035,5231,75,4,48402.97
11036,5232,48,2,6930.55
11037,5233,91,1,14857.79
11038,5233,70,2,30698.1
11039,5234,8,24,13995.0
11040,5234,54,2,26341.46
11041,5235,93,1,5503.7
11042,5235,74,1,16616.44
11043,5236,88,3,4017.65
11044,5236,29,2,5471.03
11045,5237,36,2,18823.59
11046,5237,74,1,16603.07
11047,5238,38,2,4808.43
11048,5238,71,1,10533.89
11049,5239,14,2,7403.99
11050,5239,51,1,8886.19
11051,5239,75,1,44894.81
11052,5239,29,1,5454.68
11053,5239,12,2,15297.53
11054,5240,12,1,13610.7
11055,5241,74,2,18037.23
11056,5241,16,1,10801.07
11057,5242,45,2,105943.02
11058,5242,65,1,82803.1
11059,5242,38,1,5069.58
11060,5243,81,2,10577.06
11061,5244,81,3,10454.61
11062,5244,86,1,28209.01
11063,5244,96,4,20751.71
11064,5245,97,1,8158.75
11065,5245,81,1,10095.42
11066,5246,70,12,31704.32
11067,5247,94,3,25795.0
11068,5248,84,1,16004.69
11069,5249,37,2,12939.28
11070,5249,56,4,10837.09
11071,5250,20,1,5412.43
11072,5250,54,2,27022.97
11073,5251,26,2,19100.93
11074,5251,82,1,15962.39
11075,5251,94,1,26808.17
11076,5251,73,2,6740.75
11077,5252,10,1,42386.26
11078,5252,58,3,8901.39
11079,5253,39,2,7478.89
11080,5254,23,3,11528.37
11081,5254,82,3,17068.97
11082,5255,55,1,34445.88
11083,5255,12,1,15128.24
11084,5255,84,2,16442.39
11085,5256,62,1,14932.4
11086,5257,74,1,18227.17
11087,5258,36,1,19750.65
11088,5258,12,1,14196.9
11089,5258,74,2,17838.03
11090,5259,74,2,18234.71
11091,5259,5,2,92754.02
11092,5260,4,1,9401.78
11093,5260,62,1,14911.99
11094,5261,1,1,9672.97
11095,5261,67,2,26354.07
11096,5261,62,1,14794.73
11097,5262,95,1,66623.07
11098,5262,24,1,14668.17
11099,5262,36,2,19733.07
11100,5262,20,2,5475.01
11101,5262,21,1,8348.96
11102,5263,92,1,9347.46
11103,5264,34,1,11392.62
11104,5264,95,1,65993.19
11105,5265,70,3,31580.79
11106,5266,19,3,5907.8
11107,5266,22,4,11092.34
11108,5266,62,2,15960.11
11109,5267,21,2,9253.34
11110,5267,3,1,8668.99
11111,5267,14,1,7608.04
11112,5268,7,1,12189.26
11113,5268,74,1,17587.24
11114,5269,70,2,31774.74
11115,5270,5,1,87532.83
11116,5270,27,3,13457.38
11117,5271,91,1,13688.06
11118,5272,4,1,10229.99
11119,5272,17,1,26166.68
11120,5273,74,3,18429.78
11121,5274,67,3,24256.13
11122,5274,61,3,19196.84
11123,5275,59,3,6298.31
11124,5275,61,2,20056.56
11125,5275,18,1,11898.2
11126,5276,78,6,6187.6
11127,5276,65,1,80740.47
11128,5276,88,1,3877.05
11129,5277,24,1,16064.34
11130,5277,70,1,30797.25
11131,5277,33,1,12089.73
11132,5278,35,4,93379.13
11133,5278,36,2,19051.67
11134,5279,43,24,12886.4
11135,5280,38,2,4846.99
11136,5281,89,1,2232.13
11137,5281,81,1,10331.28
11138,5282,57,3,27314.83
11139,5282,7,1,12716.13
11140,5282,84,4,17504.72
11141,5283,52,2,14337.6
11142,5284,19,2,5523.12
11143,5284,52,2,15001.09
11144,5285,55,1,34341.81
11145,5285,21,2,8713.7
11146,5286,47,2,13677.19
11147,5286,72,3,11759.2
11148,5287,32,6,7781.97
11149,5287,25,1,87753.77
11150,5287,51,2,8910.28
11151,5288,90,1,15345.53
11152,5289,48,1,6943.87
11153,5290,62,1,15994.97
11154,5290,82,1,15328.35
11155,5290,58,1,8990.89
11156,5291,55,3,37147.97
11157,5291,89,6,2362.44
11158,5291,81,2,10787.11
11159,5292,70,1,30512.12
11160,5292,71,1,10417.64
11161,5293,81,1,10805.27
11162,5293,14,1,7718.92
11163,5293,38,2,4633.59
11164,5294,40,18,29635.88
11165,5295,57,1,27905.18
11166,5295,52,1,13913.34
11167,5295,73,3,6164.88
11168,5295,46,1,19017.23
11169,5296,26,1,20111.11
11170,5296,17,2,27149.18
11171,5296,81,1,10621.85
11172,5297,46,3,20461.53
11173,5298,22,12,11111.99
11174,5298,33,1,11168.77
11175,5298,36,4,20396.79
11176,5299,27,1,12368.86
11177,5299,71,1,9646.35
11178,5300,29,1,5063.73
11179,5300,54,3,26077.77
11180,5300,31,1,14807.69
11181,5301,74,2,16564.85
11182,5301,86,1,30508.67
11183,5302,1,1,9491.81
11184,5302,54,1,27629.17
11185,5302,63,1,9626.15
11186,5303,2,1,7057.19
11187,5304,7,1,11907.12
11188,5304,92,2,9401.37
11189,5305,4,2,9464.78
11190,5305,7,1,12754.93
11191,5306,55,1,36930.89
11192,5306,6,1,40009.43
11193,5306,38,1,4918.93
11194,5306,73,1,6489.67
11195,5307,42,2,11567.79
11196,5307,48,1,7645.31
11197,5308,58,1,8689.74
11198,5308,61,4,19714.44
11199,5309,94,1,27097.09
11200,5309,29,2,5621.52
11201,5309,1,1,9742.37
11202,5309,44,1,11498.99
11203,5310,61,1,19409.55
11204,5310,6,4,39915.75
11205,5311,59,1,6151.53
11206,5311,56,1,10706.58
11207,5312,55,12,35844.45
11208,5312,41,1,20918.39
11209,5312,74,1,16761.89
11210,5313,88,3,3984.94
11211,5313,85,1,74234.25
11212,5313,54,1,25475.93
11213,5313,91,1,13234.16
11214,5314,97,2,8161.47
11215,5314,77,2,15022.7
11216,5315,35,3,84755.56
11217,5316,62,2,14410.44
11218,5317,10,1,39906.42
11219,5318,40,1,29354.03
11220,5318,29,2,5028.31
11221,5319,93,1,5176.94
11222,5320,66,1,17370.08
11223,5321,7,1,11999.68
11224,5322,95,1,64217.21
11225,5322,22,1,11295.96
11226,5323,25,1,91579.62
11227,5323,12,4,13679.75
11228,5324,82,1,15209.18
11229,5324,33,2,11589.09
11230,5324,38,1,4971.58
11231,5325,27,2,12375.48
11232,5326,68,1,12377.67
11233,5326,4,1,9915.87
11234,5326,65,1,83386.36
11235,5327,31,2,14055.4
11236,5327,81,3,10001.7
11237,5327,71,2,10219.42
11238,5328,75,2,48464.63
11239,5328,88,2,3863.47
11240,5329,31,1,14487.93
11241,5329,18,4,11437.12
11242,5329,74,1,17573.13
11243,5330,84,3,16062.05
11244,5331,1,2,8942.58
11245,5332,65,2,80533.9
11246,5332,4,1,9634.11
11247,5332,34,3,12380.94
11248,5333,85,1,73760.23
11249,5333,18,2,11085.41
11250,5333,65,1,80862.06
11251,5333,51,1,9207.7
11252,5334,12,1,14957.57
11253,5334,62,4,15775.22
11254,5335,55,2,34422.85
11255,5335,6,2,39228.49
11256,5335,76,2,8043.77
11257,5335,84,1,16737.3
11258,5335,62,1,15150.21
11259,5336,74,2,18317.97
11260,5336,88,1,4002.64
11261,5337,62,1,14528.65
11262,5337,21,2,8896.58
11263,5338,63,1,10001.51
11264,5339,85,3,74387.36
11265,5339,73,4,6788.64
11266,5339,8,1,13997.69
11267,5340,85,1,69310.38
11268,5340,74,4,16545.99
11269,5340,17,1,28090.62
11270,5341,1,6,9490.81
11271,5341,74,2,16739.45
11272,5341,85,3,75074.87
11273,5341,18,2,11078.06
11274,5342,89,2,2298.03
11275,5342,95,1,62708.4
11276,5342,24,2,14744.89
11277,5342,13,2,6371.15
11278,5343,29,1,5461.43
11279,5344,49,1,4873.55
11280,5344,81,1,10212.81
11281,5345,59,2,5965.91
11282,5345,60,2,8307.49
11283,5345,93,1,5272.3
11284,5346,2,2,6574.55
11285,5346,22,1,10622.93
11286,5347,7,1,12436.63
11287,5348,92,1,8995.83
11288,5348,35,1,86245.54
11289,5348,38,2,4736.05
11290,5349,92,1,9725.35
11291,5350,4,1,10134.18
11292,5351,8,1,13563.6
11293,5352,70,1,32406.4
11294,5353,17,2,25782.0
11295,5353,91,2,13149.65
11296,5354,66,1,18589.1
11297,5355,19,3,5777.02
11298,5355,76,2,8341.5
11299,5356,99,2,7852.41
11300,5357,17,2,28966.24
11301,5358,70,1,29443.13
11302,5359,29,1,5654.79
11303,5359,59,1,6617.23
11304,5359,34,1,11700.07
11305,5360,35,2,85277.58
11306,5360,17,2,25954.57
11307,5361,86,2,27936.77
11308,5361,27,1,13103.04
11309,5362,31,4,13806.04
11310,5362,2,1,6896.5
11311,5363,34,1,12182.78
11312,5363,97,1,7558.1
11313,5364,86,2,30090.15
11314,5364,71,2,10074.96
11315,5364,74,2,17184.58
11316,5365,2,2,6983.09
11317,5365,48,1,7073.07
11318,5366,34,3,11847.18
11319,5366,30,4,28226.22
11320,5367,20,1,4975.59
11321,5368,22,2,11158.53
11322,5369,29,2,5653.26
11323,5369,18,1,11462.52
11324,5370,84,1,17744.38
11325,5371,37,1,13664.29
11326,5371,90,1,14897.63
11327,5372,24,3,14598.28
11328,5373,90,2,14392.3
11329,5373,61,1,19587.14
11330,5373,63,1,9724.08
11331,5373,2,3,6574.64
11332,5374,85,1,76532.48
11333,5374,62,1,15266.15
11334,5375,83,1,11859.8
11335,5375,74,1,17535.53
11336,5376,56,2,10487.5
11337,5377,55,1,37426.75
11338,5377,66,1,17614.5
11339,5377,54,1,27638.0
11340,5378,24,1,15358.87
11341,5378,29,1,5207.72
11342,5379,26,1,19532.09
11343,5379,37,1,13820.07
11344,5379,1,1,8754.9
11345,5379,54,6,25978.31
11346,5380,36,1,18544.1
11347,5381,13,1,6097.77
11348,5381,32,1,7700.51
11349,5381,63,1,10658.74
11350,5382,34,1,11742.96
11351,5382,74,1,17373.73
11352,5383,90,1,15232.02
11353,5383,2,1,7302.98
11354,5384,2,2,6548.68
11355,5384,63,1,10114.28
11356,5385,23,1,10722.9
11357,5386,59,1,6279.68
11358,5386,88,2,3948.22
11359,5387,26,2,17970.21
11360,5388,24,2,15381.87
11361,5388,85,2,73163.09
11362,5388,42,1,10767.11
11363,5388,36,1,19864.71
11364,5389,84,1,16326.0
11365,5390,92,1,9135.09
11366,5390,74,1,17413.21
11367,5391,74,1,18006.72
11368,5391,45,1,114036.41
11369,5392,4,2,9672.9
11370,5393,77,1,15439.24
11371,5393,93,4,5378.63
11372,5393,3,1,8623.75
11373,5393,21,1,8438.44
11374,5394,18,2,12187.77
11375,5394,38,1,4580.57
11376,5394,22,1,11409.16
11377,5395,7,4,11913.33
11378,5395,93,1,5562.86
11379,5396,92,2,8921.13
11380,5397,1,1,9242.26
11381,5397,3,1,8660.43
11382,5398,34,2,11054.73
11383,5398,4,2,9662.75
11384,5398,83,1,11959.56
11385,5399,18,1,12200.69
11386,5399,85,24,76475.28
11387,5400,78,1,6018.32
11388,5401,34,1,12372.72
11389,5401,85,2,76948.14
11390,5401,65,2,83388.07
11391,5402,70,1,30937.57
11392,5402,24,4,15125.14
11393,5403,2,1,6553.21
11394,5403,1,3,9289.66
11395,5403,86,1,28931.65
11396,5404,92,1,9012.44
11397,5404,22,1,11037.6
11398,5404,2,2,6850.64
11399,5405,39,4,7572.08
11400,5406,30,1,26266.2
11401,5406,71,3,10081.15
11402,5407,37,1,12875.35
11403,5407,30,1,26472.22
11404,5407,40,1,28215.04
11405,5407,93,1,5540.72
11406,5407,34,3,11140.13
11407,5408,14,1,8054.15
11408,5409,61,1,19690.83
11409,5410,33,1,11267.27
11410,5411,33,1,11800.82
11411,5412,18,1,11751.45
11412,5412,4,3,9466.07
11413,5413,36,2,18196.57
11414,5414,63,2,10400.29
11415,5414,55,2,33820.64
11416,5414,7,1,12667.47
11417,5415,83,1,11437.89
11418,5416,66,1,18723.86
11419,5417,60,2,8750.09
11420,5418,7,2,12801.9
11421,5418,56,1,10526.19
11422,5419,54,1,26150.41
11423,5420,4,1,10154.1
11424,5420,27,2,12679.16
11425,5420,37,6,12476.48
11426,5421,74,2,18448.21
11427,5421,34,3,11782.46
11428,5422,74,1,17909.23
11429,5422,89,2,2235.31
11430,5423,65,1,85491.47
11431,5423,86,1,29575.43
11432,5423,34,6,11517.19
11433,5424,31,1,14093.41
11434,5424,46,2,19231.48
11435,5424,51,1,9060.76
11436,5425,90,1,15162.04
11437,5425,25,2,93384.09
11438,5425,31,1,13821.04
11439,5425,78,6,5740.22
11440,5426,81,3,10400.99
11441,5427,67,3,23627.88
11442,5427,42,2,11444.97
11443,5428,16,2,11894.13
11444,5428,48,3,7192.41
11445,5428,72,2,11737.92
11446,5429,52,1,13761.1
11447,5430,86,1,27723.7
11448,5431,10,3,39244.71
11449,5431,67,1,25078.82
11450,5432,100,3,29299.65
11451,5432,85,2,70944.67
11452,5433,68,1,13326.85
11453,5434,72,3,11597.43
11454,5434,14,1,7938.41
11455,5435,57,1,27303.48
11456,5435,21,1,8998.34
11457,5435,48,1,7297.07
11458,5436,26,2,18535.17
11459,5437,38,2,4816.15
11460,5437,2,1,6686.61
11461,5437,3,1,7840.07
11462,5438,49,1,5151.77
11463,5438,22,1,11214.06
11464,5439,52,1,14215.59
11465,5439,76,1,8210.98
11466,5440,90,1,14594.96
11467,5441,32,1,7458.29
11468,5441,62,2,15128.71
11469,5442,88,1,3880.5
11470,5443,7,2,13094.94
11471,5443,32,1,7698.45
11472,5444,51,1,9251.78
11473,5444,7,2,13160.28
11474,5444,5,1,94690.61
11475,5445,56,2,10587.78
11476,5446,5,1,96638.68
11477,5447,76,2,8604.93
11478,5447,74,1,17147.78
11479,5447,31,1,14726.54
11480,5448,64,1,10489.46
11481,5448,81,3,10641.36
11482,5448,4,1,10446.3
11483,5448,14,3,7241.99
11484,5449,65,1,84242.97
11485,5449,76,1,8189.96
11486,5449,54,1,26856.47
11487,5449,74,2,17637.88
11488,5450,36,1,20261.91
11489,5450,66,1,18886.21
11490,5451,84,1,16407.76
11491,5451,56,4,10717.45
11492,5452,58,2,8610.88
11493,5452,56,2,10465.0
11494,5452,74,1,17335.27
11495,5452,36,2,20279.63
11496,5453,67,2,24699.96
11497,5454,53,2,14970.78
11498,5455,36,1,19949.13
11499,5455,81,3,10037.65
11500,5456,36,1,19480.23
11501,5456,86,3,29222.64
11502,5457,43,1,12607.75
11503,5457,34,2,11951.56
11504,5457,6,1,40871.26
11505,5458,11,2,13886.59
11506,5459,4,3,10121.32
11507,5460,34,1,12003.05
11508,5461,52,1,14062.89
11509,5461,81,1,10061.68
11510,5462,26,1,18610.59
11511,5462,42,1,10656.04
11512,5463,11,2,13021.85
11513,5463,18,1,12073.62
11514,5464,12,1,13910.9
11515,5464,14,1,7284.28
11516,5464,22,4,10746.46
11517,5464,29,1,5672.55
11518,5464,55,1,34991.79
11519,5465,99,3,7450.48
11520,5465,88,1,3986.52
11521,5466,100,1,29865.22
11522,5466,81,2,9992.25
11523,5467,30,4,27170.85
11524,5468,85,2,70189.72
11525,5469,69,2,4646.3
11526,5469,87,1,14937.29
11527,5469,16,1,11943.45
11528,5469,4,1,10265.55
11529,5469,26,1,18946.09
11530,5470,14,2,7660.68
11531,5470,16,1,11249.71
11532,5470,83,4,11971.54
11533,5470,37,2,12812.56
11534,5471,34,2,12022.52
11535,5471,19,1,6088.04
11536,5471,64,1,9609.66
11537,5471,33,12,11390.19
11538,5472,43,1,12641.66
11539,5473,34,3,12153.41
11540,5473,22,1,10970.66
11541,5474,1,2,9193.29
11542,5475,34,2,11074.36
11543,5476,74,1,18250.04
11544,5477,73,2,6866.26
11545,5477,55,2,34317.91
11546,5478,85,1,75501.61
11547,5478,11,1,13926.04
11548,5478,66,1,17945.94
11549,5479,34,1,11449.87
11550,5479,8,1,13323.63
11551,5480,32,1,7798.88
11552,5481,62,1,15793.71
11553,5481,18,2,11834.99
11554,5482,18,6,11506.97
11555,5483,59,1,6106.2
11556,5483,4,2,10450.49
11557,5483,61,1,19734.98
11558,5484,85,2,69412.68
11559,5484,46,1,20304.8
11560,5484,94,3,28276.11
11561,5485,74,1,16674.63
11562,5486,62,2,15381.94
11563,5487,100,2,29049.28
11564,5487,83,18,11237.03
11565,5488,14,1,8040.3
11566,5488,2,1,7216.86
11567,5488,71,18,9777.74
11568,5489,63,1,9716.51
11569,5489,61,2,18593.65
11570,5489,80,1,11956.53
11571,5490,61,2,19384.07
11572,5490,49,3,5159.43
11573,5491,86,2,28194.33
11574,5492,8,6,12988.17
11575,5492,69,1,4348.41
11576,5492,3,2,8592.89
11577,5493,34,3,11566.68
11578,5494,16,1,11740.77
11579,5494,81,18,10941.92
11580,5495,95,2,64875.81
11581,5496,13,2,6286.36
11582,5496,67,1,26203.23
11583,5496,45,2,112322.8
11584,5497,89,2,2287.11
11585,5497,94,1,26934.92
11586,5498,22,1,10865.63
11587,5498,45,2,107193.86
11588,5498,32,3,7743.07
11589,5499,99,2,7922.62
11590,5500,2,2,6914.55
11591,5500,55,1,36810.02
11592,5501,55,1,37245.36
11593,5501,52,12,14740.02
11594,5501,77,1,15378.24
11595,5502,29,1,5463.33
11596,5503,62,1,15984.08
11597,5503,74,1,16951.39
11598,5503,55,2,33789.02
11599,5503,52,1,15446.42
11600,5504,94,2,27178.46
11601,5505,4,2,10104.24
11602,5506,65,1,83580.62
11603,5506,54,2,25336.75
11604,5506,26,2,19155.36
11605,5507,45,1,109431.34
11606,5507,20,1,5302.92
11607,5507,42,1,11190.1
11608,5508,19,1,6167.68
11609,5508,14,2,8090.26
11610,5508,24,3,15248.78
11611,5508,48,1,7394.2
11612,5508,51,1,8893.23
11613,5509,69,1,4306.12
11614,5510,72,1,11986.1
11615,5510,16,2,11243.62
11616,5510,83,1,11997.55
11617,5510,84,2,16289.54
11618,5511,88,2,3672.3
11619,5511,34,2,12024.52
11620,5512,26,1,18346.66
11621,5512,91,1,13383.09
11622,5512,74,1,16545.22
11623,5513,15,2,60363.28
11624,5514,2,1,6779.05
11625,5514,61,1,18930.36
11626,5514,76,3,8000.18
11627,5515,58,1,9525.12
11628,5515,51,1,9078.22
11629,5516,22,1,11570.21
11630,5516,88,1,3683.3
11631,5516,14,1,7429.12
11632,5516,51,1,8866.2
11633,5516,66,18,16999.59
11634,5517,40,1,26883.65
11635,5518,38,1,4840.09
11636,5518,43,1,11986.49
11637,5519,76,1,7871.69
11638,5519,14,1,7282.23
11639,5520,80,1,12085.55
11640,5521,14,1,7632.51
11641,5521,70,6,30688.68
11642,5521,82,3,15994.73
11643,5521,88,1,3945.92
11644,5522,14,3,8040.86
11645,5522,51,1,9493.34
11646,5523,46,3,19713.63
11647,5524,35,4,83980.88
11648,5525,38,2,4820.63
11649,5525,8,1,13441.75
11650,5525,1,1,9114.32
11651,5526,69,2,4690.77
11652,5527,97,1,7489.63
11653,5527,62,1,15062.19
11654,5528,85,3,75626.79
11655,5528,73,1,6442.87
11656,5528,51,1,9238.81
11657,5528,24,2,15470.87
11658,5529,81,2,10968.9
11659,5529,24,2,15272.95
11660,5529,77,1,14237.96
11661,5530,74,1,18002.41
11662,5530,71,1,10571.89
11663,5530,7,2,11749.74
11664,5530,62,1,16116.79
11665,5531,61,1,18525.72
11666,5532,43,4,12721.3
11667,5532,71,2,10309.72
11668,5532,76,1,8348.3
11669,5533,22,1,10675.03
11670,5533,65,1,78905.57
11671,5534,5,1,90047.96
11672,5534,25,3,92222.4
11673,5534,59,2,6658.45
11674,5535,67,1,26087.22
11675,5536,52,1,15336.15
11676,5537,41,1,22498.53
11677,5538,68,2,13452.84
11678,5539,18,1,11705.91
11679,5540,99,1,7973.2
11680,5540,78,2,6000.31
11681,5541,22,1,10871.63
11682,5541,37,2,12529.38
11683,5541,88,12,3978.89
11684,5541,49,1,5078.42
11685,5542,29,1,5038.56
11686,5543,38,2,4561.25
11687,5544,8,6,13327.12
11688,5544,72,1,12804.46
11689,5544,22,1,11059.41
11690,5545,37,3,13770.31
11691,5546,54,2,25711.57
11692,5546,18,1,11130.17
11693,5546,4,1,10414.74
11694,5546,47,2,14192.13
11695,5546,37,2,12592.69
11696,5547,91,1,13498.51
11697,5548,4,3,9918.57
11698,5548,74,3,16641.36
11699,5548,47,2,14090.67
11700,5548,21,1,8735.78
11701,5549,22,1,11671.02
11702,5550,91,1,14478.71
11703,5551,43,1,11945.91
11704,5551,29,1,5603.95
11705,5551,88,1,3601.42
11706,5552,85,2,68880.79
11707,5552,69,1,4501.69
11708,5552,38,3,4557.98
11709,5553,52,1,14274.16
11710,5554,17,2,28655.17
11711,5555,14,1,7790.29
11712,5555,35,1,87675.98
11713,5556,78,1,5803.78
11714,5556,22,2,11584.16
11715,5557,34,1,11291.09
11716,5558,23,3,11268.22
11717,5558,4,2,9498.23
11718,5559,9,1,6641.45
11719,5559,63,1,10381.53
11720,5560,94,2,27680.58
11721,5560,81,1,10696.45
11722,5560,1,1,9709.33
11723,5560,74,3,18216.96
11724,5561,90,3,13946.65
11725,5561,22,2,10784.38
11726,5562,55,2,36954.16
11727,5562,93,2,5470.59
11728,5562,12,2,14173.88
11729,5563,29,1,5067.21
11730,5564,74,12,17919.54
11731,5564,55,4,36650.76
11732,5564,61,1,18944.94
11733,5565,76,1,8175.51
11734,5565,100,1,29006.88
11735,5565,58,1,9167.22
11736,5566,18,2,11968.28
11737,5566,75,1,45696.33
11738,5567,74,1,17460.19
11739,5567,96,1,21043.24
11740,5568,51,1,9277.1
11741,5569,2,2,6803.82
11742,5569,71,2,10037.91
11743,5569,67,1,23744.02
11744,5570,37,2,12964.93
11745,5571,76,3,8494.32
11746,5571,7,1,12457.89
11747,5571,61,1,19021.04
11748,5572,83,2,11221.1
11749,5572,21,1,9267.83
11750,5572,72,4,12567.69
11751,5573,100,1,29868.18
11752,5573,36,1,20321.6
11753,5573,74,2,16790.78
11754,5573,29,1,5159.94
11755,5574,48,1,7113.74
11756,5575,7,2,12864.68
11757,5576,71,1,10290.67
11758,5576,81,1,10413.9
11759,5577,23,2,11067.88
11760,5577,58,1,8624.53
11761,5577,54,1,27020.01
11762,5578,22,3,10539.61
11763,5579,81,1,9964.73
11764,5579,65,1,86922.89
11765,5580,5,2,86332.54
11766,5580,67,1,23667.34
11767,5581,12,1,13750.73
11768,5581,85,1,72176.25
11769,5581,74,1,17544.8
11770,5582,69,1,4618.83
11771,5583,85,2,75304.13
11772,5583,7,3,12308.59
11773,5584,11,2,13212.76
11774,5585,1,2,9485.85
11775,5586,75,2,46363.22
11776,5587,27,1,13285.03
11777,5587,57,4,27800.0
11778,5588,43,2,12535.91
11779,5589,59,3,6182.41
11780,5589,75,2,45801.81
11781,5590,51,6,9025.45
11782,5590,100,12,28339.25
11783,5590,4,12,10031.27
11784,5591,63,18,9695.49
11785,5591,65,2,81371.43
11786,5592,91,1,14748.58
11787,5593,64,1,10706.16
11788,5593,28,2,8357.53
11789,5594,64,1,9652.22
11790,5594,67,1,25168.1
11791,5595,83,4,11098.76
11792,5596,85,1,74693.47
11793,5597,88,2,3901.4
11794,5598,4,1,10139.14
11795,5598,70,2,30936.1
11796,5599,88,1,3995.08
11797,5599,21,1,8950.25
11798,5599,34,2,12443.83
11799,5600,4,1,10358.27
11800,5601,71,1,9759.61
11801,5601,54,1,25436.06
11802,5602,61,3,18715.65
11803,5603,97,1,7949.46
11804,5603,94,2,28079.38
11805,5603,55,4,35957.78
11806,5604,64,3,9649.72
11807,5604,2,2,7352.45
11808,5604,76,1,8876.49
11809,5605,26,1,18275.88
11810,5605,32,1,7860.17
11811,5606,81,1,10051.76
11812,5606,85,3,75132.85
11813,5606,6,1,40016.89
11814,5606,5,2,87496.23
11815,5607,2,2,7188.89
11816,5607,95,3,64959.87
11817,5607,22,2,10983.2
11818,5608,97,1,7911.54
11819,5608,95,1,61262.5
11820,5608,61,1,18875.63
11821,5608,91,3,14363.87
11822,5609,88,1,3801.92
11823,5609,40,1,26777.92
11824,5610,94,12,27211.73
11825,5611,8,3,13859.63
11826,5611,65,2,80236.76
11827,5612,88,2,3998.51
11828,5612,8,1,13447.77
11829,5612,76,3,7952.16
11830,5613,26,6,18799.46
11831,5614,55,1,35215.28
11832,5614,38,2,4971.54
11833,5615,14,1,7852.24
11834,5615,17,1,28236.07
11835,5615,43,1,11994.61
11836,5616,66,1,17819.11
11837,5617,70,2,29767.13
11838,5617,45,1,106782.8
11839,5617,55,1,37720.01
11840,5618,85,1,76165.12
11841,5618,91,2,14609.11
11842,5619,26,1,18704.29
11843,5620,69,1,4571.11
11844,5620,34,2,11625.34
11845,5620,74,1,17778.06
11846,5621,37,2,12818.08
11847,5622,90,1,14227.78
11848,5623,75,1,45352.03
11849,5623,16,2,11624.81
11850,5624,36,1,19983.22
11851,5624,7,1,11922.29
11852,5625,55,1,36957.5
11853,5625,36,1,19227.01
11854,5626,44,3,12113.58
11855,5626,45,2,105341.65
11856,5626,56,1,11611.51
11857,5627,61,1,18840.08
11858,5627,70,1,31471.91
11859,5628,17,1,27547.35
11860,5629,48,2,7009.99
11861,5629,90,3,15293.22
11862,5629,63,1,9713.24
11863,5629,91,1,14023.81
11864,5630,69,2,4760.44
11865,5631,5,1,94132.56
11866,5631,14,1,7972.75
11867,5632,36,1,20155.11
11868,5632,27,1,12642.54
11869,5632,68,3,13627.87
11870,5632,23,4,11419.33
11871,5633,91,1,13311.78
11872,5633,26,2,18324.22
11873,5634,26,2,19970.54
11874,5635,59,1,6609.38
11875,5635,81,2,11092.87
11876,5635,90,1,13985.28
11877,5635,12,1,14733.5
11878,5635,14,18,7531.03
11879,5636,70,1,31331.39
11880,5636,92,1,9072.19
11881,5636,64,1,10241.97
11882,5636,33,1,12046.48
11883,5636,40,1,26928.3
11884,5637,71,1,9532.51
11885,5637,20,1,5291.43
11886,5638,58,2,8719.62
11887,5638,94,3,25708.94
11888,5638,14,2,8081.52
11889,5638,85,2,71410.09
11890,5638,15,2,61433.76
11891,5639,49,2,4656.63
11892,5640,76,1,8341.62
11893,5640,8,6,13428.37
11894,5641,38,1,4720.83
11895,5641,34,2,11212.69
11896,5641,74,4,16880.87
11897,5642,40,1,28344.44
11898,5642,2,1,6894.8
11899,5643,38,1,4550.01
11900,5644,3,1,8437.34
11901,5644,34,1,12189.03
11902,5644,11,1,12926.99
11903,5644,74,1,17825.68
11904,5645,90,1,15097.55
11905,5645,31,1,13361.08
11906,5646,50,1,36024.97
11907,5646,19,3,6037.35
11908,5646,91,2,14300.71
11909,5646,83,1,10949.96
11910,5647,66,1,18775.34
11911,5647,29,1,5516.82
11912,5647,83,1,10920.78
11913,5648,72,4,12517.75
11914,5649,1,6,9539.9
11915,5649,33,1,12016.04
11916,5650,61,1,18180.08
11917,5650,67,4,25265.82
11918,5651,40,4,29467.68
11919,5652,26,2,18453.29
11920,5653,5,3,86796.22
11921,5653,85,1,68944.53
11922,5653,38,1,4908.32
11923,5653,13,1,6335.32
11924,5653,86,1,29718.04
11925,5654,36,2,18253.74
11926,5654,74,2,17656.41
11927,5655,74,1,16876.8
11928,5655,82,1,17005.61
11929,5655,28,1,8222.83
11930,5656,35,2,86221.5
11931,5656,2,1,6597.34
11932,5656,94,1,26535.49
11933,5657,76,1,8707.9
11934,5657,20,1,5380.34
11935,5657,27,1,13113.67
11936,5657,5,3,90369.63
11937,5658,32,1,8071.4
11938,5658,83,1,11877.63
11939,5658,54,2,27024.48
11940,5659,88,2,3855.36
11941,5660,42,2,11415.39
11942,5660,26,2,19733.59
11943,5660,51,1,9008.15
11944,5661,62,1,15729.6
11945,5662,63,1,10715.57
11946,5662,81,1,10383.25
11947,5662,88,2,3881.24
11948,5663,3,2,8105.23
11949,5663,99,2,7770.41
11950,5663,100,1,30188.0
11951,5664,14,1,7257.0
11952,5664,97,1,7891.31
11953,5665,100,1,30141.29
11954,5665,38,2,4963.92
11955,5665,23,2,11050.09
11956,5666,69,1,4264.11
11957,5667,24,1,14845.27
11958,5668,80,1,12772.85
11959,5668,70,4,33053.05
11960,5668,58,4,8652.69
11961,5669,93,1,5625.82
11962,5669,46,1,18292.32
11963,5669,5,1,90975.03
11964,5670,74,1,16784.54
11965,5671,11,2,12674.43
11966,5672,84,1,17704.94
11967,5673,86,2,27358.74
11968,5673,22,1,11443.97
11969,5673,74,2,17862.97
11970,5674,8,3,13722.88
11971,5675,1,1,9712.2
11972,5676,49,2,4968.81
11973,5676,92,1,9541.02
11974,5677,36,1,18715.64
11975,5677,27,2,13203.46
11976,5678,96,1,20465.27
11977,5678,51,2,9407.85
11978,5679,14,1,7362.79
11979,5679,27,2,12578.7
11980,5679,2,1,7095.63
11981,5680,42,1,10654.32
11982,5680,72,3,12125.24
11983,5681,88,2,3585.57
11984,5682,36,2,19978.53
11985,5682,92,1,9740.09
11986,5682,29,2,5568.42
11987,5682,71,1,9803.43
11988,5683,84,18,16173.28
11989,5684,90,1,15258.01
11990,5685,2,2,6576.2
11991,5686,89,2,2206.4
11992,5686,14,1,7425.36
11993,5686,54,1,27497.12
11994,5687,59,1,6422.38
11995,5687,29,1,5275.14
11996,5687,43,1,12551.78
11997,5688,55,6,34287.06
11998,5688,60,1,8444.7
11999,5688,76,2,8081.3
12000,5689,63,1,10051.78
12001,5689,85,1,68962.21
12002,5689,96,2,21360.0
12003,5690,13,1,5825.4
12004,5691,99,1,8335.78
12005,5692,67,2,25025.87
12006,5692,7,1,12695.34
12007,5693,73,2,6391.33
12008,5694,52,1,14483.41
12009,5695,75,1,45978.69
12010,5695,67,1,24729.93
12011,5696,16,1,11708.89
12012,5696,95,1,62785.18
12013,5696,49,1,4622.18
12014,5697,86,1,27077.12
12015,5697,22,1,10575.62
12016,5698,42,1,10732.1
12017,5699,67,2,25326.05
12018,5699,74,1,18514.09
12019,5700,78,1,5724.14
12020,5700,94,1,28687.91
12021,5701,97,2,7387.15
12022,5702,66,2,18025.41
12023,5703,34,2,12197.08
12024,5703,67,3,23741.99
12025,5704,54,1,27482.46
12026,5704,59,1,6651.98
12027,5704,4,2,9470.53
12028,5704,65,6,84725.48
12029,5705,24,1,14357.42
12030,5706,94,2,27276.61
12031,5707,94,1,26397.29
12032,5708,76,2,8847.16
12033,5708,81,4,10268.41
12034,5709,4,1,10259.58
12035,5710,36,2,18706.18
12036,5710,14,1,7606.47
12037,5711,74,2,17527.45
12038,5712,63,1,10567.19
12039,5713,91,2,13282.09
12040,5713,86,1,28977.67
12041,5714,55,2,36811.58
12042,5714,74,3,17911.61
12043,5714,46,1,18661.06
12044,5715,34,2,12382.2
12045,5715,81,1,10694.4
12046,5716,88,1,3892.48
12047,5716,90,1,14467.91
12048,5717,85,2,72569.82
12049,5718,88,2,3791.93
12050,5718,63,3,10167.11
12051,5719,22,1,11104.11
12052,5720,70,1,32217.96
12053,5721,2,2,6641.33
12054,5722,49,1,5156.84
12055,5722,58,1,8726.78
12056,5722,12,1,13663.27
12057,5723,86,3,27228.53
12058,5723,21,1,9016.7
12059,5724,76,4,8004.62
12060,5724,53,1,16616.06
12061,5725,10,1,43113.53
12062,5726,84,2,16338.24
12063,5726,55,6,34210.87
12064,5727,1,1,9137.28
12065,5727,38,1,5093.19
12066,5727,81,6,11059.87
12067,5727,61,2,19991.86
12068,5728,82,1,16050.12
12069,5728,30,1,28972.21
12070,5728,69,2,4751.99
12071,5728,2,2,7294.73
12072,5729,46,1,18682.04
12073,5730,84,1,16515.1
12074,5731,86,2,28869.14
12075,5732,26,1,20176.84
12076,5732,76,1,8433.31
12077,5732,85,1,68828.47
12078,5732,34,1,12117.02
12079,5733,62,1,14547.23
12080,5733,46,1,19915.28
12081,5734,55,1,38035.63
12082,5734,21,2,9071.24
12083,5735,23,1,10766.26
12084,5736,28,2,8835.07
12085,5736,56,1,11471.63
12086,5736,23,1,11626.44
12087,5736,81,1,10150.27
12088,5737,56,2,10997.98
12089,5737,53,1,15783.02
12090,5738,29,1,5282.84
12091,5738,84,1,17395.7
12092,5739,34,2,11868.31
12093,5740,59,2,6108.94
12094,5740,36,2,20206.36
12095,5740,82,1,17005.69
12096,5740,21,1,8277.69
12097,5741,4,1,10060.17
12098,5741,99,2,7712.67
12099,5741,18,18,11458.67
12100,5742,20,1,5045.64
12101,5742,1,2,9249.72
12102,5742,33,1,11440.96
12103,5742,44,3,11653.67
12104,5743,71,1,9664.64
12105,5743,24,3,15236.43
12106,5743,88,2,3904.54
12107,5744,54,1,25375.4
12108,5745,64,1,10668.32
12109,5745,5,1,94153.72
12110,5745,41,1,20840.61
12111,5746,92,1,8899.47
12112,5747,88,1,3951.38
12113,5747,74,2,16867.36
12114,5747,68,1,13678.19
12115,5748,84,1,16994.57
12116,5748,74,2,17064.63
12117,5749,55,1,36512.26
12118,5750,22,1,11864.61
12119,5751,74,2,17292.56
12120,5752,8,1,12688.69
12121,5752,99,1,8328.13
12122,5753,55,2,36856.91
12123,5753,65,1,80377.31
12124,5753,87,1,15429.6
12125,5754,70,1,31345.13
12126,5755,38,1,4848.33
12127,5755,70,2,31329.87
12128,5755,61,1,19996.5
12129,5756,14,2,7921.68
12130,5756,91,2,14013.4
12131,5757,18,12,11393.24
12132,5757,5,2,85845.91
12133,5757,37,2,13281.89
12134,5757,63,1,10769.7
12135,5758,82,1,16502.55
12136,5758,46,1,18445.63
12137,5759,24,1,15463.43
12138,5760,12,1,15074.0
12139,5760,20,1,5228.46
12140,5760,81,1,10812.25
12141,5761,26,1,19256.41
12142,5761,34,1,12357.77
12143,5761,7,1,12058.68
12144,5762,68,3,12404.85
12145,5763,14,2,7303.44
12146,5763,2,1,6863.8
12147,5764,51,24,8928.47
12148,5765,48,2,7345.3
12149,5766,26,1,18587.24
12150,5766,9,1,6233.88
12151,5767,61,1,18721.99
12152,5767,23,3,11134.27
12153,5767,75,2,45337.26
12154,5767,32,1,7644.09
12155,5768,100,1,28255.3
12156,5768,94,2,26295.68
12157,5769,75,1,46497.54
12158,5769,58,2,9019.9
12159,5769,22,2,11272.27
12160,5770,76,1,8846.11
12161,5770,37,2,12752.83
12162,5771,34,1,11575.91
12163,5772,64,1,10254.53
12164,5772,62,1,14545.05
12165,5773,27,2,13532.75
12166,5774,43,1,12923.53
12167,5774,7,2,12515.41
12168,5774,46,2,20068.43
12169,5774,90,4,14900.98
12170,5775,86,2,28949.98
12171,5775,85,4,71349.15
12172,5776,61,1,19914.5
12173,5776,16,12,10828.25
12174,5776,85,24,75580.49
12175,5777,4,2,9492.0
12176,5778,66,1,17618.5
12177,5778,5,3,95222.66
12178,5779,36,1,18536.52
12179,5779,26,1,18271.52
12180,5779,72,2,11819.42
12181,5780,63,1,9898.26
12182,5780,21,1,8697.7
12183,5781,75,2,49101.98
12184,5782,81,1,11037.05
12185,5782,29,3,5577.75
12186,5782,14,1,7574.12
12187,5783,95,1,60714.93
12188,5783,96,1,21258.01
12189,5784,15,1,61207.73
12190,5784,89,24,2105.12
12191,5784,26,2,19932.54
12192,5785,8,1,14138.3
12193,5785,36,2,19902.37
12194,5786,40,2,27845.61
12195,5786,63,1,10581.03
12196,5787,85,1,74662.06
12197,5788,26,1,18257.71
12198,5788,62,3,15044.6
12199,5788,93,1,5343.4
12200,5788,12,4,15062.56
12201,5789,67,1,24318.51
12202,5789,32,2,7379.77
12203,5790,36,1,19273.58
12204,5790,65,1,79084.22
12205,5790,24,1,15789.8
12206,5791,98,1,3953.22
12207,5792,51,2,9277.79
12208,5792,14,1,7829.7
12209,5793,71,1,10540.4
12210,5794,65,1,85991.01
12211,5795,62,1,14850.12
12212,5796,91,1,13213.26
12213,5797,70,1,31119.2
12214,5797,30,1,28068.9
12215,5797,40,1,28144.74
12216,5798,97,2,7681.47
12217,5798,72,4,11616.72
12218,5799,79,2,3868.17
12219,5800,11,1,13724.51
12220,5801,56,1,11378.95
12221,5801,43,3,12193.7
12222,5802,81,1,10989.24
12223,5803,51,1,8455.07
12224,5804,69,1,4319.94
12225,5805,46,1,18537.02
12226,5805,15,3,66526.81
12227,5806,87,2,15493.07
12228,5806,74,2,16752.25
12229,5806,95,1,61891.68
12230,5806,26,2,19891.95
12231,5806,62,3,14936.89
12232,5807,71,1,10199.67
12233,5807,1,1,9752.21
12234,5808,58,2,8543.24
12235,5808,29,1,5454.47
12236,5809,8,1,13347.45
12237,5810,78,2,5841.12
12238,5811,85,1,69159.37
12239,5811,12,6,14161.32
12240,5811,19,1,6173.73
12241,5812,88,2,3939.16
12242,5813,26,3,18542.04
12243,5814,2,2,7241.01
12244,5814,1,1,8867.14
12245,5815,8,6,12578.61
12246,5816,74,1,18538.87
12247,5816,67,2,26092.44
12248,5816,7,12,12628.82
12249,5817,90,1,14964.85
12250,5817,63,2,10300.96
12251,5817,75,1,47968.24
12252,5817,14,1,7723.9
12253,5818,40,1,27919.15
12254,5819,67,3,24112.31
12255,5819,81,1,10491.61
12256,5820,96,1,21706.22
12257,5820,46,6,19034.98
12258,5820,88,1,3661.65
12259,5821,94,2,27108.94
12260,5822,3,1,7849.89
12261,5822,40,2,27529.4
12262,5822,13,1,5787.46
12263,5823,59,1,6317.58
12264,5823,28,4,8810.42
12265,5823,85,2,75863.87
12266,5823,7,1,12065.35
12267,5824,34,1,11152.94
12268,5824,27,1,13520.7
12269,5825,24,2,14844.35
12270,5825,51,1,8940.07
12271,5825,23,1,11761.72
12272,5826,19,1,5565.96
12273,5826,96,2,21940.45
12274,5826,55,1,36138.9
12275,5827,21,1,8289.94
12276,5827,55,1,36593.73
12277,5827,22,1,11772.76
12278,5828,38,2,4801.57
12279,5829,93,1,5224.24
12280,5829,99,2,7682.2
12281,5829,86,1,29509.12
12282,5829,76,1,8645.44
12283,5830,56,1,10913.19
12284,5831,52,1,13804.93
12285,5831,37,1,12706.02
12286,5831,30,2,27102.99
12287,5831,38,2,4861.55
12288,5832,34,2,11316.51
12289,5832,38,1,4849.84
12290,5833,76,4,8873.19
12291,5834,83,1,11381.75
12292,5835,47,24,13745.97
12293,5835,81,1,10654.07
12294,5836,47,1,13533.0
12295,5836,23,1,10964.18
12296,5836,37,3,13835.09
12297,5837,65,1,83142.22
12298,5838,4,3,9312.37
12299,5839,56,1,11165.38
12300,5839,14,1,7977.55
12301,5839,26,1,18811.06
12302,5839,82,4,15928.94
12303,5840,34,2,11886.47
12304,5840,94,3,27221.84
12305,5840,32,1,7638.98
12306,5841,26,2,19081.21
12307,5841,22,2,10847.11
12308,5842,85,3,70625.25
12309,5843,85,1,69648.08
12310,5844,45,2,107228.72
12311,5844,36,1,19228.29
12312,5845,22,6,11329.18
12313,5845,76,1,8829.02
12314,5845,95,1,67501.22
12315,5846,84,1,17535.26
12316,5846,51,2,8679.24
12317,5846,38,2,4680.66
12318,5846,65,2,79005.32
12319,5847,85,1,74867.95
12320,5848,17,1,28144.42
12321,5848,38,4,4621.35
12322,5849,72,2,12140.35
12323,5850,23,18,11024.88
12324,5850,86,2,29789.75
12325,5850,21,2,9115.76
12326,5851,24,1,15467.8
12327,5852,44,1,11425.26
12328,5852,86,1,28268.05
12329,5852,73,1,6795.39
12330,5853,38,1,5088.25
12331,5854,10,4,43407.44
12332,5855,72,2,12457.68
12333,5855,82,1,15144.88
12334,5855,4,1,9430.53
12335,5856,54,1,27277.03
12336,5856,76,1,8301.33
12337,5856,90,2,13853.2
12338,5856,32,2,7896.08
12339,5857,74,1,16986.21
12340,5858,82,1,16919.68
12341,5858,1,2,9582.05
12342,5858,35,1,90509.2
12343,5858,31,2,13887.78
12344,5859,84,1,17285.9
12345,5859,30,2,28364.89
12346,5860,85,1,73073.86
12347,5861,94,2,28599.41
12348,5862,61,1,20168.12
12349,5863,76,6,8794.11
12350,5863,67,2,24457.45
12351,5864,85,2,74491.91
12352,5864,34,2,11419.76
12353,5864,29,2,5172.66
12354,5864,14,1,7392.14
12355,5865,46,1,18928.09
12356,5865,49,1,4818.86
12357,5866,38,3,4639.23
12358,5866,24,1,14435.38
12359,5867,18,24,11167.86
12360,5867,14,1,7368.08
12361,5867,55,12,37774.18
12362,5867,40,1,27403.89
12363,5868,2,1,7327.25
12364,5869,47,2,13413.43
12365,5869,41,1,23123.72
12366,5869,36,1,18481.72
12367,5869,100,2,29430.47
12368,5870,30,2,26188.9
12369,5871,24,1,14522.45
12370,5872,43,1,12821.9
12371,5872,76,1,8044.78
12372,5872,18,2,11096.26
12373,5873,46,6,20294.56
12374,5874,42,4,11208.21
12375,5874,81,2,10984.55
12376,5874,74,1,18506.51
12377,5875,43,1,11924.68
12378,5875,41,4,22801.81
12379,5876,22,2,10826.21
12380,5877,45,1,111006.39
12381,5877,5,2,94391.51
12382,5878,23,2,11481.01
12383,5879,30,1,27048.68
12384,5879,43,1,12101.69
12385,5880,29,2,5191.48
12386,5881,47,2,12925.57
12387,5881,69,1,4506.98
12388,5881,9,1,6224.27
12389,5882,14,24,7712.64
12390,5882,40,3,26552.89
12391,5883,32,2,7476.49
12392,5883,68,2,12889.98
12393,5884,88,2,4004.36
12394,5885,22,2,11862.18
12395,5885,55,1,35454.96
12396,5885,74,4,17742.41
12397,5885,15,1,63249.06
12398,5886,7,1,13146.18
12399,5886,66,2,17290.63
12400,5887,70,1,30610.09
12401,5887,65,1,83019.76
12402,5888,56,1,11233.3
12403,5888,84,2,17084.43
12404,5889,56,2,11331.98
12405,5889,86,2,28443.74
12406,5889,26,4,19953.5
12407,5890,49,2,4827.33
12408,5890,14,1,7198.35
12409,5891,2,1,6959.21
12410,5891,59,2,6034.24
12411,5891,68,3,12539.41
12412,5892,41,4,23460.32
12413,5892,66,1,17339.65
12414,5893,48,3,7553.29
12415,5893,16,1,11618.46
12416,5893,22,1,10832.67
12417,5893,20,4,5320.93
12418,5894,95,1,60695.94
12419,5894,72,1,11996.63
12420,5894,26,1,20006.12
12421,5894,40,2,28003.91
12422,5895,74,1,17005.32
12423,5896,52,1,13848.85
12424,5896,34,1,11571.32
12425,5897,95,1,61400.22
12426,5897,22,2,11713.04
12427,5897,26,3,19932.7
12428,5897,43,2,12965.33
12429,5898,34,1,11841.38
12430,5898,90,2,13979.38
12431,5899,3,1,8768.4
12432,5899,2,1,6511.6
12433,5899,5,2,87809.53
12434,5899,22,1,11311.9
12435,5899,67,2,24476.49
12436,5900,38,1,4862.74
12437,5901,94,3,27656.49
12438,5902,1,24,9578.93
12439,5903,89,6,2124.59
12440,5903,95,1,63267.12
12441,5903,90,4,13776.89
12442,5904,14,1,7820.11
12443,5904,84,2,16042.99
12444,5905,27,1,13397.58
12445,5906,22,1,10942.71
12446,5906,84,1,16552.08
12447,5906,100,1,28896.76
12448,5907,49,1,4911.17
12449,5907,52,4,15448.61
12450,5907,89,1,2144.85
12451,5907,37,2,13649.38
12452,5907,31,2,14644.24
12453,5908,82,1,15306.66
12454,5909,70,2,32245.81
12455,5909,52,1,13995.93
12456,5909,29,1,5094.13
12457,5910,83,1,12019.14
12458,5910,100,2,30104.02
12459,5911,51,1,9275.36
12460,5911,22,1,11600.47
12461,5912,3,1,7905.38
12462,5913,21,12,8238.53
12463,5913,26,1,19973.47
12464,5914,92,1,9535.56
12465,5914,74,3,16816.75
12466,5914,45,1,103741.89
12467,5914,71,1,9900.48
12468,5915,4,2,9517.77
12469,5915,41,3,20917.73
12470,5916,43,1,12936.21
12471,5917,54,4,26925.44
12472,5917,90,1,13679.02
12473,5918,11,1,13636.23
12474,5918,46,1,18154.08
12475,5918,32,6,7813.06
12476,5919,84,6,17484.06
12477,5919,71,2,10217.47
12478,5920,1,4,8920.83
12479,5921,46,2,18871.55
12480,5922,99,1,7448.23
12481,5922,18,1,12118.6
12482,5922,91,1,14556.85
12483,5922,63,1,10192.21
12484,5922,31,6,14597.25
12485,5923,33,3,11486.16
12486,5924,38,1,5030.46
12487,5924,26,1,18525.25
12488,5925,51,2,8732.97
12489,5926,30,2,27773.09
12490,5926,46,3,20237.56
12491,5927,83,1,11163.75
12492,5928,58,2,8859.59
12493,5929,84,1,17559.21
12494,5929,86,1,29770.67
12495,5929,63,2,10706.59
12496,5929,49,1,5026.49
12497,5930,17,3,26308.13
12498,5930,100,1,28202.17
12499,5931,74,1,18310.77
12500,5931,86,3,27100.56
12501,5932,98,3,3699.64
12502,5932,87,1,14296.89
12503,5932,16,3,10975.13
12504,5932,22,1,11001.7
12505,5932,1,6,9673.9
12506,5933,23,1,11380.93
12507,5933,98,4,3999.12
12508,5933,68,1,12420.82
12509,5934,84,1,16645.28
12510,5934,81,4,10889.22
12511,5934,36,12,18747.13
12512,5935,14,1,7481.16
12513,5935,71,4,9849.47
12514,5935,85,3,76171.64
12515,5936,55,1,34202.63
12516,5936,31,1,14299.41
12517,5936,14,1,7679.1
12518,5937,22,2,11056.18
12519,5938,87,2,14549.96
12520,5938,54,2,26367.92
12521,5939,86,1,27590.53
12522,5939,95,1,65462.59
12523,5940,81,1,11031.83
12524,5940,86,1,27397.98
12525,5941,62,1,14335.49
12526,5942,88,3,3764.59
12527,5942,41,1,22631.09
12528,5942,26,2,18048.56
12529,5943,54,2,26662.61
12530,5944,55,2,37683.1
12531,5945,5,2,90684.66
12532,5945,77,3,15540.59
12533,5945,40,1,26930.23
12534,5946,19,1,6181.15
12535,5947,45,2,114536.29
12536,5947,26,1,20078.05
12537,5948,70,2,29603.11
12538,5948,62,1,15747.47
12539,5948,36,1,19659.61
12540,5949,91,2,14171.98
12541,5950,56,1,11158.92
12542,5951,77,2,15937.21
12543,5952,83,3,10880.91
12544,5953,80,2,12628.62
12545,5953,7,1,12041.51
12546,5954,84,1,16907.79
12547,5955,14,4,7779.19
12548,5955,38,1,5024.96
12549,5956,30,3,26940.21
12550,5956,19,1,5541.67
12551,5956,16,1,11141.32
12552,5957,69,2,4591.7
12553,5958,88,3,3651.55
12554,5958,86,1,28671.2
12555,5958,49,1,4698.39
12556,5959,91,1,14662.82
12557,5960,55,1,34545.92
12558,5961,2,1,7202.25
12559,5962,86,1,29141.58
12560,5962,1,3,8749.9
12561,5963,11,1,13425.58
12562,5963,29,2,5265.21
12563,5963,92,1,8840.85
12564,5964,33,1,10838.11
12565,5965,56,12,11040.32
12566,5966,55,1,36944.1
12567,5966,23,1,10961.28
12568,5967,54,1,28137.59
12569,5967,27,3,13663.79
12570,5968,92,6,9301.74
12571,5969,31,1,14571.14
12572,5970,43,1,13027.66
12573,5970,57,3,29018.95
12574,5970,61,1,19229.57
12575,5971,21,1,8809.75
12576,5971,69,1,4738.67
12577,5972,74,1,17492.78
12578,5973,18,1,12088.45
12579,5973,7,1,11676.13
12580,5973,38,6,5038.1
12581,5973,71,1,10076.99
12582,5974,11,1,12668.89
12583,5974,14,1,7304.03
12584,5974,68,1,12664.89
12585,5975,52,1,14122.89
12586,5976,15,1,60814.49
12587,5977,33,1,11909.61
12588,5977,14,3,8064.95
12589,5978,1,2,8998.46
12590,5978,38,1,4708.52
12591,5978,47,3,12814.2
12592,5978,55,3,34404.86
12593,5979,95,1,64076.12
12594,5979,88,4,3930.64
12595,5980,85,1,72228.41
12596,5980,83,1,11429.06
12597,5980,74,1,18668.76
12598,5981,54,2,27626.4
12599,5982,23,12,11008.41
12600,5982,59,2,6098.87
12601,5983,22,1,11820.02
12602,5983,88,1,3710.91
12603,5983,51,1,8749.36
12604,5984,55,1,33836.69
12605,5984,22,2,11155.29
12606,5985,52,1,15285.46
12607,5985,75,1,44480.71
12608,5985,72,3,12634.99
12609,5985,90,1,14007.95
12610,5986,43,4,12677.35
12611,5987,22,1,10849.47
12612,5987,86,2,28980.3
12613,5988,69,1,4628.74
12614,5988,5,2,92861.35
12615,5988,7,1,12586.99
12616,5988,71,1,9765.51
12617,5989,71,4,10557.78
12618,5990,43,2,12908.44
12619,5991,19,1,5552.44
12620,5992,4,1,9289.44
12621,5992,90,1,14309.92
12622,5992,27,3,13777.06
12623,5993,5,3,95209.99
12624,5993,29,1,5133.1
12625,5994,97,1,7789.85
12626,5994,34,1,12421.73
12627,5995,2,1,6804.04
12628,5996,74,1,17102.42
12629,5996,82,2,15916.24
12630,5996,72,6,12119.91
12631,5997,5,1,94049.88
12632,5997,95,1,64405.59
12633,5998,32,2,8109.2
12634,5998,74,2,18404.43
12635,5998,88,1,4013.3
12636,5999,4,1,10160.0
12637,5999,26,2,19750.39
12638,5999,52,3,13701.83
12639,5999,62,2,15581.31
12640,6000,14,3,7198.52
12641,6000,85,1,74585.14
12642,6000,2,1,7078.04
12643,6000,95,3,65366.07
12644,6001,24,1,15892.95
12645,6001,100,1,28718.56
12646,6001,82,2,16765.09
12647,6002,14,1,7626.4
12648,6002,62,1,14567.56
12649,6003,84,2,16382.85
12650,6004,88,2,3992.38
12651,6005,36,1,20015.01
12652,6005,91,1,14443.5
12653,6005,74,1,16733.69
12654,6005,65,1,80105.46
12655,6006,26,1,18164.53
12656,6006,56,3,11041.35
12657,6006,89,1,2334.26
12658,6007,1,1,9389.72
12659,6008,61,2,19006.06
12660,6009,78,1,6207.43
12661,6010,59,1,6137.18
12662,6010,93,1,5690.76
12663,6011,4,1,10336.77
12664,6011,23,2,10716.33
12665,6011,2,1,6981.32
12666,6012,54,1,27836.12
12667,6012,10,1,41041.08
12668,6012,24,1,14808.06
12669,6012,11,2,13657.44
12670,6013,86,1,29532.16
12671,6013,4,2,9544.53
12672,6014,54,1,27832.35
12673,6014,81,1,10196.57
12674,6014,100,1,28754.73
12675,6015,26,1,19749.62
12676,6015,18,1,11832.04
12677,6015,56,1,10494.2
12678,6016,12,2,13649.61
12679,6017,7,1,11797.12
12680,6017,26,1,18005.66
12681,6017,29,1,5390.75
12682,6018,7,18,12593.33
12683,6019,63,3,10275.68
12684,6019,59,1,6323.43
12685,6019,66,1,17981.08
12686,6020,46,6,18471.9
12687,6020,21,3,8884.73
12688,6020,84,1,16972.13
12689,6020,48,1,7642.3
12690,6020,36,2,19066.49
12691,6021,94,1,27451.24
12692,6021,21,1,9072.78
12693,6022,89,2,2298.24
12694,6023,4,1,10129.97
12695,6024,85,1,71038.21
12696,6024,92,2,9310.75
12697,6025,64,1,9528.96
12698,6026,37,1,12549.03
12699,6026,59,2,5962.87
12700,6026,69,3,4524.47
12701,6027,91,1,14742.89
12702,6028,71,1,10209.27
12703,6029,88,1,3942.04
12704,6030,37,2,13676.59
12705,6031,38,1,4589.49
12706,6031,36,1,19955.05
12707,6031,5,3,90716.89
12708,6032,63,4,10354.35
12709,6033,55,2,35581.95
12710,6034,63,1,10251.24
12711,6034,12,1,14206.14
12712,6035,2,1,6632.64
12713,6035,72,1,11920.94
12714,6035,10,2,41691.99
12715,6036,86,1,29617.99
12716,6036,2,1,7103.51
12717,6037,2,2,7293.19
12718,6037,55,1,36444.86
12719,6038,74,2,16640.14
12720,6038,38,2,4850.41
12721,6038,45,2,109974.02
12722,6038,56,1,10596.69
12723,6039,49,1,4737.2
12724,6039,1,1,8804.99
12725,6040,89,3,2269.35
12726,6040,17,1,26534.06
12727,6041,49,1,5068.05
12728,6041,1,1,9688.93
12729,6042,11,1,13440.83
12730,6043,87,2,15298.06
12731,6043,23,1,11994.43
12732,6043,95,1,67079.83
12733,6043,34,4,11087.04
12734,6044,34,2,11638.09
12735,6044,12,1,15198.54
12736,6045,99,1,7498.49
12737,6046,1,4,8930.75
12738,6046,4,1,9480.38
12739,6047,34,1,12185.29
12740,6047,84,1,16834.4
12741,6048,24,2,15789.8
12742,6048,89,1,2178.59
12743,6049,43,1,12980.01
12744,6050,20,2,5416.93
12745,6050,4,1,10301.15
12746,6051,79,6,3821.39
12747,6051,18,1,12179.44
12748,6052,72,1,12388.64
12749,6052,58,2,8519.69
12750,6053,67,3,24643.24
12751,6053,76,1,8573.5
12752,6054,51,2,9135.63
12753,6054,84,2,17131.67
12754,6054,11,4,14049.61
12755,6054,65,1,83367.02
12756,6055,86,1,28847.53
12757,6055,24,3,14606.63
12758,6056,51,2,8920.44
12759,6056,74,1,18288.29
12760,6057,16,2,11045.66
12761,6057,42,1,11915.8
12762,6057,68,1,13366.54
12763,6057,39,2,8075.96
12764,6058,60,2,7929.14
12765,6058,30,1,25974.62
12766,6059,76,1,8563.34
12767,6060,74,1,17330.13
12768,6060,14,1,7428.29
12769,6061,32,1,7511.28
12770,6062,75,1,45704.78
12771,6063,84,1,16735.1
12772,6063,76,1,8237.43
12773,6064,60,2,8031.74
12774,6064,55,2,35432.15
12775,6065,81,1,11067.84
12776,6066,2,4,6593.63
12777,6066,34,1,12093.06
12778,6066,94,1,25961.04
12779,6066,63,1,9778.69
12780,6067,18,1,10843.02
12781,6067,74,1,17140.17
12782,6067,66,2,17631.93
12783,6068,30,3,29128.47
12784,6069,21,1,8883.87
12785,6069,55,1,37151.34
12786,6070,17,1,26111.4
12787,6071,85,1,74722.22
12788,6071,83,1,10745.12
12789,6071,74,2,16652.65
12790,6072,74,2,17723.37
12791,6072,72,1,11914.87
12792,6073,19,2,5480.42
12793,6073,1,2,8844.3
12794,6073,34,1,11247.71
12795,6074,14,2,8046.7
12796,6074,29,1,5255.55
12797,6074,88,1,3754.36
12798,6075,2,1,7183.22
12799,6075,94,3,28095.64
12800,6076,36,1,18946.64
12801,6076,29,1,5542.72
12802,6077,14,1,7721.34
12803,6077,38,1,4871.11
12804,6077,41,3,21419.57
12805,6078,61,2,19118.89
12806,6078,74,4,16890.14
12807,6079,45,1,113213.33
12808,6080,88,2,3576.12
12809,6080,66,1,17093.22
12810,6081,3,1,8524.3
12811,6081,20,2,5515.08
12812,6081,34,1,11993.89
12813,6082,37,1,13603.49
12814,6083,17,2,28046.45
12815,6084,78,2,5682.03
12816,6084,31,2,14240.81
12817,6084,4,1,9558.36
12818,6084,75,1,49027.37
12819,6084,77,1,15326.31
12820,6085,84,3,17467.97
12821,6085,14,1,7662.49
12822,6086,85,2,68860.52
12823,6086,81,2,10822.03
12824,6087,36,2,18250.05
12825,6088,85,2,75731.66
12826,6088,24,2,14632.73
12827,6088,91,2,14806.41
12828,6089,23,2,11924.08
12829,6089,76,2,8532.63
12830,6090,12,2,14834.7
12831,6090,1,1,9645.02
12832,6091,41,4,21619.03
12833,6091,35,1,85134.77
12834,6092,88,2,3978.16
12835,6092,62,1,15330.17
12836,6092,23,1,11670.53
12837,6093,34,1,12331.4
12838,6093,99,1,7485.25
12839,6094,55,2,35279.47
12840,6095,36,1,19377.6
12841,6095,84,1,17343.79
12842,6095,16,2,11541.3
12843,6096,53,24,15470.36
12844,6096,18,2,10910.75
12845,6096,97,2,7560.91
12846,6097,10,4,42962.87
12847,6097,51,1,9089.19
12848,6098,58,1,9249.25
12849,6098,4,1,10177.13
12850,6099,27,2,12572.26
12851,6099,81,1,10410.49
12852,6099,62,2,16010.72
12853,6099,73,1,6845.19
12854,6100,37,2,13803.56
12855,6100,4,1,9888.42
12856,6101,24,3,14541.97
12857,6102,43,3,12321.88
12858,6103,2,2,6634.79
12859,6103,48,1,6823.41
12860,6103,32,1,8041.92
12861,6103,77,2,15193.07
12862,6103,85,6,70724.2
12863,6104,76,2,8251.68
12864,6104,31,1,14451.26
12865,6105,81,2,10703.64
12866,6105,94,1,26150.36
12867,6106,38,1,4603.03
12868,6107,96,1,22492.45
12869,6108,8,1,13848.21
12870,6109,35,4,90700.79
12871,6109,8,1,12690.56
12872,6110,24,1,15138.52
12873,6110,1,1,9586.64
12874,6110,44,2,12215.26
12875,6110,54,1,28119.54
12876,6111,16,2,11018.47
12877,6111,55,1,37363.21
12878,6112,1,1,9820.69
12879,6112,37,3,13887.68
12880,6113,94,1,27929.4
12881,6113,37,1,12753.55
12882,6113,52,4,14736.74
12883,6114,88,1,3961.16
12884,6114,81,1,10860.07
12885,6115,92,1,9028.09
12886,6115,68,1,12814.21
12887,6115,51,1,8857.59
12888,6116,56,3,11401.56
12889,6116,11,2,13839.19
12890,6117,87,1,14191.72
12891,6118,49,1,4728.78
12892,6119,87,1,14184.71
12893,6119,61,2,19396.8
12894,6120,72,4,11978.23
12895,6120,51,1,9286.06
12896,6121,4,1,9805.94
12897,6121,24,1,14743.41
12898,6122,38,2,4713.01
12899,6123,29,2,5081.27
12900,6123,26,1,19698.08
12901,6124,45,1,110068.18
12902,6124,87,3,14783.97
12903,6125,46,1,19746.59
12904,6125,76,1,8775.03
12905,6126,2,2,7288.89
12906,6127,86,1,28184.6
12907,6127,66,1,17300.83
12908,6127,100,1,30653.73
12909,6127,30,1,28933.69
12910,6128,40,2,26614.71
12911,6129,95,2,66417.07
12912,6129,4,1,9275.72
12913,6130,46,1,20035.06
12914,6130,59,1,6005.33
12915,6130,72,1,11587.23
12916,6131,7,1,12055.3
12917,6131,11,1,13168.2
12918,6131,83,2,11462.09
12919,6132,92,4,9051.29
12920,6132,79,1,3843.6
12921,6132,1,1,8786.24
12922,6132,2,3,7222.87
12923,6133,76,4,8448.19
12924,6134,22,2,10870.33
12925,6135,38,3,5065.9
12926,6135,85,1,70729.65
12927,6135,67,1,25155.27
12928,6135,22,1,11096.09
12929,6136,93,1,5123.69
12930,6137,24,1,15347.74
12931,6137,2,1,7293.37
12932,6138,14,1,7501.16
12933,6138,82,3,16602.02
12934,6139,10,1,40554.77
12935,6139,21,2,8869.78
12936,6139,85,4,74762.32
12937,6139,36,1,18993.23
12938,6140,20,1,5454.16
12939,6140,49,1,4779.33
12940,6141,54,1,28128.73
12941,6142,89,1,2362.0
12942,6143,45,2,105170.99
12943,6144,86,2,28091.56
12944,6144,26,3,18604.81
12945,6145,24,1,15631.15
12946,6145,23,12,11360.11
12947,6146,94,1,26544.15
12948,6147,4,3,9337.21
12949,6147,83,1,11777.24
12950,6148,76,1,8540.39
12951,6149,3,1,8488.06
12952,6149,36,2,18586.56
12953,6149,21,1,9115.97
12954,6150,14,4,7921.86
12955,6150,71,2,10148.44
12956,6151,59,1,6546.72
12957,6152,86,6,27402.73
12958,6152,81,1,10674.61
12959,6153,30,2,25928.38
12960,6154,52,1,13869.03
12961,6154,56,2,11241.31
12962,6154,59,2,6494.39
12963,6155,76,1,8083.86
12964,6155,36,1,19046.39
12965,6155,7,2,11736.66
12966,6156,62,3,15469.52
12967,6156,22,1,10988.29
12968,6157,48,2,6822.45
12969,6157,52,1,13977.31
12970,6158,72,2,11830.64
12971,6158,85,6,74675.81
12972,6158,94,1,27363.61
12973,6159,64,1,10551.82
12974,6160,80,1,12686.64
12975,6161,85,2,70249.43
12976,6161,24,1,15245.5
12977,6161,51,2,9157.91
12978,6162,80,4,12449.75
12979,6163,52,24,13761.42
12980,6164,73,1,6342.57
12981,6164,38,1,5098.89
12982,6164,81,2,10660.2
12983,6164,55,1,34238.01
12984,6165,89,2,2195.37
12985,6165,30,1,28523.4
12986,6166,76,1,8077.75
12987,6167,90,2,13989.94
12988,6168,81,2,11021.01
12989,6169,67,1,24530.04
12990,6169,68,1,12987.63
12991,6170,85,2,75884.26
12992,6170,91,1,14404.76
12993,6171,42,1,11557.07
12994,6171,46,4,20353.62
12995,6172,94,2,27920.79
12996,6172,73,1,6270.58
12997,6172,31,1,14513.31
12998,6173,51,1,8886.8
12999,6173,83,1,11322.89
13000,6173,59,1,6131.25
13001,6173,61,1,18854.47
13002,6173,86,1,27220.23
13003,6174,76,1,8266.78
13004,6174,12,1,14576.59
13005,6174,88,1,3932.54
13006,6175,63,1,10712.12
13007,6176,22,1,11501.07
13008,6177,3,1,8632.96
13009,6177,81,1,9985.55
13010,6177,24,2,15408.99
13011,6178,54,1,28403.16
13012,6178,51,2,8963.52
13013,6179,95,1,65248.86
13014,6179,75,1,47778.43
13015,6179,14,1,7464.29
13016,6180,30,3,25848.48
13017,6180,51,2,9535.91
13018,6180,36,3,18869.27
13019,6180,85,2,74795.22
13020,6181,4,1,10372.89
13021,6182,13,3,6385.47
13022,6182,23,1,11430.73
13023,6183,72,1,12623.96
13024,6184,3,2,7828.13
13025,6184,33,1,11148.95
13026,6184,69,1,4786.03
13027,6185,63,4,10361.14
13028,6185,31,1,14869.23
13029,6185,84,4,16951.99
13030,6186,30,2,27533.48
13031,6187,1,1,9825.72
13032,6187,37,2,13023.47
13033,6188,2,1,6664.43
13034,6188,32,2,7279.63
13035,6189,23,3,12046.6
13036,6189,59,1,6086.79
13037,6190,31,1,14597.0
13038,6191,7,1,11966.4
13039,6192,40,4,27845.01
13040,6192,69,2,4446.16
13041,6193,62,1,15573.49
13042,6193,38,6,4954.81
13043,6194,24,1,14384.65
13044,6194,90,2,14262.93
13045,6195,74,2,17161.35
13046,6196,29,3,5135.61
13047,6197,44,1,12234.23
13048,6197,73,2,6256.52
13049,6198,52,1,14026.26
13050,6198,36,2,18272.37
13051,6198,68,1,12774.9
13052,6199,17,1,28490.73
13053,6199,29,1,5045.14
13054,6199,54,2,27985.66
13055,6199,22,1,10603.09
13056,6200,37,1,13863.09
13057,6201,85,2,73344.9
13058,6202,55,1,34990.94
13059,6203,54,3,26299.89
13060,6203,55,1,35590.17
13061,6204,92,1,9146.87
13062,6204,56,4,11285.93
13063,6205,15,1,63150.01
13064,6205,69,1,4722.03
13065,6206,52,1,14454.9
13066,6206,99,1,7821.5
13067,6207,84,1,17420.87
13068,6207,45,2,114389.16
13069,6207,88,2,3928.36
13070,6208,91,1,14312.88
13071,6208,93,1,5362.03
13072,6209,47,1,13663.64
13073,6210,55,1,34500.87
13074,6210,7,1,11736.54
13075,6211,1,2,9027.45
13076,6212,18,1,11244.53
13077,6212,55,1,34726.26
13078,6213,70,1,30455.76
13079,6213,3,2,8276.37
13080,6214,91,1,14007.82
13081,6214,43,1,12660.2
13082,6215,38,2,4906.16
13083,6215,32,2,7565.14
13084,6215,81,1,10604.43
13085,6216,66,2,19032.25
13086,6216,55,1,38014.92
13087,6216,26,1,19093.77
13088,6216,14,1,7907.14
13089,6217,76,3,7946.69
13090,6217,54,2,26158.99
13091,6218,88,1,3938.71
13092,6218,67,1,24733.07
13093,6219,17,1,27867.77
13094,6219,48,1,7572.93
13095,6220,75,4,48585.85
13096,6220,3,1,8695.1
13097,6221,83,4,10829.6
13098,6222,76,2,8678.7
13099,6223,23,1,11869.88
13100,6224,3,1,8516.71
13101,6224,10,1,39724.06
13102,6225,88,1,3660.11
13103,6225,95,3,62066.26
13104,6226,26,2,18499.95
13105,6226,74,2,18101.46
13106,6226,22,1,11049.09
13107,6227,22,2,11553.04
13108,6227,74,2,17066.08
13109,6228,2,1,6558.07
13110,6228,67,2,25067.99
13111,6228,85,1,70494.59
13112,6228,43,1,12125.9
13113,6228,51,3,9333.24
13114,6229,95,1,67197.94
13115,6230,81,2,10165.4
13116,6230,14,1,7797.15
13117,6231,49,1,5077.81
13118,6231,4,3,10391.67
13119,6231,15,1,61429.8
13120,6231,21,6,9215.47
13121,6231,61,4,18893.45
13122,6232,26,2,18143.37
13123,6232,4,1,9956.13
13124,6233,34,2,11130.64
13125,6234,36,1,19654.82
13126,6234,92,3,9398.55
13127,6235,40,1,27238.07
13128,6235,74,3,16951.54
13129,6235,29,4,5602.32
13130,6236,45,1,108510.22
13131,6236,42,1,11513.51
13132,6236,32,2,7819.43
13133,6236,86,2,27244.7
13134,6237,33,1,11201.72
13135,6238,31,1,13938.41
13136,6238,22,1,11681.03
13137,6238,24,2,15002.16
13138,6239,40,1,28105.82
13139,6240,38,1,4856.24
13140,6241,92,1,8795.19
13141,6241,71,2,9580.99
13142,6241,16,1,11153.7
13143,6241,6,1,38998.82
13144,6242,19,4,5627.25
13145,6242,26,1,20148.0
13146,6243,49,3,4679.69
13147,6244,1,1,9283.99
13148,6245,83,1,11278.76
13149,6245,61,1,18674.44
13150,6245,32,1,7477.41
13151,6245,71,6,10640.13
13152,6246,38,1,4845.1
13153,6246,65,1,82368.0
13154,6246,89,12,2105.31
13155,6247,56,2,11191.99
13156,6247,74,1,17639.43
13157,6247,85,1,76090.4
13158,6248,88,1,3757.89
13159,6249,70,1,32454.86
13160,6249,32,1,7551.55
13161,6249,29,1,5501.09
13162,6250,91,1,13369.86
13163,6251,69,1,4698.99
13164,6252,97,1,7601.27
13165,6252,65,6,80470.9
13166,6253,21,1,8354.6
13167,6254,9,1,6962.87
13168,6254,5,1,88511.19
13169,6254,58,1,8764.18
13170,6255,54,1,28478.38
13171,6255,83,1,10837.56
13172,6255,39,1,7500.23
13173,6256,68,3,12963.4
13174,6256,22,1,11674.95
13175,6256,81,1,10857.85
13176,6257,90,2,15393.14
13177,6258,55,4,35887.32
13178,6258,36,2,18108.47
13179,6259,85,2,76656.33
13180,6259,70,1,29534.72
13181,6260,69,1,4696.74
13182,6260,34,3,11539.08
13183,6261,2,3,6796.92
13184,6261,34,1,11289.07
13185,6261,63,2,10464.3
13186,6262,24,1,15880.72
13187,6262,65,2,78116.65
13188,6263,85,2,72400.66
13189,6264,64,3,10085.85
13190,6264,62,2,15538.75
13191,6264,88,2,3687.29
13192,6265,81,1,11088.38
13193,6266,7,1,12321.47
13194,6266,87,2,15177.42
13195,6267,92,1,9608.03
13196,6267,29,3,5336.85
13197,6268,4,1,10245.56
13198,6268,37,2,13446.13
13199,6269,95,4,67567.01
13200,6269,27,3,13210.18
13201,6269,71,3,10170.73
13202,6270,54,3,27557.46
13203,6270,5,24,94082.2
13204,6271,42,1,10938.67
13205,6271,22,2,10568.93
13206,6271,2,1,7300.94
13207,6271,61,6,20051.7
13208,6272,51,3,8531.37
13209,6272,67,1,23912.2
13210,6272,21,2,8468.61
13211,6272,70,1,29578.6
13212,6273,88,1,3949.82
13213,6274,20,1,5551.0
13214,6275,57,1,27042.82
13215,6275,84,1,16499.77
13216,6276,94,1,26279.04
13217,6276,36,4,20288.02
13218,6277,29,6,5487.43
13219,6277,4,1,9547.83
13220,6278,80,2,11892.07
13221,6279,7,2,12766.85
13222,6279,55,1,36167.65
13223,6280,60,1,8002.29
13224,6280,1,2,9198.31
13225,6281,59,1,6253.74
13226,6281,1,1,9318.26
13227,6282,14,2,8025.47
13228,6282,66,1,17854.09
13229,6282,21,24,8681.3
13230,6282,29,6,5432.24
13231,6282,81,1,11121.1
13232,6283,85,1,71189.0
13233,6284,4,2,10146.96
13234,6284,5,1,88175.63
13235,6285,17,1,26618.28
13236,6286,95,1,65357.98
13237,6286,79,1,3893.72
13238,6286,58,1,9132.43
13239,6287,81,1,10061.26
13240,6287,3,2,8785.33
13241,6288,17,2,27267.6
13242,6288,76,2,8823.01
13243,6288,42,1,10686.42
13244,6288,6,1,40416.59
13245,6289,77,6,14844.22
13246,6289,78,2,6220.82
13247,6289,67,2,24518.69
13248,6290,12,1,14163.55
13249,6290,51,1,8776.15
13250,6290,54,1,28600.06
13251,6291,36,2,18676.18
13252,6291,59,1,6452.51
13253,6291,17,1,27918.64
13254,6291,14,1,8098.39
13255,6292,34,1,11302.74
13256,6293,63,4,10385.11
13257,6293,75,1,47051.51
13258,6294,94,1,25806.77
13259,6294,40,2,27907.45
13260,6295,36,1,19180.69
13261,6296,46,1,18863.99
13262,6296,28,2,7953.12
13263,6297,4,1,10032.56
13264,6298,12,2,13844.94
13265,6298,29,2,5039.21
13266,6299,93,1,5722.19
13267,6300,4,1,10179.67
13268,6301,42,4,10641.84
13269,6301,16,1,11899.47
13270,6301,66,1,17522.02
13271,6302,1,6,9153.48
13272,6302,88,1,3634.21
13273,6303,2,2,6601.12
13274,6303,91,2,14197.82
13275,6303,42,3,10704.03
13276,6303,69,6,4623.54
13277,6304,96,2,21715.31
13278,6304,36,1,20290.72
13279,6304,81,1,10502.14
13280,6305,81,1,10063.41
13281,6305,93,2,5664.42
13282,6306,7,2,11952.98
13283,6306,13,4,6126.94
13284,6306,38,2,4589.12
13285,6306,61,1,19532.23
13286,6307,64,1,10183.49
13287,6307,43,1,12842.41
13288,6307,73,3,6194.21
13289,6307,51,2,8890.33
13290,6307,72,4,11996.27
13291,6308,55,2,37348.97
13292,6309,7,1,12907.18
13293,6309,16,3,12036.98
13294,6310,95,1,65455.47
13295,6310,27,2,13013.37
13296,6310,30,3,28663.42
13297,6310,26,1,18003.81
13298,6311,62,2,14648.1
13299,6311,20,1,5182.44
13300,6311,52,2,14303.71
13301,6312,12,1,13722.62
13302,6312,51,1,9452.11
13303,6312,82,3,15199.05
13304,6312,38,1,4657.85
13305,6313,89,1,2107.73
13306,6313,34,3,11880.23
13307,6313,88,2,3725.66
13308,6314,76,1,8392.77
13309,6314,65,1,79440.3
13310,6314,54,2,26212.56
13311,6315,14,1,7641.3
13312,6315,27,1,13822.91
13313,6315,20,2,5139.72
13314,6316,12,2,14487.38
13315,6317,5,2,91834.44
13316,6317,49,1,4891.44
13317,6318,86,1,28685.91
13318,6318,37,2,12805.37
13319,6319,41,1,22107.78
13320,6319,63,1,10068.49
13321,6319,17,2,28499.63
13322,6320,74,1,18044.2
13323,6320,34,3,11094.42
13324,6321,94,1,26055.01
13325,6322,86,24,29480.76
13326,6323,40,1,28778.6
13327,6323,54,1,28087.78
13328,6323,90,1,15424.74
13329,6324,7,4,12799.94
13330,6325,54,1,27607.05
13331,6325,18,4,11159.15
13332,6326,48,1,7296.98
13333,6326,1,2,9773.19
13334,6326,16,1,11392.84
13335,6327,34,1,12381.9
13336,6327,36,2,20168.33
13337,6328,5,1,92442.05
13338,6328,91,1,14584.18
13339,6329,50,2,36507.51
13340,6329,54,1,25783.7
13341,6329,69,3,4304.74
13342,6330,75,1,47946.98
13343,6331,1,1,9776.39
13344,6331,26,3,19041.1
13345,6331,29,1,5128.51
13346,6331,66,2,17179.59
13347,6332,14,2,7222.37
13348,6332,67,1,25544.47
13349,6332,36,1,20403.91
13350,6332,65,1,81046.68
13351,6332,69,1,4767.26
13352,6333,97,1,8190.83
13353,6333,3,4,8773.45
13354,6333,94,3,27470.43
13355,6333,21,1,9031.06
13356,6334,29,2,5659.06
13357,6334,1,3,9388.09
13358,6335,94,3,28621.02
13359,6336,76,1,8379.47
13360,6337,26,1,20143.39
13361,6338,36,4,20383.79
13362,6339,21,3,9215.14
13363,6340,81,1,10910.85
13364,6340,83,2,11518.26
13365,6341,55,3,35938.58
13366,6341,14,2,7288.55
13367,6341,60,1,8160.33
13368,6342,89,2,2261.7
13369,6343,14,2,7246.65
13370,6344,10,1,41454.38
13371,6345,93,1,5318.01
13372,6346,81,2,10491.46
13373,6346,82,2,15602.14
13374,6347,33,1,11539.85
13375,6347,24,1,14367.96
13376,6348,40,1,28165.66
13377,6348,23,1,11836.38
13378,6349,91,2,14209.58
13379,6349,2,1,6925.39
13380,6349,79,1,4124.98
13381,6350,16,1,11056.8
13382,6350,21,1,9137.44
13383,6351,46,1,18248.96
13384,6351,18,2,11906.49
13385,6352,54,1,26201.91
13386,6352,24,3,16089.25
13387,6353,3,1,8726.29
13388,6353,31,1,14207.37
13389,6353,90,1,15291.62
13390,6354,64,1,10108.68
13391,6354,61,1,19064.24
13392,6354,82,1,15460.8
13393,6355,48,1,7294.65
13394,6355,81,1,10311.81
13395,6355,20,3,5404.81
13396,6355,60,2,8113.1
13397,6356,76,1,8532.85
13398,6356,30,1,26411.32
13399,6356,55,24,34010.38
13400,6356,70,1,32580.29
13401,6357,62,6,15038.06
13402,6358,84,2,17493.71
13403,6358,71,1,10666.19
13404,6358,4,2,9291.5
13405,6358,54,1,26384.09
13406,6359,8,4,13853.49
13407,6359,37,1,13242.31
13408,6359,81,1,10722.96
13409,6360,76,2,8761.63
13410,6360,58,2,8869.78
13411,6360,22,4,10993.74
13412,6360,67,1,25849.05
13413,6360,30,2,26008.85
13414,6361,16,1,11997.29
13415,6361,18,1,10852.11
13416,6362,95,2,64499.04
13417,6362,54,2,26882.94
13418,6363,65,1,86545.59
13419,6363,15,1,66441.1
13420,6363,7,1,12157.4
13421,6363,81,3,10081.99
13422,6364,38,1,4838.24
13423,6364,3,4,8168.68
13424,6364,74,1,18035.64
13425,6365,69,1,4511.95
13426,6366,37,1,13218.37
13427,6367,84,1,17742.58
13428,6367,21,2,9156.71
13429,6367,95,1,65046.3
13430,6368,5,1,88150.02
13431,6369,32,1,7407.8
13432,6369,36,1,20006.96
13433,6370,94,2,26471.43
13434,6370,14,1,7277.36
13435,6371,1,1,9437.83
13436,6372,1,1,8856.77
13437,6372,7,2,11897.58
13438,6372,49,1,5205.1
13439,6373,14,1,7182.11
13440,6373,31,2,14658.57
13441,6373,22,1,11203.76
13442,6374,22,2,10941.91
13443,6374,46,1,19886.64
13444,6374,35,4,89975.33
13445,6375,4,1,10012.59
13446,6376,91,2,13220.35
13447,6376,100,1,28202.8
13448,6377,83,1,11472.47
13449,6378,81,6,10622.35
13450,6378,63,1,10828.73
13451,6378,90,4,14526.4
13452,6378,2,1,7180.17
13453,6378,4,1,9377.39
13454,6379,42,1,11820.78
13455,6379,48,2,7569.45
13456,6379,88,1,3573.27
13457,6380,69,1,4741.44
13458,6380,55,3,33783.22
13459,6381,70,2,31438.24
13460,6382,14,1,7737.61
13461,6382,80,1,11908.02
13462,6382,84,1,17523.2
13463,6383,85,2,72867.58
13464,6383,29,1,5141.44
13465,6383,1,1,9141.43
13466,6384,54,1,25774.5
13467,6384,27,4,12760.29
13468,6384,75,3,45284.5
13469,6384,64,2,10408.49
13470,6385,30,1,26793.8
13471,6385,5,1,92517.68
13472,6385,18,1,12215.33
13473,6386,12,1,14000.46
13474,6386,31,2,14312.8
13475,6386,70,1,30991.74
13476,6386,85,1,70832.71
13477,6387,55,2,36078.95
13478,6388,31,2,13583.52
13479,6388,14,1,7880.91
13480,6389,43,1,12947.46
13481,6389,94,1,26647.39
13482,6389,32,2,7275.05
13483,6390,2,1,7097.25
13484,6391,22,2,10839.07
13485,6392,9,1,6882.01
13486,6392,84,3,16447.65
13487,6392,34,1,11566.68
13488,6392,91,1,14367.28
13489,6393,1,1,9036.94
13490,6394,84,2,15952.29
13491,6394,41,1,22656.04
13492,6395,22,1,10861.18
13493,6396,26,3,18445.91
13494,6396,63,1,10041.97
13495,6396,74,1,18349.42
13496,6396,44,1,11678.98
13497,6396,18,1,11718.81
13498,6397,65,2,83677.52
13499,6397,48,4,7569.42
13500,6398,2,1,6676.46
13501,6399,40,2,29681.95
13502,6400,51,3,8501.52
13503,6400,61,1,20381.9
13504,6401,7,2,12846.86
13505,6401,74,2,17178.33
13506,6401,40,2,29422.97
13507,6402,65,2,80676.7
13508,6402,32,2,7639.32
13509,6403,84,1,16876.03
13510,6404,2,2,6903.88
13511,6404,51,4,9227.53
13512,6405,76,1,8822.46
13513,6405,41,1,21788.43
13514,6406,34,1,11151.93
13515,6407,69,1,4675.47
13516,6407,90,2,14203.43
13517,6408,2,3,6973.25
13518,6408,34,4,12166.46
13519,6408,38,2,4532.87
13520,6409,22,1,11231.74
13521,6409,62,1,15652.58
13522,6410,59,2,6369.63
13523,6411,54,3,25718.75
13524,6411,29,1,5399.31
13525,6411,27,1,12677.08
13526,6412,21,1,8357.85
13527,6413,51,2,9339.69
13528,6413,74,3,17208.15
13529,6413,97,1,8206.5
13530,6413,96,1,21224.37
13531,6414,69,1,4246.13
13532,6414,76,1,7866.49
13533,6414,14,1,7833.02
13534,6415,95,1,67038.12
13535,6415,17,1,28299.29
13536,6415,35,3,91915.98
13537,6415,63,1,10067.27
13538,6416,26,1,19919.5
13539,6416,14,1,7634.5
13540,6416,8,1,13979.15
13541,6416,76,2,7987.92
13542,6417,4,1,9658.96
13543,6417,24,2,15611.93
13544,6418,1,1,9083.96
13545,6419,82,2,16372.66
13546,6419,85,2,73208.34
13547,6419,91,1,14839.74
13548,6419,36,1,19957.95
13549,6419,49,1,5083.87
13550,6420,32,2,7792.27
13551,6420,94,1,26703.44
13552,6421,4,1,9639.86
13553,6422,55,1,33989.61
13554,6422,63,2,9647.18
13555,6422,2,2,6865.94
13556,6423,36,1,18122.82
13557,6424,29,2,5545.34
13558,6424,23,2,11481.32
13559,6425,2,1,7335.11
13560,6425,35,2,85558.33
13561,6426,4,2,9883.02
13562,6426,11,1,13141.75
13563,6427,89,1,2195.54
13564,6428,21,2,8821.83
13565,6428,20,1,5000.0
13566,6429,89,1,2268.86
13567,6429,35,3,85222.86
13568,6429,76,2,8593.29
13569,6429,71,2,9864.75
13570,6430,83,1,11472.53
13571,6431,4,2,10409.92
13572,6432,100,1,27638.33
13573,6432,68,2,13581.52
13574,6433,77,1,14990.39
13575,6433,46,3,19193.22
13576,6434,93,2,5633.21
13577,6435,98,4,3997.35
13578,6435,27,2,12442.01
13579,6436,24,18,15460.9
13580,6436,34,2,11997.6
13581,6436,60,1,8088.23
13582,6437,88,1,3920.82
13583,6438,53,2,16125.38
13584,6438,54,2,27217.88
13585,6438,34,3,12318.56
13586,6439,46,4,19753.78
13587,6439,83,1,10856.79
13588,6440,91,24,13619.26
13589,6441,86,1,27912.47
13590,6441,4,2,9453.31
13591,6441,100,2,29308.78
13592,6441,89,2,2175.94
13593,6442,55,2,36511.97
13594,6442,17,1,27037.1
13595,6443,88,1,3948.09
13596,6444,74,1,16985.42
13597,6445,74,6,16935.92
13598,6445,47,1,13222.39
13599,6445,70,2,32352.57
13600,6445,22,1,10562.65
13601,6446,64,1,9495.55
13602,6446,83,1,11003.84
13603,6447,27,1,13182.97
13604,6448,74,1,17658.48
13605,6448,1,1,9486.26
13606,6448,38,1,4788.77
13607,6449,27,1,13886.17
13608,6449,16,4,11524.89
13609,6449,61,18,19628.18
13610,6450,26,1,18277.33
13611,6451,92,1,9298.19
13612,6451,14,1,7541.47
13613,6451,34,3,11229.44
13614,6451,3,2,7818.35
13615,6452,62,2,14655.55
13616,6453,83,1,11546.16
13617,6453,31,6,14816.52
13618,6454,55,1,34489.42
13619,6455,68,1,13412.9
13620,6455,62,1,14924.89
13621,6456,40,1,26430.85
13622,6457,1,2,9116.22
13623,6457,96,1,20294.77
13624,6458,37,1,13973.35
13625,6458,78,1,5668.76
13626,6459,81,1,10950.38
13627,6459,74,1,16871.26
13628,6460,49,1,4667.42
13629,6460,61,6,18149.47
13630,6461,69,1,4692.76
13631,6461,62,1,15451.14
13632,6461,17,1,26243.79
13633,6462,2,2,6842.27
13634,6462,29,2,5653.14
13635,6463,84,1,15972.34
13636,6464,38,1,4754.19
13637,6464,94,1,26875.35
13638,6464,70,3,31221.24
13639,6464,73,2,6303.8
13640,6465,18,2,11734.16
13641,6466,18,1,10920.23
13642,6467,61,2,20216.97
13643,6468,51,1,9266.97
13644,6469,36,1,18859.84
13645,6469,75,1,49754.79
13646,6470,26,1,19548.0
13647,6470,45,1,113235.29
13648,6470,22,1,11066.33
13649,6471,20,1,4999.8
13650,6471,10,2,39311.61
13651,6472,55,1,34054.06
13652,6472,87,1,14818.8
13653,6473,88,4,3590.25
13654,6473,67,3,25118.85
13655,6474,74,1,17010.25
13656,6475,38,1,4549.19
13657,6476,67,24,26142.1
13658,6476,81,1,11178.88
13659,6476,70,3,30808.05
13660,6476,63,1,9800.96
13661,6477,84,1,16209.59
13662,6477,14,1,8084.06
13663,6478,64,2,9630.86
13664,6479,38,1,5029.95
13665,6480,46,1,19213.85
13666,6481,45,4,113357.5
13667,6482,60,1,8803.81
13668,6482,63,2,10817.93
13669,6482,83,2,10712.77
13670,6482,38,1,4805.49
13671,6483,94,4,26413.58
13672,6483,85,1,71591.94
13673,6484,2,2,6722.91
13674,6485,5,2,95563.19
13675,6485,47,3,13246.46
13676,6486,32,1,7315.66
13677,6487,58,1,8989.05
13678,6487,64,1,9651.13
13679,6487,4,12,9957.81
13680,6487,95,2,61601.49
13681,6487,62,1,14330.41
13682,6488,14,1,8045.0
13683,6488,31,4,13440.61
13684,6488,65,1,86514.39
13685,6488,76,2,7946.71
13686,6489,48,2,7645.86
13687,6489,55,1,36256.61
13688,6489,93,3,5676.5
13689,6490,23,1,11829.42
13690,6490,10,1,43457.12
13691,6490,76,2,7957.59
13692,6490,16,2,11180.42
13693,6490,29,3,5513.64
13694,6491,59,1,6619.54
13695,6492,86,1,28399.27
13696,6492,33,1,11023.75
13697,6493,36,1,19757.29
13698,6494,91,1,14399.06
13699,6494,32,1,7268.7
13700,6494,46,1,18650.33
13701,6494,29,1,5506.56
13702,6495,91,2,14241.32
13703,6495,64,3,10088.44
13704,6495,46,1,19685.06
13705,6496,58,1,8904.52
13706,6497,95,2,67523.03
13707,6498,40,1,28238.32
13708,6498,72,1,12742.58
13709,6499,2,2,6784.54
13710,6499,56,3,10693.41
13711,6500,14,2,7410.53
13712,6500,91,2,14263.08
13713,6500,36,2,18636.67
13714,6501,71,1,9893.92
13715,6502,70,1,31739.24
13716,6502,26,2,18964.59
13717,6502,14,1,8056.14
13718,6503,26,1,18686.33
13719,6503,79,2,3947.22
13720,6504,99,2,8136.52
13721,6504,18,1,11716.62
13722,6505,67,1,24899.79
13723,6505,18,1,10966.76
13724,6506,1,3,9176.53
13725,6506,4,2,9626.43
13726,6506,70,3,31032.78
13727,6507,58,2,8938.18
13728,6507,67,1,23515.69
13729,6508,34,2,11876.7
13730,6509,76,1,7964.44
13731,6509,4,1,10356.17
13732,6510,46,12,19035.23
13733,6511,42,1,10828.54
13734,6511,72,1,12337.15
13735,6512,62,18,15620.55
13736,6512,94,1,27591.64
13737,6513,24,1,15608.07
13738,6513,29,2,5496.96
13739,6513,40,1,27980.32
13740,6513,11,1,13758.19
13741,6514,27,1,12735.62
13742,6514,78,1,6174.92
13743,6514,90,1,15170.25
13744,6515,85,1,70915.89
13745,6515,55,4,37583.2
13746,6516,29,2,5126.26
13747,6516,37,2,14001.66
13748,6516,34,1,11784.39
13749,6516,32,1,7743.31
13750,6517,4,3,10241.61
13751,6517,54,1,27198.94
13752,6517,55,1,34511.47
13753,6518,76,2,8321.69
13754,6518,26,4,19953.73
13755,6519,14,2,7504.68
13756,6520,41,3,20927.26
13757,6520,63,1,10737.04
13758,6521,92,2,9654.66
13759,6521,14,2,7208.34
13760,6521,64,1,10418.16
13761,6522,93,3,5279.81
13762,6522,99,12,8071.35
13763,6522,26,1,19466.62
13764,6522,76,2,7919.61
13765,6523,14,1,7570.8
13766,6523,66,3,17004.08
13767,6523,21,1,8808.72
13768,6523,84,2,16612.17
13769,6524,26,1,19300.23
13770,6525,36,2,19441.6
13771,6526,3,1,8696.69
13772,6527,99,2,7764.52
13773,6527,2,1,6631.66
13774,6528,14,2,7875.18
13775,6529,11,2,13894.9
13776,6530,10,1,40825.24
13777,6530,16,3,11298.66
13778,6530,99,6,7950.99
13779,6530,31,1,14278.78
13780,6531,1,1,9750.91
13781,6531,31,2,14184.08
13782,6531,94,1,28401.37
13783,6532,92,1,9360.77
13784,6533,74,2,16997.21
13785,6534,26,1,18145.42
13786,6534,4,1,10471.23
13787,6535,74,1,16798.03
13788,6535,100,2,29662.44
13789,6535,43,3,13348.93
13790,6535,76,2,8366.54
13791,6536,85,3,71425.41
13792,6537,4,24,9544.58
13793,6537,48,1,7093.7
13794,6537,18,2,11627.52
13795,6537,7,1,12492.26
13796,6538,100,3,30118.13
13797,6538,85,1,68528.15
13798,6538,46,1,20424.49
13799,6539,25,1,86286.01
13800,6539,27,1,13769.67
13801,6539,42,1,10932.46
13802,6539,63,1,10220.37
13803,6539,84,12,16895.38
13804,6540,70,1,30518.13
13805,6540,88,1,4013.19
13806,6540,2,2,6909.32
13807,6540,96,12,22442.93
13808,6540,37,1,14024.8
13809,6541,55,1,37355.03
13810,6541,36,1,20093.67
13811,6542,48,2,7567.39
13812,6542,24,3,15778.73
13813,6543,67,1,24266.49
13814,6543,86,1,28111.23
13815,6543,17,1,28329.35
13816,6544,4,2,10118.72
13817,6545,4,2,10237.9
13818,6546,36,2,18441.21
13819,6547,92,1,9182.68
13820,6548,16,2,11745.73
13821,6549,12,2,14764.97
13822,6549,38,12,4879.06
13823,6550,31,2,13657.86
13824,6551,10,1,42841.86
13825,6551,74,2,17138.15
13826,6551,22,1,11401.27
13827,6551,82,1,16747.57
13828,6552,62,2,14471.62
13829,6553,48,4,7579.32
13830,6553,3,2,8440.29
13831,6554,48,1,6920.64
13832,6554,52,1,14012.78
13833,6554,2,2,6886.93
13834,6554,83,1,11310.9
13835,6555,34,1,12355.24
13836,6556,48,2,6866.56
13837,6556,44,1,11423.11
13838,6556,37,2,13126.08
13839,6557,51,1,9509.44
13840,6557,99,1,7695.39
13841,6558,44,1,11727.31
13842,6558,34,18,11308.64
13843,6559,87,3,15055.06
13844,6560,49,3,5056.37
13845,6561,7,1,11913.36
13846,6561,12,1,14207.75
13847,6562,58,2,8650.89
13848,6562,34,1,12180.11
13849,6562,4,4,9877.38
13850,6563,38,3,4846.3
13851,6564,55,4,37537.64
13852,6565,12,1,14873.44
13853,6565,94,1,27221.06
13854,6566,2,1,7251.87
13855,6566,8,1,12632.8
13856,6567,26,1,18856.23
13857,6567,94,4,26186.66
13858,6567,64,1,10419.59
13859,6568,8,1,13845.68
13860,6568,36,1,18274.02
13861,6568,71,1,10293.19
13862,6569,34,3,11316.76
13863,6569,86,2,29609.04
13864,6570,52,1,14848.97
13865,6570,14,2,7666.14
13866,6570,85,4,76443.4
13867,6571,29,2,5294.81
13868,6572,38,2,4806.41
13869,6572,88,1,3812.72
13870,6573,31,1,14442.03
13871,6573,86,1,29217.54
13872,6573,90,1,14687.51
13873,6574,3,12,7858.98
13874,6575,99,1,8033.64
13875,6575,4,4,10469.59
13876,6575,2,3,6801.72
13877,6575,71,1,9605.41
13878,6576,84,2,17009.85
13879,6576,85,4,73047.33
13880,6577,24,1,15972.36
13881,6578,85,1,68623.37
13882,6578,47,1,13412.33
13883,6578,29,12,5232.28
13884,6579,71,1,9535.1
13885,6580,23,2,11877.69
13886,6581,55,1,34794.62
13887,6582,74,2,16864.72
13888,6582,67,3,24924.64
13889,6582,58,24,8691.1
13890,6582,5,1,93452.54
13891,6583,74,2,17559.79
13892,6584,33,1,11998.51
13893,6584,2,1,7143.32
13894,6584,31,1,14165.54
13895,6585,96,2,20685.64
13896,6586,51,1,9381.28
13897,6587,92,2,9585.59
13898,6587,46,1,19263.09
13899,6588,33,1,11837.35
13900,6588,69,1,4689.32
13901,6588,8,2,13158.16
13902,6589,71,1,9582.17
13903,6589,4,1,9486.33
13904,6590,85,2,70653.11
13905,6590,33,3,11607.93
13906,6590,97,2,7651.04
13907,6591,27,2,13780.67
13908,6592,22,1,11242.17
13909,6592,51,1,8897.97
13910,6592,69,1,4691.99
13911,6592,76,1,8239.82
13912,6593,29,24,5034.2
13913,6593,34,1,11910.2
13914,6594,19,1,6097.19
13915,6594,73,1,6159.52
13916,6594,74,1,17997.63
13917,6595,5,2,93261.9
13918,6596,67,2,24211.35
13919,6596,3,2,8196.26
13920,6597,42,2,10689.41
13921,6597,61,1,19928.9
13922,6597,54,1,26633.2
13923,6597,71,2,9806.92
13924,6598,35,2,91510.09
13925,6599,80,3,12885.23
13926,6599,49,3,4785.06
13927,6600,100,1,29335.12
13928,6601,92,1,9746.95
13929,6602,51,1,8976.1
13930,6602,34,1,11125.26
13931,6603,8,2,13868.12
13932,6603,23,1,11761.2
13933,6603,26,4,20193.18
13934,6604,86,1,27622.82
13935,6605,36,1,18339.97
13936,6605,74,1,17986.15
13937,6605,65,1,85511.82
13938,6606,64,2,9908.41
13939,6606,27,1,12429.37
13940,6607,49,1,4619.13
13941,6607,54,1,26212.21
13942,6607,71,4,10170.13
13943,6608,37,1,12573.31
13944,6609,88,1,3646.69
13945,6609,3,1,8583.29
13946,6610,74,1,17726.02
13947,6611,8,3,13283.75
13948,6611,34,1,11243.23
13949,6612,45,1,115750.15
13950,6612,55,1,34601.23
13951,6613,22,24,11505.47
13952,6613,34,1,11284.58
13953,6614,14,2,7949.88
13954,6614,23,1,10843.75
13955,6615,21,4,9054.95
13956,6615,85,1,74658.25
13957,6616,22,2,10602.07
13958,6617,55,1,37220.28
13959,6617,85,3,72635.01
13960,6618,91,1,13722.16
13961,6618,81,1,10704.29
13962,6619,66,1,17238.88
13963,6619,1,4,9288.94
13964,6619,46,1,19237.35
13965,6620,55,2,34250.45
13966,6620,74,1,18105.15
13967,6621,58,2,9290.68
13968,6622,34,1,12080.67
13969,6623,4,1,9906.08
13970,6623,8,2,14125.77
13971,6623,100,1,28907.56
13972,6624,43,2,12998.0
13973,6625,83,1,11683.42
13974,6625,90,1,14941.89
13975,6626,4,1,9646.61
13976,6626,66,1,17489.07
13977,6627,4,1,9272.46
13978,6627,81,1,10075.83
13979,6628,51,1,9480.01
13980,6629,84,1,16369.05
13981,6630,1,1,8868.63
13982,6630,97,2,8250.06
13983,6631,18,4,11464.85
13984,6632,87,1,14826.32
13985,6632,4,3,10089.86
13986,6633,52,2,15362.69
13987,6633,48,2,7444.12
13988,6633,31,1,14748.62
13989,6633,30,1,26626.66
13990,6634,100,1,27786.69
13991,6635,61,1,20330.78
13992,6635,84,2,16908.07
13993,6635,32,1,8145.94
13994,6636,21,2,8621.57
13995,6637,74,1,16689.12
13996,6638,49,1,4737.58
13997,6638,12,1,14929.59
13998,6639,76,1,8196.03
13999,6639,48,1,6904.45
14000,6639,14,1,7368.75
14001,6640,84,1,17078.71
14002,6640,14,3,7176.87
14003,6640,76,1,8100.69
14004,6641,1,1,9554.54
14005,6641,55,1,36882.73
14006,6641,20,1,5320.47
14007,6642,88,3,3983.89
14008,6643,82,3,15459.53
14009,6644,11,1,13047.48
14010,6644,12,3,14904.65
14011,6644,24,1,15472.11
14012,6644,91,1,13888.6
14013,6645,67,1,24350.67
14014,6645,19,1,5839.76
14015,6645,29,1,5554.09
14016,6646,68,1,12503.42
14017,6647,3,1,8674.24
14018,6647,48,2,6946.86
14019,6648,85,1,71135.24
14020,6649,95,1,61816.52
14021,6649,82,1,17028.55
14022,6649,89,2,2296.33
14023,6650,14,2,7422.69
14024,6651,12,1,14581.27
14025,6652,71,1,9967.41
14026,6652,2,1,6704.0
14027,6653,40,2,26944.23
14028,6653,29,1,5498.39
14029,6654,14,1,7850.15
14030,6655,61,3,18523.93
14031,6655,24,1,16026.9
14032,6655,82,1,16395.39
14033,6656,89,2,2200.14
14034,6657,61,3,20222.84
14035,6657,48,3,7343.65
14036,6658,14,2,7857.09
14037,6659,70,1,29748.71
14038,6659,20,1,4946.3
14039,6660,100,3,30130.36
14040,6661,84,1,16849.04
14041,6661,74,1,17830.29
14042,6662,24,2,14396.22
14043,6662,59,1,6394.78
14044,6662,5,1,93816.68
14045,6662,94,2,28167.2
14046,6663,41,1,21576.98
14047,6664,87,1,15005.9
14048,6665,51,3,8498.26
14049,6665,75,2,46645.62
14050,6665,74,2,16643.42
14051,6666,52,1,13761.4
14052,6666,33,1,10931.43
14053,6667,29,12,5089.18
14054,6667,66,2,17156.32
14055,6668,16,2,12007.59
14056,6668,34,4,12080.99
14057,6669,1,1,9336.4
14058,6670,67,1,26333.83
14059,6670,72,1,12836.39
14060,6670,14,1,8032.66
14061,6671,51,1,8776.3
14062,6671,29,3,5056.15
14063,6671,81,3,11014.14
14064,6672,2,1,6752.53
14065,6672,88,2,3699.13
14066,6673,31,2,15070.82
14067,6673,51,4,8785.94
14068,6674,74,1,18589.87
14069,6674,99,1,8023.19
14070,6675,90,2,14973.97
14071,6675,46,2,18364.31
14072,6675,51,2,8678.3
14073,6675,61,1,19107.64
14074,6676,43,1,12583.31
14075,6677,22,2,10959.77
14076,6677,20,1,5168.07
14077,6677,82,3,15279.08
14078,6678,2,1,7189.22
14079,6678,21,1,8236.31
14080,6679,42,1,11762.73
14081,6680,38,2,4627.11
14082,6680,4,1,10171.4
14083,6680,14,1,7840.6
14084,6681,85,1,74578.94
14085,6682,85,2,72674.22
14086,6682,22,4,10768.02
14087,6683,37,1,13309.19
14088,6683,53,1,15224.12
14089,6683,76,1,7973.35
14090,6683,21,3,8883.67
14091,6684,81,18,10869.09
14092,6684,74,2,17517.62
14093,6685,27,1,12812.94
14094,6686,87,1,14606.18
14095,6687,29,1,5066.85
14096,6687,4,1,10330.24
14097,6688,70,1,29567.06
14098,6689,12,2,13660.66
14099,6690,10,2,42591.82
14100,6690,81,1,11105.76
14101,6690,26,1,19348.54
14102,6691,62,3,14629.28
14103,6692,54,2,25831.16
14104,6692,58,1,9111.91
14105,6693,60,2,8678.66
14106,6693,76,2,7871.37
14107,6694,82,1,15991.51
14108,6695,1,2,9706.6
14109,6695,4,1,10203.82
14110,6696,81,2,11213.94
14111,6697,54,3,26228.73
14112,6697,34,1,11549.77
14113,6697,18,1,12050.59
14114,6697,61,2,18381.95
14115,6698,22,3,10999.3
14116,6698,82,1,16029.56
14117,6698,37,1,13518.15
14118,6698,29,2,5108.57
14119,6698,81,1,10006.86
14120,6699,71,4,10514.23
14121,6699,69,2,4566.94
14122,6699,1,1,9668.2
14123,6700,14,1,7714.7
14124,6700,5,3,92824.51
14125,6700,29,1,5537.57
14126,6701,20,2,5176.5
14127,6701,14,2,7598.91
14128,6702,94,1,25665.05
14129,6702,59,2,6231.9
14130,6702,10,1,38751.61
14131,6703,35,1,83455.55
14132,6704,38,1,5081.44
14133,6704,85,1,75550.0
14134,6705,88,1,3702.94
14135,6705,14,1,7604.57
14136,6706,36,1,18844.57
14137,6707,91,3,14683.77
14138,6707,27,2,13111.95
14139,6708,24,4,14734.55
14140,6709,51,2,8996.76
14141,6709,63,2,10698.24
14142,6710,31,1,13614.47
14143,6711,55,2,37941.27
14144,6711,72,2,11733.9
14145,6712,29,2,5208.52
14146,6712,55,1,35988.93
14147,6712,81,1,10979.45
14148,6712,75,2,47712.11
14149,6713,63,4,9780.51
14150,6713,48,6,7443.94
14151,6714,85,1,73455.19
14152,6714,18,1,11799.25
14153,6715,36,2,20371.1
14154,6715,91,2,14238.82
14155,6716,78,24,5929.35
14156,6717,24,4,15499.74
14157,6717,63,2,10168.59
14158,6717,65,4,78543.37
14159,6718,14,2,7426.24
14160,6718,74,2,17341.57
14161,6719,21,3,8727.13
14162,6719,14,1,7395.01
14163,6720,86,1,29821.04
14164,6720,27,1,13457.26
14165,6720,76,3,8335.52
14166,6720,94,6,28772.95
14167,6721,68,1,13440.77
14168,6722,38,1,5102.23
14169,6722,49,1,5122.5
14170,6722,28,1,7995.43
14171,6722,14,1,7502.65
14172,6723,7,1,12823.26
14173,6723,45,1,107045.26
14174,6723,94,2,26089.32
14175,6724,52,1,15305.46
14176,6724,70,2,31953.05
14177,6725,56,1,11571.63
14178,6726,40,1,26667.68
14179,6727,14,6,7676.17
14180,6728,27,1,13902.87
14181,6728,16,1,10927.65
14182,6729,4,2,10346.53
14183,6729,34,3,11911.02
14184,6729,36,1,19081.46
14185,6729,3,2,8071.87
14186,6730,2,1,7313.57
14187,6730,38,1,5037.04
14188,6731,51,1,8488.42
14189,6731,35,2,87448.24
14190,6731,92,2,9058.11
14191,6732,34,1,11456.65
14192,6732,69,2,4369.87
14193,6733,45,1,103905.47
14194,6734,2,1,7247.69
14195,6734,30,1,26002.14
14196,6734,71,2,10368.76
14197,6734,21,1,8947.35
14198,6735,74,2,16833.16
14199,6736,82,1,15634.36
14200,6737,18,1,11723.92
14201,6737,15,2,61247.86
14202,6738,48,1,7057.15
14203,6739,55,2,34116.71
14204,6740,97,2,7502.22
14205,6740,95,1,66228.01
14206,6741,86,1,30391.41
14207,6741,32,3,7419.97
14208,6741,70,3,30990.14
14209,6742,7,6,11779.74
14210,6742,22,1,10976.5
14211,6743,76,2,8742.46
14212,6743,37,6,12877.09
14213,6744,7,6,12127.26
14214,6744,54,1,26160.47
14215,6744,21,1,8320.67
14216,6744,22,3,10638.08
14217,6744,34,1,12358.83
14218,6745,97,1,8101.96
14219,6745,46,1,19213.64
14220,6745,76,1,8660.71
14221,6745,72,1,12100.11
14222,6745,55,1,36899.26
14223,6746,42,1,11532.92
14224,6747,75,4,48698.36
14225,6748,87,1,15076.11
14226,6749,16,24,11969.48
14227,6750,85,1,71453.15
14228,6750,24,2,15198.16
14229,6750,49,2,4635.12
14230,6751,23,1,12013.05
14231,6752,83,2,11017.77
14232,6752,45,1,113670.3
14233,6752,2,1,7134.61
14234,6752,31,1,14991.11
14235,6753,21,1,8873.54
14236,6754,10,1,39421.92
14237,6754,46,1,18125.75
14238,6755,23,3,11323.04
14239,6755,18,1,11551.77
14240,6755,81,1,10728.44
14241,6756,51,2,9020.05
14242,6756,47,2,13453.33
14243,6756,100,1,30011.57
14244,6757,87,1,14352.78
14245,6758,10,1,42566.74
14246,6759,42,2,11495.08
14247,6759,74,1,18480.03
14248,6759,27,1,13095.73
14249,6760,85,1,69176.46
14250,6760,5,3,94883.26
14251,6760,70,2,31076.05
14252,6761,52,1,15080.57
14253,6761,55,1,37323.52
14254,6761,41,1,21785.11
14255,6761,47,1,14322.41
14256,6761,29,1,5147.21
14257,6762,84,1,16512.39
14258,6763,3,1,8595.97
14259,6764,24,1,15974.51
14260,6765,52,4,14272.72
14261,6765,75,2,47514.03
14262,6766,68,1,12691.54
14263,6766,26,3,18575.47
14264,6766,90,4,14621.17
14265,6767,29,1,5506.52
14266,6767,23,2,11414.47
14267,6768,2,3,6906.56
14268,6768,4,2,9819.48
14269,6769,71,1,10728.31
14270,6769,99,1,7928.7
14271,6769,62,1,15753.05
14272,6769,16,1,11676.84
14273,6769,95,2,64163.76
14274,6770,23,1,11465.01
14275,6770,34,3,11072.51
14276,6771,62,1,14362.63
14277,6771,6,6,40313.38
14278,6772,86,4,27485.46
14279,6773,4,2,10389.44
14280,6774,92,4,8747.6
14281,6774,2,24,7202.59
14282,6775,37,1,13236.14
14283,6776,65,1,85096.29
14284,6777,100,2,28865.4
14285,6778,87,1,15354.89
14286,6778,5,1,95960.06
14287,6779,22,2,11355.57
14288,6779,75,1,45372.91
14289,6779,70,2,29383.49
14290,6780,14,1,7577.5
14291,6780,99,2,8359.17
14292,6780,81,2,10847.09
14293,6780,87,1,14603.37
14294,6781,84,1,17156.04
14295,6782,22,2,11366.01
14296,6782,34,1,12181.57
14297,6783,26,4,18765.45
14298,6784,51,3,8565.82
14299,6784,4,2,9416.63
14300,6785,42,3,11882.43
14301,6785,55,1,36503.38
14302,6786,12,4,14122.12
14303,6787,36,2,20269.89
14304,6788,40,1,28301.47
14305,6788,51,1,8901.98
14306,6789,71,3,10554.94
14307,6789,26,3,18819.15
14308,6790,38,3,4907.01
14309,6790,31,2,13736.08
14310,6790,34,1,12381.4
14311,6791,6,1,39119.12
14312,6792,79,1,3791.98
14313,6792,21,1,9056.03
14314,6793,80,1,12691.51
14315,6794,1,1,9791.65
14316,6795,24,2,14677.51
14317,6796,40,1,29359.37
14318,6797,34,2,11722.91
14319,6797,81,1,10293.68
14320,6797,2,1,7332.08
14321,6797,33,1,11796.14
14322,6797,36,1,18771.38
14323,6798,5,2,86195.93
14324,6798,61,2,18354.88
14325,6798,85,1,72665.57
14326,6798,34,1,11147.02
14327,6799,22,1,11521.25
14328,6799,12,1,15176.4
14329,6799,8,1,13008.74
14330,6799,79,1,3942.1
14331,6800,11,1,12917.2
14332,6800,22,1,11729.99
14333,6801,14,1,7568.84
14334,6801,37,3,13372.12
14335,6801,5,1,91981.43
14336,6802,51,2,8528.77
14337,6803,37,3,13278.25
14338,6804,4,1,10149.61
14339,6804,51,1,9297.22
14340,6805,84,1,16955.94
14341,6805,60,1,8381.64
14342,6806,76,1,8829.92
14343,6806,61,2,19857.77
14344,6806,71,2,10752.0
14345,6807,49,2,5001.67
14346,6808,27,2,12928.43
14347,6808,68,1,13032.14
14348,6808,94,1,28219.75
14349,6809,59,2,6648.37
14350,6810,14,1,7233.13
14351,6810,36,1,20248.35
14352,6810,84,1,16044.33
14353,6810,26,2,19099.02
14354,6811,14,1,7921.64
14355,6811,16,1,11891.84
14356,6811,91,3,13891.16
14357,6811,24,1,15678.95
14358,6812,88,2,3832.54
14359,6812,27,1,13349.5
14360,6812,51,18,9171.68
14361,6813,4,1,9382.33
14362,6813,29,1,5446.55
14363,6813,7,1,12021.84
14364,6814,1,1,8838.15
14365,6814,48,1,7572.89
14366,6814,88,1,3610.55
14367,6815,59,2,6006.71
14368,6815,19,1,6008.45
14369,6815,49,1,5045.97
14370,6816,44,3,11690.28
14371,6817,62,3,14825.45
14372,6818,74,2,17948.62
14373,6818,59,1,6106.81
14374,6819,76,1,8271.28
14375,6819,22,1,10989.52
14376,6820,91,1,14174.39
14377,6820,67,1,25528.94
14378,6821,15,2,61643.99
14379,6822,4,3,10019.56
14380,6822,20,2,5550.74
14381,6823,34,1,11900.65
14382,6823,49,1,5125.68
14383,6823,21,1,8763.97
14384,6824,68,2,13781.04
14385,6825,26,1,19058.44
14386,6825,81,3,10732.82
14387,6826,85,2,73946.96
14388,6826,31,3,14090.83
14389,6826,70,1,31323.54
14390,6826,86,2,27552.06
14391,6827,61,1,19208.76
14392,6827,14,2,7212.64
14393,6827,92,1,8803.18
14394,6827,35,1,89707.33
14395,6828,15,2,62464.84
14396,6829,76,1,8740.5
14397,6829,45,1,102759.4
14398,6829,70,1,31416.74
14399,6830,89,1,2286.09
14400,6831,24,1,14451.48
14401,6831,78,2,5831.04
14402,6832,99,1,8040.7
14403,6832,59,1,6261.96
14404,6833,29,1,5223.0
14405,6833,76,1,8018.08
14406,6834,41,2,23478.75
14407,6834,58,1,9486.7
14408,6835,88,4,3661.07
14409,6836,80,1,13080.31
14410,6837,15,2,66615.69
14411,6837,27,3,12719.46
14412,6837,37,4,13137.27
14413,6838,63,2,10466.5
14414,6838,2,1,6701.73
14415,6839,76,2,8617.79
14416,6840,75,4,45174.06
14417,6841,3,2,8246.89
14418,6842,99,1,8268.28
14419,6842,56,1,10964.91
14420,6843,88,3,3605.93
14421,6843,79,2,4164.46
14422,6844,42,1,11828.64
14423,6844,34,3,12333.31
14424,6845,61,4,20060.4
14425,6845,96,2,20523.86
14426,6846,54,4,27801.42
14427,6847,51,1,9148.09
14428,6847,36,3,18713.53
14429,6848,54,1,28167.92
14430,6848,62,1,14912.69
14431,6848,55,1,37630.61
14432,6849,37,3,13644.36
14433,6849,85,1,71801.95
14434,6849,27,4,12993.18
14435,6850,30,4,27485.38
14436,6850,91,1,13292.77
14437,6850,76,1,8650.21
14438,6851,29,3,5321.46
14439,6851,83,3,11964.92
14440,6851,21,1,8523.31
14441,6852,91,1,14218.3
14442,6853,52,1,14972.39
14443,6854,66,1,17041.27
14444,6855,31,1,14529.83
14445,6855,63,1,9995.27
14446,6855,46,2,18303.93
14447,6856,49,1,4906.91
14448,6856,29,1,5037.24
14449,6857,66,2,17926.41
14450,6857,34,1,11173.62
14451,6858,67,2,23897.44
14452,6859,4,1,10319.56
14453,6859,31,1,14253.08
14454,6859,34,1,12452.78
14455,6860,63,3,10093.15
14456,6860,36,1,18680.59
14457,6861,21,4,8490.94
14458,6862,32,2,7797.33
14459,6863,2,1,7061.65
14460,6864,85,1,74401.54
14461,6865,66,2,17855.89
14462,6865,63,1,9975.57
14463,6866,83,1,11839.22
14464,6867,42,1,11055.92
14465,6867,65,1,80652.1
14466,6867,74,3,17159.4
14467,6867,37,6,13613.92
14468,6868,58,1,8904.2
14469,6868,31,1,14968.37
14470,6869,4,2,9637.86
14471,6870,52,2,15405.1
14472,6870,43,1,12259.17
14473,6871,41,1,21247.61
14474,6871,26,3,17919.25
14475,6872,83,1,11572.43
14476,6872,56,2,11281.89
14477,6872,66,2,18924.11
14478,6872,4,1,9396.75
14479,6873,7,1,11782.31
14480,6873,13,1,5797.33
14481,6873,100,3,30495.84
14482,6874,42,4,11659.11
14483,6875,68,1,13250.81
14484,6875,48,1,7428.59
14485,6876,86,2,27225.24
14486,6876,66,1,18359.0
14487,6877,7,1,13002.73
14488,6878,34,1,11669.68
14489,6878,17,4,26826.82
14490,6879,94,1,28142.04
14491,6879,2,3,7349.32
14492,6879,21,2,8579.22
14493,6880,62,1,15580.54
14494,6881,37,1,12987.84
14495,6882,92,3,9132.13
14496,6882,18,1,10863.46
14497,6883,88,1,3758.84
14498,6883,38,1,5001.87
14499,6883,7,4,12537.21
14500,6884,76,1,8107.13
14501,6884,58,3,8789.02
14502,6884,55,1,37548.07
14503,6885,65,1,86637.38
14504,6886,4,4,9672.87
14505,6887,52,2,14666.38
14506,6887,7,2,12052.51
14507,6887,83,1,10702.49
14508,6888,34,1,12020.56
14509,6888,38,1,4601.52
14510,6888,54,2,28309.23
14511,6888,48,2,6783.16
14512,6889,76,1,8420.87
14513,6890,26,1,18215.83
14514,6890,92,2,9618.04
14515,6890,66,1,17165.71
14516,6891,23,1,11170.37
14517,6892,68,2,12919.13
14518,6892,84,2,16436.92
14519,6892,27,1,12472.44
14520,6893,93,2,5658.11
14521,6893,36,1,19853.08
14522,6893,17,1,27415.9
14523,6894,88,1,3870.11
14524,6894,70,1,29965.74
14525,6894,2,1,7069.22
14526,6895,14,1,7959.23
14527,6896,74,1,17686.91
14528,6896,30,1,26794.81
14529,6896,36,2,20067.46
14530,6897,82,1,16068.51
14531,6897,55,1,36762.91
14532,6897,73,2,6754.19
14533,6898,52,1,15010.95
14534,6899,7,2,12678.74
14535,6899,59,1,6526.77
14536,6900,5,3,90988.14
14537,6900,29,2,5287.17
14538,6901,14,1,8033.13
14539,6901,3,2,8767.47
14540,6902,54,1,28092.47
14541,6902,84,3,17740.57
14542,6903,29,2,5607.9
14543,6903,62,2,14798.21
14544,6903,67,1,25368.29
14545,6904,29,2,5624.29
14546,6905,10,1,40474.88
14547,6905,42,2,11591.35
14548,6905,81,1,10696.91
14549,6906,23,2,11807.97
14550,6906,4,1,10178.51
14551,6907,4,1,9444.6
14552,6908,38,1,5032.78
14553,6909,89,2,2194.53
14554,6910,36,1,18175.72
14555,6911,69,2,4722.48
14556,6911,24,1,15742.78
14557,6912,51,2,8489.24
14558,6913,71,1,10742.52
14559,6914,37,1,12872.19
14560,6915,1,1,9084.24
14561,6915,63,2,10165.21
14562,6916,91,1,14145.89
14563,6916,1,2,9034.61
14564,6916,16,3,11206.07
14565,6917,54,1,25701.78
14566,6918,96,1,21307.92
14567,6919,66,1,17506.61
14568,6920,83,1,11719.09
14569,6921,45,1,112759.43
14570,6921,61,1,18325.22
14571,6922,34,6,11570.07
14572,6922,81,1,10424.98
14573,6923,20,2,5153.66
14574,6923,29,1,5533.72
14575,6924,84,2,17659.14
14576,6924,74,2,16709.53
14577,6924,67,1,26185.87
14578,6924,27,1,13048.16
14579,6924,83,1,10701.73
14580,6925,56,1,11454.14
14581,6925,7,2,12184.6
14582,6926,99,1,7791.08
14583,6926,1,1,9758.47
14584,6927,4,4,9709.3
14585,6927,83,1,12073.28
14586,6928,33,1,11965.84
14587,6928,40,2,27314.71
14588,6929,87,1,14376.18
14589,6929,4,1,10427.8
14590,6929,88,1,3609.78
14591,6930,37,6,13728.85
14592,6931,16,6,10687.64
14593,6932,98,1,3732.56
14594,6933,2,1,6535.71
14595,6934,26,2,18494.93
14596,6934,78,1,5877.39
14597,6935,72,1,12355.93
14598,6936,21,1,9263.5
14599,6936,29,1,5059.17
14600,6937,18,18,11868.68
14601,6938,52,2,13929.21
14602,6938,96,1,22033.35
14603,6938,38,3,5015.16
14604,6939,2,1,7142.15
14605,6939,91,1,13859.48
14606,6939,18,1,12177.18
14607,6940,55,1,36452.32
14608,6941,96,1,21363.31
14609,6942,24,1,14629.39
14610,6942,43,1,13258.1
14611,6942,95,1,65733.14
14612,6942,53,1,16706.93
14613,6942,68,2,13854.33
14614,6943,3,3,7985.66
14615,6943,56,3,10337.33
14616,6943,54,1,27325.6
14617,6944,12,1,15261.84
14618,6945,34,1,12229.75
14619,6946,37,4,12714.77
14620,6946,14,2,7905.91
14621,6946,54,2,27467.78
14622,6947,95,1,65264.16
14623,6948,96,1,20585.66
14624,6948,38,1,4877.01
14625,6948,94,2,25778.9
14626,6948,74,2,17640.54
14627,6949,40,1,29607.55
14628,6949,21,1,8280.96
14629,6950,35,1,91812.52
14630,6950,14,2,7958.03
14631,6951,71,1,10162.24
14632,6951,15,2,59454.94
14633,6951,5,1,86875.8
14634,6952,69,2,4311.71
14635,6952,27,1,13088.73
14636,6953,54,2,27461.98
14637,6953,49,1,4995.07
14638,6954,70,1,29648.67
14639,6954,61,4,18815.2
14640,6955,71,1,10585.19
14641,6956,12,1,15156.51
14642,6956,52,1,15005.13
14643,6956,26,1,18998.25
14644,6957,17,1,27663.0
14645,6957,43,1,12426.36
14646,6957,36,1,19556.9
14647,6957,4,1,10194.98
14648,6958,49,1,5194.86
14649,6959,81,1,11058.93
14650,6959,37,1,13231.09
14651,6960,74,3,18013.61
14652,6961,47,1,13136.14
14653,6961,36,2,18725.21
14654,6962,4,1,9852.4
14655,6962,95,1,61810.36
14656,6962,26,1,18904.23
14657,6963,89,1,2125.57
14658,6964,52,24,14419.71
14659,6964,65,1,84993.35
14660,6964,1,1,9829.89
14661,6964,4,1,9346.51
14662,6965,74,1,17217.02
14663,6965,86,1,29347.05
14664,6965,1,2,9614.51
14665,6966,61,1,19573.16
14666,6966,74,1,17702.92
14667,6967,55,1,37695.77
14668,6967,74,1,17106.22
14669,6968,52,2,14082.71
14670,6968,47,4,12975.19
14671,6968,69,4,4525.59
14672,6968,83,1,11958.89
14673,6969,20,1,5154.57
14674,6969,52,2,14051.06
14675,6970,78,1,5799.54
14676,6970,100,2,30340.74
14677,6971,14,2,7213.21
14678,6971,75,2,48379.56
14679,6971,12,1,14050.31
14680,6972,55,1,37886.8
14681,6972,38,3,4852.19
14682,6973,14,1,7578.94
14683,6973,30,1,27434.64
14684,6974,76,2,8650.99
14685,6975,2,1,7149.21
14686,6975,86,1,27199.29
14687,6975,82,4,15823.2
14688,6976,89,1,2104.45
14689,6977,61,2,18353.17
14690,6977,88,1,3985.37
14691,6977,45,1,111105.88
14692,6977,59,24,6114.47
14693,6978,72,1,11372.39
14694,6978,83,1,11539.07
14695,6978,70,2,30781.15
14696,6978,12,2,14655.01
14697,6979,99,2,8357.78
14698,6979,71,4,10554.71
14699,6979,85,1,73322.93
14700,6979,76,1,8507.38
14701,6980,86,1,29890.52
14702,6980,40,2,27240.74
14703,6981,31,1,14867.75
14704,6982,49,2,5213.98
14705,6983,88,6,4032.93
14706,6983,66,2,17198.52
14707,6983,14,1,7262.88
14708,6983,82,3,15885.78
14709,6984,7,1,11988.32
14710,6984,24,1,15282.24
14711,6984,100,1,28520.56
14712,6984,65,1,80842.08
14713,6984,89,2,2161.86
14714,6985,18,3,11355.7
14715,6986,23,1,11591.45
14716,6986,14,4,8046.19
14717,6986,91,1,13647.23
14718,6987,21,1,8391.36
14719,6987,22,1,11776.1
14720,6987,52,2,14888.36
14721,6988,95,1,62958.11
14722,6988,51,1,9515.71
14723,6989,21,2,8754.1
14724,6990,74,12,17081.82
14725,6990,38,1,4893.29
14726,6990,42,2,11340.93
14727,6991,78,2,5843.83
14728,6991,81,1,10445.41
14729,6991,4,2,10013.92
14730,6991,71,2,9655.61
14731,6992,84,1,17021.73
14732,6993,14,1,8080.86
14733,6993,51,1,9486.19
14734,6993,75,2,49111.72
14735,6994,36,1,20136.33
14736,6994,30,2,28433.41
14737,6994,11,4,13627.87
14738,6994,72,3,12746.79
14739,6995,60,1,8500.21
14740,6995,69,1,4270.74
14741,6996,26,1,19022.58
14742,6996,40,1,28832.37
14743,6996,48,1,7452.51
14744,6997,61,1,18649.71
14745,6998,66,1,17759.16
14746,6998,34,2,11513.12
14747,6998,71,1,10711.28
14748,6999,85,1,70252.29
14749,7000,34,1,11743.79
14750,7000,88,3,3973.11
14751,7000,8,1,13480.4
14752,7000,72,1,12112.58
14753,7001,52,1,15157.38
14754,7002,1,1,8745.92
14755,7002,90,1,14977.07
14756,7002,42,1,10706.43
14757,7002,25,1,90293.96
14758,7003,86,1,27275.45
14759,7003,34,2,11516.62
14760,7004,15,1,60539.44
14761,7004,82,1,15655.02
14762,7005,38,1,4819.95
14763,7005,94,1,26338.53
14764,7005,40,2,26967.65
14765,7006,7,1,12669.32
14766,7006,36,1,18527.16
14767,7007,13,1,5971.05
14768,7007,83,1,11966.86
14769,7007,71,1,9998.61
14770,7007,99,3,7515.66
14771,7008,38,1,4848.91
14772,7008,40,2,28900.24
14773,7009,9,2,6472.14
14774,7009,66,2,18132.75
14775,7010,17,3,28926.59
14776,7010,99,1,7523.07
14777,7010,31,1,13379.19
14778,7011,67,2,24411.59
14779,7012,24,1,15998.61
14780,7013,37,18,13188.05
14781,7013,40,1,28172.38
14782,7013,96,1,20751.07
14783,7013,36,1,19037.07
14784,7014,70,1,32885.94
14785,7014,40,1,28890.14
14786,7015,68,2,12517.23
14787,7016,39,1,7742.69
14788,7017,4,2,9905.92
14789,7017,36,2,18440.98
14790,7018,84,1,17377.81
14791,7018,5,1,91263.06
14792,7019,24,1,14534.91
14793,7020,31,2,13742.5
14794,7020,95,1,67482.99
14795,7020,51,2,8621.01
14796,7020,88,1,3770.58
14797,7021,86,2,30128.43
14798,7022,22,1,11015.99
14799,7022,36,2,19596.52
14800,7023,33,1,10973.46
14801,7023,2,1,6561.96
14802,7024,11,1,14146.47
14803,7025,4,1,9912.69
14804,7025,45,1,115550.85
14805,7025,20,1,5382.42
14806,7025,22,1,11034.07
14807,7025,76,2,7976.18
14808,7026,8,2,13396.57
14809,7026,73,1,6175.65
14810,7027,55,1,35648.6
14811,7027,54,1,27515.86
14812,7028,9,2,6505.6
14813,7028,75,3,47813.82
14814,7029,74,3,17034.26
14815,7030,72,1,12732.54
14816,7030,56,1,10424.71
14817,7031,17,1,26535.75
14818,7031,14,2,7979.69
14819,7031,78,2,6255.06
14820,7032,26,1,19156.17
14821,7032,34,1,11666.41
14822,7032,17,1,28617.9
14823,7033,67,1,23515.91
14824,7034,51,1,8533.01
14825,7035,70,1,31478.5
14826,7036,56,1,11002.96
14827,7036,52,1,13834.86
14828,7036,82,12,16126.95
14829,7036,68,1,12572.23
14830,7037,74,3,18079.79
14831,7037,12,1,13901.73
14832,7038,40,1,28691.51
14833,7039,24,1,15285.56
14834,7039,82,2,17073.87
14835,7040,68,1,13757.39
14836,7041,23,6,11419.58
14837,7041,77,2,14274.14
14838,7042,26,2,17951.24
14839,7042,40,2,27539.25
14840,7043,83,1,10770.84
14841,7044,14,1,7661.39
14842,7045,81,1,10912.41
14843,7046,70,1,31643.86
14844,7046,20,3,4988.41
14845,7046,14,2,8038.77
14846,7047,86,1,29938.3
14847,7048,5,1,88818.97
14848,7049,45,3,108385.9
14849,7049,14,1,7902.68
14850,7049,87,1,13778.76
14851,7050,51,2,9118.31
14852,7050,41,1,21039.66
14853,7050,57,2,27818.79
14854,7050,66,4,16895.24
14855,7050,45,6,112205.23
14856,7051,34,1,12047.75
14857,7051,37,1,13083.59
14858,7051,94,2,28496.95
14859,7051,69,1,4386.31
14860,7052,10,1,39328.92
14861,7052,24,1,15283.64
14862,7053,38,1,4811.87
14863,7053,63,2,9908.15
14864,7053,33,4,12117.49
14865,7053,2,1,6625.92
14866,7054,23,12,11046.24
14867,7054,79,2,3896.36
14868,7054,67,3,23495.08
14869,7055,37,2,12859.19
14870,7055,54,2,28063.9
14871,7055,34,2,11590.31
14872,7055,26,3,20033.69
14873,7056,30,1,28340.01
14874,7057,100,1,28890.48
14875,7058,61,1,20497.29
14876,7059,26,2,19958.37
14877,7059,56,4,10559.65
14878,7060,95,2,60501.84
14879,7061,100,1,28252.8
14880,7061,88,1,3934.75
14881,7062,4,2,10385.16
14882,7062,24,1,14878.25
14883,7063,11,3,12996.31
14884,7064,92,4,9453.87
14885,7065,69,2,4663.42
14886,7065,63,1,10330.41
14887,7065,96,1,21594.11
14888,7066,7,2,11699.84
14889,7067,61,1,18668.58
14890,7068,62,1,14419.93
14891,7068,100,4,30509.38
14892,7068,76,1,8567.25
14893,7069,54,2,26281.74
14894,7069,64,2,9632.15
14895,7069,46,2,19111.74
14896,7070,81,1,11135.25
14897,7070,34,1,11526.42
14898,7071,59,1,6586.57
14899,7071,34,4,11244.61
14900,7071,21,1,9142.52
14901,7071,52,1,14865.06
14902,7072,76,1,7929.14
14903,7072,60,2,8886.22
14904,7072,85,2,77304.26
14905,7073,79,3,4148.5
14906,7073,98,24,3769.96
14907,7073,31,3,13451.55
14908,7074,25,2,87628.71
14909,7074,70,1,30670.89
14910,7075,55,1,34437.75
14911,7076,54,1,26680.9
14912,7077,42,1,11496.44
14913,7077,81,2,10755.7
14914,7078,37,2,12986.23
14915,7079,10,1,41460.07
14916,7079,62,1,15667.87
14917,7080,61,4,19018.9
14918,7080,14,2,7301.0
14919,7080,8,1,13620.64
14920,7081,61,1,18990.9
14921,7081,33,2,11938.15
14922,7081,42,1,10781.23
14923,7082,43,3,12806.76
14924,7083,24,2,15894.67
14925,7083,86,1,29822.0
14926,7083,7,2,12006.1
14927,7083,76,1,8560.84
14928,7084,86,1,27359.17
14929,7085,2,1,7214.72
14930,7085,23,1,12026.13
14931,7085,4,2,9423.79
14932,7086,62,1,14756.92
14933,7087,4,2,9838.62
14934,7087,21,2,8799.86
14935,7088,34,2,12150.65
14936,7088,82,1,16801.43
14937,7088,85,2,69060.73
14938,7089,81,1,10246.96
14939,7090,37,2,13874.84
14940,7091,90,1,14937.76
14941,7091,95,3,66492.05
14942,7092,86,2,27527.13
14943,7093,96,1,22450.6
14944,7094,62,2,15393.04
14945,7095,5,1,95346.4
14946,7095,21,6,8983.39
14947,7095,6,2,38930.77
14948,7096,2,1,6962.49
14949,7096,82,4,16365.36
14950,7096,29,1,5226.03
14951,7097,74,1,17248.59
14952,7098,94,1,27497.96
14953,7098,22,1,10866.18
14954,7099,1,1,9113.41
14955,7099,32,1,7297.11
14956,7099,23,2,11996.31
14957,7099,41,3,22845.08
14958,7100,90,2,14551.64
14959,7100,63,1,10318.49
14960,7100,47,4,13597.16
14961,7101,51,3,8891.85
14962,7101,31,1,15039.38
14963,7102,76,1,8425.65
14964,7102,36,2,18306.41
14965,7103,21,1,9162.37
14966,7103,12,2,14078.2
14967,7104,22,1,11843.06
14968,7105,34,2,11618.78
14969,7106,98,3,3945.72
14970,7106,4,18,9602.89
14971,7106,51,2,8645.46
14972,7107,55,6,34004.96
14973,7107,61,1,19861.46
14974,7107,36,18,18221.66
14975,7108,83,1,11560.83
14976,7108,30,1,27931.28
14977,7109,33,1,11465.36
14978,7110,85,3,75271.04
14979,7110,20,1,5422.17
14980,7111,51,1,9527.6
14981,7111,37,1,13658.29
14982,7111,82,1,16023.32
14983,7111,48,1,7334.23
14984,7112,71,1,9957.3
14985,7113,11,1,13685.9
14986,7113,49,1,4647.32
14987,7114,29,2,5215.9
14988,7114,1,1,9760.54
14989,7114,23,1,11499.54
14990,7115,2,12,6685.37
14991,7116,54,1,27543.29
14992,7117,89,1,2210.19
14993,7117,55,2,34770.95
14994,7117,78,1,5897.49
14995,7117,81,24,11216.83
14996,7118,30,2,27591.17
14997,7118,82,2,15230.07
14998,7119,87,1,15197.37
14999,7120,63,2,10318.85
15000,7121,76,2,8752.35
15001,7121,36,2,20354.98
15002,7121,41,4,23358.81
15003,7121,84,1,16540.88
15004,7122,22,2,11104.6
15005,7122,1,2,9801.33
15006,7123,63,1,9634.49
15007,7124,16,1,10735.21
15008,7125,16,3,11080.88
15009,7125,20,2,5235.21
15010,7125,26,1,18639.61
15011,7125,45,1,116091.65
15012,7126,17,1,25907.03
15013,7127,84,2,16052.89
15014,7127,21,2,9142.44
15015,7128,26,2,19771.52
15016,7128,52,1,14819.97
15017,7129,34,1,12270.64
15018,7129,26,4,19467.54
15019,7130,20,6,5258.52
15020,7131,37,1,13801.34
15021,7131,73,3,6840.47
15022,7131,33,1,11761.13
15023,7131,88,4,3887.61
15024,7131,6,1,40204.56
15025,7132,91,12,14015.02
15026,7132,88,1,3819.1
15027,7133,14,2,7417.58
15028,7133,66,1,17072.24
15029,7133,65,4,86905.4
15030,7134,29,3,5423.3
15031,7135,76,1,8184.23
15032,7135,14,2,7642.25
15033,7135,31,1,13444.42
15034,7136,66,2,18173.35
15035,7137,4,1,9680.62
15036,7137,35,1,84637.5
15037,7138,74,2,17682.6
15038,7139,84,1,16873.83
15039,7139,54,1,27806.13
15040,7140,34,1,11570.67
15041,7140,67,1,24987.88
15042,7141,70,1,32288.02
15043,7142,9,2,6275.17
15044,7143,100,3,27927.68
15045,7143,21,1,8827.29
15046,7143,42,1,11266.17
15047,7143,59,1,6628.28
15048,7144,34,1,11394.28
15049,7144,35,1,84702.62
15050,7144,37,1,13964.04
15051,7145,21,1,8988.3
15052,7145,30,1,26179.51
15053,7145,71,4,10704.85
15054,7145,51,3,9376.94
15055,7146,75,1,45095.09
15056,7147,1,2,9729.42
15057,7147,42,1,10906.67
15058,7148,95,2,60863.61
15059,7148,20,1,5391.77
15060,7148,74,2,17463.1
15061,7149,14,2,7717.73
15062,7150,7,6,12467.62
15063,7150,84,1,17546.87
15064,7151,88,2,3716.94
15065,7151,19,1,6125.72
15066,7151,24,1,15863.01
15067,7152,8,3,12761.37
15068,7152,90,1,14459.8
15069,7153,75,6,49330.72
15070,7154,54,2,25952.77
15071,7155,91,1,14671.82
15072,7155,46,1,19728.91
15073,7156,3,1,8814.97
15074,7156,61,2,18951.83
15075,7156,36,1,18361.33
15076,7156,85,2,73636.86
15077,7157,76,4,8049.74
15078,7158,69,1,4528.39
15079,7158,21,1,8337.85
15080,7159,2,1,7082.95
15081,7160,3,1,8507.27
15082,7161,61,1,18158.47
15083,7162,16,3,11059.3
15084,7162,31,2,13440.11
15085,7163,47,1,12864.91
15086,7163,86,2,29576.65
15087,7163,45,3,113576.46
15088,7164,99,2,7654.34
15089,7164,34,2,11591.8
15090,7164,74,4,18438.17
15091,7165,65,3,82636.74
15092,7166,40,2,28990.25
15093,7167,41,2,22634.23
15094,7168,3,2,8059.99
15095,7168,63,1,10749.69
15096,7169,83,2,11011.19
15097,7169,60,2,8720.03
15098,7170,71,2,9530.95
15099,7170,21,2,9248.04
15100,7170,63,1,10818.67
15101,7170,41,1,22654.58
15102,7170,51,2,9186.43
15103,7171,22,1,11717.07
15104,7171,66,1,17706.32
15105,7172,86,2,28212.52
15106,7172,24,1,16044.72
15107,7173,38,1,4589.54
15108,7174,23,1,12049.36
15109,7175,86,3,30229.37
15110,7176,52,2,14322.31
15111,7177,40,4,26398.19
15112,7177,34,3,11454.2
15113,7177,71,4,9521.91
15114,7178,38,18,5026.15
15115,7178,87,4,14947.09
15116,7179,85,1,74874.23
15117,7179,2,2,7176.85
15118,7179,60,1,8891.1
15119,7180,21,1,8251.6
15120,7180,64,1,9810.81
15121,7180,29,1,5591.81
15122,7181,53,1,16649.97
15123,7182,48,1,6978.83
15124,7182,55,3,37327.61
15125,7183,40,2,27445.82
15126,7183,48,1,7608.08
15127,7183,30,2,27753.87
15128,7183,24,2,15742.44
15129,7184,88,1,4012.94
15130,7184,96,2,21095.23
15131,7185,58,1,8897.24
15132,7185,6,1,40677.59
15133,7186,15,1,66544.86
15134,7186,49,1,4821.14
15135,7186,85,2,68706.26
15136,7187,22,4,10803.55
15137,7187,81,1,9968.04
15138,7188,4,2,10379.5
15139,7188,96,1,20252.63
15140,7188,12,4,14931.47
15141,7189,76,1,8417.55
15142,7189,74,1,17651.65
15143,7189,12,2,13941.69
15144,7190,38,1,5073.53
15145,7190,36,1,19344.17
15146,7190,95,2,65082.58
15147,7191,86,1,27167.29
15148,7192,44,2,11400.08
15149,7193,72,1,12608.37
15150,7193,74,3,17478.47
15151,7193,36,1,20101.85
15152,7193,27,1,13858.75
15153,7194,70,1,31042.81
15154,7194,61,3,19364.66
15155,7194,68,2,12509.01
15156,7194,74,1,16697.53
15157,7195,31,12,14122.44
15158,7196,3,3,8040.25
15159,7196,75,1,46521.51
15160,7197,55,1,37374.04
15161,7198,97,3,7750.29
15162,7198,5,2,96499.6
15163,7198,40,1,28627.73
15164,7198,90,1,13669.3
15165,7199,11,1,13552.53
15166,7200,4,1,9957.16
15167,7200,85,4,69287.12
15168,7200,36,1,18758.24
15169,7201,24,2,15866.31
15170,7202,88,1,3672.73
15171,7203,96,2,22201.28
15172,7204,14,1,7750.14
15173,7205,31,1,14760.33
15174,7205,75,1,48831.03
15175,7206,67,1,26068.23
15176,7207,55,1,35290.4
15177,7207,33,1,12011.55
15178,7208,90,24,13900.26
15179,7209,95,1,66285.37
15180,7209,8,2,13672.66
15181,7209,62,1,15527.37
15182,7210,35,1,91577.16
15183,7211,54,1,25749.07
15184,7212,76,1,8856.99
15185,7212,65,1,87161.91
15186,7213,24,1,15603.34
15187,7214,94,1,27149.51
15188,7214,100,1,27522.79
15189,7214,67,1,24311.41
15190,7215,92,1,9365.63
15191,7216,86,1,28723.18
15192,7216,14,1,7438.34
15193,7216,78,1,5632.01
15194,7217,14,3,7394.84
15195,7218,4,1,9521.67
15196,7218,49,1,4648.78
15197,7219,1,2,9794.67
15198,7219,71,4,10467.9
15199,7219,56,1,11363.14
15200,7220,14,1,7308.82
15201,7221,94,2,26631.25
15202,7222,91,1,14071.08
15203,7222,82,1,15756.31
15204,7222,2,1,6939.28
15205,7223,93,1,5130.31
15206,7224,91,1,13371.58
15207,7224,17,1,26972.31
15208,7224,85,4,73548.53
15209,7225,2,1,7068.31
15210,7225,36,1,19722.49
15211,7226,14,2,8088.6
15212,7226,100,3,30803.56
15213,7227,55,2,37283.58
15214,7228,16,2,11857.38
15215,7228,76,2,8836.52
15216,7228,70,3,32018.53
15217,7229,26,1,18549.62
15218,7229,94,1,26009.65
15219,7229,11,2,14294.45
15220,7230,22,12,10751.54
15221,7230,92,1,9761.82
15222,7230,96,2,20322.93
15223,7231,9,4,6358.74
15224,7231,26,1,19982.81
15225,7232,40,1,28024.67
15226,7233,34,2,12399.02
15227,7233,2,4,6865.29
15228,7234,22,1,11597.57
15229,7234,71,2,10481.21
15230,7235,46,1,18839.54
15231,7235,51,1,9524.09
15232,7235,42,2,11905.63
15233,7235,29,1,5026.31
15234,7236,99,1,7825.8
15235,7237,79,2,4118.19
15236,7237,27,1,13294.31
15237,7238,88,4,3877.91
15238,7238,81,1,10053.68
15239,7238,73,2,6924.06
15240,7239,76,1,7935.22
15241,7240,61,1,18867.58
15242,7240,34,12,11837.36
15243,7240,24,2,14557.07
15244,7240,69,1,4523.2
15245,7241,85,1,73137.18
15246,7241,73,4,6249.26
15247,7242,60,1,8633.35
15248,7242,91,3,14126.26
15249,7243,38,4,5045.83
15250,7243,83,1,12067.76
15251,7243,48,1,7487.82
15252,7244,18,2,11138.2
15253,7244,30,1,26575.11
15254,7244,42,1,11928.37
15255,7245,32,1,7712.52
15256,7245,46,1,18910.24
15257,7246,78,1,5870.69
15258,7246,1,1,9484.35
15259,7246,38,1,4878.41
15260,7247,37,1,12671.05
15261,7248,99,1,7979.24
15262,7248,68,1,13593.4
15263,7248,93,2,5559.0
15264,7249,66,2,17012.64
15265,7249,18,2,11520.09
15266,7250,77,2,15031.49
15267,7250,81,1,10565.96
15268,7251,80,1,11862.86
15269,7251,73,1,6909.25
15270,7252,71,1,9656.54
15271,7253,16,1,11299.31
15272,7253,9,1,6311.12
15273,7253,38,1,4939.86
15274,7254,61,2,19475.91
15275,7254,4,2,9547.78
15276,7255,1,2,9087.94
15277,7255,65,1,84780.53
15278,7256,71,2,10516.66
15279,7256,69,1,4331.52
15280,7257,22,2,11222.28
15281,7257,34,1,11923.11
15282,7257,95,3,66247.76
15283,7258,47,2,14266.87
15284,7259,93,2,5457.24
15285,7260,16,1,11054.45
15286,7260,86,1,28240.18
15287,7261,91,1,13614.02
15288,7262,74,3,16948.25
15289,7262,72,4,12737.5
15290,7262,93,2,5600.92
15291,7263,12,4,14028.65
15292,7264,54,1,26513.47
15293,7265,79,2,4199.56
15294,7265,90,2,13725.62
15295,7266,42,1,10965.23
15296,7266,83,1,10798.4
15297,7267,29,2,5424.78
15298,7267,92,1,9263.71
15299,7268,38,1,4649.79
15300,7268,7,1,12083.96
15301,7268,20,2,5265.48
15302,7269,76,1,7889.08
15303,7269,18,1,11709.23
15304,7269,20,2,5330.08
15305,7269,69,1,4701.84
15306,7270,95,1,64818.41
15307,7270,62,2,16058.68
15308,7270,17,2,27981.91
15309,7270,14,2,7754.06
15310,7271,71,1,9769.05
15311,7271,88,1,3623.19
15312,7272,92,1,9296.97
15313,7272,29,1,5424.87
15314,7272,65,2,83206.98
15315,7272,26,2,19367.41
15316,7273,88,2,3946.51
15317,7273,55,1,37707.46
15318,7273,81,2,10372.92
15319,7273,5,1,92151.88
15320,7274,84,3,17078.86
15321,7274,70,1,32087.8
15322,7274,83,1,11503.73
15323,7274,31,4,14967.64
15324,7274,96,1,20352.72
15325,7275,51,2,8764.91
15326,7275,81,1,11148.39
15327,7275,63,1,10466.09
15328,7276,85,1,70450.56
15329,7276,76,2,8216.15
15330,7277,63,3,10112.25
15331,7278,18,1,11422.85
15332,7278,51,3,9501.55
15333,7278,61,1,18505.85
15334,7278,19,1,5949.59
15335,7278,27,1,13485.19
15336,7279,53,1,15801.22
15337,7279,87,1,14063.5
15338,7279,31,1,14658.67
15339,7280,81,1,10277.05
15340,7280,64,1,10316.17
15341,7280,2,1,6991.78
15342,7280,42,4,10787.95
15343,7280,92,1,9049.8
15344,7281,34,1,12100.46
15345,7282,61,4,18194.48
15346,7283,88,2,3704.02
15347,7283,85,1,74692.14
15348,7283,4,2,9318.78
15349,7283,51,1,9499.94
15350,7284,34,1,12263.77
15351,7285,29,1,5149.78
15352,7286,60,1,8457.04
15353,7286,27,1,12786.88
15354,7287,1,1,8868.67
15355,7287,14,6,7272.74
15356,7287,91,2,13508.95
15357,7287,5,1,92586.76
15358,7288,29,3,5588.04
15359,7288,15,2,59713.32
15360,7289,89,1,2235.52
15361,7290,34,2,11554.41
15362,7290,4,2,9827.23
15363,7290,70,1,31568.3
15364,7291,46,1,19891.02
15365,7292,83,2,11363.96
15366,7293,4,1,9280.89
15367,7293,29,3,5626.58
15368,7293,51,2,9176.71
15369,7294,38,1,4667.72
15370,7294,85,4,75437.48
15371,7294,41,2,22006.48
15372,7294,17,1,25785.45
15373,7294,81,2,10912.07
15374,7295,85,3,75001.83
15375,7295,94,1,26077.04
15376,7296,36,2,18132.54
15377,7296,40,4,26994.37
15378,7296,94,2,28444.22
15379,7296,26,1,19777.88
15380,7297,61,1,20406.66
15381,7298,55,3,36739.49
15382,7298,75,2,45070.71
15383,7298,84,12,17786.33
15384,7298,26,1,18736.29
15385,7298,58,1,9110.75
15386,7299,2,1,6886.13
15387,7299,1,3,9032.37
15388,7300,94,1,26269.76
15389,7301,82,1,16560.84
15390,7301,87,6,14731.04
15391,7301,66,1,17592.62
15392,7302,90,2,13758.62
15393,7303,14,2,7402.0
15394,7304,49,1,4634.32
15395,7305,33,1,11924.33
15396,7305,78,1,5711.32
15397,7306,10,1,39878.93
15398,7307,86,1,29437.13
15399,7308,22,1,10829.38
15400,7309,76,2,8035.64
15401,7309,84,12,17519.49
15402,7310,1,1,9306.4
15403,7311,53,1,15056.36
15404,7311,14,1,7410.4
15405,7312,91,2,13888.4
15406,7312,24,1,14441.81
15407,7312,95,12,62149.96
15408,7312,46,3,20393.87
15409,7313,27,1,13898.71
15410,7314,94,2,28613.04
15411,7315,34,4,11461.16
15412,7316,27,2,13903.96
15413,7316,8,1,12543.86
15414,7316,46,1,20451.85
15415,7317,14,2,7595.35
15416,7317,78,1,5801.62
15417,7317,72,1,12541.58
15418,7317,89,1,2161.74
15419,7318,52,1,14650.52
15420,7318,62,1,14938.83
15421,7319,33,1,11016.69
15422,7320,14,1,7203.34
15423,7321,2,6,6785.98
15424,7322,4,1,9373.41
15425,7322,2,2,6716.45
15426,7323,65,1,86877.6
15427,7323,58,2,8575.7
15428,7323,88,1,3616.14
15429,7324,18,3,11973.1
15430,7325,41,1,22158.93
15431,7325,49,2,4733.29
15432,7326,56,1,11451.83
15433,7326,27,1,12462.25
15434,7326,84,2,17548.72
15435,7327,94,2,28748.2
15436,7328,81,2,10505.37
15437,7329,22,2,10736.59
15438,7329,74,1,17942.99
15439,7330,89,1,2278.83
15440,7331,99,1,7736.75
15441,7331,52,2,14943.32
15442,7331,89,1,2140.4
15443,7331,61,1,18582.32
15444,7332,31,1,14458.56
15445,7333,27,1,13525.34
15446,7333,54,1,28581.82
15447,7334,24,1,14442.63
15448,7334,61,1,19132.74
15449,7334,57,2,27910.34
15450,7335,66,4,18999.28
15451,7336,70,2,30127.76
15452,7337,51,2,8758.3
15453,7337,37,2,13876.23
15454,7338,16,1,11004.72
15455,7339,85,3,77238.25
15456,7339,55,1,36207.51
15457,7340,91,2,14272.22
15458,7340,40,1,27035.87
15459,7341,67,2,25617.85
15460,7342,58,2,8857.05
15461,7342,76,1,8737.31
15462,7343,64,4,10509.75
15463,7343,83,2,12018.67
15464,7344,34,3,11327.69
15465,7345,27,1,13726.95
15466,7346,37,1,13181.19
15467,7346,92,1,9399.59
15468,7346,29,1,5481.55
15469,7347,43,1,13022.94
15470,7347,90,2,14579.34
15471,7347,17,4,26821.79
15472,7347,2,1,6897.38
15473,7348,71,1,10715.73
15474,7349,81,1,10570.84
15475,7350,33,2,11895.93
15476,7351,82,4,16179.65
15477,7351,61,1,20233.57
15478,7351,78,1,5950.18
15479,7351,2,1,7276.65
15480,7352,88,1,3746.48
15481,7352,68,1,12660.55
15482,7352,21,1,8795.78
15483,7352,63,1,9768.61
15484,7352,7,1,12944.54
15485,7353,1,6,8816.99
15486,7353,13,1,5933.54
15487,7354,21,1,8607.8
15488,7354,96,1,20608.51
15489,7354,85,3,73675.45
15490,7355,63,1,9626.88
15491,7355,71,2,10746.59
15492,7356,98,1,3761.74
15493,7356,3,1,8360.86
15494,7357,12,4,14082.76
15495,7358,82,4,16529.7
15496,7358,4,4,9869.45
15497,7358,51,2,8824.03
15498,7359,72,1,12087.05
15499,7360,71,1,10421.79
15500,7361,92,2,9776.27
15501,7361,97,1,7617.84
15502,7362,62,3,15560.42
15503,7363,67,2,24701.05
15504,7363,74,1,17150.25
15505,7364,8,2,13403.16
15506,7365,18,1,11502.85
15507,7365,69,1,4543.44
15508,7366,76,1,8006.56
15509,7367,80,2,11981.45
15510,7368,95,1,59949.46
15511,7369,42,1,11154.52
15512,7369,89,1,2332.96
15513,7370,52,1,14358.04
15514,7371,40,1,28631.54
15515,7372,55,2,37280.97
15516,7372,31,2,15022.86
15517,7373,24,1,15237.18
15518,7373,91,1,13463.89
15519,7374,55,1,35789.36
15520,7374,2,2,6555.42
15521,7374,67,1,24108.39
15522,7375,72,1,11703.58
15523,7376,8,2,12984.6
15524,7377,22,1,11755.21
15525,7377,76,2,8548.36
15526,7377,2,2,7326.43
15527,7378,29,1,5660.03
15528,7378,86,1,29674.42
15529,7378,21,1,9067.86
15530,7379,74,1,18073.48
15531,7380,63,1,9918.61
15532,7380,14,1,7754.67
15533,7381,28,1,8475.74
15534,7381,55,4,37337.87
15535,7381,4,2,10448.34
15536,7381,49,4,4990.41
15537,7382,87,2,15026.98
15538,7382,90,1,14606.05
15539,7383,25,2,92208.32
15540,7383,76,1,8139.43
15541,7383,85,1,71905.25
15542,7384,76,1,8138.55
15543,7384,62,1,14989.98
15544,7384,68,2,12515.28
15545,7384,70,2,32505.67
15546,7384,86,1,30235.88
15547,7385,16,1,11951.68
15548,7386,74,3,18533.6
15549,7387,63,4,9663.65
15550,7387,82,2,16639.41
15551,7387,21,2,9161.47
15552,7387,88,1,3662.29
15553,7388,38,1,4751.33
15554,7389,62,1,15211.93
15555,7389,71,1,10029.65
15556,7390,82,1,16917.22
15557,7391,16,1,11649.87
15558,7391,97,1,7522.49
15559,7391,18,3,11947.59
15560,7392,91,1,14538.76
15561,7392,30,3,27739.47
15562,7392,51,1,8651.62
15563,7392,56,3,10979.79
15564,7393,96,1,22452.12
15565,7393,76,6,8344.43
15566,7394,60,3,8168.7
15567,7394,27,1,13521.66
15568,7394,55,1,33947.59
15569,7395,19,1,6171.08
15570,7395,1,2,9352.04
15571,7395,47,1,13335.5
15572,7396,4,1,9478.32
15573,7396,15,1,64313.44
15574,7397,86,4,28906.92
15575,7398,4,3,9380.79
15576,7399,5,1,89795.93
15577,7399,74,3,16891.85
15578,7399,26,1,18769.14
15579,7400,72,2,11966.72
15580,7400,55,2,36361.19
15581,7400,14,3,7540.06
15582,7400,85,2,70534.9
15583,7401,11,3,12854.16
15584,7402,67,1,25501.53
15585,7403,27,1,12465.86
15586,7404,14,2,7963.29
15587,7405,1,1,8816.05
15588,7406,67,1,24995.69
15589,7406,66,1,19032.21
15590,7407,54,1,26305.5
15591,7408,72,2,12034.32
15592,7409,16,2,11509.77
15593,7409,58,1,9399.5
15594,7409,84,1,16734.8
15595,7409,62,1,14637.86
15596,7410,1,1,9103.57
15597,7410,59,1,6393.23
15598,7411,52,1,14155.38
15599,7412,88,1,4010.08
15600,7413,14,2,8061.94
15601,7413,86,12,30105.44
15602,7414,49,1,4669.8
15603,7414,46,1,19647.05
15604,7414,86,1,28796.38
15605,7415,15,1,61214.02
15606,7415,56,1,11517.21
15607,7415,51,1,8900.92
15608,7415,74,12,17736.71
15609,7416,100,1,27929.38
15610,7416,22,1,11018.19
15611,7417,58,3,9194.53
15612,7417,65,1,85610.62
15613,7417,54,3,25648.72
15614,7418,37,4,13087.27
15615,7419,7,3,12532.47
15616,7420,92,1,9492.99
15617,7420,29,2,5559.2
15618,7420,14,1,7408.73
15619,7421,97,1,7383.13
15620,7421,54,1,26278.42
15621,7421,55,1,35358.42
15622,7422,37,1,12690.53
15623,7422,52,3,14105.71
15624,7422,71,1,10562.65
15625,7423,85,1,68795.54
15626,7424,85,18,71264.82
15627,7424,59,2,6191.93
15628,7425,4,1,9922.05
15629,7425,34,2,11885.94
15630,7426,74,3,18159.04
15631,7426,55,3,37166.78
15632,7426,73,1,6309.44
15633,7426,59,2,6386.39
15634,7426,69,2,4728.08
15635,7427,3,2,7845.55
15636,7427,59,1,6090.91
15637,7428,4,2,9406.95
15638,7428,90,1,13967.8
15639,7428,71,1,9579.6
15640,7429,52,1,15080.71
15641,7429,83,4,11741.05
15642,7430,40,1,28964.93
15643,7430,61,1,18783.26
15644,7431,48,1,7341.18
15645,7431,84,2,16275.55
15646,7431,55,1,35848.33
15647,7431,83,1,11599.68
15648,7432,91,2,14404.71
15649,7432,55,1,34014.11
15650,7432,21,6,9034.32
15651,7433,35,3,93985.56
15652,7433,69,2,4788.02
15653,7433,55,6,34052.56
15654,7434,12,18,13991.38
15655,7434,34,1,12185.32
15656,7435,51,2,9025.63
15657,7435,82,1,15678.67
15658,7436,61,1,20283.4
15659,7436,14,2,7576.06
15660,7436,63,1,10505.48
15661,7436,38,2,4736.03
15662,7436,7,1,12150.34
15663,7437,51,1,9239.74
15664,7437,26,1,19868.34
15665,7437,85,2,72292.21
15666,7438,45,1,105932.29
15667,7439,38,2,5086.86
15668,7439,74,2,18159.27
15669,7439,81,1,10182.35
15670,7440,69,2,4694.73
15671,7440,88,1,3604.56
15672,7441,12,1,14103.42
15673,7441,7,4,12462.97
15674,7442,74,1,18435.31
15675,7443,29,1,5190.79
15676,7443,4,2,9368.5
15677,7443,73,4,6444.34
15678,7444,14,1,7187.33
15679,7445,72,3,12495.58
15680,7446,74,1,18283.44
15681,7446,14,1,7830.94
15682,7447,94,1,28544.89
15683,7448,93,3,5493.27
15684,7448,69,4,4303.42
15685,7449,14,1,7547.03
15686,7450,51,1,9314.83
15687,7451,4,2,10379.93
15688,7452,94,2,25547.77
15689,7453,51,3,8653.87
15690,7453,49,1,5092.99
15691,7454,84,1,16063.37
15692,7455,95,1,66834.29
15693,7455,30,1,26422.63
15694,7456,48,2,7268.78
15695,7456,76,1,8462.81
15696,7457,49,2,5160.95
15697,7457,87,1,14871.91
15698,7458,90,1,15369.04
15699,7458,84,1,16828.16
15700,7458,22,18,10595.25
15701,7459,3,2,8044.04
15702,7459,34,1,11520.21
15703,7459,85,2,71024.49
15704,7460,4,2,9449.67
15705,7460,37,1,12740.1
15706,7460,62,1,14864.38
15707,7460,58,1,9516.66
15708,7461,24,1,14274.87
15709,7461,76,1,8497.52
15710,7462,22,3,11075.13
15711,7462,51,4,8657.54
15712,7463,12,1,14700.01
15713,7463,46,1,19427.59
15714,7463,24,3,14456.46
15715,7464,34,1,12246.67
15716,7464,21,6,8277.12
15717,7465,10,1,39074.62
15718,7465,26,4,20030.66
15719,7466,43,1,13297.47
15720,7466,56,3,11361.82
15721,7467,34,1,12256.25
15722,7467,86,1,30131.76
15723,7468,24,1,14886.24
15724,7468,54,2,27525.89
15725,7469,36,1,19265.65
15726,7470,88,1,3892.88
15727,7471,73,1,6184.11
15728,7472,26,1,18118.79
15729,7473,37,4,13867.22
15730,7474,84,1,17749.14
15731,7474,95,1,67026.75
15732,7474,3,2,8148.38
15733,7475,23,1,11100.86
15734,7475,26,1,17994.28
15735,7475,4,1,9982.81
15736,7475,71,1,10594.98
15737,7476,99,1,7581.74
15738,7476,26,1,18235.44
15739,7477,52,6,13779.24
15740,7478,84,1,17088.73
15741,7478,91,3,13348.06
15742,7478,27,12,13576.39
15743,7479,83,2,11476.92
15744,7480,92,1,8717.03
15745,7480,1,1,9466.97
15746,7481,81,4,10227.79
15747,7482,36,1,18109.37
15748,7483,16,24,11634.22
15749,7483,4,1,10093.97
15750,7484,67,2,23607.84
15751,7485,34,2,11311.75
15752,7486,76,1,8611.18
15753,7487,85,2,73107.41
15754,7488,22,1,10902.63
15755,7488,85,1,71689.71
15756,7489,14,3,7302.95
15757,7490,83,12,11963.08
15758,7491,6,6,38264.81
15759,7492,16,1,12025.59
15760,7492,23,1,11807.4
15761,7493,58,4,8682.14
15762,7493,33,1,11979.16
15763,7494,31,1,14602.72
15764,7495,38,1,5010.92
15765,7496,36,1,18819.59
15766,7497,80,4,12522.45
15767,7498,65,1,78976.55
15768,7498,71,2,9998.31
15769,7499,47,1,12779.0
15770,7499,21,3,8484.25
15771,7500,95,1,64002.31
15772,7501,10,1,42842.39
15773,7502,34,1,11041.21
15774,7502,49,4,4715.27
15775,7502,91,1,14605.92
15776,7502,14,2,7915.17
15777,7502,26,1,20124.28
15778,7503,93,1,5749.02
15779,7503,38,1,4618.26
15780,7504,97,1,7657.21
15781,7505,83,1,11440.32
15782,7505,1,1,9263.42
15783,7505,2,1,6823.69
15784,7506,27,3,13290.08
15785,7507,95,1,65879.84
15786,7508,85,1,71382.89
15787,7509,33,2,11466.52
15788,7510,28,1,8124.49
15789,7510,88,1,3981.36
15790,7510,47,1,13702.31
15791,7511,74,1,18506.28
15792,7512,4,1,9545.49
15793,7513,61,1,19642.5
15794,7513,38,2,5090.13
15795,7513,12,1,14170.26
15796,7514,4,2,10400.07
15797,7514,32,2,7341.57
15798,7515,86,1,28592.4
15799,7516,32,1,7625.69
15800,7516,30,4,26555.4
15801,7517,61,2,19773.92
15802,7517,11,2,13073.19
15803,7518,64,3,9651.69
15804,7518,81,2,10618.03
15805,7519,21,2,8484.6
15806,7520,89,2,2092.73
15807,7521,24,1,14458.03
15808,7521,86,2,30218.46
15809,7521,83,2,11396.61
15810,7521,7,2,12332.73
15811,7522,76,1,8818.18
15812,7523,86,2,27374.49
15813,7523,14,1,7716.96
15814,7524,61,1,19272.94
15815,7524,76,1,8766.3
15816,7524,6,4,39582.57
15817,7525,49,3,5066.23
15818,7525,94,2,27334.02
15819,7526,48,1,7010.62
15820,7526,76,1,8142.77
15821,7526,23,1,11987.27
15822,7526,16,1,11039.58
15823,7527,100,1,30303.94
15824,7527,12,1,13960.94
15825,7528,52,2,14691.42
15826,7528,35,1,90829.29
15827,7529,88,1,3934.62
15828,7530,58,1,9092.82
15829,7530,86,4,27608.03
15830,7530,52,1,14207.88
15831,7531,2,4,7351.21
15832,7531,81,1,10874.87
15833,7531,37,1,13691.96
15834,7532,71,1,10187.66
15835,7533,11,2,13085.14
15836,7534,95,1,60225.44
15837,7535,90,3,14008.06
15838,7536,86,1,29878.64
15839,7536,22,1,11001.64
15840,7536,81,1,10525.75
15841,7537,62,1,15439.27
15842,7538,89,2,2158.04
15843,7539,100,4,27502.7
15844,7539,56,1,11320.8
15845,7539,30,1,27143.55
15846,7540,84,1,16852.63
15847,7540,66,2,18148.38
15848,7540,60,1,8596.96
15849,7541,56,1,11330.09
15850,7542,71,1,9653.49
15851,7543,22,1,10875.1
15852,7543,4,1,9392.72
15853,7543,36,2,18149.1
15854,7543,54,2,26582.86
15855,7544,29,2,5411.59
15856,7544,14,1,7223.48
15857,7545,26,1,18950.78
15858,7545,79,2,4241.94
15859,7545,55,1,35358.62
15860,7546,5,1,88810.39
15861,7546,56,1,11268.1
15862,7546,85,2,74020.02
15863,7547,32,1,7838.34
15864,7547,2,1,7033.65
15865,7548,88,1,3688.89
15866,7548,45,4,110442.19
15867,7549,93,1,5357.29
15868,7550,1,1,9318.05
15869,7550,45,1,103247.81
15870,7551,21,4,8973.82
15871,7552,74,1,18512.19
15872,7553,14,1,7304.28
15873,7553,94,1,26852.59
15874,7553,40,1,27214.74
15875,7553,11,1,12933.11
15876,7554,83,2,11547.24
15877,7554,61,2,19346.86
15878,7554,82,3,16319.4
15879,7555,86,1,29004.63
15880,7555,88,1,3943.92
15881,7556,54,1,27238.03
15882,7556,70,1,29567.31
15883,7557,87,1,15122.28
15884,7557,74,1,18395.24
15885,7558,22,3,10937.97
15886,7558,29,18,5254.45
15887,7559,29,2,5564.25
15888,7559,82,3,15844.28
15889,7560,42,2,11846.82
15890,7561,83,2,11044.88
15891,7561,94,1,28582.81
15892,7561,63,1,10843.58
15893,7562,80,1,12585.51
15894,7562,99,2,8279.52
15895,7563,58,1,9297.44
15896,7564,32,1,7564.95
15897,7564,18,4,11789.13
15898,7564,52,3,14832.38
15899,7565,90,4,15249.16
15900,7565,14,2,7920.84
15901,7565,37,1,13252.64
15902,7566,36,1,18870.27
15903,7566,8,1,13417.84
15904,7567,51,1,9472.71
15905,7567,43,2,12874.46
15906,7568,94,1,26074.1
15907,7569,1,1,8896.95
15908,7569,6,1,39168.72
15909,7570,90,2,15120.17
15910,7571,89,2,2300.43
15911,7571,38,1,5117.44
15912,7572,36,2,19251.47
15913,7573,92,1,9276.39
15914,7574,1,3,8932.71
15915,7574,85,3,76484.97
15916,7575,46,2,18250.02
15917,7576,12,2,13849.99
15918,7577,56,1,11005.68
15919,7577,36,2,19227.36
15920,7577,62,24,16067.93
15921,7578,18,1,10961.8
15922,7578,27,2,12766.86
15923,7578,88,1,3823.58
15924,7578,16,1,11865.25
15925,7579,96,1,21815.08
15926,7580,54,2,26045.01
15927,7580,8,3,13944.01
15928,7580,14,6,7309.81
15929,7581,85,1,75355.43
15930,7582,14,1,7230.99
15931,7582,76,1,8093.98
15932,7583,2,4,7100.96
15933,7584,66,4,17456.73
15934,7584,92,1,9307.08
15935,7584,37,1,13472.29
15936,7584,32,2,7364.28
15937,7585,34,2,11965.65
15938,7585,14,2,7277.39
15939,7586,97,1,7518.34
15940,7587,74,1,17391.44
15941,7588,4,2,9283.08
15942,7589,56,3,11205.69
15943,7590,54,1,26817.76
15944,7591,94,1,26256.79
15945,7591,74,2,17957.13
15946,7591,63,1,10137.03
15947,7591,4,1,9413.83
15948,7592,73,3,6690.53
15949,7593,3,2,7980.69
15950,7594,38,2,4822.0
15951,7594,96,1,21728.68
15952,7594,4,2,10090.45
15953,7594,62,1,16040.03
15954,7594,14,2,7412.43
15955,7595,91,3,14468.14
15956,7595,51,2,8462.88
15957,7596,100,2,27838.16
15958,7596,94,1,27586.03
15959,7597,23,1,11492.63
15960,7597,54,2,26299.62
15961,7597,21,1,9100.22
15962,7598,84,2,16089.23
15963,7599,27,2,13450.75
15964,7600,74,3,17410.3
15965,7600,81,1,10132.26
15966,7600,24,1,14534.35
15967,7600,20,1,5396.19
15968,7601,34,1,11472.79
15969,7601,86,2,29179.58
15970,7602,86,1,28624.93
15971,7602,37,2,13824.57
15972,7602,100,1,30524.43
15973,7603,2,1,7104.65
15974,7603,4,1,9876.82
15975,7604,18,1,11885.02
15976,7605,8,1,13986.3
15977,7605,69,1,4325.3
15978,7605,96,2,22254.64
15979,7605,70,1,31384.85
15980,7606,22,2,11700.16
15981,7607,91,1,14282.46
15982,7607,63,2,10786.51
15983,7607,41,3,21359.75
15984,7607,14,1,7915.37
15985,7608,52,1,14812.3
15986,7609,22,1,10697.84
15987,7609,2,2,7027.62
15988,7610,74,2,16743.87
15989,7610,59,2,6731.06
15990,7610,51,2,8870.34
15991,7610,26,1,20092.51
15992,7611,76,1,8802.76
15993,7611,74,1,16739.56
15994,7611,65,1,82445.12
15995,7612,33,1,11168.53
15996,7612,26,2,19224.51
15997,7613,68,1,13326.45
15998,7613,29,1,5245.1
15999,7614,75,1,47836.23
16000,7615,85,1,76831.88
16001,7615,22,1,10775.12
16002,7616,27,1,13175.04
16003,7617,100,1,27954.34
16004,7617,66,1,18233.79
16005,7617,76,1,8519.81
16006,7618,60,3,7976.89
16007,7618,14,1,8028.13
16008,7618,69,2,4255.15
16009,7618,86,1,28363.24
16010,7619,4,2,9811.96
16011,7619,26,1,19390.71
16012,7619,34,1,11629.24
16013,7619,37,2,13951.1
16014,7620,22,4,11349.12
16015,7620,91,1,14717.66
16016,7621,18,1,11663.27
16017,7621,1,1,9064.67
16018,7622,67,12,25115.4
16019,7623,85,1,74292.65
16020,7623,74,12,16558.74
16021,7624,22,2,11807.28
16022,7624,4,1,10460.16
16023,7624,87,1,14610.49
16024,7625,29,1,5162.64
16025,7625,42,1,11352.16
16026,7626,49,1,4902.35
16027,7627,22,1,10965.23
16028,7627,85,1,69023.44
16029,7627,52,1,14179.69
16030,7628,14,3,7320.19
16031,7628,5,3,87477.6
16032,7629,74,1,18433.01
16033,7629,76,3,8392.21
16034,7629,72,2,12687.13
16035,7630,26,1,19971.34
16036,7630,36,1,19335.85
16037,7630,46,1,19544.97
16038,7631,96,1,21637.66
16039,7631,4,12,10409.36
16040,7631,48,1,6895.81
16041,7632,55,2,34854.5
16042,7633,83,1,10990.92
16043,7633,95,1,65097.42
16044,7634,2,2,7219.1
16045,7635,26,2,18482.33
16046,7636,74,1,17758.41
16047,7636,14,1,7631.83
16048,7636,30,1,27914.46
16049,7636,83,2,11458.73
16050,7637,54,1,26368.32
16051,7637,76,1,8580.57
16052,7637,24,1,15018.82
16053,7638,76,1,8542.48
16054,7639,85,1,75871.83
16055,7639,38,2,4642.3
16056,7640,91,1,13765.6
16057,7641,81,1,10739.39
16058,7641,85,1,74379.49
16059,7642,31,1,14580.57
16060,7642,36,1,20267.46
16061,7642,16,1,11139.58
16062,7643,14,1,7441.51
16063,7643,18,4,11297.15
16064,7643,26,2,19813.94
16065,7643,67,3,23504.41
16066,7644,85,3,69187.94
16067,7645,43,2,12966.21
16068,7646,26,1,18633.92
16069,7647,94,1,25807.25
16070,7647,38,2,4799.06
16071,7647,14,1,7326.64
16072,7648,74,1,17698.67
16073,7648,51,3,9511.57
16074,7648,91,2,14460.7
16075,7649,84,1,17031.45
16076,7649,90,1,13716.28
16077,7649,85,1,73535.39
16078,7650,91,2,14016.11
16079,7650,31,1,14656.66
16080,7651,4,1,9763.5
16081,7651,10,2,40452.87
16082,7652,26,1,20205.83
16083,7652,12,1,14248.86
16084,7653,2,1,6964.43
16085,7654,76,24,8034.84
16086,7654,71,1,10477.88
16087,7655,63,1,10423.32
16088,7656,18,3,11754.31
16089,7657,86,1,29211.5
16090,7658,30,1,29031.83
16091,7659,37,1,13151.31
16092,7660,14,3,7652.82
16093,7661,6,1,40498.24
16094,7661,50,1,34840.45
16095,7662,76,1,8708.93
16096,7662,19,1,5474.3
16097,7662,17,1,25917.29
16098,7663,59,1,6355.9
16099,7664,36,1,19023.23
16100,7664,98,1,3955.17
16101,7665,3,2,8204.68
16102,7665,85,3,69478.52
16103,7666,98,1,3710.93
16104,7666,22,1,10965.88
16105,7667,21,2,8583.84
16106,7667,12,1,14687.5
16107,7668,6,24,40067.02
16108,7668,1,1,8739.33
16109,7669,10,1,41481.45
16110,7669,33,1,11918.01
16111,7669,16,1,11790.23
16112,7669,61,1,19352.21
16113,7670,38,1,4741.92
16114,7671,16,1,11330.78
16115,7672,49,1,4914.62
16116,7672,81,1,10782.14
16117,7673,71,2,9688.73
16118,7674,52,1,13856.61
16119,7674,26,2,18360.68
16120,7675,11,1,13114.84
16121,7675,64,1,9597.69
16122,7676,30,3,28774.76
16123,7677,76,1,7873.92
16124,7677,74,1,16788.86
16125,7677,26,6,19411.68
16126,7678,34,1,11350.89
16127,7678,46,1,18743.43
16128,7679,55,2,36944.71
16129,7679,61,1,19806.11
16130,7680,4,4,9436.39
16131,7680,73,1,6654.3
16132,7680,31,1,13799.93
16133,7680,96,1,20516.68
16134,7680,95,1,64587.35
16135,7681,23,1,11800.85
16136,7682,71,2,9751.01
16137,7682,61,1,18668.75
16138,7683,1,6,9543.83
16139,7683,85,1,72389.35
16140,7683,92,2,9635.88
16141,7684,94,1,27390.17
16142,7684,63,1,10038.05
16143,7685,38,1,4663.24
16144,7686,62,2,15172.87
16145,7687,36,3,19339.67
16146,7687,27,2,12459.63
16147,7687,26,1,17967.77
16148,7687,74,1,16624.82
16149,7687,4,2,9985.24
16150,7688,1,2,9296.64
16151,7688,4,12,9974.01
16152,7688,14,1,7260.23
16153,7689,84,3,17329.0
16154,7689,4,1,9854.99
16155,7689,49,1,4908.63
16156,7690,15,1,59587.89
16157,7691,46,3,18907.56
16158,7692,91,1,14819.8
16159,7692,61,24,19975.48
16160,7693,2,1,6715.99
16161,7694,38,4,4587.42
16162,7694,83,1,11573.71
16163,7695,21,1,8326.02
16164,7695,15,1,62637.7
16165,7696,87,1,14886.45
16166,7697,49,1,4715.16
16167,7697,14,2,7678.64
16168,7698,14,2,7911.66
16169,7698,96,1,20954.31
16170,7698,94,3,28520.03
16171,7698,61,3,18937.66
16172,7698,74,1,17489.76
16173,7699,66,1,18203.23
16174,7700,20,2,5544.6
16175,7701,75,1,49873.82
16176,7701,88,2,3888.71
16177,7702,24,1,15136.91
16178,7702,47,2,13947.74
16179,7702,85,2,70345.26
16180,7702,2,3,6673.41
16181,7702,71,1,10449.67
16182,7703,34,1,12390.29
16183,7704,90,1,14744.99
16184,7704,77,1,15760.98
16185,7704,34,3,11757.65
16186,7704,86,1,29896.41
16187,7705,71,1,9781.3
16188,7705,92,1,8984.34
16189,7706,43,1,12448.02
16190,7706,82,3,15605.65
16191,7706,34,1,11261.2
16192,7707,74,1,18558.44
16193,7708,1,3,9010.02
16194,7708,32,1,7420.6
16195,7709,12,2,13837.86
16196,7710,25,1,94872.65
16197,7711,22,1,10898.66
16198,7712,27,1,13034.14
16199,7712,1,1,9620.38
16200,7713,69,2,4478.54
16201,7713,83,2,11600.63
16202,7713,22,1,11197.17
16203,7714,40,1,28466.45
16204,7715,61,1,19783.81
16205,7715,88,1,3654.35
16206,7715,92,1,8864.03
16207,7716,26,4,17972.66
16208,7716,34,1,11569.48
16209,7717,38,1,4923.98
16210,7718,71,2,10084.67
16211,7718,33,1,11461.79
16212,7718,89,1,2129.85
16213,7718,5,2,86315.14
16214,7719,22,2,10669.53
16215,7719,88,1,3588.25
16216,7720,81,4,11093.01
16217,7720,55,1,38185.28
16218,7720,92,1,8846.83
16219,7721,27,2,12709.84
16220,7721,34,1,11321.4
16221,7722,12,3,13548.45
16222,7723,38,2,4883.0
16223,7724,81,24,10169.55
16224,7725,70,2,31188.53
16225,7726,21,2,8531.04
16226,7726,74,1,17676.01
16227,7726,64,1,9793.62
16228,7726,58,2,9319.67
16229,7726,82,3,16995.7
16230,7727,37,1,13720.61
16231,7728,94,1,28120.14
16232,7728,23,1,11321.77
16233,7729,51,3,8712.3
16234,7730,34,2,11197.14
16235,7731,21,3,8272.68
16236,7732,100,1,30516.82
16237,7732,22,1,10662.65
16238,7733,49,2,5157.82
16239,7733,51,6,8495.97
16240,7733,85,4,71865.61
16241,7733,29,1,5297.52
16242,7733,71,2,10303.48
16243,7734,99,1,8280.72
16244,7735,85,3,75015.26
16245,7735,81,1,10890.89
16246,7736,74,1,18301.79
16247,7736,76,1,7919.78
16248,7737,88,1,3802.55
16249,7737,86,1,29094.38
16250,7737,18,1,11377.81
16251,7737,72,2,12282.54
16252,7737,42,1,11292.78
16253,7738,33,3,11893.38
16254,7739,55,12,36277.9
16255,7740,76,2,8459.86
16256,7741,76,2,7907.07
16257,7742,42,1,11924.45
16258,7742,36,1,19670.55
16259,7742,63,1,10004.46
16260,7743,90,2,13676.18
16261,7743,88,1,4001.81
16262,7744,71,3,10565.76
16263,7744,51,1,8647.93
16264,7745,14,1,7708.46
16265,7745,91,1,14168.6
16266,7746,13,1,5870.61
16267,7746,14,2,7752.97
16268,7747,15,3,62885.86
16269,7747,14,1,7696.04
16270,7747,7,2,12259.39
16271,7748,67,1,24625.75
16272,7749,100,2,29385.65
16273,7749,41,2,22458.66
16274,7749,91,2,14364.51
16275,7749,76,1,8582.18
16276,7749,63,1,10167.84
16277,7750,96,2,20534.74
16278,7751,18,2,12159.69
16279,7751,65,2,81991.77
16280,7751,48,1,6870.22
16281,7751,20,2,5380.87
16282,7752,26,1,19965.42
16283,7752,51,1,8788.36
16284,7752,84,1,16172.0
16285,7753,20,1,5033.71
16286,7753,71,3,10589.93
16287,7754,36,3,19679.92
16288,7755,13,1,6246.54
16289,7756,71,3,9673.37
16290,7757,100,2,28539.88
16291,7758,51,3,9136.42
16292,7759,26,2,18122.51
16293,7760,20,2,5380.11
16294,7760,4,1,10144.8
16295,7761,61,1,19714.0
16296,7761,74,3,16845.58
16297,7762,2,2,7148.05
16298,7762,95,1,60138.87
16299,7762,69,2,4545.51
16300,7762,79,2,4207.92
16301,7763,71,2,10288.5
16302,7763,76,1,8454.82
16303,7763,88,4,3790.8
16304,7763,96,3,22154.09
16305,7764,46,1,18289.71
16306,7764,36,2,20046.96
16307,7764,91,1,13332.09
16308,7764,42,1,11353.05
16309,7765,32,1,8008.68
16310,7765,81,4,10822.16
16311,7766,52,2,13842.46
16312,7766,61,1,19551.17
16313,7767,55,2,37942.9
16314,7767,54,1,28330.73
16315,7767,24,4,14319.77
16316,7767,76,1,8312.93
16317,7768,5,2,93862.83
16318,7768,88,2,3729.63
16319,7768,7,1,12409.54
16320,7769,93,2,5141.0
16321,7770,95,2,61487.19
16322,7770,62,1,14314.28
16323,7770,74,2,17032.75
16324,7770,71,2,9873.88
16325,7771,2,1,7109.29
16326,7771,54,1,25838.27
16327,7772,4,1,9429.69
16328,7772,34,2,12389.36
16329,7772,59,1,6135.41
16330,7773,76,1,8619.1
16331,7773,1,1,8713.26
16332,7773,63,2,10279.04
16333,7774,22,1,11012.26
16334,7774,68,1,13008.2
16335,7774,69,2,4394.61
16336,7774,83,1,11408.57
16337,7775,81,2,11026.21
16338,7776,40,3,26567.23
16339,7776,24,1,14484.2
16340,7777,21,2,9265.87
16341,7777,25,1,95515.88
16342,7777,45,4,112026.25
16343,7778,22,1,10537.88
16344,7778,7,2,12954.39
16345,7779,46,1,18489.11
16346,7780,2,1,6999.96
16347,7780,46,2,19412.41
16348,7780,63,1,9631.49
16349,7781,2,3,7347.59
16350,7782,80,1,13081.85
16351,7782,29,1,5181.35
16352,7783,95,2,66864.69
16353,7783,27,6,13265.03
16354,7784,61,1,18328.18
16355,7784,33,1,11346.86
16356,7785,88,2,3850.36
16357,7786,12,2,14185.33
16358,7786,64,1,9948.9
16359,7786,81,1,10924.8
16360,7786,5,2,90648.4
16361,7787,31,1,13785.53
16362,7787,46,1,20154.18
16363,7788,78,1,5632.64
16364,7788,76,3,8228.63
16365,7788,4,2,9901.97
16366,7789,81,1,10985.24
16367,7789,21,24,9210.5
16368,7790,17,1,28796.66
16369,7791,40,2,29576.42
16370,7791,76,4,8204.22
16371,7791,58,2,9206.36
16372,7792,4,2,10460.79
16373,7792,88,2,4016.71
16374,7793,26,1,20140.47
16375,7793,34,1,12294.97
16376,7794,84,2,16032.85
16377,7795,3,1,8267.81
16378,7795,33,1,11156.56
16379,7796,85,1,72164.02
16380,7796,59,1,5995.62
16381,7796,94,2,25719.19
16382,7797,12,1,14961.9
16383,7798,51,1,8940.39
16384,7799,91,2,14733.66
16385,7800,44,2,11641.13
16386,7801,76,3,8739.77
16387,7801,14,1,7232.34
16388,7801,65,1,77928.32
16389,7802,23,1,10803.87
16390,7802,74,2,16856.93
16391,7803,15,6,59741.81
16392,7804,14,1,8008.84
16393,7804,30,1,26328.65
16394,7804,26,1,18032.94
16395,7805,92,4,9619.76
16396,7805,23,1,11146.07
16397,7806,30,2,26271.53
16398,7806,22,1,11011.75
16399,7807,88,2,3613.68
16400,7808,26,1,19462.23
16401,7808,83,1,12077.14
16402,7809,38,2,4672.82
16403,7809,22,1,10546.98
16404,7810,17,2,26810.48
16405,7811,21,2,8241.73
16406,7812,7,1,11993.8
16407,7812,16,12,10939.14
16408,7812,5,2,88097.64
16409,7812,34,2,11687.8
16410,7813,16,1,11816.69
16411,7813,61,1,20487.21
16412,7814,66,1,18453.52
16413,7815,69,1,4621.86
16414,7815,76,1,7938.15
16415,7816,59,2,6515.91
16416,7816,18,3,11421.4
16417,7816,64,12,10708.58
16418,7816,12,1,15273.01
16419,7817,72,2,12229.87
16420,7817,38,3,5032.53
16421,7817,23,1,11697.56
16422,7818,22,1,11206.37
16423,7818,88,1,3718.25
16424,7819,91,2,14830.54
16425,7819,34,2,11942.82
16426,7819,31,2,14612.62
16427,7819,26,1,18446.26
16428,7820,87,1,14100.93
16429,7821,38,2,4923.41
16430,7822,14,12,7260.6
16431,7823,7,1,12279.35
16432,7824,65,2,85441.59
16433,7825,86,1,27848.73
16434,7826,23,1,11021.35
16435,7826,49,1,4775.75
16436,7827,48,1,7512.2
16437,7827,91,4,13430.66
16438,7827,90,2,14709.88
16439,7828,70,1,31606.43
16440,7829,70,2,32149.92
16441,7829,89,1,2252.5
16442,7829,74,2,18061.1
16443,7830,51,1,8919.98
16444,7831,55,1,37574.11
16445,7831,91,1,13987.2
16446,7831,66,1,18964.91
16447,7832,67,2,25885.85
16448,7832,85,1,71193.42
16449,7832,47,2,14120.6
16450,7832,80,1,11622.56
16451,7833,14,1,7384.79
16452,7834,8,1,13563.64
16453,7834,62,1,14948.3
16454,7834,85,2,77262.93
16455,7835,74,2,18313.57
16456,7836,2,1,6607.61
16457,7837,85,2,70903.4
16458,7838,100,1,28723.14
16459,7838,27,1,13226.03
16460,7839,61,1,20343.31
16461,7839,17,1,28936.84
16462,7839,100,3,27967.52
16463,7840,86,4,27546.48
16464,7841,46,1,18349.76
16465,7841,40,2,28684.41
16466,7841,74,1,17372.7
16467,7842,26,4,17991.02
16468,7843,64,24,9562.32
16469,7843,2,2,7066.81
16470,7843,16,2,11090.66
16471,7843,68,1,13474.89
16472,7844,34,1,11341.33
16473,7844,14,1,8065.96
16474,7844,3,3,7887.82
16475,7845,1,1,9309.85
16476,7845,20,1,5312.85
16477,7845,24,2,14516.58
16478,7845,31,3,13951.28
16479,7846,80,1,11753.54
16480,7846,22,3,10763.39
16481,7846,34,1,11060.68
16482,7846,16,1,10842.85
16483,7847,54,1,28173.39
16484,7847,27,1,12635.01
16485,7848,26,3,19144.71
16486,7848,50,1,33468.62
16487,7848,67,1,26252.2
16488,7848,86,1,29429.08
16489,7849,8,1,13275.49
16490,7850,29,6,5385.8
16491,7850,13,1,6125.53
16492,7850,38,1,4937.58
16493,7850,4,1,10255.39
16494,7851,65,4,80993.62
16495,7851,14,1,7418.73
16496,7851,51,1,9190.41
16497,7852,43,2,12080.14
16498,7853,17,2,26889.43
16499,7853,36,2,19543.54
16500,7854,46,1,19759.3
16501,7855,16,1,11448.22
16502,7856,72,1,11710.59
16503,7856,33,1,11439.6
16504,7857,18,2,12169.43
16505,7858,26,2,18636.42
16506,7858,60,1,8084.15
16507,7859,4,3,10257.07
16508,7860,68,1,13090.01
16509,7861,74,1,18467.17
16510,7861,4,1,10086.53
16511,7861,59,2,6398.13
16512,7862,4,3,9674.18
16513,7862,34,1,12310.65
16514,7863,3,1,8785.27
16515,7864,81,1,10984.3
16516,7864,4,1,10034.47
16517,7864,80,2,13056.7
16518,7865,18,2,11024.18
16519,7866,85,1,72471.95
16520,7866,58,3,9139.73
16521,7867,65,1,84685.97
16522,7867,40,4,26996.61
16523,7867,84,12,17273.47
16524,7867,58,1,8543.9
16525,7867,24,1,16037.17
16526,7868,69,2,4387.11
16527,7868,91,2,14283.06
16528,7868,87,3,14290.36
16529,7869,92,3,9015.65
16530,7870,18,1,11809.78
16531,7871,65,2,80914.33
16532,7872,65,1,82003.37
16533,7872,26,2,19473.76
16534,7872,76,1,8808.06
16535,7873,48,1,7493.74
16536,7873,77,2,15684.18
16537,7874,83,1,10812.59
16538,7875,26,1,18635.69
16539,7876,36,1,19626.26
16540,7876,18,2,11410.59
16541,7876,72,1,11688.65
16542,7877,27,2,13488.9
16543,7877,89,1,2243.37
16544,7877,85,1,69967.24
16545,7878,42,1,11330.12
16546,7878,58,4,9406.03
16547,7879,55,1,37310.49
16548,7880,7,1,12779.68
16549,7880,31,2,13917.13
16550,7880,4,1,9806.17
16551,7881,90,1,14502.24
16552,7881,61,1,18517.9
16553,7881,74,2,18412.98
16554,7882,19,1,5505.38
16555,7882,55,1,37739.71
16556,7882,71,2,9906.51
16557,7882,50,1,33472.16
16558,7883,46,2,18903.17
16559,7884,29,1,5283.28
16560,7885,50,1,35537.77
16561,7886,51,4,8555.11
16562,7886,7,1,12119.11
16563,7886,39,1,7371.33
16564,7887,4,1,9992.68
16565,7888,97,3,8064.38
16566,7888,17,2,28623.57
16567,7888,85,3,69424.71
16568,7888,16,1,11674.07
16569,7889,55,1,35000.86
16570,7889,36,1,19919.23
16571,7890,88,4,3824.84
16572,7890,74,3,17551.15
16573,7891,14,1,7736.66
16574,7891,27,4,12611.53
16575,7891,46,2,20348.05
16576,7891,76,1,8209.35
16577,7892,41,2,20962.32
16578,7892,69,1,4714.24
16579,7893,26,2,19987.56
16580,7893,57,1,28916.84
16581,7894,82,1,16802.89
16582,7895,89,3,2243.61
16583,7895,56,1,11078.2
16584,7896,38,3,4731.15
16585,7896,17,6,28677.02
16586,7896,21,2,8673.62
16587,7896,83,1,12012.81
16588,7897,43,3,12479.7
16589,7898,51,2,9292.15
16590,7898,43,2,12148.98
16591,7898,18,2,10885.24
16592,7898,46,1,18184.29
16593,7899,14,1,7397.8
16594,7900,31,1,14164.33
16595,7900,82,1,16413.62
16596,7901,74,2,18305.52
16597,7902,14,2,7272.04
16598,7902,49,1,5126.6
16599,7903,66,1,17625.55
16600,7903,85,2,69433.6
16601,7903,14,1,7272.67
16602,7904,5,1,87023.63
16603,7905,82,1,17011.87
16604,7906,54,2,28072.76
16605,7906,41,1,21620.58
16606,7906,58,1,8823.81
16607,7906,82,1,15789.72
16608,7907,97,1,7891.71
16609,7908,21,1,8586.03
16610,7909,31,1,15069.07
16611,7910,4,1,9353.37
16612,7910,62,4,14291.23
16613,7911,40,1,29438.01
16614,7911,43,1,13018.03
16615,7911,3,1,8523.95
16616,7911,18,6,10853.5
16617,7912,26,1,19208.09
16618,7913,18,1,12201.56
16619,7913,38,4,4810.79
16620,7913,21,1,9050.71
16621,7913,29,1,5608.2
16622,7913,14,1,7434.95
16623,7914,46,6,18885.47
16624,7914,87,1,14281.7
16625,7915,58,1,9063.3
16626,7915,85,2,76284.01
16627,7915,62,1,15026.42
16628,7915,98,1,3977.32
16629,7916,5,1,94300.7
16630,7916,81,1,10159.99
16631,7917,26,1,19688.52
16632,7918,37,1,12468.65
16633,7918,34,1,11385.08
16634,7919,86,1,27372.22
16635,7919,26,2,19689.92
16636,7920,83,1,11452.2
16637,7920,94,2,26970.56
16638,7921,68,2,13282.56
16639,7921,83,1,11256.3
16640,7921,36,1,19360.7
16641,7922,14,1,7311.62
16642,7922,92,3,9436.79
16643,7923,81,1,10578.53
16644,7924,78,1,5670.38
16645,7924,38,1,4964.7
16646,7924,90,3,14130.1
16647,7925,72,1,12418.41
16648,7925,54,2,28148.41
16649,7925,82,4,15976.65
16650,7926,8,1,12728.88
16651,7926,38,1,4872.02
16652,7927,81,1,10672.98
16653,7927,56,3,10745.87
16654,7927,87,2,14203.84
16655,7927,42,1,11098.43
16656,7928,20,1,4965.48
16657,7928,35,1,93054.19
16658,7928,71,2,10334.77
16659,7929,99,6,8029.97
16660,7929,1,1,9572.57
16661,7929,54,1,28323.24
16662,7929,78,2,5733.99
16663,7929,10,1,41210.54
16664,7930,86,2,27123.13
16665,7930,26,2,18771.41
16666,7930,27,1,12379.78
16667,7930,59,1,5997.92
16668,7931,7,2,12685.96
16669,7931,52,1,15092.25
16670,7931,94,2,27759.28
16671,7932,26,1,18734.66
16672,7933,63,1,10768.17
16673,7934,48,2,7372.04
16674,7934,69,1,4319.33
16675,7934,95,1,64338.8
16676,7934,42,1,11797.32
16677,7935,3,1,8819.18
16678,7935,14,2,7961.39
16679,7936,94,1,28516.87
16680,7937,2,1,7041.64
16681,7938,88,1,3783.77
16682,7939,92,2,8718.36
16683,7939,48,1,6985.79
16684,7939,49,1,5091.11
16685,7940,46,1,20142.19
16686,7941,7,1,12400.19
16687,7941,80,1,12506.7
16688,7942,82,1,17091.69
16689,7942,88,3,3699.81
16690,7942,15,1,62886.88
16691,7943,65,1,83484.92
16692,7944,1,1,9237.8
16693,7944,87,1,14849.37
16694,7945,76,3,8436.85
16695,7945,54,1,26438.54
16696,7946,91,1,13402.76
16697,7947,74,2,18083.23
16698,7947,55,1,34336.18
16699,7947,5,1,90830.01
16700,7948,32,1,8170.38
16701,7949,20,3,5150.42
16702,7949,84,1,16997.7
16703,7950,22,4,11052.92
16704,7951,78,1,5994.71
16705,7951,65,1,78901.07
16706,7951,67,1,23654.58
16707,7951,34,4,11816.23
16708,7952,68,3,13441.02
16709,7952,82,2,16719.57
16710,7953,5,1,89287.18
16711,7954,81,1,10988.14
16712,7954,96,2,21437.3
16713,7954,29,2,5159.71
16714,7954,59,4,6720.74
16715,7955,15,1,62422.84
16716,7955,21,1,8527.94
16717,7955,74,2,18294.61
16718,7956,5,1,90170.32
16719,7957,54,2,27654.14
16720,7957,59,1,6142.45
16721,7958,4,1,9575.59
16722,7959,92,2,9386.9
16723,7959,21,3,8663.07
16724,7959,26,1,19420.58
16725,7960,89,2,2236.94
16726,7960,37,1,13656.48
16727,7960,52,2,14919.36
16728,7961,83,1,11729.81
16729,7961,43,1,12059.46
16730,7961,79,2,3883.49
16731,7961,76,2,8306.84
16732,7961,81,1,10438.89
16733,7962,91,1,13843.63
16734,7962,85,2,77371.37
16735,7962,35,1,92538.46
16736,7963,81,4,10109.27
16737,7963,86,1,28423.32
16738,7964,1,1,9506.93
16739,7965,14,1,7206.92
16740,7966,37,2,13124.1
16741,7966,93,2,5724.79
16742,7967,38,4,4820.68
16743,7968,60,1,8467.76
16744,7969,42,1,10825.4
16745,7969,37,1,13936.78
16746,7970,22,1,11765.57
16747,7970,100,2,29147.15
16748,7970,42,4,11216.7
16749,7971,1,1,8974.67
16750,7972,74,3,16608.63
16751,7972,81,1,10693.24
16752,7972,4,2,9388.83
16753,7973,69,1,4504.23
16754,7973,89,2,2177.07
16755,7974,38,1,5058.98
16756,7974,70,6,32224.17
16757,7975,4,1,10327.95
16758,7976,56,1,10485.19
16759,7977,65,1,81149.04
16760,7977,34,2,11767.32
16761,7978,82,3,16094.68
16762,7978,55,3,37951.01
16763,7979,27,2,13323.54
16764,7980,33,1,11040.59
16765,7981,38,3,4562.24
16766,7981,66,1,18759.41
16767,7981,61,1,20455.48
16768,7982,69,1,4686.68
16769,7982,45,2,106920.79
16770,7982,8,1,13846.68
16771,7983,2,1,7121.22
16772,7983,11,3,12680.19
16773,7984,1,1,9600.57
16774,7984,27,2,13205.05
16775,7984,86,1,27497.96
16776,7984,30,1,26068.19
16777,7984,83,3,10978.85
16778,7985,61,1,18494.89
16779,7985,30,4,27996.95
16780,7986,5,1,89063.9
16781,7987,68,1,12928.16
16782,7987,44,1,12051.44
16783,7988,23,2,11210.17
16784,7989,71,1,10407.83
16785,7989,31,2,14155.51
16786,7989,66,1,16882.84
16787,7990,92,1,9081.32
16788,7991,72,4,12670.29
16789,7992,93,2,5653.58
16790,7993,49,2,5135.38
16791,7994,71,2,10029.92
16792,7994,65,1,77147.75
16793,7995,65,1,87140.01
16794,7996,91,2,14131.43
16795,7997,92,2,9690.04
16796,7998,90,2,13970.55
16797,7998,67,1,24544.0
16798,7999,2,2,6534.78
16799,8000,29,1,5429.59
16800,8000,22,12,11580.58
16801,8000,67,1,26351.79
