movimiento_id,producto_id,fecha,tipo,cantidad
1,1,2023-12-15,Ingreso inicial,159
2,2,2023-12-15,Ingreso inicial,119
3,3,2023-12-15,Ingreso inicial,161
4,4,2023-12-15,Ingreso inicial,232
5,5,2023-12-15,Ingreso inicial,169
6,6,2023-12-15,Ingreso inicial,65
7,7,2023-12-15,Ingreso inicial,152
8,8,2023-12-15,Ingreso inicial,201
9,9,2023-12-15,Ingreso inicial,114
10,10,2023-12-15,Ingreso inicial,122
11,11,2023-12-15,Ingreso inicial,102
12,12,2023-12-15,Ingreso inicial,144
13,13,2023-12-15,Ingreso inicial,105
14,14,2023-12-15,Ingreso inicial,195
15,15,2023-12-15,Ingreso inicial,116
16,16,2023-12-15,Ingreso inicial,181
17,17,2023-12-15,Ingreso inicial,210
18,18,2023-12-15,Ingreso inicial,124
19,19,2023-12-15,Ingreso inicial,145
20,20,2023-12-15,Ingreso inicial,240
21,21,2023-12-15,Ingreso inicial,165
22,22,2023-12-15,Ingreso inicial,233
23,23,2023-12-15,Ingreso inicial,176
24,24,2023-12-15,Ingreso inicial,170
25,25,2023-12-15,Ingreso inicial,129
26,26,2023-12-15,Ingreso inicial,242
27,27,2023-12-15,Ingreso inicial,274
28,28,2023-12-15,Ingreso inicial,143
29,29,2023-12-15,Ingreso inicial,160
30,30,2023-12-15,Ingreso inicial,278
31,31,2023-12-15,Ingreso inicial,199
32,32,2023-12-15,Ingreso inicial,220
33,33,2023-12-15,Ingreso inicial,120
34,34,2023-12-15,Ingreso inicial,253
35,35,2023-12-15,Ingreso inicial,106
36,36,2023-12-15,Ingreso inicial,143
37,37,2023-12-15,Ingreso inicial,236
38,38,2023-12-15,Ingreso inicial,218
39,39,2023-12-15,Ingreso inicial,80
40,40,2023-12-15,Ingreso inicial,198
41,41,2023-12-15,Ingreso inicial,89
42,42,2023-12-15,Ingreso inicial,137
43,43,2023-12-15,Ingreso inicial,158
44,44,2023-12-15,Ingreso inicial,146
45,45,2023-12-15,Ingreso inicial,178
46,46,2023-12-15,Ingreso inicial,165
47,47,2023-12-15,Ingreso inicial,87
48,48,2023-12-15,Ingreso inicial,156
49,49,2023-12-15,Ingreso inicial,122
50,50,2023-12-15,Ingreso inicial,62
51,51,2023-12-15,Ingreso inicial,109
52,52,2023-12-15,Ingreso inicial,68
53,53,2023-12-15,Ingreso inicial,64
54,54,2023-12-15,Ingreso inicial,126
55,55,2023-12-15,Ingreso inicial,241
56,56,2023-12-15,Ingreso inicial,206
57,57,2023-12-15,Ingreso inicial,136
58,58,2023-12-15,Ingreso inicial,81
59,59,2023-12-15,Ingreso inicial,163
60,60,2023-12-15,Ingreso inicial,85
61,61,2023-12-15,Ingreso inicial,96
62,62,2023-12-15,Ingreso inicial,131
63,63,2023-12-15,Ingreso inicial,229
64,64,2023-12-15,Ingreso inicial,127
65,65,2023-12-15,Ingreso inicial,225
66,66,2023-12-15,Ingreso inicial,153
67,67,2023-12-15,Ingreso inicial,292
68,68,2023-12-15,Ingreso inicial,189
69,69,2023-12-15,Ingreso inicial,122
70,70,2023-12-15,Ingreso inicial,201
71,71,2023-12-15,Ingreso inicial,208
72,72,2023-12-15,Ingreso inicial,124
73,73,2023-12-15,Ingreso inicial,171
74,74,2023-12-15,Ingreso inicial,291
75,75,2023-12-15,Ingreso inicial,148
76,76,2023-12-15,Ingreso inicial,319
77,77,2023-12-15,Ingreso inicial,125
78,78,2023-12-15,Ingreso inicial,161
79,79,2023-12-15,Ingreso inicial,60
80,80,2023-12-15,Ingreso inicial,173
81,81,2023-12-15,Ingreso inicial,168
82,82,2023-12-15,Ingreso inicial,119
83,83,2023-12-15,Ingreso inicial,252
84,84,2023-12-15,Ingreso inicial,122
85,85,2023-12-15,Ingreso inicial,202
86,86,2023-12-15,Ingreso inicial,133
87,87,2023-12-15,Ingreso inicial,136
88,88,2023-12-15,Ingreso inicial,205
89,89,2023-12-15,Ingreso inicial,158
90,90,2023-12-15,Ingreso inicial,271
91,91,2023-12-15,Ingreso inicial,146
92,92,2023-12-15,Ingreso inicial,181
93,93,2023-12-15,Ingreso inicial,176
94,94,2023-12-15,Ingreso inicial,152
95,95,2023-12-15,Ingreso inicial,100
96,96,2023-12-15,Ingreso inicial,71
97,97,2023-12-15,Ingreso inicial,196
98,98,2023-12-15,Ingreso inicial,66
99,99,2023-12-15,Ingreso inicial,143
100,100,2023-12-15,Ingreso inicial,222
101,38,2024-03-05,Venta,-3
102,70,2024-07-13,Venta,-1
103,4,2024-07-13,Venta,-2
104,61,2024-11-19,Venta,-2
105,91,2024-11-19,Venta,-4
106,73,2024-11-19,Venta,-1
107,43,2024-11-19,Venta,-1
108,22,2026-06-25,Venta,-24
109,80,2026-06-25,Venta,-1
110,12,2026-06-25,Venta,-1
111,76,2025-09-06,Venta,-1
112,71,2025-11-13,Venta,-4
113,16,2025-11-13,Venta,-1
114,19,2024-03-02,Venta,-1
115,89,2024-03-02,Venta,-1
116,76,2026-06-17,Venta,-3
117,88,2026-06-17,Venta,-1
118,19,2026-06-17,Venta,-1
119,99,2026-06-17,Venta,-1
120,52,2026-06-17,Venta,-4
121,14,2024-12-05,Venta,-1
122,35,2024-12-05,Venta,-3
123,93,2024-12-05,Venta,-1
124,76,2024-07-28,Venta,-4
125,11,2024-07-28,Venta,-3
126,42,2024-07-28,Venta,-2
127,84,2025-04-23,Venta,-1
128,36,2025-04-23,Venta,-1
129,16,2025-10-12,Venta,-1
130,41,2025-03-08,Venta,-1
131,2,2025-03-08,Venta,-2
132,76,2026-05-24,Venta,-2
133,74,2026-05-24,Venta,-1
134,55,2026-05-24,Venta,-1
135,24,2024-11-09,Venta,-1
136,76,2024-11-09,Venta,-1
137,48,2024-07-13,Venta,-1
138,7,2024-07-13,Venta,-1
139,28,2024-07-13,Venta,-2
140,86,2024-07-13,Venta,-4
141,87,2026-01-30,Venta,-1
142,22,2026-01-30,Venta,-2
143,88,2026-01-30,Venta,-3
144,81,2026-01-30,Venta,-24
145,88,2024-06-15,Venta,-1
146,74,2024-06-15,Venta,-3
147,38,2024-06-15,Venta,-2
148,95,2025-12-06,Venta,-1
149,17,2025-11-23,Venta,-1
150,2,2025-11-23,Venta,-1
151,48,2025-11-23,Venta,-2
152,71,2026-05-11,Venta,-1
153,4,2024-03-23,Venta,-3
154,67,2024-03-23,Venta,-2
155,89,2025-12-16,Venta,-3
156,29,2025-11-01,Venta,-2
157,33,2025-11-01,Venta,-1
158,74,2026-04-13,Venta,-2
159,67,2026-04-13,Venta,-3
160,43,2025-10-01,Venta,-1
161,91,2025-10-01,Venta,-1
162,27,2024-01-10,Venta,-1
163,43,2024-01-10,Venta,-1
164,53,2026-02-18,Venta,-18
165,38,2026-02-18,Venta,-1
166,78,2026-02-18,Venta,-1
167,51,2026-02-18,Venta,-4
168,29,2026-08-21,Venta,-2
169,36,2026-08-21,Venta,-1
170,52,2026-08-21,Venta,-1
171,62,2026-06-13,Venta,-1
172,54,2026-06-13,Venta,-1
173,55,2026-06-13,Venta,-6
174,18,2026-06-13,Venta,-6
175,38,2026-07-15,Venta,-1
176,16,2026-07-15,Venta,-1
177,32,2024-05-10,Venta,-12
178,63,2025-07-07,Venta,-1
179,88,2024-12-06,Venta,-4
180,37,2024-12-06,Venta,-2
181,72,2024-08-16,Venta,-1
182,23,2024-08-16,Venta,-4
183,74,2025-08-09,Venta,-1
184,47,2025-08-09,Venta,-1
185,87,2025-08-27,Venta,-1
186,39,2025-08-27,Venta,-1
187,4,2025-12-20,Venta,-1
188,51,2025-05-21,Venta,-1
189,2,2026-05-18,Venta,-1
190,36,2026-05-18,Venta,-1
191,40,2026-05-18,Venta,-2
192,1,2026-05-18,Venta,-2
193,4,2024-10-16,Venta,-1
194,74,2024-11-07,Venta,-1
195,12,2026-02-05,Venta,-3
196,89,2024-04-08,Venta,-2
197,22,2024-04-08,Venta,-1
198,88,2025-02-17,Venta,-1
199,82,2025-10-30,Venta,-4
200,70,2025-10-30,Venta,-1
201,38,2025-10-30,Venta,-2
202,34,2025-08-09,Venta,-1
203,17,2025-08-09,Venta,-2
204,22,2024-11-01,Venta,-1
205,37,2024-11-01,Venta,-1
206,24,2026-04-17,Venta,-1
207,76,2026-04-17,Venta,-1
208,2,2026-04-17,Venta,-1
209,36,2026-07-08,Venta,-1
210,73,2025-08-11,Venta,-4
211,40,2025-08-11,Venta,-1
212,71,2024-09-11,Venta,-4
213,16,2024-09-11,Venta,-1
214,27,2024-09-11,Venta,-1
215,40,2024-09-11,Venta,-3
216,85,2025-12-12,Venta,-24
217,42,2025-12-12,Venta,-1
218,24,2024-02-15,Venta,-2
219,40,2025-01-02,Venta,-4
220,74,2025-04-12,Venta,-2
221,91,2025-04-12,Venta,-1
222,78,2024-06-06,Venta,-1
223,34,2024-06-06,Venta,-1
224,97,2024-06-06,Venta,-1
225,85,2024-06-06,Venta,-1
226,14,2024-06-06,Venta,-1
227,58,2025-12-01,Venta,-2
228,14,2025-12-01,Venta,-1
229,14,2024-08-19,Venta,-2
230,48,2024-11-09,Venta,-1
231,60,2024-11-09,Venta,-1
232,84,2024-11-09,Venta,-3
233,73,2024-09-22,Venta,-1
234,76,2024-09-22,Venta,-1
235,40,2024-09-22,Venta,-2
236,21,2024-09-22,Venta,-1
237,52,2024-07-06,Venta,-1
238,4,2024-07-06,Venta,-1
239,22,2024-11-08,Venta,-1
240,35,2024-11-08,Venta,-1
241,34,2026-08-29,Venta,-1
242,23,2026-08-29,Venta,-1
243,66,2025-12-15,Venta,-1
244,10,2025-12-15,Venta,-1
245,62,2024-12-19,Venta,-2
246,60,2025-09-13,Venta,-2
247,34,2025-01-23,Venta,-2
248,3,2024-10-24,Venta,-1
249,14,2024-10-24,Venta,-1
250,26,2024-10-24,Venta,-1
251,2,2024-10-24,Venta,-2
252,21,2025-05-14,Venta,-1
253,94,2025-02-15,Venta,-2
254,36,2025-05-14,Venta,-1
255,73,2025-05-14,Venta,-12
256,26,2024-06-14,Venta,-1
257,30,2024-06-14,Venta,-2
258,82,2024-06-14,Venta,-1
259,70,2024-06-14,Venta,-4
260,42,2024-06-14,Venta,-2
261,43,2024-09-29,Venta,-1
262,4,2024-09-29,Venta,-1
263,52,2026-04-25,Venta,-1
264,17,2026-04-25,Venta,-2
265,88,2024-08-30,Venta,-1
266,63,2024-08-30,Venta,-1
267,24,2024-08-30,Venta,-1
268,12,2024-09-12,Venta,-1
269,70,2024-09-12,Venta,-2
270,63,2025-12-18,Venta,-2
271,76,2025-02-14,Venta,-1
272,56,2025-02-14,Venta,-1
273,82,2025-12-17,Venta,-1
274,70,2024-10-02,Venta,-1
275,32,2024-08-05,Venta,-3
276,70,2024-04-24,Venta,-2
277,88,2024-04-24,Venta,-3
278,89,2025-09-11,Venta,-1
279,64,2025-09-11,Venta,-2
280,3,2025-09-11,Venta,-1
281,12,2025-09-11,Venta,-3
282,100,2025-09-11,Venta,-1
283,23,2026-08-22,Venta,-1
284,1,2026-08-22,Venta,-3
285,68,2026-08-22,Venta,-3
286,71,2025-12-29,Venta,-2
287,3,2025-12-29,Venta,-4
288,51,2025-12-29,Venta,-1
289,69,2025-12-29,Venta,-2
290,65,2025-12-29,Venta,-2
291,86,2026-01-04,Venta,-2
292,49,2026-01-04,Venta,-1
293,4,2025-08-02,Venta,-2
294,67,2025-08-02,Venta,-2
295,40,2024-03-17,Venta,-1
296,82,2024-03-17,Venta,-1
297,64,2024-03-17,Venta,-1
298,84,2025-12-25,Venta,-2
299,63,2025-12-25,Venta,-1
300,65,2025-12-25,Venta,-2
301,3,2025-12-25,Venta,-1
302,2,2025-06-30,Venta,-1
303,93,2025-06-30,Venta,-1
304,52,2026-04-23,Venta,-3
305,11,2026-01-09,Venta,-1
306,2,2024-06-29,Venta,-2
307,21,2024-10-02,Venta,-1
308,40,2024-10-02,Venta,-3
309,20,2024-10-02,Venta,-3
310,51,2024-04-05,Venta,-3
311,43,2024-04-05,Venta,-1
312,12,2024-10-15,Venta,-1
313,39,2024-10-15,Venta,-1
314,9,2024-10-15,Venta,-2
315,1,2026-04-07,Venta,-1
316,56,2026-04-07,Venta,-1
317,4,2026-04-07,Venta,-1
318,94,2026-04-07,Venta,-4
319,2,2024-05-15,Venta,-3
320,12,2026-04-17,Venta,-2
321,85,2026-04-17,Venta,-1
322,82,2024-12-05,Venta,-3
323,51,2024-12-05,Venta,-1
324,14,2024-12-05,Venta,-6
325,4,2025-07-11,Venta,-1
326,86,2025-07-11,Venta,-1
327,21,2024-05-30,Venta,-4
328,55,2025-05-18,Venta,-2
329,87,2025-05-18,Venta,-1
330,4,2025-09-11,Venta,-1
331,69,2025-09-11,Venta,-1
332,14,2025-09-11,Venta,-24
333,44,2025-09-11,Venta,-1
334,21,2025-09-11,Venta,-2
335,21,2024-11-23,Venta,-1
336,82,2024-11-23,Venta,-1
337,24,2024-11-23,Venta,-1
338,22,2026-01-14,Venta,-2
339,4,2026-01-14,Venta,-1
340,29,2026-01-14,Venta,-1
341,84,2024-12-07,Venta,-12
342,14,2025-01-28,Venta,-24
343,74,2025-01-05,Venta,-2
344,72,2025-01-05,Venta,-2
345,2,2025-01-05,Venta,-1
346,72,2024-12-23,Venta,-12
347,88,2024-12-23,Venta,-12
348,52,2024-09-05,Venta,-2
349,51,2025-01-15,Venta,-2
350,41,2024-05-24,Venta,-2
351,33,2024-05-24,Venta,-2
352,24,2024-05-24,Venta,-1
353,1,2024-05-24,Venta,-4
354,26,2026-08-29,Venta,-4
355,54,2025-05-30,Venta,-1
356,14,2025-05-30,Venta,-1
357,68,2025-08-08,Venta,-1
358,35,2025-07-26,Venta,-1
359,29,2025-10-24,Venta,-2
360,62,2025-10-24,Venta,-2
361,93,2025-08-01,Venta,-1
362,85,2024-04-09,Venta,-1
363,76,2024-04-09,Venta,-1
364,82,2024-04-09,Venta,-2
365,24,2024-04-09,Venta,-1
366,47,2026-05-22,Venta,-1
367,4,2025-10-31,Venta,-2
368,62,2026-03-15,Venta,-1
369,67,2026-03-15,Venta,-1
370,69,2024-09-01,Venta,-1
371,74,2024-03-30,Venta,-1
372,21,2024-03-13,Venta,-1
373,26,2024-03-13,Venta,-3
374,20,2025-02-14,Venta,-1
375,5,2025-02-14,Venta,-2
376,95,2025-02-14,Venta,-1
377,21,2025-11-29,Venta,-1
378,85,2025-11-29,Venta,-1
379,38,2024-04-17,Venta,-3
380,88,2024-04-17,Venta,-2
381,95,2024-04-17,Venta,-2
382,55,2024-04-17,Venta,-2
383,59,2025-04-21,Venta,-1
384,21,2025-04-21,Venta,-6
385,49,2025-04-21,Venta,-2
386,56,2025-04-21,Venta,-2
387,81,2024-03-07,Venta,-2
388,34,2024-03-07,Venta,-1
389,65,2024-03-07,Venta,-2
390,95,2024-03-07,Venta,-1
391,36,2024-03-07,Venta,-2
392,85,2024-11-23,Venta,-1
393,2,2024-11-23,Venta,-4
394,84,2024-08-06,Venta,-1
395,51,2024-08-06,Venta,-2
396,40,2025-03-14,Venta,-3
397,66,2025-03-14,Venta,-3
398,51,2025-03-14,Venta,-1
399,91,2025-12-10,Venta,-1
400,17,2025-12-10,Venta,-4
401,68,2025-12-10,Venta,-1
402,34,2024-05-28,Venta,-1
403,88,2024-05-28,Venta,-3
404,22,2024-05-28,Venta,-1
405,36,2025-11-21,Venta,-2
406,84,2025-11-21,Venta,-1
407,99,2025-08-15,Venta,-2
408,69,2025-08-15,Venta,-2
409,41,2025-08-15,Venta,-1
410,92,2024-12-22,Venta,-3
411,94,2026-06-07,Venta,-1
412,63,2026-06-07,Venta,-1
413,37,2026-06-07,Venta,-1
414,62,2026-08-06,Venta,-2
415,85,2025-12-06,Venta,-2
416,86,2025-12-06,Venta,-1
417,51,2026-05-07,Venta,-1
418,63,2026-05-07,Venta,-1
419,34,2026-05-07,Venta,-1
420,37,2026-05-22,Venta,-4
421,47,2026-05-22,Venta,-1
422,21,2026-05-22,Venta,-1
423,49,2026-05-22,Venta,-1
424,5,2026-05-22,Venta,-1
425,71,2026-08-20,Venta,-2
426,27,2026-08-20,Venta,-1
427,28,2026-08-20,Venta,-1
428,61,2026-08-20,Venta,-1
429,43,2025-02-28,Venta,-1
430,66,2025-03-16,Venta,-1
431,18,2024-11-21,Venta,-1
432,25,2024-11-21,Venta,-1
433,23,2024-11-21,Venta,-1
434,70,2026-07-27,Venta,-1
435,100,2026-07-27,Venta,-1
436,62,2026-07-27,Venta,-1
437,91,2026-07-27,Venta,-2
438,1,2025-08-30,Venta,-2
439,36,2025-08-30,Venta,-1
440,45,2025-08-30,Venta,-1
441,4,2024-10-08,Venta,-1
442,30,2024-10-08,Venta,-2
443,90,2025-02-04,Venta,-1
444,89,2025-02-04,Venta,-2
445,67,2026-06-30,Venta,-1
446,94,2026-06-30,Venta,-2
447,84,2024-12-21,Venta,-1
448,62,2024-12-21,Venta,-1
449,36,2024-05-09,Venta,-1
450,74,2024-05-09,Venta,-2
451,29,2026-08-27,Venta,-1
452,84,2026-08-27,Venta,-2
453,37,2026-08-27,Venta,-1
454,40,2026-03-24,Venta,-3
455,34,2026-03-24,Venta,-2
456,87,2026-03-24,Venta,-1
457,81,2026-03-24,Venta,-2
458,2,2024-04-20,Venta,-1
459,10,2025-06-27,Venta,-1
460,29,2025-06-27,Venta,-1
461,45,2025-06-27,Venta,-1
462,34,2025-06-27,Venta,-1
463,41,2025-11-03,Venta,-3
464,79,2026-07-09,Venta,-1
465,74,2026-07-09,Venta,-1
466,90,2025-03-21,Venta,-4
467,23,2025-03-21,Venta,-3
468,25,2025-03-21,Venta,-4
469,55,2025-03-21,Venta,-1
470,36,2025-01-27,Venta,-2
471,59,2025-01-27,Venta,-2
472,84,2025-02-16,Venta,-1
473,87,2025-02-16,Venta,-2
474,82,2024-10-08,Venta,-1
475,48,2024-10-08,Venta,-2
476,13,2024-01-30,Venta,-1
477,8,2024-01-30,Venta,-1
478,26,2024-01-30,Venta,-2
479,92,2024-03-31,Venta,-1
480,51,2024-02-14,Venta,-2
481,86,2024-05-09,Venta,-2
482,26,2024-05-09,Venta,-2
483,63,2025-05-09,Venta,-3
484,59,2025-05-09,Venta,-1
485,61,2025-12-12,Venta,-2
486,42,2024-04-17,Venta,-1
487,27,2025-06-09,Venta,-1
488,2,2024-04-14,Venta,-1
489,90,2024-04-14,Venta,-1
490,88,2024-04-14,Venta,-1
491,52,2024-04-14,Venta,-1
492,65,2025-11-08,Venta,-3
493,1,2025-01-13,Venta,-1
494,46,2025-01-13,Venta,-1
495,24,2025-01-13,Venta,-2
496,76,2025-11-28,Venta,-2
497,22,2025-11-28,Venta,-2
498,85,2025-06-28,Venta,-1
499,24,2025-06-28,Venta,-1
500,84,2025-05-22,Venta,-2
501,14,2025-05-22,Venta,-2
502,36,2025-12-05,Venta,-24
503,2,2025-12-05,Venta,-1
504,74,2024-01-22,Venta,-2
505,81,2025-08-20,Venta,-2
506,67,2026-03-04,Venta,-1
507,85,2025-05-13,Venta,-1
508,67,2025-05-13,Venta,-1
509,91,2025-05-13,Venta,-1
510,51,2026-05-26,Venta,-1
511,14,2026-07-23,Venta,-1
512,79,2024-10-09,Venta,-2
513,18,2024-10-09,Venta,-1
514,91,2024-10-09,Venta,-3
515,25,2024-10-09,Venta,-2
516,99,2024-10-22,Venta,-1
517,32,2024-10-22,Venta,-3
518,92,2024-10-22,Venta,-1
519,14,2024-11-06,Venta,-1
520,54,2024-11-06,Venta,-1
521,52,2025-05-15,Venta,-3
522,40,2025-05-15,Venta,-2
523,49,2026-05-29,Venta,-1
524,73,2024-03-23,Venta,-2
525,14,2024-03-23,Venta,-6
526,91,2026-07-14,Venta,-2
527,28,2026-07-14,Venta,-1
528,55,2025-08-15,Venta,-1
529,5,2025-08-15,Venta,-2
530,56,2025-08-15,Venta,-2
531,67,2025-07-12,Venta,-2
532,46,2025-07-12,Venta,-1
533,84,2025-04-24,Venta,-2
534,4,2026-03-16,Venta,-1
535,14,2025-02-06,Venta,-6
536,77,2025-02-06,Venta,-1
537,62,2025-10-27,Venta,-1
538,58,2025-10-27,Venta,-1
539,12,2025-12-19,Venta,-1
540,82,2025-12-19,Venta,-3
541,84,2025-12-19,Venta,-1
542,74,2025-11-28,Venta,-1
543,2,2024-09-03,Venta,-1
544,55,2024-09-03,Venta,-1
545,99,2024-09-03,Venta,-1
546,21,2024-09-03,Venta,-2
547,14,2024-10-08,Venta,-1
548,56,2024-10-08,Venta,-2
549,1,2025-07-31,Venta,-1
550,14,2025-07-31,Venta,-1
551,55,2025-07-31,Venta,-2
552,34,2025-07-31,Venta,-1
553,24,2025-04-14,Venta,-3
554,67,2025-04-14,Venta,-24
555,95,2024-12-26,Venta,-1
556,81,2024-12-26,Venta,-4
557,71,2024-12-26,Venta,-2
558,73,2025-05-10,Venta,-1
559,85,2026-04-29,Venta,-2
560,76,2026-04-29,Venta,-1
561,83,2025-05-02,Venta,-1
562,26,2025-05-02,Venta,-3
563,83,2026-08-02,Venta,-2
564,71,2026-08-02,Venta,-2
565,4,2026-05-10,Venta,-3
566,31,2024-07-19,Venta,-2
567,14,2024-07-19,Venta,-1
568,95,2024-07-19,Venta,-1
569,36,2024-07-19,Venta,-2
570,100,2024-07-15,Venta,-3
571,32,2024-07-15,Venta,-1
572,52,2024-07-15,Venta,-18
573,36,2024-07-15,Venta,-2
574,8,2024-07-15,Venta,-1
575,26,2026-03-31,Venta,-1
576,4,2024-12-04,Venta,-1
577,67,2024-12-04,Venta,-1
578,40,2024-12-04,Venta,-2
579,36,2024-12-04,Venta,-1
580,33,2024-11-15,Venta,-1
581,54,2024-11-15,Venta,-1
582,43,2024-01-31,Venta,-1
583,55,2024-01-31,Venta,-1
584,22,2024-03-04,Venta,-2
585,23,2026-08-09,Venta,-2
586,36,2026-08-09,Venta,-2
587,7,2026-08-09,Venta,-2
588,81,2025-10-27,Venta,-1
589,46,2026-01-25,Venta,-3
590,4,2026-01-25,Venta,-1
591,64,2026-01-25,Venta,-2
592,26,2026-01-25,Venta,-1
593,37,2026-07-14,Venta,-1
594,84,2026-07-14,Venta,-1
595,33,2024-10-16,Venta,-1
596,61,2024-10-16,Venta,-2
597,59,2024-10-16,Venta,-1
598,34,2024-03-19,Venta,-1
599,88,2024-03-19,Venta,-1
600,26,2025-12-31,Venta,-1
601,82,2025-12-31,Venta,-1
602,40,2025-12-31,Venta,-4
603,76,2024-03-21,Venta,-1
604,1,2025-12-16,Venta,-1
605,76,2025-12-16,Venta,-2
606,12,2025-12-16,Venta,-2
607,31,2025-12-16,Venta,-2
608,2,2024-03-27,Venta,-3
609,4,2024-03-27,Venta,-1
610,37,2025-01-23,Venta,-1
611,91,2026-07-18,Venta,-1
612,89,2026-04-06,Venta,-1
613,18,2026-08-04,Venta,-1
614,84,2026-08-04,Venta,-2
615,88,2024-10-29,Venta,-6
616,81,2024-10-29,Venta,-2
617,32,2024-10-29,Venta,-1
618,47,2024-10-29,Venta,-1
619,26,2025-09-14,Venta,-1
620,41,2025-09-14,Venta,-4
621,16,2025-02-22,Venta,-2
622,93,2025-08-16,Venta,-1
623,91,2025-08-16,Venta,-2
624,79,2024-12-27,Venta,-2
625,54,2024-07-27,Venta,-1
626,2,2024-07-27,Venta,-2
627,30,2024-07-27,Venta,-1
628,86,2024-07-27,Venta,-2
629,14,2024-11-30,Venta,-1
630,38,2024-11-30,Venta,-1
631,24,2024-11-30,Venta,-3
632,2,2024-02-01,Venta,-1
633,33,2024-02-01,Venta,-2
634,46,2024-02-01,Venta,-2
635,37,2026-08-20,Venta,-2
636,38,2026-08-20,Venta,-1
637,94,2026-01-20,Venta,-1
638,95,2026-01-20,Venta,-2
639,22,2024-12-02,Venta,-1
640,16,2024-12-02,Venta,-1
641,90,2024-12-02,Venta,-2
642,83,2024-12-26,Venta,-1
643,57,2025-11-12,Venta,-1
644,46,2026-07-10,Venta,-1
645,91,2026-07-10,Venta,-1
646,81,2024-04-13,Venta,-3
647,55,2024-04-13,Venta,-1
648,88,2026-07-29,Venta,-2
649,61,2026-07-29,Venta,-1
650,6,2026-07-29,Venta,-2
651,90,2026-07-29,Venta,-1
652,2,2024-02-16,Venta,-3
653,11,2024-02-16,Venta,-2
654,85,2024-02-16,Venta,-1
655,13,2024-02-16,Venta,-1
656,83,2025-06-05,Venta,-1
657,21,2025-06-05,Venta,-1
658,51,2025-06-05,Venta,-1
659,83,2024-04-09,Venta,-1
660,34,2024-10-19,Venta,-1
661,29,2024-10-19,Venta,-1
662,76,2026-06-25,Venta,-1
663,24,2024-04-08,Venta,-4
664,16,2024-04-08,Venta,-1
665,16,2026-03-29,Venta,-1
666,60,2026-04-30,Venta,-2
667,22,2026-04-30,Venta,-2
668,70,2026-04-30,Venta,-2
669,76,2026-04-02,Venta,-12
670,95,2026-04-02,Venta,-1
671,46,2026-04-02,Venta,-1
672,38,2025-06-17,Venta,-2
673,14,2025-06-17,Venta,-1
674,1,2025-06-17,Venta,-1
675,80,2025-11-20,Venta,-1
676,2,2025-11-20,Venta,-1
677,4,2025-11-20,Venta,-1
678,14,2024-08-07,Venta,-1
679,38,2024-08-07,Venta,-4
680,42,2025-10-07,Venta,-2
681,26,2025-10-07,Venta,-1
682,20,2025-10-07,Venta,-2
683,14,2025-04-02,Venta,-1
684,26,2025-04-02,Venta,-2
685,85,2025-04-02,Venta,-1
686,4,2025-12-22,Venta,-1
687,24,2025-12-22,Venta,-1
688,68,2025-02-22,Venta,-2
689,4,2026-07-23,Venta,-4
690,45,2026-07-23,Venta,-18
691,7,2026-06-15,Venta,-1
692,98,2026-06-15,Venta,-3
693,83,2026-06-15,Venta,-1
694,75,2026-06-15,Venta,-2
695,37,2024-12-07,Venta,-2
696,76,2024-12-07,Venta,-1
697,81,2024-08-22,Venta,-1
698,68,2024-08-22,Venta,-2
699,94,2026-05-15,Venta,-1
700,26,2026-05-15,Venta,-4
701,76,2026-05-15,Venta,-18
702,74,2025-12-05,Venta,-2
703,89,2025-12-05,Venta,-1
704,49,2025-12-05,Venta,-1
705,18,2025-12-05,Venta,-1
706,55,2024-03-19,Venta,-2
707,22,2024-03-19,Venta,-1
708,91,2024-03-19,Venta,-1
709,70,2024-06-04,Venta,-1
710,34,2024-06-04,Venta,-1
711,14,2024-06-04,Venta,-2
712,26,2024-06-04,Venta,-2
713,84,2026-01-31,Venta,-24
714,96,2024-04-05,Venta,-1
715,88,2026-01-01,Venta,-1
716,18,2026-01-01,Venta,-1
717,14,2025-10-20,Venta,-4
718,56,2025-08-30,Venta,-3
719,47,2025-08-30,Venta,-2
720,91,2026-06-11,Venta,-1
721,94,2026-01-20,Venta,-1
722,54,2026-01-20,Venta,-1
723,52,2024-06-19,Venta,-1
724,51,2024-01-10,Venta,-1
725,5,2024-01-10,Venta,-1
726,52,2024-01-10,Venta,-2
727,82,2024-06-18,Venta,-1
728,55,2024-06-18,Venta,-1
729,85,2025-04-18,Venta,-2
730,51,2025-04-18,Venta,-1
731,14,2025-04-18,Venta,-2
732,32,2025-04-30,Venta,-1
733,34,2025-04-30,Venta,-1
734,100,2025-12-11,Venta,-4
735,40,2025-12-11,Venta,-2
736,59,2026-06-23,Venta,-1
737,32,2026-06-23,Venta,-2
738,76,2024-11-09,Venta,-1
739,34,2024-10-13,Venta,-3
740,89,2024-08-02,Venta,-4
741,66,2026-06-14,Venta,-3
742,4,2026-06-14,Venta,-1
743,86,2024-04-30,Venta,-1
744,27,2024-04-30,Venta,-3
745,4,2026-05-12,Venta,-1
746,47,2026-05-12,Venta,-1
747,5,2025-12-12,Venta,-2
748,55,2025-12-12,Venta,-1
749,76,2024-12-20,Venta,-3
750,84,2024-12-20,Venta,-1
751,1,2024-07-19,Venta,-2
752,81,2024-07-19,Venta,-6
753,36,2026-08-01,Venta,-1
754,61,2026-08-01,Venta,-2
755,32,2026-08-01,Venta,-1
756,74,2026-08-01,Venta,-2
757,59,2025-10-09,Venta,-1
758,18,2024-05-14,Venta,-1
759,62,2024-05-14,Venta,-1
760,14,2026-01-25,Venta,-1
761,88,2026-01-25,Venta,-1
762,7,2025-11-14,Venta,-1
763,81,2025-11-14,Venta,-1
764,22,2025-11-14,Venta,-1
765,38,2025-12-06,Venta,-2
766,5,2024-12-15,Venta,-1
767,15,2024-12-15,Venta,-1
768,22,2024-12-15,Venta,-1
769,86,2024-12-15,Venta,-1
770,51,2024-03-29,Venta,-1
771,63,2024-03-29,Venta,-1
772,2,2024-03-29,Venta,-1
773,61,2024-03-29,Venta,-12
774,89,2026-08-23,Venta,-2
775,26,2026-08-23,Venta,-1
776,2,2026-08-23,Venta,-1
777,86,2026-08-23,Venta,-1
778,55,2026-08-23,Venta,-2
779,61,2024-02-24,Venta,-1
780,4,2024-02-24,Venta,-1
781,22,2024-02-24,Venta,-1
782,14,2024-07-23,Venta,-1
783,83,2026-05-01,Venta,-1
784,59,2026-05-01,Venta,-2
785,30,2026-05-01,Venta,-1
786,26,2026-05-01,Venta,-1
787,22,2026-03-26,Venta,-1
788,21,2026-03-26,Venta,-2
789,73,2024-08-03,Venta,-1
790,38,2024-08-03,Venta,-1
791,42,2024-08-03,Venta,-1
792,79,2025-08-23,Venta,-2
793,74,2026-07-11,Venta,-1
794,48,2026-07-11,Venta,-4
795,1,2026-07-11,Venta,-2
796,26,2026-02-09,Venta,-4
797,48,2026-02-09,Venta,-2
798,83,2026-02-09,Venta,-1
799,83,2025-11-25,Venta,-2
800,85,2025-11-25,Venta,-2
801,46,2025-11-25,Venta,-2
802,92,2025-08-14,Venta,-3
803,34,2025-08-14,Venta,-1
804,29,2024-04-02,Venta,-2
805,14,2024-04-02,Venta,-1
806,16,2026-06-23,Venta,-2
807,71,2025-01-18,Venta,-1
808,81,2025-12-24,Venta,-2
809,6,2025-09-03,Venta,-1
810,96,2026-02-25,Venta,-2
811,49,2024-08-23,Venta,-1
812,59,2024-08-23,Venta,-2
813,30,2024-10-18,Venta,-1
814,26,2025-11-17,Venta,-1
815,17,2025-11-17,Venta,-1
816,36,2025-11-17,Venta,-2
817,53,2025-01-08,Venta,-2
818,2,2025-01-08,Venta,-1
819,41,2025-01-08,Venta,-1
820,69,2025-01-08,Venta,-1
821,10,2025-08-27,Venta,-1
822,4,2025-08-27,Venta,-1
823,59,2025-08-27,Venta,-3
824,22,2025-01-10,Venta,-2
825,3,2025-01-10,Venta,-1
826,46,2025-01-10,Venta,-1
827,37,2024-09-30,Venta,-3
828,26,2024-09-30,Venta,-1
829,16,2024-09-30,Venta,-1
830,22,2024-09-30,Venta,-2
831,59,2025-10-10,Venta,-1
832,16,2024-02-11,Venta,-2
833,55,2026-01-12,Venta,-2
834,90,2026-01-12,Venta,-3
835,12,2026-01-12,Venta,-2
836,73,2026-03-23,Venta,-1
837,72,2025-03-23,Venta,-3
838,82,2025-03-23,Venta,-1
839,67,2024-10-18,Venta,-3
840,7,2025-10-12,Venta,-1
841,46,2025-10-12,Venta,-2
842,4,2024-12-02,Venta,-1
843,2,2024-12-02,Venta,-2
844,55,2024-08-03,Venta,-3
845,24,2024-08-03,Venta,-1
846,61,2024-08-03,Venta,-2
847,43,2024-08-03,Venta,-1
848,2,2024-12-19,Venta,-6
849,27,2025-08-01,Venta,-2
850,4,2026-08-01,Venta,-2
851,55,2026-08-01,Venta,-3
852,72,2026-08-01,Venta,-1
853,59,2026-08-01,Venta,-4
854,59,2024-10-23,Venta,-1
855,8,2024-10-23,Venta,-4
856,61,2024-10-12,Venta,-1
857,93,2024-10-12,Venta,-12
858,24,2025-04-05,Venta,-2
859,51,2025-04-05,Venta,-1
860,86,2025-02-24,Venta,-2
861,69,2025-02-24,Venta,-2
862,59,2025-02-24,Venta,-1
863,29,2025-01-14,Venta,-1
864,66,2026-06-14,Venta,-1
865,70,2026-06-14,Venta,-1
866,12,2026-06-14,Venta,-1
867,2,2026-03-26,Venta,-3
868,68,2026-03-26,Venta,-1
869,24,2026-03-26,Venta,-2
870,74,2024-09-07,Venta,-2
871,36,2024-09-07,Venta,-1
872,68,2024-09-07,Venta,-1
873,26,2024-09-07,Venta,-1
874,26,2026-03-12,Venta,-1
875,34,2026-03-12,Venta,-1
876,62,2026-02-26,Venta,-3
877,70,2026-02-26,Venta,-1
878,85,2026-05-17,Venta,-2
879,89,2026-07-23,Venta,-1
880,11,2026-07-23,Venta,-1
881,14,2026-02-09,Venta,-1
882,38,2026-02-09,Venta,-1
883,71,2025-08-31,Venta,-2
884,38,2025-08-31,Venta,-1
885,67,2025-08-31,Venta,-1
886,13,2024-11-08,Venta,-1
887,56,2024-11-08,Venta,-1
888,23,2025-01-28,Venta,-1
889,32,2025-01-28,Venta,-2
890,90,2025-01-28,Venta,-1
891,32,2025-06-13,Venta,-1
892,94,2025-01-18,Venta,-2
893,29,2025-01-18,Venta,-1
894,56,2025-01-18,Venta,-1
895,11,2024-12-16,Venta,-1
896,56,2024-12-03,Venta,-4
897,37,2024-12-03,Venta,-1
898,60,2024-12-03,Venta,-1
899,34,2024-12-03,Venta,-1
900,76,2024-09-10,Venta,-4
901,97,2024-06-30,Venta,-2
902,62,2024-06-30,Venta,-2
903,56,2024-06-30,Venta,-2
904,72,2024-06-30,Venta,-2
905,90,2026-07-13,Venta,-1
906,90,2024-03-15,Venta,-1
907,46,2024-03-15,Venta,-2
908,7,2024-03-15,Venta,-1
909,37,2025-09-07,Venta,-1
910,73,2025-09-07,Venta,-2
911,89,2025-06-28,Venta,-1
912,100,2025-06-28,Venta,-2
913,75,2025-05-14,Venta,-2
914,74,2025-03-29,Venta,-2
915,86,2025-03-29,Venta,-1
916,66,2024-11-08,Venta,-1
917,74,2024-11-08,Venta,-4
918,25,2024-11-08,Venta,-1
919,21,2024-06-09,Venta,-1
920,18,2026-01-13,Venta,-1
921,31,2024-12-28,Venta,-1
922,32,2024-12-28,Venta,-1
923,41,2024-12-28,Venta,-2
924,34,2024-12-28,Venta,-3
925,51,2024-12-28,Venta,-1
926,1,2024-12-28,Venta,-2
927,4,2024-09-19,Venta,-4
928,6,2024-09-19,Venta,-1
929,90,2024-09-19,Venta,-1
930,85,2024-04-19,Venta,-1
931,54,2024-04-19,Venta,-1
932,23,2025-12-24,Venta,-4
933,88,2025-12-24,Venta,-1
934,85,2025-12-24,Venta,-1
935,22,2024-10-18,Venta,-2
936,93,2025-08-10,Venta,-1
937,33,2025-08-10,Venta,-2
938,74,2024-08-07,Venta,-1
939,21,2024-08-07,Venta,-1
940,68,2024-08-07,Venta,-1
941,71,2024-05-23,Venta,-2
942,65,2024-05-23,Venta,-2
943,55,2025-08-02,Venta,-1
944,86,2025-08-02,Venta,-1
945,26,2025-10-11,Venta,-2
946,62,2026-05-21,Venta,-2
947,34,2024-10-10,Venta,-1
948,95,2024-10-10,Venta,-1
949,38,2024-10-10,Venta,-2
950,53,2024-10-10,Venta,-1
951,32,2026-08-29,Venta,-2
952,46,2026-08-29,Venta,-1
953,72,2026-08-29,Venta,-4
954,2,2025-03-13,Venta,-1
955,92,2025-03-13,Venta,-1
956,17,2024-06-05,Venta,-1
957,86,2024-06-05,Venta,-1
958,24,2024-06-05,Venta,-2
959,14,2024-06-05,Venta,-1
960,73,2024-03-11,Venta,-3
961,84,2024-01-27,Venta,-4
962,34,2024-01-27,Venta,-2
963,37,2024-01-27,Venta,-2
964,36,2024-11-20,Venta,-1
965,38,2024-11-20,Venta,-1
966,2,2024-11-20,Venta,-2
967,75,2024-01-17,Venta,-4
968,41,2024-01-17,Venta,-1
969,94,2025-10-29,Venta,-1
970,85,2026-07-07,Venta,-1
971,26,2026-07-07,Venta,-1
972,34,2026-02-19,Venta,-2
973,31,2026-02-19,Venta,-1
974,91,2025-03-05,Venta,-2
975,83,2025-03-05,Venta,-2
976,61,2024-11-09,Venta,-1
977,33,2024-11-09,Venta,-1
978,38,2024-06-10,Venta,-1
979,24,2024-06-10,Venta,-4
980,99,2025-07-03,Venta,-3
981,88,2025-11-15,Venta,-1
982,91,2025-11-15,Venta,-1
983,47,2026-08-22,Venta,-2
984,63,2026-08-22,Venta,-1
985,38,2026-08-22,Venta,-2
986,74,2024-09-13,Venta,-1
987,69,2026-06-23,Venta,-4
988,85,2026-06-23,Venta,-1
989,51,2026-03-24,Venta,-2
990,93,2026-03-24,Venta,-1
991,74,2025-08-08,Venta,-1
992,6,2025-08-08,Venta,-1
993,4,2025-07-12,Venta,-1
994,57,2025-07-12,Venta,-1
995,32,2025-07-10,Venta,-4
996,46,2024-12-28,Venta,-1
997,71,2025-06-27,Venta,-2
998,94,2026-01-03,Venta,-1
999,23,2026-01-03,Venta,-3
1000,52,2026-01-03,Venta,-1
1001,54,2026-01-03,Venta,-1
1002,22,2026-01-03,Venta,-1
1003,72,2024-10-30,Venta,-1
1004,7,2024-10-30,Venta,-4
1005,7,2024-03-17,Venta,-1
1006,71,2024-03-17,Venta,-2
1007,16,2024-03-17,Venta,-4
1008,43,2024-03-17,Venta,-1
1009,26,2025-02-24,Venta,-2
1010,29,2025-02-24,Venta,-2
1011,88,2024-03-13,Venta,-1
1012,82,2024-03-13,Venta,-1
1013,14,2025-11-19,Venta,-1
1014,66,2025-11-19,Venta,-1
1015,52,2025-11-19,Venta,-1
1016,43,2025-04-10,Venta,-2
1017,54,2025-04-10,Venta,-1
1018,25,2025-06-19,Venta,-6
1019,24,2025-06-19,Venta,-3
1020,58,2025-06-19,Venta,-4
1021,33,2025-06-19,Venta,-3
1022,88,2025-06-19,Venta,-1
1023,23,2025-10-15,Venta,-1
1024,85,2025-10-15,Venta,-2
1025,29,2024-12-31,Venta,-2
1026,14,2025-08-02,Venta,-3
1027,38,2024-02-10,Venta,-1
1028,83,2024-01-27,Venta,-1
1029,2,2024-09-16,Venta,-1
1030,24,2024-09-16,Venta,-1
1031,74,2024-09-16,Venta,-1
1032,34,2024-09-16,Venta,-2
1033,4,2024-06-13,Venta,-3
1034,6,2024-06-13,Venta,-1
1035,74,2024-04-01,Venta,-1
1036,36,2024-04-01,Venta,-1
1037,34,2026-01-09,Venta,-4
1038,33,2026-01-09,Venta,-2
1039,62,2024-06-21,Venta,-2
1040,49,2024-06-21,Venta,-1
1041,86,2024-06-21,Venta,-2
1042,33,2025-07-05,Venta,-3
1043,76,2025-07-05,Venta,-1
1044,11,2025-07-05,Venta,-1
1045,2,2026-05-22,Venta,-1
1046,24,2026-05-22,Venta,-2
1047,94,2026-05-22,Venta,-2
1048,81,2026-03-28,Venta,-2
1049,56,2024-08-12,Venta,-1
1050,86,2024-08-12,Venta,-3
1051,59,2024-09-26,Venta,-1
1052,74,2024-09-26,Venta,-2
1053,81,2024-09-26,Venta,-4
1054,14,2025-12-20,Venta,-1
1055,26,2025-12-20,Venta,-3
1056,91,2025-12-20,Venta,-2
1057,87,2025-12-20,Venta,-2
1058,56,2024-11-17,Venta,-1
1059,66,2024-11-17,Venta,-2
1060,51,2024-11-17,Venta,-1
1061,2,2024-08-17,Venta,-1
1062,82,2024-06-24,Venta,-1
1063,42,2024-12-28,Venta,-2
1064,24,2024-12-28,Venta,-1
1065,84,2024-12-28,Venta,-2
1066,76,2025-11-21,Venta,-1
1067,82,2025-11-21,Venta,-1
1068,27,2025-08-23,Venta,-4
1069,36,2025-08-23,Venta,-3
1070,92,2025-09-20,Venta,-4
1071,31,2025-09-20,Venta,-2
1072,87,2026-05-05,Venta,-2
1073,9,2026-04-04,Venta,-1
1074,63,2026-04-04,Venta,-3
1075,91,2026-04-04,Venta,-3
1076,64,2026-06-19,Venta,-1
1077,48,2025-06-20,Venta,-1
1078,67,2025-06-20,Venta,-1
1079,88,2025-06-20,Venta,-2
1080,14,2025-06-25,Venta,-1
1081,69,2025-06-25,Venta,-2
1082,64,2025-06-25,Venta,-4
1083,43,2024-06-25,Venta,-1
1084,74,2025-09-06,Venta,-1
1085,43,2025-09-06,Venta,-2
1086,90,2025-03-31,Venta,-1
1087,4,2025-03-31,Venta,-1
1088,61,2025-03-31,Venta,-1
1089,48,2024-10-25,Venta,-2
1090,29,2024-10-25,Venta,-1
1091,93,2024-10-25,Venta,-1
1092,62,2024-10-25,Venta,-1
1093,10,2026-08-24,Venta,-1
1094,89,2026-08-24,Venta,-1
1095,2,2025-02-17,Venta,-1
1096,81,2025-08-28,Venta,-4
1097,29,2025-10-20,Venta,-2
1098,74,2025-10-20,Venta,-2
1099,2,2025-05-18,Venta,-1
1100,92,2025-12-16,Venta,-1
1101,60,2026-01-26,Venta,-4
1102,39,2026-01-26,Venta,-1
1103,46,2026-01-26,Venta,-2
1104,1,2026-05-19,Venta,-1
1105,90,2026-05-19,Venta,-4
1106,4,2026-05-19,Venta,-1
1107,73,2025-12-30,Venta,-1
1108,21,2025-12-30,Venta,-1
1109,71,2026-08-04,Venta,-1
1110,18,2024-08-21,Venta,-1
1111,1,2024-08-21,Venta,-1
1112,70,2024-08-21,Venta,-1
1113,76,2025-10-03,Venta,-6
1114,34,2025-01-21,Venta,-2
1115,3,2025-01-21,Venta,-1
1116,16,2025-01-21,Venta,-1
1117,64,2025-12-13,Venta,-1
1118,14,2025-12-13,Venta,-2
1119,55,2024-03-09,Venta,-1
1120,66,2024-03-09,Venta,-1
1121,13,2025-07-03,Venta,-6
1122,48,2024-03-29,Venta,-1
1123,8,2024-03-29,Venta,-1
1124,36,2026-04-05,Venta,-1
1125,61,2026-04-05,Venta,-2
1126,89,2025-08-05,Venta,-1
1127,52,2025-06-01,Venta,-1
1128,40,2024-11-21,Venta,-1
1129,33,2024-11-21,Venta,-1
1130,55,2024-11-21,Venta,-1
1131,89,2025-01-14,Venta,-1
1132,2,2025-08-03,Venta,-4
1133,62,2025-01-30,Venta,-1
1134,24,2025-01-30,Venta,-1
1135,81,2025-01-03,Venta,-1
1136,3,2025-01-03,Venta,-3
1137,72,2025-01-03,Venta,-1
1138,34,2026-01-27,Venta,-1
1139,18,2026-01-27,Venta,-1
1140,85,2026-01-27,Venta,-1
1141,26,2025-02-15,Venta,-2
1142,63,2024-12-11,Venta,-1
1143,55,2026-07-10,Venta,-1
1144,21,2026-07-10,Venta,-1
1145,35,2026-07-10,Venta,-2
1146,29,2025-02-26,Venta,-1
1147,56,2025-02-26,Venta,-1
1148,85,2025-03-29,Venta,-3
1149,93,2025-03-29,Venta,-2
1150,51,2025-10-18,Venta,-1
1151,1,2025-10-18,Venta,-1
1152,3,2025-10-18,Venta,-3
1153,26,2025-10-18,Venta,-3
1154,82,2025-09-19,Venta,-1
1155,17,2025-09-19,Venta,-3
1156,22,2026-06-09,Venta,-2
1157,83,2026-06-09,Venta,-4
1158,76,2026-05-10,Venta,-2
1159,88,2026-05-10,Venta,-2
1160,22,2026-07-14,Venta,-1
1161,4,2026-07-14,Venta,-1
1162,40,2025-04-29,Venta,-1
1163,86,2025-04-29,Venta,-1
1164,48,2025-04-29,Venta,-2
1165,4,2024-07-05,Venta,-1
1166,41,2024-07-05,Venta,-1
1167,22,2024-07-05,Venta,-1
1168,40,2025-01-13,Venta,-1
1169,67,2025-11-15,Venta,-1
1170,73,2025-11-15,Venta,-1
1171,16,2025-11-15,Venta,-1
1172,2,2025-11-15,Venta,-2
1173,89,2025-05-21,Venta,-1
1174,54,2025-05-21,Venta,-1
1175,79,2026-07-16,Venta,-12
1176,49,2026-07-16,Venta,-1
1177,62,2025-11-06,Venta,-4
1178,56,2025-01-24,Venta,-2
1179,44,2025-01-24,Venta,-2
1180,94,2025-01-24,Venta,-2
1181,31,2025-01-24,Venta,-12
1182,88,2026-03-13,Venta,-1
1183,18,2026-03-13,Venta,-3
1184,46,2026-07-06,Venta,-1
1185,38,2026-03-31,Venta,-1
1186,32,2024-08-26,Venta,-4
1187,83,2025-03-29,Venta,-3
1188,55,2025-03-29,Venta,-4
1189,36,2025-12-17,Venta,-1
1190,24,2025-10-17,Venta,-1
1191,2,2025-10-17,Venta,-2
1192,88,2025-10-17,Venta,-1
1193,66,2025-10-17,Venta,-1
1194,61,2024-09-14,Venta,-1
1195,21,2024-09-14,Venta,-2
1196,37,2024-09-14,Venta,-1
1197,66,2025-03-16,Venta,-3
1198,46,2025-08-05,Venta,-1
1199,100,2025-08-05,Venta,-2
1200,33,2024-11-16,Venta,-4
1201,7,2026-07-09,Venta,-1
1202,67,2026-07-09,Venta,-2
1203,33,2025-10-09,Venta,-4
1204,74,2025-10-09,Venta,-1
1205,5,2025-10-09,Venta,-2
1206,83,2024-08-10,Venta,-3
1207,16,2024-08-21,Venta,-4
1208,92,2024-08-21,Venta,-2
1209,36,2024-08-21,Venta,-3
1210,99,2025-12-23,Venta,-2
1211,43,2024-12-12,Venta,-1
1212,47,2024-05-11,Venta,-1
1213,81,2024-05-11,Venta,-1
1214,55,2024-05-11,Venta,-2
1215,38,2026-07-13,Venta,-1
1216,1,2026-07-13,Venta,-1
1217,26,2025-09-16,Venta,-1
1218,42,2026-02-07,Venta,-1
1219,69,2026-02-07,Venta,-1
1220,13,2024-03-09,Venta,-2
1221,92,2024-09-09,Venta,-1
1222,63,2024-09-09,Venta,-4
1223,18,2025-10-23,Venta,-1
1224,21,2025-10-23,Venta,-2
1225,82,2025-10-23,Venta,-1
1226,66,2025-05-31,Venta,-4
1227,88,2025-05-31,Venta,-1
1228,5,2025-05-31,Venta,-2
1229,62,2024-01-26,Venta,-1
1230,69,2024-01-26,Venta,-2
1231,38,2024-11-17,Venta,-3
1232,71,2024-11-17,Venta,-2
1233,87,2024-01-18,Venta,-1
1234,55,2024-11-27,Venta,-1
1235,7,2026-08-07,Venta,-2
1236,72,2026-08-07,Venta,-1
1237,26,2024-12-12,Venta,-2
1238,55,2025-12-12,Venta,-1
1239,83,2024-09-02,Venta,-1
1240,14,2024-09-02,Venta,-2
1241,74,2024-02-11,Venta,-1
1242,2,2024-02-11,Venta,-1
1243,24,2024-02-11,Venta,-2
1244,40,2025-09-29,Venta,-1
1245,42,2025-09-29,Venta,-1
1246,56,2025-02-06,Venta,-12
1247,76,2025-02-06,Venta,-3
1248,29,2024-07-08,Venta,-1
1249,23,2025-11-21,Venta,-1
1250,40,2025-11-21,Venta,-3
1251,95,2025-11-21,Venta,-2
1252,76,2026-05-13,Venta,-1
1253,12,2026-05-13,Venta,-1
1254,34,2026-05-13,Venta,-1
1255,74,2024-12-01,Venta,-2
1256,2,2024-12-01,Venta,-2
1257,46,2024-12-01,Venta,-1
1258,36,2024-09-11,Venta,-1
1259,1,2024-09-11,Venta,-2
1260,61,2024-09-11,Venta,-1
1261,74,2024-09-11,Venta,-2
1262,12,2024-06-12,Venta,-1
1263,34,2026-03-22,Venta,-1
1264,24,2026-03-22,Venta,-2
1265,74,2026-03-22,Venta,-1
1266,67,2024-10-06,Venta,-1
1267,45,2024-10-06,Venta,-1
1268,55,2024-10-06,Venta,-2
1269,81,2024-01-31,Venta,-1
1270,5,2024-01-31,Venta,-4
1271,1,2024-01-31,Venta,-2
1272,76,2024-01-31,Venta,-1
1273,14,2025-12-27,Venta,-1
1274,56,2025-10-27,Venta,-2
1275,76,2026-01-30,Venta,-1
1276,84,2025-07-07,Venta,-4
1277,91,2024-12-06,Venta,-2
1278,2,2024-12-06,Venta,-1
1279,62,2024-12-06,Venta,-3
1280,14,2025-10-02,Venta,-2
1281,85,2025-10-02,Venta,-1
1282,35,2025-10-02,Venta,-1
1283,86,2026-03-22,Venta,-1
1284,45,2026-03-22,Venta,-2
1285,84,2026-03-22,Venta,-24
1286,74,2026-01-27,Venta,-1
1287,32,2026-01-27,Venta,-1
1288,61,2025-08-13,Venta,-1
1289,83,2025-08-13,Venta,-4
1290,22,2025-08-13,Venta,-1
1291,28,2025-08-13,Venta,-4
1292,27,2026-01-03,Venta,-1
1293,84,2026-01-03,Venta,-1
1294,14,2026-04-14,Venta,-2
1295,37,2025-11-08,Venta,-1
1296,59,2025-08-30,Venta,-1
1297,54,2025-08-30,Venta,-3
1298,22,2026-02-27,Venta,-2
1299,91,2025-05-01,Venta,-3
1300,10,2025-05-01,Venta,-1
1301,87,2025-05-01,Venta,-1
1302,61,2025-05-01,Venta,-1
1303,21,2025-05-01,Venta,-1
1304,86,2024-12-11,Venta,-1
1305,58,2025-02-24,Venta,-2
1306,65,2025-02-24,Venta,-1
1307,92,2024-07-04,Venta,-2
1308,83,2024-07-04,Venta,-1
1309,21,2024-07-04,Venta,-1
1310,1,2025-12-15,Venta,-1
1311,73,2025-12-15,Venta,-18
1312,85,2025-12-15,Venta,-1
1313,81,2025-12-04,Venta,-2
1314,61,2025-12-04,Venta,-1
1315,35,2025-12-04,Venta,-3
1316,77,2026-07-16,Venta,-18
1317,90,2026-07-16,Venta,-24
1318,51,2025-07-30,Venta,-1
1319,68,2025-07-10,Venta,-3
1320,81,2025-07-10,Venta,-1
1321,33,2025-07-10,Venta,-1
1322,49,2025-07-10,Venta,-1
1323,74,2026-07-30,Venta,-1
1324,77,2025-05-04,Venta,-2
1325,16,2025-05-04,Venta,-1
1326,92,2025-05-04,Venta,-1
1327,36,2025-02-04,Venta,-1
1328,34,2024-08-06,Venta,-1
1329,29,2024-08-06,Venta,-3
1330,5,2024-08-06,Venta,-2
1331,1,2026-04-03,Venta,-2
1332,81,2026-04-03,Venta,-1
1333,22,2024-03-15,Venta,-2
1334,63,2025-04-05,Venta,-1
1335,88,2025-10-12,Venta,-1
1336,76,2025-10-12,Venta,-1
1337,61,2025-10-12,Venta,-1
1338,21,2026-03-06,Venta,-4
1339,71,2025-09-11,Venta,-2
1340,34,2025-09-11,Venta,-1
1341,74,2025-09-11,Venta,-1
1342,76,2025-09-11,Venta,-1
1343,87,2025-09-11,Venta,-1
1344,91,2025-12-12,Venta,-1
1345,100,2024-12-16,Venta,-1
1346,4,2024-12-16,Venta,-1
1347,81,2024-10-12,Venta,-1
1348,89,2024-10-12,Venta,-1
1349,7,2024-10-29,Venta,-3
1350,81,2026-06-16,Venta,-1
1351,14,2025-01-18,Venta,-3
1352,42,2024-09-15,Venta,-1
1353,90,2025-03-06,Venta,-1
1354,63,2024-05-02,Venta,-1
1355,4,2025-07-02,Venta,-1
1356,94,2024-01-11,Venta,-1
1357,14,2025-07-19,Venta,-2
1358,14,2025-01-27,Venta,-1
1359,61,2025-01-27,Venta,-3
1360,76,2025-01-27,Venta,-1
1361,91,2025-05-12,Venta,-2
1362,8,2025-05-12,Venta,-1
1363,97,2024-10-13,Venta,-2
1364,27,2025-03-29,Venta,-1
1365,44,2025-03-29,Venta,-4
1366,36,2025-11-20,Venta,-1
1367,74,2025-11-20,Venta,-1
1368,58,2025-09-13,Venta,-2
1369,83,2025-09-13,Venta,-3
1370,61,2025-07-30,Venta,-1
1371,65,2025-05-17,Venta,-1
1372,22,2025-05-17,Venta,-2
1373,38,2024-06-21,Venta,-1
1374,54,2024-06-21,Venta,-1
1375,45,2024-06-11,Venta,-1
1376,47,2024-06-11,Venta,-1
1377,79,2024-06-11,Venta,-6
1378,4,2026-05-29,Venta,-1
1379,14,2026-05-29,Venta,-2
1380,55,2025-09-27,Venta,-2
1381,27,2026-08-22,Venta,-1
1382,16,2024-07-02,Venta,-2
1383,83,2024-07-02,Venta,-3
1384,8,2024-07-02,Venta,-2
1385,94,2026-07-05,Venta,-2
1386,38,2026-07-05,Venta,-2
1387,75,2025-04-18,Venta,-1
1388,21,2025-01-21,Venta,-12
1389,36,2024-12-28,Venta,-1
1390,51,2026-04-04,Venta,-1
1391,90,2026-04-04,Venta,-1
1392,70,2026-04-04,Venta,-1
1393,51,2024-11-02,Venta,-1
1394,71,2024-11-02,Venta,-1
1395,7,2024-11-02,Venta,-1
1396,60,2025-12-30,Venta,-1
1397,49,2026-08-02,Venta,-1
1398,54,2024-10-28,Venta,-1
1399,49,2024-10-28,Venta,-1
1400,66,2024-07-17,Venta,-6
1401,25,2024-07-17,Venta,-1
1402,24,2025-06-05,Venta,-1
1403,26,2024-10-18,Venta,-1
1404,88,2025-06-02,Venta,-1
1405,100,2024-09-30,Venta,-1
1406,74,2024-09-30,Venta,-2
1407,71,2024-09-30,Venta,-1
1408,74,2024-07-18,Venta,-1
1409,23,2024-08-03,Venta,-1
1410,74,2025-05-20,Venta,-3
1411,7,2025-05-20,Venta,-3
1412,68,2024-09-20,Venta,-1
1413,9,2024-09-20,Venta,-1
1414,23,2026-08-06,Venta,-2
1415,58,2025-03-22,Venta,-3
1416,75,2024-08-28,Venta,-2
1417,49,2024-08-28,Venta,-2
1418,83,2024-08-28,Venta,-1
1419,26,2024-03-25,Venta,-2
1420,71,2024-03-25,Venta,-3
1421,70,2024-03-25,Venta,-4
1422,77,2024-03-25,Venta,-2
1423,100,2024-03-25,Venta,-2
1424,54,2024-02-22,Venta,-1
1425,52,2024-02-22,Venta,-2
1426,26,2024-02-22,Venta,-1
1427,81,2024-03-30,Venta,-1
1428,22,2024-03-30,Venta,-2
1429,20,2024-03-30,Venta,-3
1430,26,2026-03-19,Venta,-1
1431,54,2026-03-19,Venta,-1
1432,74,2026-03-19,Venta,-24
1433,24,2026-03-19,Venta,-1
1434,80,2026-03-19,Venta,-2
1435,95,2024-05-21,Venta,-1
1436,85,2024-05-21,Venta,-1
1437,3,2025-12-06,Venta,-2
1438,48,2025-12-06,Venta,-1
1439,93,2024-11-09,Venta,-1
1440,4,2024-11-09,Venta,-1
1441,51,2024-11-30,Venta,-1
1442,96,2024-11-30,Venta,-2
1443,12,2024-11-30,Venta,-1
1444,31,2024-11-30,Venta,-2
1445,30,2024-11-30,Venta,-3
1446,99,2025-04-04,Venta,-1
1447,74,2025-02-23,Venta,-24
1448,69,2025-01-07,Venta,-1
1449,14,2025-01-07,Venta,-1
1450,72,2025-01-07,Venta,-2
1451,20,2025-05-24,Venta,-1
1452,55,2024-09-13,Venta,-1
1453,85,2026-01-08,Venta,-2
1454,16,2026-01-08,Venta,-2
1455,36,2026-01-08,Venta,-1
1456,94,2024-07-25,Venta,-1
1457,69,2025-09-18,Venta,-3
1458,74,2025-09-18,Venta,-2
1459,41,2024-10-18,Venta,-1
1460,1,2024-10-18,Venta,-2
1461,89,2024-10-18,Venta,-2
1462,63,2024-10-18,Venta,-2
1463,95,2025-08-08,Venta,-2
1464,70,2025-08-08,Venta,-1
1465,55,2025-08-08,Venta,-1
1466,51,2025-08-08,Venta,-1
1467,12,2025-08-16,Venta,-1
1468,60,2025-03-16,Venta,-1
1469,56,2025-03-16,Venta,-2
1470,95,2026-03-17,Venta,-3
1471,2,2026-03-17,Venta,-2
1472,24,2026-03-17,Venta,-2
1473,14,2026-03-17,Venta,-1
1474,85,2026-03-17,Venta,-4
1475,81,2024-07-24,Venta,-1
1476,21,2024-07-24,Venta,-1
1477,76,2025-11-04,Venta,-2
1478,46,2025-11-04,Venta,-1
1479,14,2024-10-22,Venta,-1
1480,37,2024-12-11,Venta,-1
1481,94,2024-12-11,Venta,-2
1482,45,2024-03-26,Venta,-1
1483,19,2026-07-24,Venta,-24
1484,69,2025-03-18,Venta,-1
1485,1,2026-08-14,Venta,-1
1486,22,2025-08-30,Venta,-1
1487,4,2024-09-08,Venta,-2
1488,55,2024-09-08,Venta,-1
1489,22,2024-09-08,Venta,-1
1490,22,2026-04-15,Venta,-1
1491,37,2026-04-15,Venta,-1
1492,95,2025-02-20,Venta,-4
1493,88,2025-02-20,Venta,-1
1494,94,2026-05-22,Venta,-1
1495,96,2026-05-22,Venta,-1
1496,14,2026-05-22,Venta,-4
1497,21,2024-08-25,Venta,-2
1498,46,2024-08-25,Venta,-1
1499,4,2024-08-25,Venta,-3
1500,43,2024-08-25,Venta,-1
1501,34,2025-12-08,Venta,-1
1502,60,2025-12-08,Venta,-2
1503,84,2025-11-04,Venta,-1
1504,1,2025-01-04,Venta,-4
1505,12,2025-06-05,Venta,-1
1506,52,2024-03-01,Venta,-1
1507,14,2024-03-01,Venta,-1
1508,88,2024-03-01,Venta,-1
1509,2,2024-04-27,Venta,-2
1510,54,2024-04-27,Venta,-12
1511,57,2025-11-18,Venta,-1
1512,88,2024-08-11,Venta,-1
1513,16,2024-08-11,Venta,-1
1514,89,2024-12-15,Venta,-1
1515,4,2024-12-15,Venta,-2
1516,83,2025-11-06,Venta,-1
1517,72,2025-11-09,Venta,-1
1518,14,2025-11-09,Venta,-1
1519,75,2025-11-09,Venta,-2
1520,86,2024-10-23,Venta,-1
1521,14,2024-10-23,Venta,-1
1522,89,2025-08-23,Venta,-1
1523,13,2024-04-22,Venta,-1
1524,94,2026-08-01,Venta,-12
1525,36,2026-08-01,Venta,-1
1526,10,2024-07-10,Venta,-1
1527,14,2024-07-10,Venta,-1
1528,40,2024-12-31,Venta,-1
1529,69,2024-12-31,Venta,-1
1530,24,2025-05-19,Venta,-3
1531,61,2024-02-14,Venta,-1
1532,52,2024-02-14,Venta,-2
1533,55,2024-02-14,Venta,-1
1534,46,2024-02-14,Venta,-4
1535,30,2024-02-14,Venta,-1
1536,21,2024-05-18,Venta,-1
1537,11,2024-05-18,Venta,-1
1538,4,2024-08-02,Venta,-1
1539,96,2024-08-02,Venta,-1
1540,85,2024-08-02,Venta,-3
1541,85,2026-01-16,Venta,-1
1542,26,2026-01-16,Venta,-1
1543,55,2025-08-19,Venta,-1
1544,83,2025-08-19,Venta,-2
1545,71,2025-08-19,Venta,-3
1546,61,2024-06-17,Venta,-1
1547,92,2026-01-25,Venta,-4
1548,66,2025-12-04,Venta,-2
1549,60,2025-12-04,Venta,-2
1550,7,2026-07-03,Venta,-1
1551,92,2024-06-19,Venta,-1
1552,51,2025-08-03,Venta,-2
1553,70,2025-08-03,Venta,-1
1554,58,2025-08-03,Venta,-1
1555,74,2024-07-19,Venta,-1
1556,56,2024-07-19,Venta,-1
1557,69,2026-07-11,Venta,-1
1558,59,2024-03-26,Venta,-2
1559,26,2024-03-26,Venta,-1
1560,40,2025-07-13,Venta,-1
1561,48,2026-01-10,Venta,-3
1562,70,2026-01-10,Venta,-1
1563,22,2026-01-10,Venta,-4
1564,51,2026-04-04,Venta,-6
1565,62,2026-01-06,Venta,-1
1566,9,2024-09-24,Venta,-3
1567,94,2024-09-24,Venta,-1
1568,26,2024-09-24,Venta,-6
1569,89,2026-02-25,Venta,-2
1570,71,2024-01-27,Venta,-1
1571,33,2025-06-26,Venta,-18
1572,27,2025-06-26,Venta,-1
1573,36,2025-01-09,Venta,-1
1574,86,2025-01-09,Venta,-1
1575,14,2025-02-20,Venta,-1
1576,24,2025-06-22,Venta,-2
1577,2,2025-06-22,Venta,-1
1578,65,2024-01-06,Venta,-2
1579,40,2024-01-06,Venta,-1
1580,86,2024-01-06,Venta,-1
1581,73,2024-09-05,Venta,-2
1582,22,2024-06-11,Venta,-1
1583,65,2024-04-16,Venta,-1
1584,75,2024-04-16,Venta,-1
1585,38,2025-02-03,Venta,-1
1586,62,2025-02-03,Venta,-1
1587,22,2024-12-14,Venta,-2
1588,51,2024-11-11,Venta,-6
1589,86,2024-11-11,Venta,-2
1590,89,2026-03-01,Venta,-6
1591,85,2025-12-14,Venta,-1
1592,76,2025-12-14,Venta,-2
1593,14,2025-12-14,Venta,-2
1594,52,2025-12-14,Venta,-2
1595,32,2025-12-14,Venta,-2
1596,77,2026-07-27,Venta,-2
1597,95,2026-07-27,Venta,-4
1598,43,2026-07-27,Venta,-1
1599,18,2026-04-05,Venta,-1
1600,84,2026-04-05,Venta,-2
1601,83,2026-04-05,Venta,-3
1602,52,2025-05-19,Venta,-1
1603,27,2025-05-19,Venta,-1
1604,87,2025-05-19,Venta,-1
1605,4,2024-01-09,Venta,-4
1606,1,2024-01-09,Venta,-2
1607,2,2026-08-04,Venta,-1
1608,90,2025-09-02,Venta,-4
1609,38,2025-09-02,Venta,-1
1610,26,2025-09-02,Venta,-1
1611,41,2026-06-26,Venta,-2
1612,84,2025-07-06,Venta,-1
1613,34,2025-07-06,Venta,-2
1614,4,2025-07-06,Venta,-4
1615,23,2024-07-18,Venta,-1
1616,38,2024-12-09,Venta,-4
1617,9,2024-12-09,Venta,-1
1618,4,2024-12-09,Venta,-1
1619,32,2024-12-09,Venta,-1
1620,1,2024-12-09,Venta,-3
1621,49,2025-07-02,Venta,-1
1622,42,2025-07-02,Venta,-2
1623,2,2025-07-02,Venta,-12
1624,24,2025-07-02,Venta,-1
1625,31,2025-07-02,Venta,-2
1626,83,2025-02-08,Venta,-1
1627,33,2026-05-16,Venta,-1
1628,39,2025-12-02,Venta,-1
1629,6,2024-12-30,Venta,-1
1630,12,2024-12-30,Venta,-1
1631,54,2024-12-30,Venta,-2
1632,18,2024-12-30,Venta,-2
1633,43,2026-07-13,Venta,-2
1634,86,2026-07-13,Venta,-1
1635,47,2026-07-13,Venta,-3
1636,4,2024-12-16,Venta,-1
1637,95,2024-02-24,Venta,-2
1638,39,2024-02-24,Venta,-2
1639,69,2024-02-24,Venta,-1
1640,85,2026-04-02,Venta,-2
1641,18,2026-04-02,Venta,-2
1642,17,2025-12-24,Venta,-2
1643,92,2024-09-11,Venta,-1
1644,59,2024-09-11,Venta,-1
1645,65,2026-05-27,Venta,-3
1646,53,2026-05-27,Venta,-1
1647,3,2026-05-27,Venta,-1
1648,2,2025-12-17,Venta,-3
1649,21,2025-12-17,Venta,-6
1650,3,2025-12-17,Venta,-1
1651,59,2026-02-06,Venta,-3
1652,33,2026-02-06,Venta,-1
1653,76,2026-02-06,Venta,-1
1654,21,2026-07-18,Venta,-3
1655,100,2026-07-07,Venta,-2
1656,74,2026-07-07,Venta,-1
1657,89,2024-09-29,Venta,-6
1658,72,2024-09-29,Venta,-4
1659,92,2026-03-06,Venta,-1
1660,1,2026-03-06,Venta,-2
1661,36,2024-01-02,Venta,-1
1662,37,2024-01-02,Venta,-1
1663,47,2024-01-02,Venta,-3
1664,33,2024-01-02,Venta,-1
1665,71,2024-03-17,Venta,-3
1666,11,2024-03-17,Venta,-2
1667,59,2024-03-23,Venta,-2
1668,47,2024-03-23,Venta,-1
1669,96,2025-06-18,Venta,-1
1670,55,2025-06-18,Venta,-1
1671,38,2024-10-13,Venta,-2
1672,73,2026-04-25,Venta,-1
1673,23,2024-09-26,Venta,-1
1674,86,2024-09-26,Venta,-1
1675,34,2024-09-26,Venta,-1
1676,65,2024-09-26,Venta,-3
1677,7,2026-08-11,Venta,-2
1678,67,2026-08-11,Venta,-1
1679,38,2026-08-11,Venta,-1
1680,85,2026-08-11,Venta,-3
1681,81,2024-03-22,Venta,-1
1682,11,2025-01-23,Venta,-6
1683,64,2025-01-23,Venta,-1
1684,85,2025-01-23,Venta,-2
1685,76,2025-01-23,Venta,-1
1686,7,2025-01-20,Venta,-2
1687,72,2025-01-20,Venta,-2
1688,91,2024-11-26,Venta,-1
1689,84,2024-11-26,Venta,-2
1690,86,2024-02-24,Venta,-1
1691,59,2024-03-17,Venta,-1
1692,70,2024-03-17,Venta,-1
1693,4,2024-03-17,Venta,-1
1694,46,2024-03-17,Venta,-1
1695,12,2025-10-05,Venta,-2
1696,94,2025-03-24,Venta,-1
1697,52,2024-11-22,Venta,-1
1698,83,2025-03-14,Venta,-1
1699,37,2026-07-10,Venta,-2
1700,81,2024-06-24,Venta,-1
1701,7,2026-08-17,Venta,-1
1702,51,2025-08-07,Venta,-3
1703,88,2025-11-29,Venta,-2
1704,76,2025-11-29,Venta,-1
1705,40,2025-11-29,Venta,-2
1706,89,2026-05-21,Venta,-1
1707,8,2026-05-21,Venta,-1
1708,2,2026-05-21,Venta,-1
1709,74,2024-09-13,Venta,-1
1710,76,2025-10-06,Venta,-1
1711,12,2025-10-06,Venta,-3
1712,42,2025-03-27,Venta,-1
1713,18,2025-11-03,Venta,-1
1714,2,2025-11-03,Venta,-1
1715,84,2026-05-15,Venta,-1
1716,69,2026-05-15,Venta,-1
1717,100,2026-05-15,Venta,-2
1718,91,2025-06-28,Venta,-2
1719,83,2025-06-28,Venta,-2
1720,14,2025-06-28,Venta,-1
1721,12,2025-09-26,Venta,-1
1722,45,2025-01-18,Venta,-1
1723,49,2025-01-18,Venta,-2
1724,1,2025-01-18,Venta,-1
1725,24,2025-09-18,Venta,-1
1726,76,2025-09-18,Venta,-6
1727,64,2025-09-18,Venta,-3
1728,38,2026-08-14,Venta,-12
1729,36,2025-05-09,Venta,-1
1730,87,2025-12-12,Venta,-2
1731,34,2024-11-28,Venta,-1
1732,2,2024-11-28,Venta,-3
1733,81,2024-11-28,Venta,-1
1734,51,2025-09-05,Venta,-1
1735,76,2025-09-05,Venta,-1
1736,83,2026-05-08,Venta,-1
1737,40,2026-05-08,Venta,-1
1738,23,2024-02-16,Venta,-1
1739,4,2025-06-20,Venta,-1
1740,3,2025-06-20,Venta,-1
1741,90,2024-12-22,Venta,-2
1742,56,2024-12-22,Venta,-1
1743,16,2025-07-05,Venta,-4
1744,26,2025-07-05,Venta,-2
1745,61,2025-07-05,Venta,-1
1746,51,2025-11-16,Venta,-2
1747,76,2026-07-21,Venta,-2
1748,43,2024-02-10,Venta,-2
1749,88,2026-04-26,Venta,-2
1750,76,2026-04-26,Venta,-1
1751,51,2025-11-29,Venta,-2
1752,56,2025-05-17,Venta,-2
1753,81,2025-05-17,Venta,-1
1754,7,2026-02-03,Venta,-2
1755,83,2026-02-03,Venta,-1
1756,14,2025-12-25,Venta,-1
1757,23,2025-10-03,Venta,-2
1758,29,2025-10-03,Venta,-1
1759,75,2025-10-03,Venta,-1
1760,38,2024-06-12,Venta,-1
1761,47,2025-10-04,Venta,-3
1762,88,2025-10-04,Venta,-1
1763,27,2025-10-04,Venta,-1
1764,58,2025-07-21,Venta,-2
1765,38,2025-07-21,Venta,-1
1766,42,2025-07-21,Venta,-1
1767,34,2025-07-21,Venta,-2
1768,15,2024-06-28,Venta,-1
1769,68,2026-08-06,Venta,-1
1770,30,2024-11-30,Venta,-1
1771,4,2024-11-30,Venta,-2
1772,100,2024-11-30,Venta,-1
1773,27,2024-11-30,Venta,-6
1774,37,2025-10-30,Venta,-12
1775,1,2025-10-30,Venta,-1
1776,99,2025-10-30,Venta,-1
1777,94,2024-10-23,Venta,-1
1778,29,2024-10-23,Venta,-1
1779,88,2024-01-03,Venta,-1
1780,55,2024-09-05,Venta,-2
1781,80,2024-09-05,Venta,-3
1782,54,2024-09-05,Venta,-3
1783,43,2025-07-15,Venta,-1
1784,34,2025-03-24,Venta,-1
1785,22,2025-03-24,Venta,-1
1786,21,2025-03-24,Venta,-1
1787,81,2026-08-04,Venta,-1
1788,95,2026-08-04,Venta,-1
1789,46,2026-08-04,Venta,-1
1790,24,2024-11-05,Venta,-1
1791,46,2024-11-05,Venta,-4
1792,64,2024-11-05,Venta,-1
1793,26,2024-12-21,Venta,-1
1794,14,2024-12-21,Venta,-1
1795,5,2024-12-21,Venta,-1
1796,49,2026-02-06,Venta,-1
1797,48,2026-02-06,Venta,-1
1798,61,2026-07-22,Venta,-2
1799,71,2025-10-10,Venta,-2
1800,6,2025-10-10,Venta,-1
1801,38,2024-05-22,Venta,-1
1802,33,2024-07-04,Venta,-4
1803,91,2024-07-04,Venta,-1
1804,89,2024-07-04,Venta,-2
1805,74,2024-07-04,Venta,-2
1806,82,2024-02-07,Venta,-2
1807,55,2024-02-07,Venta,-1
1808,94,2024-02-07,Venta,-3
1809,7,2024-02-07,Venta,-2
1810,7,2026-03-06,Venta,-1
1811,94,2026-03-06,Venta,-2
1812,14,2026-03-06,Venta,-1
1813,2,2026-03-06,Venta,-3
1814,76,2026-05-30,Venta,-6
1815,85,2025-08-28,Venta,-3
1816,24,2025-09-02,Venta,-1
1817,88,2025-09-02,Venta,-12
1818,97,2025-09-02,Venta,-2
1819,51,2025-09-02,Venta,-1
1820,36,2025-09-02,Venta,-1
1821,24,2024-05-25,Venta,-1
1822,85,2024-06-08,Venta,-1
1823,4,2024-06-08,Venta,-1
1824,80,2024-06-08,Venta,-2
1825,4,2025-05-21,Venta,-4
1826,56,2025-05-21,Venta,-1
1827,88,2025-08-27,Venta,-1
1828,85,2025-08-27,Venta,-1
1829,4,2024-01-08,Venta,-1
1830,29,2025-10-17,Venta,-1
1831,62,2024-12-22,Venta,-1
1832,59,2024-12-22,Venta,-2
1833,89,2024-12-22,Venta,-1
1834,2,2024-09-14,Venta,-1
1835,26,2024-07-31,Venta,-6
1836,21,2025-07-11,Venta,-1
1837,70,2025-12-22,Venta,-2
1838,85,2025-12-22,Venta,-1
1839,86,2025-12-22,Venta,-1
1840,56,2025-12-22,Venta,-4
1841,91,2024-01-26,Venta,-1
1842,14,2024-01-26,Venta,-3
1843,22,2024-01-26,Venta,-1
1844,16,2025-09-02,Venta,-1
1845,1,2025-09-02,Venta,-1
1846,70,2026-08-02,Venta,-2
1847,94,2026-04-30,Venta,-2
1848,85,2024-12-04,Venta,-1
1849,83,2024-12-04,Venta,-2
1850,71,2024-12-04,Venta,-2
1851,51,2024-12-04,Venta,-1
1852,24,2024-12-04,Venta,-1
1853,27,2026-07-24,Venta,-1
1854,24,2026-07-24,Venta,-2
1855,71,2026-07-24,Venta,-3
1856,44,2026-07-24,Venta,-18
1857,55,2025-08-10,Venta,-1
1858,55,2025-05-28,Venta,-1
1859,61,2025-10-16,Venta,-1
1860,29,2025-10-16,Venta,-1
1861,54,2026-02-06,Venta,-1
1862,96,2026-02-06,Venta,-2
1863,54,2024-09-11,Venta,-1
1864,84,2024-09-11,Venta,-1
1865,22,2025-09-01,Venta,-2
1866,51,2024-09-27,Venta,-2
1867,41,2024-09-27,Venta,-1
1868,4,2026-05-14,Venta,-1
1869,83,2026-05-14,Venta,-1
1870,48,2026-05-14,Venta,-6
1871,95,2025-12-19,Venta,-1
1872,76,2024-04-24,Venta,-1
1873,26,2024-04-24,Venta,-1
1874,48,2025-11-08,Venta,-1
1875,22,2025-11-08,Venta,-1
1876,29,2025-11-08,Venta,-1
1877,89,2025-11-08,Venta,-24
1878,21,2024-05-21,Venta,-1
1879,81,2026-05-12,Venta,-2
1880,74,2024-09-30,Venta,-1
1881,38,2024-12-29,Venta,-1
1882,35,2024-12-29,Venta,-1
1883,36,2024-12-29,Venta,-4
1884,50,2024-12-29,Venta,-1
1885,66,2024-12-29,Venta,-1
1886,74,2024-12-07,Venta,-1
1887,4,2026-01-07,Venta,-3
1888,31,2026-01-07,Venta,-2
1889,38,2025-07-28,Venta,-1
1890,30,2025-07-28,Venta,-1
1891,5,2025-07-28,Venta,-1
1892,94,2024-05-08,Venta,-3
1893,86,2024-05-08,Venta,-1
1894,74,2024-05-08,Venta,-1
1895,37,2026-06-20,Venta,-3
1896,85,2026-06-20,Venta,-2
1897,22,2024-04-01,Venta,-1
1898,46,2024-04-01,Venta,-1
1899,16,2025-02-14,Venta,-2
1900,76,2025-02-14,Venta,-1
1901,34,2024-05-28,Venta,-1
1902,76,2024-05-28,Venta,-3
1903,69,2025-12-17,Venta,-2
1904,61,2025-12-17,Venta,-2
1905,29,2025-12-17,Venta,-1
1906,79,2025-12-17,Venta,-3
1907,21,2025-12-17,Venta,-1
1908,63,2026-06-06,Venta,-1
1909,23,2026-06-06,Venta,-2
1910,62,2026-06-06,Venta,-2
1911,81,2026-06-06,Venta,-2
1912,100,2026-05-09,Venta,-3
1913,24,2025-12-06,Venta,-2
1914,3,2025-09-20,Venta,-1
1915,19,2025-09-20,Venta,-1
1916,21,2025-09-20,Venta,-2
1917,82,2025-09-20,Venta,-1
1918,49,2025-12-12,Venta,-2
1919,58,2025-12-12,Venta,-1
1920,62,2025-03-07,Venta,-1
1921,65,2025-03-07,Venta,-1
1922,32,2025-03-07,Venta,-1
1923,36,2024-01-08,Venta,-1
1924,84,2024-07-02,Venta,-4
1925,93,2024-07-02,Venta,-3
1926,21,2025-09-20,Venta,-1
1927,43,2024-11-14,Venta,-2
1928,81,2024-11-14,Venta,-2
1929,22,2024-08-14,Venta,-24
1930,7,2024-08-14,Venta,-4
1931,29,2026-03-13,Venta,-2
1932,71,2025-11-22,Venta,-1
1933,2,2025-11-22,Venta,-2
1934,2,2025-02-14,Venta,-1
1935,37,2025-02-14,Venta,-3
1936,63,2025-02-14,Venta,-1
1937,67,2025-02-14,Venta,-3
1938,85,2024-04-04,Venta,-2
1939,27,2024-04-04,Venta,-3
1940,34,2024-04-04,Venta,-1
1941,61,2024-04-04,Venta,-1
1942,21,2024-03-02,Venta,-3
1943,81,2024-03-02,Venta,-1
1944,17,2024-03-02,Venta,-1
1945,55,2024-05-10,Venta,-2
1946,16,2024-05-10,Venta,-1
1947,85,2024-05-10,Venta,-2
1948,54,2025-04-01,Venta,-1
1949,3,2025-04-01,Venta,-1
1950,66,2025-04-01,Venta,-1
1951,33,2024-02-24,Venta,-1
1952,16,2024-02-24,Venta,-1
1953,100,2026-01-17,Venta,-1
1954,47,2024-06-28,Venta,-1
1955,45,2024-06-28,Venta,-4
1956,4,2024-06-28,Venta,-1
1957,22,2024-10-01,Venta,-1
1958,14,2024-04-24,Venta,-2
1959,85,2024-04-24,Venta,-1
1960,55,2024-04-24,Venta,-3
1961,94,2026-02-21,Venta,-1
1962,62,2026-02-21,Venta,-1
1963,55,2026-02-21,Venta,-1
1964,31,2026-04-19,Venta,-2
1965,93,2026-04-19,Venta,-2
1966,18,2026-04-19,Venta,-1
1967,76,2026-04-19,Venta,-2
1968,86,2026-04-19,Venta,-1
1969,3,2026-04-26,Venta,-1
1970,21,2026-04-26,Venta,-1
1971,91,2026-04-29,Venta,-1
1972,82,2026-04-29,Venta,-1
1973,99,2025-06-11,Venta,-1
1974,4,2025-06-11,Venta,-1
1975,51,2024-06-25,Venta,-1
1976,35,2024-06-25,Venta,-3
1977,41,2024-06-25,Venta,-1
1978,56,2024-08-10,Venta,-1
1979,54,2024-11-24,Venta,-1
1980,49,2024-11-24,Venta,-3
1981,3,2024-11-24,Venta,-2
1982,100,2024-03-03,Venta,-3
1983,58,2024-03-03,Venta,-1
1984,76,2025-11-28,Venta,-2
1985,11,2025-11-28,Venta,-1
1986,85,2024-06-28,Venta,-4
1987,70,2025-05-26,Venta,-2
1988,43,2026-08-04,Venta,-2
1989,62,2024-08-23,Venta,-2
1990,92,2026-01-02,Venta,-1
1991,95,2026-01-02,Venta,-1
1992,45,2026-01-02,Venta,-2
1993,65,2026-08-08,Venta,-2
1994,74,2024-07-05,Venta,-2
1995,72,2024-12-05,Venta,-1
1996,16,2025-12-26,Venta,-3
1997,76,2025-12-26,Venta,-2
1998,85,2026-02-17,Venta,-2
1999,100,2026-02-17,Venta,-2
2000,14,2025-02-18,Venta,-1
2001,42,2025-11-29,Venta,-1
2002,7,2025-11-29,Venta,-2
2003,48,2025-11-29,Venta,-1
2004,22,2025-01-21,Venta,-1
2005,91,2024-07-10,Venta,-1
2006,27,2024-07-10,Venta,-3
2007,61,2024-07-10,Venta,-1
2008,30,2026-08-14,Venta,-1
2009,59,2026-08-14,Venta,-2
2010,54,2025-04-12,Venta,-1
2011,22,2025-04-12,Venta,-1
2012,6,2024-05-28,Venta,-1
2013,40,2024-05-28,Venta,-1
2014,36,2025-04-05,Venta,-2
2015,55,2025-04-05,Venta,-2
2016,34,2025-04-05,Venta,-1
2017,94,2024-12-20,Venta,-1
2018,46,2024-12-20,Venta,-3
2019,29,2025-08-14,Venta,-3
2020,38,2026-07-09,Venta,-1
2021,40,2024-01-06,Venta,-1
2022,85,2024-01-06,Venta,-1
2023,88,2024-01-06,Venta,-1
2024,85,2025-04-08,Venta,-1
2025,71,2025-04-08,Venta,-2
2026,67,2025-04-08,Venta,-3
2027,74,2025-01-17,Venta,-1
2028,84,2025-01-17,Venta,-1
2029,45,2026-04-06,Venta,-1
2030,81,2026-04-06,Venta,-1
2031,51,2026-04-06,Venta,-2
2032,90,2026-04-06,Venta,-1
2033,78,2024-05-19,Venta,-1
2034,93,2024-05-19,Venta,-1
2035,72,2024-05-19,Venta,-1
2036,85,2025-12-16,Venta,-2
2037,87,2025-12-16,Venta,-2
2038,46,2025-12-16,Venta,-1
2039,36,2024-12-18,Venta,-2
2040,61,2026-08-05,Venta,-3
2041,92,2024-03-13,Venta,-1
2042,4,2024-10-30,Venta,-3
2043,1,2024-10-30,Venta,-1
2044,62,2024-10-30,Venta,-2
2045,54,2024-10-30,Venta,-1
2046,7,2024-03-02,Venta,-1
2047,62,2026-07-01,Venta,-1
2048,82,2026-05-20,Venta,-3
2049,47,2025-12-22,Venta,-1
2050,54,2025-12-22,Venta,-1
2051,87,2024-04-19,Venta,-1
2052,91,2024-04-19,Venta,-1
2053,92,2026-08-31,Venta,-1
2054,34,2026-08-31,Venta,-1
2055,27,2025-11-29,Venta,-1
2056,59,2026-08-12,Venta,-1
2057,65,2026-08-12,Venta,-1
2058,4,2026-08-12,Venta,-1
2059,55,2026-07-11,Venta,-2
2060,4,2024-02-21,Venta,-2
2061,78,2025-11-01,Venta,-1
2062,59,2025-04-19,Venta,-2
2063,21,2025-04-19,Venta,-6
2064,21,2024-03-08,Venta,-1
2065,51,2025-08-15,Venta,-3
2066,61,2025-08-15,Venta,-2
2067,14,2025-10-03,Venta,-2
2068,60,2025-10-03,Venta,-1
2069,40,2025-10-03,Venta,-3
2070,14,2025-07-12,Venta,-1
2071,32,2024-03-13,Venta,-2
2072,100,2026-04-24,Venta,-1
2073,56,2026-04-24,Venta,-1
2074,68,2025-12-12,Venta,-2
2075,91,2024-01-22,Venta,-2
2076,33,2024-01-22,Venta,-3
2077,55,2025-10-10,Venta,-1
2078,24,2025-10-10,Venta,-2
2079,4,2024-10-19,Venta,-2
2080,93,2024-10-19,Venta,-1
2081,56,2024-06-02,Venta,-1
2082,2,2024-06-02,Venta,-1
2083,46,2024-06-02,Venta,-1
2084,8,2024-06-02,Venta,-1
2085,74,2024-02-17,Venta,-4
2086,26,2024-02-17,Venta,-1
2087,59,2024-04-29,Venta,-1
2088,71,2026-03-27,Venta,-1
2089,22,2026-03-27,Venta,-2
2090,2,2026-03-27,Venta,-2
2091,16,2026-03-27,Venta,-1
2092,34,2026-06-30,Venta,-1
2093,85,2026-06-30,Venta,-1
2094,56,2026-06-30,Venta,-1
2095,74,2024-01-07,Venta,-2
2096,40,2024-12-27,Venta,-2
2097,29,2024-12-27,Venta,-2
2098,90,2024-04-06,Venta,-1
2099,23,2024-04-06,Venta,-1
2100,88,2024-03-09,Venta,-2
2101,22,2024-03-09,Venta,-1
2102,18,2025-05-03,Venta,-4
2103,76,2024-08-22,Venta,-1
2104,80,2024-08-22,Venta,-2
2105,31,2026-01-18,Venta,-1
2106,84,2026-01-18,Venta,-2
2107,83,2025-12-18,Venta,-2
2108,88,2025-12-18,Venta,-1
2109,32,2025-12-18,Venta,-3
2110,71,2024-06-01,Venta,-1
2111,97,2024-06-01,Venta,-1
2112,7,2024-06-01,Venta,-1
2113,63,2025-02-20,Venta,-1
2114,7,2025-02-20,Venta,-4
2115,21,2025-02-20,Venta,-1
2116,47,2025-04-15,Venta,-2
2117,14,2025-04-15,Venta,-1
2118,22,2025-04-15,Venta,-1
2119,63,2025-04-15,Venta,-1
2120,68,2024-08-11,Venta,-1
2121,15,2024-08-11,Venta,-1
2122,31,2024-08-11,Venta,-1
2123,16,2025-01-31,Venta,-3
2124,42,2025-01-31,Venta,-3
2125,55,2025-01-31,Venta,-1
2126,62,2025-02-07,Venta,-1
2127,2,2025-02-07,Venta,-2
2128,54,2026-01-04,Venta,-1
2129,4,2026-01-04,Venta,-1
2130,30,2026-01-04,Venta,-2
2131,45,2024-06-21,Venta,-2
2132,40,2024-06-21,Venta,-1
2133,94,2024-06-21,Venta,-3
2134,29,2025-11-12,Venta,-12
2135,55,2025-11-12,Venta,-1
2136,27,2025-11-12,Venta,-1
2137,40,2025-09-24,Venta,-18
2138,55,2025-11-30,Venta,-1
2139,65,2025-11-13,Venta,-3
2140,66,2024-09-03,Venta,-1
2141,3,2024-09-03,Venta,-3
2142,34,2024-09-03,Venta,-2
2143,24,2025-04-09,Venta,-2
2144,84,2025-04-09,Venta,-2
2145,48,2025-04-09,Venta,-4
2146,52,2024-10-04,Venta,-1
2147,2,2024-10-14,Venta,-2
2148,37,2024-10-14,Venta,-1
2149,22,2024-10-14,Venta,-2
2150,4,2025-06-04,Venta,-3
2151,71,2025-06-04,Venta,-3
2152,13,2025-06-04,Venta,-2
2153,52,2025-04-02,Venta,-1
2154,59,2025-04-02,Venta,-1
2155,54,2024-05-01,Venta,-2
2156,21,2025-08-20,Venta,-1
2157,86,2025-08-20,Venta,-2
2158,24,2025-08-20,Venta,-2
2159,22,2025-08-20,Venta,-2
2160,87,2025-08-20,Venta,-1
2161,63,2025-02-26,Venta,-1
2162,75,2025-02-26,Venta,-3
2163,21,2026-04-21,Venta,-1
2164,22,2026-04-21,Venta,-1
2165,56,2026-04-21,Venta,-1
2166,73,2025-07-24,Venta,-1
2167,33,2025-07-24,Venta,-2
2168,10,2025-07-24,Venta,-1
2169,91,2025-07-24,Venta,-2
2170,67,2025-04-16,Venta,-2
2171,87,2024-05-31,Venta,-1
2172,74,2024-05-31,Venta,-1
2173,81,2024-05-31,Venta,-2
2174,84,2025-04-24,Venta,-1
2175,60,2025-01-11,Venta,-1
2176,73,2025-01-11,Venta,-1
2177,85,2025-01-11,Venta,-1
2178,91,2026-01-16,Venta,-1
2179,69,2024-11-04,Venta,-4
2180,71,2024-11-04,Venta,-2
2181,4,2025-02-04,Venta,-2
2182,91,2024-12-18,Venta,-2
2183,70,2024-12-18,Venta,-1
2184,1,2024-05-31,Venta,-1
2185,63,2024-05-31,Venta,-3
2186,21,2025-09-14,Venta,-2
2187,56,2024-12-28,Venta,-1
2188,23,2025-04-15,Venta,-2
2189,34,2026-05-24,Venta,-1
2190,59,2026-05-24,Venta,-1
2191,100,2026-05-24,Venta,-3
2192,35,2026-05-24,Venta,-1
2193,34,2025-12-24,Venta,-3
2194,20,2025-12-24,Venta,-1
2195,74,2026-05-30,Venta,-1
2196,75,2024-06-05,Venta,-1
2197,86,2024-06-05,Venta,-2
2198,93,2024-06-06,Venta,-1
2199,29,2026-05-30,Venta,-4
2200,14,2026-05-30,Venta,-1
2201,76,2026-03-28,Venta,-2
2202,48,2026-04-27,Venta,-3
2203,81,2024-11-27,Venta,-2
2204,36,2026-03-20,Venta,-6
2205,64,2026-03-20,Venta,-24
2206,75,2026-03-20,Venta,-2
2207,29,2024-03-29,Venta,-2
2208,60,2025-11-17,Venta,-3
2209,52,2025-11-17,Venta,-12
2210,16,2025-11-17,Venta,-1
2211,92,2024-07-08,Venta,-1
2212,55,2024-04-01,Venta,-1
2213,21,2024-04-01,Venta,-1
2214,96,2024-04-01,Venta,-2
2215,86,2025-04-18,Venta,-3
2216,85,2024-08-24,Venta,-1
2217,63,2024-08-24,Venta,-1
2218,62,2024-12-13,Venta,-2
2219,86,2026-08-16,Venta,-2
2220,85,2024-12-02,Venta,-1
2221,34,2024-12-02,Venta,-2
2222,18,2024-05-28,Venta,-3
2223,81,2024-10-17,Venta,-2
2224,84,2025-05-23,Venta,-1
2225,53,2025-05-23,Venta,-1
2226,88,2025-05-23,Venta,-1
2227,2,2024-12-04,Venta,-3
2228,12,2024-12-04,Venta,-1
2229,68,2024-10-05,Venta,-3
2230,7,2024-10-05,Venta,-1
2231,82,2024-10-05,Venta,-1
2232,75,2024-10-05,Venta,-1
2233,76,2024-10-05,Venta,-1
2234,14,2025-01-24,Venta,-1
2235,29,2025-04-18,Venta,-1
2236,5,2025-04-18,Venta,-2
2237,16,2025-04-18,Venta,-1
2238,36,2024-09-10,Venta,-3
2239,34,2024-09-10,Venta,-1
2240,20,2025-09-18,Venta,-2
2241,76,2024-09-21,Venta,-1
2242,26,2024-09-21,Venta,-2
2243,38,2025-12-17,Venta,-2
2244,74,2025-12-17,Venta,-3
2245,63,2025-12-17,Venta,-1
2246,74,2026-08-15,Venta,-1
2247,60,2024-04-12,Venta,-2
2248,70,2024-04-12,Venta,-1
2249,76,2024-02-08,Venta,-1
2250,71,2024-02-08,Venta,-1
2251,1,2024-02-08,Venta,-2
2252,7,2025-09-17,Venta,-1
2253,7,2025-04-17,Venta,-1
2254,66,2025-04-17,Venta,-1
2255,67,2025-09-16,Venta,-2
2256,54,2025-09-16,Venta,-1
2257,69,2024-08-14,Venta,-3
2258,76,2024-08-14,Venta,-3
2259,81,2024-08-14,Venta,-1
2260,2,2024-08-14,Venta,-2
2261,28,2024-05-18,Venta,-1
2262,62,2024-05-18,Venta,-1
2263,73,2024-05-18,Venta,-1
2264,1,2024-05-18,Venta,-2
2265,71,2024-11-04,Venta,-1
2266,56,2024-11-04,Venta,-1
2267,58,2024-01-29,Venta,-2
2268,64,2024-10-14,Venta,-2
2269,75,2024-10-14,Venta,-4
2270,2,2024-10-14,Venta,-2
2271,52,2024-10-14,Venta,-2
2272,81,2024-10-14,Venta,-1
2273,58,2024-11-05,Venta,-2
2274,11,2024-11-05,Venta,-2
2275,22,2025-03-08,Venta,-4
2276,83,2024-08-27,Venta,-1
2277,94,2024-01-23,Venta,-1
2278,70,2024-01-23,Venta,-1
2279,38,2025-04-12,Venta,-2
2280,81,2026-04-13,Venta,-1
2281,18,2026-02-27,Venta,-2
2282,99,2026-02-27,Venta,-2
2283,88,2026-02-27,Venta,-3
2284,65,2026-02-27,Venta,-1
2285,97,2026-02-27,Venta,-2
2286,2,2025-04-14,Venta,-2
2287,51,2025-04-14,Venta,-1
2288,14,2025-04-14,Venta,-2
2289,26,2025-04-14,Venta,-1
2290,85,2026-01-04,Venta,-1
2291,99,2026-01-04,Venta,-4
2292,83,2026-01-04,Venta,-4
2293,99,2026-01-09,Venta,-1
2294,15,2026-01-09,Venta,-2
2295,26,2026-01-09,Venta,-1
2296,76,2025-12-08,Venta,-2
2297,32,2024-09-27,Venta,-2
2298,51,2024-09-27,Venta,-2
2299,4,2025-10-06,Venta,-1
2300,51,2025-10-06,Venta,-1
2301,70,2025-06-30,Venta,-1
2302,68,2025-06-30,Venta,-1
2303,16,2026-08-21,Venta,-1
2304,95,2024-02-12,Venta,-1
2305,12,2024-03-16,Venta,-1
2306,42,2024-03-16,Venta,-2
2307,37,2024-03-16,Venta,-1
2308,72,2025-09-24,Venta,-2
2309,52,2025-09-24,Venta,-6
2310,26,2025-09-24,Venta,-1
2311,24,2024-06-28,Venta,-1
2312,17,2024-06-02,Venta,-1
2313,26,2026-07-19,Venta,-2
2314,10,2024-01-19,Venta,-1
2315,8,2024-01-19,Venta,-2
2316,89,2024-01-19,Venta,-1
2317,31,2026-04-03,Venta,-1
2318,45,2026-04-03,Venta,-2
2319,70,2026-04-03,Venta,-1
2320,42,2025-05-23,Venta,-1
2321,2,2024-08-26,Venta,-2
2322,75,2026-06-26,Venta,-1
2323,67,2024-06-10,Venta,-1
2324,81,2024-06-10,Venta,-1
2325,46,2025-12-18,Venta,-2
2326,21,2024-07-03,Venta,-1
2327,9,2024-07-03,Venta,-1
2328,18,2024-07-03,Venta,-4
2329,37,2024-07-03,Venta,-1
2330,54,2024-04-09,Venta,-1
2331,76,2024-03-26,Venta,-1
2332,22,2025-12-29,Venta,-3
2333,38,2025-12-29,Venta,-1
2334,33,2024-01-01,Venta,-1
2335,48,2024-01-01,Venta,-3
2336,14,2025-10-15,Venta,-1
2337,15,2024-08-10,Venta,-1
2338,4,2024-07-06,Venta,-1
2339,38,2024-04-24,Venta,-2
2340,56,2024-04-24,Venta,-1
2341,26,2024-10-11,Venta,-1
2342,62,2025-03-08,Venta,-18
2343,40,2024-01-04,Venta,-1
2344,34,2024-01-04,Venta,-1
2345,18,2024-01-04,Venta,-3
2346,42,2024-01-04,Venta,-2
2347,52,2024-03-02,Venta,-1
2348,77,2024-03-02,Venta,-1
2349,91,2026-06-29,Venta,-2
2350,74,2026-06-29,Venta,-1
2351,2,2026-06-29,Venta,-2
2352,76,2026-06-29,Venta,-2
2353,18,2025-05-10,Venta,-2
2354,4,2025-05-10,Venta,-1
2355,38,2025-05-10,Venta,-1
2356,14,2025-05-10,Venta,-2
2357,3,2025-02-16,Venta,-1
2358,23,2024-07-13,Venta,-2
2359,62,2024-07-13,Venta,-2
2360,51,2024-08-17,Venta,-12
2361,75,2025-12-18,Venta,-1
2362,86,2024-06-20,Venta,-1
2363,52,2025-09-28,Venta,-1
2364,68,2025-08-30,Venta,-2
2365,14,2025-08-30,Venta,-1
2366,37,2025-11-22,Venta,-3
2367,45,2024-12-28,Venta,-12
2368,74,2024-12-28,Venta,-1
2369,55,2024-06-15,Venta,-3
2370,26,2026-06-26,Venta,-1
2371,55,2024-11-07,Venta,-1
2372,92,2024-11-07,Venta,-2
2373,76,2024-11-07,Venta,-2
2374,16,2025-05-24,Venta,-6
2375,1,2024-04-25,Venta,-1
2376,67,2024-04-25,Venta,-4
2377,74,2024-04-25,Venta,-2
2378,55,2025-06-30,Venta,-3
2379,85,2025-06-30,Venta,-1
2380,46,2024-01-11,Venta,-2
2381,26,2024-03-03,Venta,-1
2382,84,2024-11-08,Venta,-2
2383,66,2024-08-30,Venta,-1
2384,2,2024-12-19,Venta,-2
2385,87,2024-12-19,Venta,-2
2386,67,2024-10-26,Venta,-2
2387,27,2024-10-26,Venta,-2
2388,93,2024-02-05,Venta,-1
2389,48,2024-02-05,Venta,-1
2390,76,2024-02-05,Venta,-3
2391,76,2024-10-29,Venta,-1
2392,6,2025-03-08,Venta,-1
2393,33,2025-03-08,Venta,-1
2394,26,2026-03-07,Venta,-1
2395,1,2026-03-07,Venta,-3
2396,61,2026-03-07,Venta,-3
2397,62,2026-02-25,Venta,-1
2398,46,2026-02-25,Venta,-1
2399,31,2026-02-25,Venta,-1
2400,41,2025-11-06,Venta,-1
2401,51,2025-11-06,Venta,-1
2402,36,2025-09-03,Venta,-3
2403,24,2024-05-20,Venta,-1
2404,14,2026-01-28,Venta,-2
2405,35,2025-10-17,Venta,-1
2406,82,2025-09-24,Venta,-1
2407,26,2025-09-24,Venta,-2
2408,64,2025-09-24,Venta,-1
2409,53,2025-09-24,Venta,-1
2410,73,2024-11-16,Venta,-1
2411,100,2024-11-16,Venta,-2
2412,34,2026-07-27,Venta,-1
2413,37,2026-07-27,Venta,-1
2414,91,2025-04-27,Venta,-1
2415,72,2025-04-27,Venta,-2
2416,59,2025-04-27,Venta,-1
2417,7,2024-12-30,Venta,-3
2418,22,2024-02-01,Venta,-1
2419,42,2024-02-01,Venta,-1
2420,69,2024-02-01,Venta,-6
2421,94,2025-05-01,Venta,-1
2422,55,2025-12-09,Venta,-1
2423,37,2025-12-09,Venta,-1
2424,88,2026-01-30,Venta,-1
2425,38,2026-01-30,Venta,-2
2426,79,2026-01-30,Venta,-1
2427,17,2025-02-09,Venta,-2
2428,29,2024-04-24,Venta,-12
2429,22,2024-06-16,Venta,-1
2430,49,2024-06-16,Venta,-1
2431,46,2024-06-16,Venta,-1
2432,4,2026-01-29,Venta,-1
2433,30,2026-01-29,Venta,-1
2434,95,2024-11-02,Venta,-1
2435,78,2024-11-02,Venta,-1
2436,26,2026-04-10,Venta,-1
2437,12,2025-06-19,Venta,-4
2438,29,2025-06-19,Venta,-2
2439,37,2025-06-19,Venta,-1
2440,12,2025-07-03,Venta,-6
2441,76,2025-07-03,Venta,-2
2442,23,2026-07-27,Venta,-1
2443,65,2026-07-27,Venta,-1
2444,87,2026-05-16,Venta,-2
2445,30,2026-05-16,Venta,-1
2446,94,2025-01-17,Venta,-1
2447,52,2026-02-05,Venta,-1
2448,63,2026-02-05,Venta,-1
2449,81,2025-08-12,Venta,-1
2450,32,2025-08-12,Venta,-2
2451,89,2025-08-12,Venta,-2
2452,32,2024-11-10,Venta,-1
2453,63,2024-11-10,Venta,-1
2454,85,2024-11-10,Venta,-1
2455,5,2026-03-27,Venta,-1
2456,74,2026-03-27,Venta,-2
2457,23,2025-04-17,Venta,-4
2458,62,2025-04-17,Venta,-1
2459,12,2025-02-15,Venta,-3
2460,75,2025-02-15,Venta,-2
2461,63,2025-02-15,Venta,-1
2462,52,2024-12-27,Venta,-2
2463,78,2024-04-02,Venta,-1
2464,100,2026-05-08,Venta,-1
2465,95,2026-05-08,Venta,-1
2466,71,2026-05-08,Venta,-4
2467,99,2026-05-08,Venta,-1
2468,88,2025-02-23,Venta,-4
2469,4,2024-03-19,Venta,-2
2470,14,2024-05-07,Venta,-1
2471,59,2024-05-07,Venta,-2
2472,4,2024-05-07,Venta,-2
2473,34,2025-03-05,Venta,-2
2474,20,2025-03-05,Venta,-3
2475,17,2025-03-05,Venta,-1
2476,18,2025-08-15,Venta,-1
2477,27,2025-08-15,Venta,-1
2478,74,2025-08-15,Venta,-1
2479,73,2024-06-26,Venta,-3
2480,56,2026-06-28,Venta,-1
2481,27,2026-06-28,Venta,-2
2482,67,2026-04-20,Venta,-1
2483,86,2026-04-20,Venta,-1
2484,59,2026-07-11,Venta,-1
2485,17,2026-07-11,Venta,-1
2486,55,2026-07-11,Venta,-1
2487,49,2026-07-11,Venta,-3
2488,58,2024-08-27,Venta,-2
2489,59,2024-08-27,Venta,-1
2490,51,2025-09-17,Venta,-1
2491,61,2025-09-17,Venta,-2
2492,38,2025-09-17,Venta,-1
2493,37,2025-12-25,Venta,-4
2494,93,2025-12-25,Venta,-1
2495,16,2025-12-25,Venta,-2
2496,94,2026-03-10,Venta,-2
2497,73,2026-03-10,Venta,-1
2498,14,2026-03-10,Venta,-1
2499,23,2026-03-10,Venta,-18
2500,88,2026-08-03,Venta,-2
2501,83,2026-08-03,Venta,-2
2502,75,2024-07-06,Venta,-1
2503,86,2025-11-20,Venta,-2
2504,81,2025-11-20,Venta,-1
2505,21,2025-11-20,Venta,-2
2506,32,2025-03-17,Venta,-1
2507,77,2024-07-20,Venta,-3
2508,49,2025-05-21,Venta,-2
2509,84,2024-04-01,Venta,-2
2510,38,2024-04-01,Venta,-3
2511,4,2024-04-01,Venta,-2
2512,85,2026-04-23,Venta,-18
2513,34,2026-04-23,Venta,-1
2514,93,2025-08-06,Venta,-1
2515,63,2025-08-06,Venta,-1
2516,50,2026-07-13,Venta,-1
2517,26,2026-07-13,Venta,-4
2518,80,2026-07-13,Venta,-3
2519,36,2026-01-17,Venta,-1
2520,22,2026-01-17,Venta,-1
2521,14,2024-01-24,Venta,-4
2522,56,2024-01-24,Venta,-1
2523,92,2025-11-24,Venta,-2
2524,59,2025-11-24,Venta,-1
2525,1,2025-11-24,Venta,-1
2526,59,2024-04-18,Venta,-1
2527,12,2024-04-18,Venta,-1
2528,76,2025-12-20,Venta,-1
2529,83,2025-12-20,Venta,-1
2530,52,2024-05-09,Venta,-4
2531,38,2024-05-09,Venta,-1
2532,72,2025-08-01,Venta,-2
2533,90,2024-07-25,Venta,-6
2534,62,2024-07-25,Venta,-2
2535,53,2024-07-25,Venta,-1
2536,61,2024-07-25,Venta,-3
2537,16,2024-10-03,Venta,-1
2538,15,2024-10-03,Venta,-1
2539,49,2024-10-03,Venta,-3
2540,49,2025-03-18,Venta,-1
2541,22,2025-03-18,Venta,-1
2542,12,2025-03-18,Venta,-1
2543,29,2026-06-06,Venta,-1
2544,42,2026-06-06,Venta,-6
2545,21,2026-03-23,Venta,-2
2546,48,2026-03-23,Venta,-1
2547,24,2024-05-04,Venta,-2
2548,23,2026-04-20,Venta,-1
2549,10,2026-04-20,Venta,-1
2550,88,2026-04-20,Venta,-1
2551,22,2024-12-10,Venta,-3
2552,5,2024-12-10,Venta,-1
2553,38,2024-09-21,Venta,-4
2554,85,2024-09-21,Venta,-1
2555,18,2024-08-12,Venta,-1
2556,9,2024-08-12,Venta,-3
2557,86,2024-08-12,Venta,-2
2558,85,2026-06-22,Venta,-1
2559,63,2026-06-22,Venta,-1
2560,42,2024-11-12,Venta,-1
2561,40,2024-11-12,Venta,-1
2562,58,2024-11-12,Venta,-1
2563,43,2024-11-12,Venta,-1
2564,63,2026-02-19,Venta,-1
2565,38,2026-02-19,Venta,-1
2566,85,2026-02-19,Venta,-1
2567,24,2026-01-03,Venta,-3
2568,14,2025-12-06,Venta,-2
2569,52,2025-02-04,Venta,-1
2570,1,2025-02-04,Venta,-1
2571,45,2024-07-16,Venta,-1
2572,89,2025-09-26,Venta,-4
2573,51,2026-08-18,Venta,-1
2574,99,2025-02-11,Venta,-3
2575,4,2025-02-11,Venta,-4
2576,89,2024-03-28,Venta,-1
2577,81,2024-03-11,Venta,-2
2578,88,2024-03-11,Venta,-1
2579,2,2024-03-11,Venta,-3
2580,5,2024-03-11,Venta,-3
2581,76,2024-03-11,Venta,-1
2582,51,2025-03-15,Venta,-2
2583,82,2025-03-15,Venta,-1
2584,9,2026-06-15,Venta,-2
2585,5,2024-12-06,Venta,-24
2586,18,2024-12-06,Venta,-1
2587,47,2024-12-06,Venta,-1
2588,22,2026-05-15,Venta,-1
2589,1,2026-08-20,Venta,-1
2590,2,2026-04-08,Venta,-6
2591,3,2025-03-28,Venta,-1
2592,86,2025-03-28,Venta,-3
2593,71,2025-01-05,Venta,-2
2594,55,2025-01-05,Venta,-1
2595,86,2024-05-29,Venta,-6
2596,94,2024-06-03,Venta,-1
2597,71,2024-06-03,Venta,-2
2598,34,2024-06-03,Venta,-4
2599,30,2026-03-31,Venta,-3
2600,31,2026-03-31,Venta,-1
2601,4,2026-03-31,Venta,-1
2602,18,2025-07-17,Venta,-1
2603,34,2026-01-11,Venta,-1
2604,66,2026-03-03,Venta,-1
2605,56,2026-03-03,Venta,-2
2606,91,2024-11-14,Venta,-1
2607,5,2024-11-14,Venta,-2
2608,52,2024-02-22,Venta,-2
2609,88,2024-02-22,Venta,-1
2610,49,2024-02-29,Venta,-1
2611,1,2024-02-29,Venta,-1
2612,97,2024-03-23,Venta,-2
2613,81,2024-03-23,Venta,-2
2614,43,2024-09-21,Venta,-1
2615,32,2024-09-21,Venta,-2
2616,43,2024-03-19,Venta,-4
2617,84,2025-07-25,Venta,-3
2618,89,2025-04-24,Venta,-1
2619,34,2026-05-04,Venta,-2
2620,21,2025-07-02,Venta,-4
2621,49,2025-07-02,Venta,-1
2622,36,2025-07-02,Venta,-4
2623,21,2024-01-08,Venta,-2
2624,88,2024-01-08,Venta,-2
2625,67,2025-05-27,Venta,-3
2626,88,2025-05-27,Venta,-1
2627,62,2024-05-04,Venta,-1
2628,40,2025-04-28,Venta,-1
2629,36,2025-04-28,Venta,-1
2630,37,2025-04-28,Venta,-2
2631,81,2026-08-23,Venta,-2
2632,51,2026-08-23,Venta,-2
2633,34,2024-01-10,Venta,-1
2634,7,2025-12-12,Venta,-1
2635,65,2024-01-25,Venta,-4
2636,23,2024-01-25,Venta,-1
2637,85,2024-01-25,Venta,-3
2638,82,2024-09-07,Venta,-1
2639,59,2024-06-08,Venta,-2
2640,74,2024-06-08,Venta,-1
2641,86,2024-05-17,Venta,-1
2642,46,2024-01-20,Venta,-1
2643,74,2024-01-20,Venta,-2
2644,52,2025-04-18,Venta,-1
2645,4,2025-04-18,Venta,-3
2646,81,2026-04-04,Venta,-1
2647,60,2026-04-04,Venta,-4
2648,3,2025-06-26,Venta,-1
2649,23,2025-01-27,Venta,-1
2650,74,2026-07-03,Venta,-1
2651,99,2025-12-24,Venta,-3
2652,95,2025-09-10,Venta,-1
2653,83,2025-09-10,Venta,-2
2654,51,2025-09-10,Venta,-1
2655,14,2025-09-10,Venta,-1
2656,49,2025-12-11,Venta,-1
2657,92,2025-04-30,Venta,-1
2658,37,2025-04-30,Venta,-4
2659,16,2025-04-30,Venta,-1
2660,21,2026-03-06,Venta,-2
2661,86,2025-12-28,Venta,-3
2662,58,2025-06-23,Venta,-2
2663,5,2025-06-23,Venta,-1
2664,62,2024-07-03,Venta,-1
2665,2,2026-04-30,Venta,-1
2666,75,2024-10-28,Venta,-1
2667,21,2024-02-03,Venta,-1
2668,38,2024-02-03,Venta,-3
2669,4,2024-07-10,Venta,-1
2670,7,2024-07-10,Venta,-2
2671,3,2024-07-10,Venta,-1
2672,31,2024-07-10,Venta,-6
2673,85,2026-06-30,Venta,-1
2674,69,2026-06-30,Venta,-1
2675,67,2026-06-30,Venta,-2
2676,55,2026-06-30,Venta,-1
2677,40,2026-06-30,Venta,-2
2678,42,2026-08-01,Venta,-1
2679,55,2026-08-01,Venta,-1
2680,36,2024-10-25,Venta,-1
2681,27,2024-10-25,Venta,-3
2682,5,2024-10-25,Venta,-1
2683,34,2026-05-23,Venta,-2
2684,14,2026-05-23,Venta,-1
2685,81,2026-05-23,Venta,-1
2686,58,2026-05-23,Venta,-1
2687,58,2025-07-30,Venta,-18
2688,26,2025-07-30,Venta,-1
2689,10,2024-11-28,Venta,-1
2690,72,2024-11-28,Venta,-2
2691,73,2024-11-28,Venta,-1
2692,21,2024-03-30,Venta,-3
2693,58,2026-04-16,Venta,-2
2694,38,2026-04-16,Venta,-4
2695,75,2026-04-16,Venta,-6
2696,84,2026-06-02,Venta,-2
2697,85,2026-06-02,Venta,-1
2698,100,2025-01-17,Venta,-1
2699,24,2024-06-22,Venta,-4
2700,29,2024-06-18,Venta,-1
2701,93,2024-10-13,Venta,-2
2702,36,2024-07-30,Venta,-1
2703,43,2024-12-05,Venta,-6
2704,84,2024-12-05,Venta,-1
2705,92,2024-02-04,Venta,-3
2706,54,2024-09-08,Venta,-4
2707,26,2024-09-08,Venta,-1
2708,7,2025-07-04,Venta,-2
2709,54,2024-04-02,Venta,-1
2710,40,2024-04-02,Venta,-2
2711,5,2024-04-02,Venta,-1
2712,36,2024-04-02,Venta,-1
2713,61,2024-02-27,Venta,-3
2714,71,2024-02-27,Venta,-1
2715,82,2024-02-27,Venta,-1
2716,74,2024-02-27,Venta,-2
2717,38,2024-06-12,Venta,-2
2718,12,2025-04-03,Venta,-2
2719,100,2025-04-03,Venta,-1
2720,52,2025-04-03,Venta,-2
2721,70,2025-04-03,Venta,-1
2722,4,2025-05-08,Venta,-12
2723,22,2026-05-23,Venta,-4
2724,55,2025-03-11,Venta,-2
2725,49,2025-03-11,Venta,-1
2726,88,2026-07-13,Venta,-1
2727,63,2026-07-13,Venta,-1
2728,24,2026-05-30,Venta,-2
2729,76,2026-05-30,Venta,-1
2730,42,2024-11-02,Venta,-2
2731,54,2024-11-02,Venta,-1
2732,5,2024-05-09,Venta,-1
2733,85,2024-05-09,Venta,-1
2734,1,2025-11-22,Venta,-3
2735,40,2025-10-11,Venta,-1
2736,58,2026-08-23,Venta,-2
2737,69,2026-08-23,Venta,-1
2738,71,2024-12-07,Venta,-2
2739,5,2026-03-04,Venta,-1
2740,71,2025-02-05,Venta,-1
2741,16,2025-02-05,Venta,-3
2742,17,2025-02-05,Venta,-1
2743,65,2025-07-19,Venta,-1
2744,85,2025-07-19,Venta,-1
2745,84,2024-06-15,Venta,-1
2746,21,2025-11-01,Venta,-1
2747,49,2025-11-01,Venta,-3
2748,65,2025-11-01,Venta,-2
2749,2,2026-07-02,Venta,-1
2750,51,2026-07-02,Venta,-3
2751,62,2026-07-02,Venta,-2
2752,56,2025-10-24,Venta,-2
2753,63,2025-10-24,Venta,-1
2754,44,2026-02-20,Venta,-1
2755,21,2026-02-20,Venta,-4
2756,37,2025-12-12,Venta,-2
2757,38,2025-12-12,Venta,-1
2758,82,2025-12-12,Venta,-1
2759,22,2025-12-12,Venta,-2
2760,99,2025-02-13,Venta,-2
2761,72,2025-02-13,Venta,-2
2762,5,2024-10-15,Venta,-2
2763,18,2024-10-04,Venta,-1
2764,23,2024-10-04,Venta,-1
2765,5,2026-06-26,Venta,-2
2766,14,2026-06-26,Venta,-1
2767,21,2025-03-21,Venta,-3
2768,55,2025-03-21,Venta,-1
2769,49,2026-02-05,Venta,-2
2770,59,2026-02-05,Venta,-6
2771,11,2026-02-05,Venta,-1
2772,64,2026-02-05,Venta,-2
2773,22,2025-09-10,Venta,-1
2774,94,2024-12-14,Venta,-2
2775,72,2024-12-14,Venta,-1
2776,95,2024-06-21,Venta,-1
2777,67,2024-06-21,Venta,-1
2778,51,2024-06-21,Venta,-1
2779,54,2024-01-12,Venta,-1
2780,23,2024-01-12,Venta,-4
2781,46,2025-07-26,Venta,-2
2782,47,2024-12-11,Venta,-1
2783,94,2024-03-20,Venta,-1
2784,70,2024-03-20,Venta,-1
2785,90,2025-04-11,Venta,-1
2786,72,2025-04-11,Venta,-1
2787,54,2025-04-11,Venta,-1
2788,16,2025-04-11,Venta,-4
2789,37,2026-02-12,Venta,-1
2790,11,2026-02-12,Venta,-2
2791,22,2026-02-12,Venta,-2
2792,14,2024-03-30,Venta,-3
2793,66,2024-03-30,Venta,-1
2794,21,2024-03-30,Venta,-18
2795,52,2025-12-13,Venta,-1
2796,25,2025-12-13,Venta,-1
2797,63,2025-12-13,Venta,-1
2798,62,2025-12-13,Venta,-2
2799,76,2025-12-13,Venta,-3
2800,2,2024-08-29,Venta,-1
2801,61,2026-07-25,Venta,-1
2802,58,2026-07-25,Venta,-1
2803,75,2024-05-18,Venta,-1
2804,69,2024-05-18,Venta,-1
2805,55,2025-09-21,Venta,-2
2806,24,2025-09-21,Venta,-1
2807,81,2025-09-21,Venta,-6
2808,97,2024-02-17,Venta,-1
2809,92,2024-02-17,Venta,-1
2810,22,2025-02-13,Venta,-1
2811,68,2025-02-13,Venta,-1
2812,66,2025-02-13,Venta,-1
2813,70,2025-08-07,Venta,-2
2814,48,2026-02-22,Venta,-1
2815,88,2026-02-22,Venta,-1
2816,33,2026-02-19,Venta,-1
2817,3,2026-08-10,Venta,-1
2818,67,2026-08-10,Venta,-1
2819,51,2026-08-02,Venta,-1
2820,21,2026-08-02,Venta,-1
2821,50,2026-08-02,Venta,-2
2822,22,2026-08-02,Venta,-1
2823,86,2025-11-11,Venta,-1
2824,18,2025-11-11,Venta,-1
2825,63,2025-12-09,Venta,-1
2826,90,2025-12-09,Venta,-2
2827,29,2025-12-09,Venta,-1
2828,98,2025-12-09,Venta,-1
2829,89,2024-07-02,Venta,-1
2830,95,2024-07-02,Venta,-2
2831,49,2024-10-05,Venta,-3
2832,5,2024-10-05,Venta,-3
2833,100,2026-08-01,Venta,-2
2834,88,2024-04-05,Venta,-1
2835,74,2024-04-05,Venta,-2
2836,76,2024-04-05,Venta,-1
2837,51,2024-04-05,Venta,-12
2838,52,2024-02-19,Venta,-1
2839,14,2025-06-25,Venta,-1
2840,5,2025-08-01,Venta,-2
2841,46,2025-08-01,Venta,-1
2842,4,2025-08-01,Venta,-2
2843,20,2025-08-01,Venta,-1
2844,34,2025-06-27,Venta,-1
2845,88,2025-06-27,Venta,-2
2846,68,2025-06-27,Venta,-1
2847,84,2025-03-07,Venta,-1
2848,92,2025-03-07,Venta,-2
2849,66,2024-03-24,Venta,-12
2850,43,2024-03-24,Venta,-1
2851,14,2025-01-17,Venta,-1
2852,4,2025-01-17,Venta,-3
2853,74,2024-01-10,Venta,-1
2854,25,2024-01-10,Venta,-1
2855,62,2024-01-10,Venta,-2
2856,14,2025-04-04,Venta,-1
2857,42,2025-04-04,Venta,-1
2858,38,2025-03-11,Venta,-3
2859,1,2026-06-13,Venta,-1
2860,29,2026-06-13,Venta,-1
2861,55,2025-05-25,Venta,-2
2862,76,2025-03-14,Venta,-1
2863,38,2026-07-15,Venta,-1
2864,86,2024-01-12,Venta,-4
2865,30,2024-08-08,Venta,-2
2866,80,2024-08-08,Venta,-3
2867,12,2025-09-17,Venta,-1
2868,27,2025-09-17,Venta,-2
2869,49,2025-09-17,Venta,-2
2870,76,2026-04-12,Venta,-1
2871,29,2026-04-12,Venta,-2
2872,55,2026-04-12,Venta,-3
2873,86,2024-01-31,Venta,-3
2874,76,2024-01-31,Venta,-1
2875,18,2026-03-22,Venta,-2
2876,31,2024-11-03,Venta,-1
2877,34,2024-11-03,Venta,-1
2878,81,2024-11-03,Venta,-1
2879,69,2024-05-15,Venta,-1
2880,33,2024-05-18,Venta,-2
2881,89,2024-05-18,Venta,-2
2882,50,2024-05-18,Venta,-1
2883,2,2026-05-01,Venta,-4
2884,92,2026-05-01,Venta,-1
2885,4,2026-05-01,Venta,-1
2886,61,2025-09-27,Venta,-1
2887,74,2025-06-30,Venta,-1
2888,61,2025-06-30,Venta,-1
2889,1,2025-06-30,Venta,-3
2890,96,2025-06-30,Venta,-12
2891,95,2025-02-22,Venta,-1
2892,62,2025-02-22,Venta,-1
2893,52,2025-05-17,Venta,-1
2894,90,2024-01-14,Venta,-1
2895,24,2025-03-05,Venta,-2
2896,37,2025-03-05,Venta,-1
2897,71,2025-03-05,Venta,-1
2898,61,2026-01-09,Venta,-1
2899,83,2026-01-09,Venta,-1
2900,81,2026-01-09,Venta,-1
2901,38,2026-01-09,Venta,-1
2902,90,2024-11-13,Venta,-1
2903,77,2024-11-13,Venta,-2
2904,91,2025-04-26,Venta,-2
2905,14,2025-04-26,Venta,-1
2906,22,2024-12-31,Venta,-3
2907,48,2024-12-31,Venta,-3
2908,68,2024-12-31,Venta,-2
2909,34,2025-01-27,Venta,-1
2910,94,2024-04-07,Venta,-1
2911,55,2024-04-07,Venta,-1
2912,64,2025-11-13,Venta,-1
2913,41,2024-06-02,Venta,-2
2914,84,2024-06-02,Venta,-1
2915,56,2025-07-21,Venta,-2
2916,22,2024-12-12,Venta,-2
2917,17,2024-12-12,Venta,-1
2918,54,2024-12-12,Venta,-1
2919,23,2024-05-15,Venta,-1
2920,29,2024-05-15,Venta,-1
2921,22,2026-07-10,Venta,-1
2922,10,2026-07-10,Venta,-1
2923,23,2026-01-02,Venta,-1
2924,88,2026-06-05,Venta,-4
2925,99,2026-06-05,Venta,-3
2926,85,2025-07-04,Venta,-1
2927,89,2025-07-04,Venta,-2
2928,17,2024-02-03,Venta,-1
2929,69,2024-02-03,Venta,-1
2930,4,2025-05-02,Venta,-1
2931,2,2025-05-02,Venta,-2
2932,95,2025-05-02,Venta,-1
2933,46,2025-05-02,Venta,-2
2934,37,2024-07-20,Venta,-1
2935,34,2024-07-20,Venta,-12
2936,15,2025-08-13,Venta,-1
2937,56,2024-11-30,Venta,-2
2938,84,2024-11-30,Venta,-1
2939,74,2024-11-30,Venta,-2
2940,42,2024-01-17,Venta,-1
2941,21,2024-02-23,Venta,-1
2942,56,2024-05-03,Venta,-1
2943,89,2024-05-03,Venta,-2
2944,81,2024-05-03,Venta,-24
2945,26,2024-05-03,Venta,-1
2946,30,2024-01-30,Venta,-1
2947,28,2024-01-30,Venta,-1
2948,67,2024-01-30,Venta,-1
2949,51,2025-12-13,Venta,-2
2950,75,2025-12-13,Venta,-2
2951,52,2025-12-13,Venta,-2
2952,7,2025-12-13,Venta,-1
2953,2,2025-12-13,Venta,-2
2954,63,2024-02-14,Venta,-2
2955,70,2026-04-10,Venta,-1
2956,86,2025-12-11,Venta,-1
2957,58,2026-06-06,Venta,-1
2958,79,2026-06-06,Venta,-2
2959,68,2026-06-06,Venta,-2
2960,68,2025-01-24,Venta,-2
2961,1,2025-01-24,Venta,-1
2962,15,2025-04-03,Venta,-2
2963,49,2025-04-03,Venta,-2
2964,26,2024-12-27,Venta,-1
2965,81,2024-12-27,Venta,-1
2966,51,2025-03-27,Venta,-2
2967,7,2025-03-27,Venta,-2
2968,85,2025-03-27,Venta,-2
2969,86,2024-07-02,Venta,-2
2970,59,2025-01-09,Venta,-2
2971,63,2025-01-09,Venta,-2
2972,45,2025-01-09,Venta,-1
2973,61,2025-04-16,Venta,-2
2974,57,2025-07-26,Venta,-1
2975,65,2025-07-26,Venta,-1
2976,4,2026-01-18,Venta,-1
2977,88,2024-09-04,Venta,-1
2978,3,2024-09-22,Venta,-1
2979,54,2024-09-22,Venta,-1
2980,4,2024-09-21,Venta,-2
2981,13,2024-09-21,Venta,-2
2982,90,2025-10-29,Venta,-1
2983,22,2025-10-29,Venta,-2
2984,91,2024-10-27,Venta,-2
2985,76,2024-10-27,Venta,-1
2986,68,2026-06-01,Venta,-1
2987,55,2026-06-01,Venta,-2
2988,36,2026-06-01,Venta,-2
2989,23,2026-06-01,Venta,-1
2990,81,2025-03-22,Venta,-1
2991,14,2024-09-08,Venta,-1
2992,70,2024-09-08,Venta,-2
2993,4,2025-04-23,Venta,-1
2994,20,2025-04-23,Venta,-3
2995,100,2025-04-23,Venta,-1
2996,24,2026-08-08,Venta,-2
2997,54,2026-08-08,Venta,-1
2998,55,2026-03-27,Venta,-2
2999,76,2026-04-23,Venta,-1
3000,83,2025-03-14,Venta,-1
3001,21,2025-03-14,Venta,-1
3002,22,2025-03-14,Venta,-2
3003,76,2025-03-14,Venta,-2
3004,15,2024-02-10,Venta,-2
3005,56,2026-03-25,Venta,-1
3006,29,2026-03-25,Venta,-4
3007,60,2024-08-01,Venta,-3
3008,86,2024-08-01,Venta,-1
3009,14,2024-08-01,Venta,-12
3010,88,2026-03-19,Venta,-1
3011,74,2026-03-19,Venta,-1
3012,22,2026-03-19,Venta,-1
3013,29,2024-11-17,Venta,-1
3014,26,2024-10-30,Venta,-2
3015,79,2024-10-30,Venta,-2
3016,75,2024-10-30,Venta,-1
3017,22,2024-10-30,Venta,-2
3018,7,2026-07-21,Venta,-2
3019,49,2026-07-21,Venta,-1
3020,27,2026-07-21,Venta,-1
3021,88,2025-12-02,Venta,-1
3022,28,2025-12-02,Venta,-1
3023,72,2024-11-03,Venta,-2
3024,20,2024-11-03,Venta,-2
3025,8,2024-05-11,Venta,-2
3026,89,2024-05-11,Venta,-1
3027,71,2025-02-04,Venta,-2
3028,62,2025-07-08,Venta,-2
3029,33,2025-03-03,Venta,-6
3030,56,2024-10-11,Venta,-1
3031,54,2024-10-11,Venta,-2
3032,42,2024-10-11,Venta,-1
3033,14,2024-12-26,Venta,-2
3034,46,2024-12-26,Venta,-2
3035,16,2024-12-11,Venta,-3
3036,29,2024-12-11,Venta,-2
3037,74,2024-12-11,Venta,-1
3038,85,2024-11-28,Venta,-1
3039,14,2024-11-28,Venta,-1
3040,45,2026-08-13,Venta,-1
3041,67,2026-08-13,Venta,-2
3042,4,2025-04-08,Venta,-2
3043,55,2025-02-25,Venta,-2
3044,78,2025-02-25,Venta,-1
3045,61,2024-08-05,Venta,-2
3046,90,2026-05-10,Venta,-1
3047,2,2026-05-10,Venta,-2
3048,11,2026-05-10,Venta,-1
3049,91,2026-05-10,Venta,-2
3050,41,2024-11-01,Venta,-3
3051,88,2024-11-01,Venta,-3
3052,74,2024-11-01,Venta,-2
3053,56,2025-11-24,Venta,-4
3054,74,2024-09-13,Venta,-2
3055,43,2024-09-13,Venta,-2
3056,14,2024-09-13,Venta,-1
3057,86,2024-09-13,Venta,-1
3058,71,2024-05-23,Venta,-1
3059,16,2024-05-23,Venta,-1
3060,2,2024-05-23,Venta,-2
3061,22,2024-05-23,Venta,-2
3062,74,2025-04-27,Venta,-3
3063,59,2026-01-11,Venta,-1
3064,14,2026-01-11,Venta,-2
3065,2,2024-06-11,Venta,-3
3066,15,2026-02-13,Venta,-2
3067,80,2026-02-13,Venta,-1
3068,100,2025-01-15,Venta,-3
3069,14,2026-03-08,Venta,-1
3070,51,2026-08-08,Venta,-18
3071,16,2026-08-08,Venta,-1
3072,86,2025-08-16,Venta,-1
3073,66,2025-08-16,Venta,-1
3074,91,2025-08-16,Venta,-1
3075,23,2025-08-16,Venta,-1
3076,81,2025-08-16,Venta,-1
3077,67,2025-03-14,Venta,-1
3078,41,2025-12-21,Venta,-1
3079,26,2025-07-11,Venta,-1
3080,1,2025-07-11,Venta,-2
3081,75,2025-07-11,Venta,-1
3082,49,2024-11-05,Venta,-3
3083,54,2024-11-05,Venta,-2
3084,5,2024-11-05,Venta,-1
3085,22,2024-11-05,Venta,-1
3086,72,2025-08-30,Venta,-2
3087,86,2025-08-30,Venta,-3
3088,61,2025-08-30,Venta,-1
3089,71,2026-01-25,Venta,-1
3090,16,2026-01-25,Venta,-2
3091,84,2026-01-25,Venta,-1
3092,66,2024-05-15,Venta,-1
3093,33,2026-08-01,Venta,-1
3094,76,2024-07-14,Venta,-1
3095,32,2024-07-14,Venta,-1
3096,81,2024-07-14,Venta,-6
3097,40,2026-06-19,Venta,-1
3098,74,2024-02-03,Venta,-1
3099,55,2024-09-26,Venta,-24
3100,7,2026-08-16,Venta,-1
3101,2,2026-08-16,Venta,-2
3102,76,2025-10-04,Venta,-1
3103,72,2025-10-04,Venta,-1
3104,33,2024-03-08,Venta,-1
3105,20,2024-03-08,Venta,-1
3106,94,2024-05-01,Venta,-1
3107,65,2025-11-08,Venta,-2
3108,85,2025-01-16,Venta,-1
3109,14,2024-11-03,Venta,-1
3110,82,2024-11-03,Venta,-1
3111,56,2025-08-09,Venta,-1
3112,12,2025-08-09,Venta,-1
3113,94,2024-04-27,Venta,-1
3114,51,2026-08-23,Venta,-1
3115,4,2026-08-23,Venta,-2
3116,45,2026-08-23,Venta,-1
3117,7,2026-06-29,Venta,-1
3118,55,2026-06-29,Venta,-1
3119,88,2025-07-02,Venta,-2
3120,100,2025-07-02,Venta,-1
3121,16,2025-07-02,Venta,-3
3122,70,2025-08-22,Venta,-2
3123,91,2025-08-22,Venta,-1
3124,48,2025-03-01,Venta,-1
3125,86,2025-03-01,Venta,-1
3126,54,2024-02-02,Venta,-4
3127,40,2024-02-10,Venta,-1
3128,81,2024-02-10,Venta,-1
3129,15,2024-04-06,Venta,-1
3130,67,2024-04-06,Venta,-2
3131,1,2024-10-27,Venta,-3
3132,69,2024-10-27,Venta,-2
3133,14,2026-02-08,Venta,-2
3134,60,2024-12-30,Venta,-1
3135,36,2024-11-01,Venta,-3
3136,86,2024-11-01,Venta,-2
3137,4,2024-12-08,Venta,-1
3138,38,2024-12-08,Venta,-2
3139,88,2025-11-30,Venta,-1
3140,38,2025-11-30,Venta,-2
3141,28,2024-08-27,Venta,-2
3142,31,2024-06-01,Venta,-2
3143,5,2024-06-01,Venta,-1
3144,52,2024-08-06,Venta,-1
3145,85,2025-03-21,Venta,-1
3146,80,2024-09-06,Venta,-1
3147,43,2024-09-06,Venta,-1
3148,55,2024-09-06,Venta,-1
3149,81,2024-09-06,Venta,-1
3150,91,2025-02-26,Venta,-1
3151,55,2025-03-09,Venta,-2
3152,74,2025-03-09,Venta,-1
3153,31,2026-01-08,Venta,-1
3154,85,2026-01-08,Venta,-4
3155,41,2025-11-22,Venta,-2
3156,55,2025-11-22,Venta,-2
3157,18,2025-11-22,Venta,-12
3158,67,2024-04-15,Venta,-2
3159,55,2026-07-03,Venta,-2
3160,69,2026-07-03,Venta,-2
3161,90,2026-07-03,Venta,-1
3162,14,2024-11-23,Venta,-1
3163,38,2024-11-23,Venta,-1
3164,81,2024-11-23,Venta,-1
3165,62,2024-11-23,Venta,-3
3166,26,2024-11-23,Venta,-1
3167,38,2024-08-02,Venta,-1
3168,94,2024-08-02,Venta,-2
3169,23,2024-08-02,Venta,-3
3170,22,2024-08-02,Venta,-1
3171,15,2026-03-26,Venta,-2
3172,81,2026-03-26,Venta,-1
3173,79,2024-08-09,Venta,-1
3174,24,2024-10-01,Venta,-2
3175,2,2025-01-04,Venta,-12
3176,72,2024-12-06,Venta,-1
3177,48,2024-12-06,Venta,-2
3178,4,2025-03-02,Venta,-2
3179,84,2025-03-02,Venta,-1
3180,51,2025-03-02,Venta,-1
3181,86,2024-06-12,Venta,-1
3182,34,2024-06-12,Venta,-4
3183,38,2024-06-12,Venta,-1
3184,1,2025-12-06,Venta,-2
3185,4,2024-06-06,Venta,-2
3186,75,2024-12-12,Venta,-1
3187,9,2024-12-12,Venta,-2
3188,90,2024-12-12,Venta,-3
3189,95,2024-11-27,Venta,-1
3190,14,2024-11-27,Venta,-3
3191,32,2024-01-27,Venta,-2
3192,21,2025-12-12,Venta,-1
3193,54,2025-12-12,Venta,-2
3194,56,2025-12-12,Venta,-1
3195,13,2026-03-02,Venta,-1
3196,39,2026-03-02,Venta,-1
3197,74,2026-03-02,Venta,-2
3198,75,2025-08-10,Venta,-1
3199,40,2024-07-07,Venta,-3
3200,16,2024-07-07,Venta,-1
3201,15,2024-07-07,Venta,-1
3202,36,2024-01-12,Venta,-1
3203,84,2024-01-12,Venta,-3
3204,100,2025-09-27,Venta,-1
3205,56,2024-04-23,Venta,-1
3206,75,2024-04-23,Venta,-1
3207,51,2024-04-23,Venta,-2
3208,52,2026-01-05,Venta,-1
3209,84,2026-01-05,Venta,-1
3210,7,2024-10-05,Venta,-1
3211,58,2026-03-24,Venta,-3
3212,16,2026-03-24,Venta,-3
3213,55,2025-09-06,Venta,-4
3214,86,2025-09-06,Venta,-3
3215,59,2025-09-06,Venta,-1
3216,83,2025-09-06,Venta,-1
3217,4,2025-11-01,Venta,-2
3218,10,2025-11-01,Venta,-3
3219,34,2024-02-10,Venta,-2
3220,4,2026-06-28,Venta,-1
3221,91,2026-06-28,Venta,-1
3222,87,2024-04-12,Venta,-4
3223,84,2024-04-12,Venta,-1
3224,92,2026-03-20,Venta,-1
3225,23,2025-11-01,Venta,-2
3226,7,2025-09-14,Venta,-2
3227,56,2025-09-14,Venta,-1
3228,35,2024-03-14,Venta,-1
3229,69,2024-03-14,Venta,-1
3230,85,2025-01-23,Venta,-2
3231,14,2025-01-23,Venta,-1
3232,26,2025-01-23,Venta,-2
3233,45,2024-07-08,Venta,-1
3234,86,2026-07-03,Venta,-1
3235,13,2026-07-03,Venta,-18
3236,19,2026-07-03,Venta,-4
3237,91,2026-07-03,Venta,-3
3238,52,2025-09-04,Venta,-1
3239,32,2025-09-04,Venta,-4
3240,76,2025-09-04,Venta,-3
3241,21,2025-09-04,Venta,-1
3242,2,2025-09-04,Venta,-1
3243,100,2026-07-28,Venta,-1
3244,76,2026-07-28,Venta,-2
3245,61,2026-07-28,Venta,-1
3246,11,2026-01-11,Venta,-1
3247,76,2026-06-13,Venta,-1
3248,71,2024-08-15,Venta,-2
3249,1,2024-08-15,Venta,-3
3250,91,2025-12-18,Venta,-2
3251,55,2025-12-18,Venta,-2
3252,18,2025-12-18,Venta,-1
3253,70,2025-12-18,Venta,-1
3254,71,2025-11-19,Venta,-1
3255,99,2024-04-23,Venta,-1
3256,80,2024-04-23,Venta,-1
3257,10,2024-04-23,Venta,-1
3258,81,2024-04-23,Venta,-1
3259,52,2024-04-23,Venta,-3
3260,61,2024-06-07,Venta,-1
3261,29,2024-06-07,Venta,-2
3262,19,2025-09-01,Venta,-1
3263,36,2025-09-01,Venta,-1
3264,7,2026-03-11,Venta,-1
3265,48,2026-03-11,Venta,-1
3266,21,2026-03-11,Venta,-6
3267,30,2026-03-11,Venta,-1
3268,3,2024-05-29,Venta,-1
3269,36,2024-05-29,Venta,-1
3270,71,2024-05-29,Venta,-1
3271,92,2024-05-29,Venta,-3
3272,76,2025-11-11,Venta,-1
3273,71,2025-11-02,Venta,-2
3274,42,2024-06-28,Venta,-1
3275,43,2024-06-28,Venta,-1
3276,55,2026-03-02,Venta,-1
3277,81,2026-03-02,Venta,-1
3278,54,2026-03-02,Venta,-2
3279,54,2025-07-19,Venta,-2
3280,75,2025-07-19,Venta,-1
3281,17,2025-07-19,Venta,-2
3282,87,2025-12-07,Venta,-2
3283,34,2025-12-07,Venta,-6
3284,45,2025-12-07,Venta,-2
3285,74,2025-02-01,Venta,-3
3286,24,2025-02-01,Venta,-1
3287,97,2024-11-21,Venta,-1
3288,63,2024-11-21,Venta,-2
3289,27,2024-02-29,Venta,-1
3290,1,2024-02-29,Venta,-2
3291,88,2025-10-17,Venta,-1
3292,96,2025-10-17,Venta,-2
3293,7,2025-10-17,Venta,-1
3294,85,2025-10-17,Venta,-2
3295,82,2025-10-17,Venta,-1
3296,69,2024-03-22,Venta,-2
3297,78,2024-03-22,Venta,-1
3298,74,2026-08-08,Venta,-1
3299,81,2024-03-03,Venta,-2
3300,90,2024-03-03,Venta,-2
3301,54,2026-05-18,Venta,-3
3302,13,2026-05-18,Venta,-1
3303,38,2026-05-18,Venta,-2
3304,24,2026-05-18,Venta,-1
3305,33,2026-04-28,Venta,-2
3306,1,2026-04-28,Venta,-1
3307,13,2025-05-12,Venta,-2
3308,85,2026-02-26,Venta,-1
3309,89,2026-02-26,Venta,-3
3310,52,2026-02-26,Venta,-1
3311,83,2026-02-26,Venta,-4
3312,100,2026-02-26,Venta,-1
3313,22,2024-01-06,Venta,-3
3314,94,2024-01-06,Venta,-1
3315,91,2024-01-08,Venta,-2
3316,82,2024-01-08,Venta,-1
3317,92,2024-01-03,Venta,-4
3318,97,2024-01-03,Venta,-4
3319,40,2024-01-03,Venta,-1
3320,62,2024-01-03,Venta,-3
3321,82,2024-12-14,Venta,-1
3322,76,2024-11-12,Venta,-1
3323,97,2024-08-10,Venta,-3
3324,84,2024-08-10,Venta,-1
3325,71,2024-03-18,Venta,-2
3326,94,2024-03-18,Venta,-1
3327,5,2024-03-18,Venta,-1
3328,38,2025-09-21,Venta,-1
3329,15,2024-12-14,Venta,-2
3330,4,2024-12-14,Venta,-1
3331,33,2024-12-14,Venta,-1
3332,58,2025-10-01,Venta,-2
3333,4,2025-10-01,Venta,-2
3334,16,2026-04-25,Venta,-1
3335,81,2025-08-22,Venta,-1
3336,3,2025-08-22,Venta,-1
3337,16,2025-08-22,Venta,-1
3338,89,2024-03-26,Venta,-1
3339,66,2024-03-26,Venta,-4
3340,12,2024-03-26,Venta,-1
3341,49,2026-04-30,Venta,-3
3342,96,2026-04-30,Venta,-1
3343,5,2026-04-30,Venta,-1
3344,51,2026-04-30,Venta,-1
3345,63,2025-12-15,Venta,-2
3346,18,2025-12-15,Venta,-4
3347,17,2025-12-15,Venta,-2
3348,29,2024-08-01,Venta,-2
3349,55,2024-12-16,Venta,-1
3350,23,2024-12-16,Venta,-3
3351,51,2026-04-03,Venta,-2
3352,11,2026-04-03,Venta,-1
3353,91,2026-06-27,Venta,-2
3354,46,2026-06-27,Venta,-3
3355,20,2026-06-27,Venta,-2
3356,18,2026-06-27,Venta,-2
3357,27,2026-07-20,Venta,-6
3358,36,2026-07-20,Venta,-1
3359,38,2026-07-20,Venta,-1
3360,12,2026-07-20,Venta,-2
3361,48,2026-07-20,Venta,-1
3362,51,2025-02-24,Venta,-3
3363,74,2025-02-24,Venta,-1
3364,88,2025-02-24,Venta,-1
3365,55,2025-02-24,Venta,-1
3366,38,2025-12-26,Venta,-1
3367,19,2024-12-07,Venta,-2
3368,94,2024-12-07,Venta,-2
3369,74,2025-12-29,Venta,-1
3370,30,2024-03-15,Venta,-1
3371,40,2024-07-19,Venta,-1
3372,14,2024-07-19,Venta,-1
3373,52,2024-07-19,Venta,-2
3374,12,2024-07-19,Venta,-1
3375,26,2025-01-17,Venta,-1
3376,26,2024-05-17,Venta,-2
3377,95,2026-06-20,Venta,-3
3378,61,2026-06-20,Venta,-2
3379,12,2025-03-31,Venta,-1
3380,59,2025-03-31,Venta,-4
3381,58,2025-03-31,Venta,-1
3382,67,2025-03-12,Venta,-1
3383,76,2025-03-12,Venta,-2
3384,29,2024-10-26,Venta,-1
3385,40,2024-10-26,Venta,-12
3386,8,2024-10-26,Venta,-1
3387,20,2026-02-09,Venta,-1
3388,70,2026-02-09,Venta,-1
3389,83,2025-12-08,Venta,-1
3390,57,2026-07-01,Venta,-2
3391,42,2026-05-03,Venta,-2
3392,1,2026-05-03,Venta,-2
3393,81,2024-08-08,Venta,-4
3394,5,2024-08-08,Venta,-4
3395,58,2024-08-08,Venta,-3
3396,33,2024-08-08,Venta,-2
3397,26,2024-08-08,Venta,-1
3398,55,2025-12-26,Venta,-1
3399,56,2025-12-26,Venta,-1
3400,74,2025-12-26,Venta,-2
3401,26,2025-12-26,Venta,-1
3402,20,2026-01-22,Venta,-1
3403,21,2026-07-04,Venta,-18
3404,1,2025-10-23,Venta,-1
3405,4,2025-10-23,Venta,-2
3406,53,2026-08-11,Venta,-3
3407,97,2025-09-12,Venta,-1
3408,85,2026-08-08,Venta,-1
3409,54,2026-08-08,Venta,-2
3410,36,2025-06-17,Venta,-1
3411,85,2025-06-17,Venta,-4
3412,5,2025-07-03,Venta,-1
3413,58,2025-07-03,Venta,-2
3414,1,2025-07-03,Venta,-1
3415,95,2025-07-03,Venta,-1
3416,29,2025-07-03,Venta,-2
3417,74,2024-09-09,Venta,-4
3418,71,2025-02-01,Venta,-2
3419,43,2024-12-04,Venta,-2
3420,22,2024-12-04,Venta,-2
3421,31,2026-03-06,Venta,-2
3422,90,2026-03-06,Venta,-1
3423,8,2024-08-15,Venta,-2
3424,36,2025-03-12,Venta,-1
3425,91,2025-03-12,Venta,-1
3426,5,2025-03-12,Venta,-3
3427,90,2026-05-12,Venta,-1
3428,96,2026-02-12,Venta,-1
3429,55,2026-02-12,Venta,-1
3430,11,2026-02-12,Venta,-1
3431,96,2026-08-01,Venta,-3
3432,32,2024-10-12,Venta,-1
3433,34,2025-04-25,Venta,-4
3434,94,2025-04-25,Venta,-1
3435,42,2025-04-25,Venta,-1
3436,65,2024-10-30,Venta,-3
3437,53,2025-01-10,Venta,-1
3438,42,2025-10-01,Venta,-24
3439,61,2025-10-01,Venta,-3
3440,95,2025-10-01,Venta,-2
3441,66,2025-12-21,Venta,-1
3442,14,2025-12-21,Venta,-4
3443,51,2025-08-23,Venta,-2
3444,88,2026-07-20,Venta,-1
3445,25,2026-07-20,Venta,-1
3446,91,2026-07-20,Venta,-2
3447,93,2024-07-30,Venta,-2
3448,81,2024-07-30,Venta,-1
3449,26,2025-10-10,Venta,-2
3450,40,2025-10-10,Venta,-2
3451,77,2025-10-10,Venta,-2
3452,58,2024-05-25,Venta,-1
3453,4,2024-05-11,Venta,-4
3454,10,2025-11-11,Venta,-2
3455,81,2025-11-11,Venta,-3
3456,31,2025-11-11,Venta,-1
3457,1,2024-12-12,Venta,-1
3458,85,2024-12-12,Venta,-2
3459,64,2024-12-12,Venta,-1
3460,34,2024-12-12,Venta,-1
3461,87,2024-08-10,Venta,-1
3462,94,2024-08-10,Venta,-1
3463,81,2025-08-25,Venta,-3
3464,70,2025-08-25,Venta,-1
3465,79,2024-02-15,Venta,-2
3466,76,2024-02-15,Venta,-2
3467,4,2024-02-15,Venta,-4
3468,21,2024-08-23,Venta,-2
3469,22,2024-08-23,Venta,-1
3470,86,2024-08-23,Venta,-1
3471,3,2025-10-20,Venta,-3
3472,37,2025-10-20,Venta,-1
3473,38,2025-10-20,Venta,-2
3474,29,2025-10-20,Venta,-3
3475,5,2025-11-28,Venta,-1
3476,3,2025-09-11,Venta,-1
3477,46,2025-11-14,Venta,-1
3478,80,2025-11-14,Venta,-1
3479,70,2025-11-14,Venta,-1
3480,69,2026-06-06,Venta,-2
3481,34,2026-06-06,Venta,-1
3482,55,2025-01-01,Venta,-1
3483,13,2025-08-29,Venta,-1
3484,89,2025-08-29,Venta,-1
3485,31,2024-07-18,Venta,-2
3486,56,2024-07-18,Venta,-1
3487,27,2024-07-18,Venta,-1
3488,4,2024-07-18,Venta,-2
3489,16,2024-07-18,Venta,-2
3490,58,2025-09-15,Venta,-1
3491,2,2025-09-15,Venta,-1
3492,26,2025-09-15,Venta,-1
3493,73,2025-09-15,Venta,-2
3494,71,2025-04-21,Venta,-1
3495,42,2025-04-21,Venta,-1
3496,91,2025-04-21,Venta,-1
3497,22,2025-04-21,Venta,-1
3498,93,2025-07-24,Venta,-6
3499,54,2025-07-24,Venta,-2
3500,48,2025-07-24,Venta,-1
3501,76,2024-07-07,Venta,-2
3502,31,2024-07-07,Venta,-1
3503,26,2025-10-16,Venta,-1
3504,86,2025-10-16,Venta,-1
3505,87,2024-12-14,Venta,-3
3506,47,2024-12-14,Venta,-1
3507,17,2024-06-14,Venta,-1
3508,29,2024-06-14,Venta,-2
3509,100,2024-02-12,Venta,-2
3510,50,2024-02-12,Venta,-2
3511,63,2025-03-09,Venta,-2
3512,2,2025-03-09,Venta,-6
3513,88,2024-11-30,Venta,-2
3514,11,2025-09-03,Venta,-1
3515,27,2025-09-03,Venta,-4
3516,17,2025-09-03,Venta,-2
3517,48,2026-03-18,Venta,-2
3518,1,2026-03-18,Venta,-1
3519,84,2026-03-18,Venta,-2
3520,61,2026-03-18,Venta,-1
3521,92,2026-03-18,Venta,-1
3522,38,2024-12-28,Venta,-1
3523,92,2024-12-28,Venta,-1
3524,5,2024-12-28,Venta,-2
3525,81,2024-12-28,Venta,-1
3526,2,2026-05-26,Venta,-2
3527,92,2026-05-26,Venta,-1
3528,73,2026-05-26,Venta,-1
3529,16,2026-05-26,Venta,-2
3530,38,2025-05-21,Venta,-2
3531,91,2025-05-21,Venta,-1
3532,90,2025-05-21,Venta,-1
3533,1,2025-10-26,Venta,-1
3534,95,2025-10-26,Venta,-1
3535,81,2025-10-26,Venta,-1
3536,62,2025-10-26,Venta,-1
3537,63,2024-12-30,Venta,-1
3538,81,2025-06-28,Venta,-1
3539,65,2024-07-19,Venta,-1
3540,36,2024-07-19,Venta,-1
3541,29,2024-11-18,Venta,-1
3542,90,2024-11-18,Venta,-1
3543,16,2024-12-09,Venta,-1
3544,14,2024-12-17,Venta,-1
3545,38,2026-04-24,Venta,-1
3546,29,2026-04-24,Venta,-1
3547,69,2026-04-24,Venta,-2
3548,51,2026-04-24,Venta,-1
3549,17,2024-04-12,Venta,-1
3550,76,2024-04-12,Venta,-2
3551,7,2024-09-27,Venta,-1
3552,12,2024-09-27,Venta,-4
3553,80,2024-09-27,Venta,-4
3554,1,2025-06-20,Venta,-2
3555,26,2025-06-20,Venta,-1
3556,67,2025-08-21,Venta,-1
3557,4,2025-08-21,Venta,-1
3558,29,2025-08-21,Venta,-4
3559,12,2025-12-01,Venta,-2
3560,30,2025-12-01,Venta,-1
3561,49,2025-12-01,Venta,-1
3562,13,2025-12-01,Venta,-1
3563,8,2025-03-01,Venta,-2
3564,26,2025-03-01,Venta,-1
3565,66,2025-06-22,Venta,-1
3566,62,2025-06-22,Venta,-2
3567,82,2025-08-07,Venta,-1
3568,85,2026-08-30,Venta,-4
3569,74,2026-01-10,Venta,-1
3570,38,2024-02-09,Venta,-1
3571,74,2024-02-09,Venta,-1
3572,92,2026-04-15,Venta,-2
3573,88,2026-04-15,Venta,-1
3574,32,2024-09-09,Venta,-1
3575,64,2024-09-09,Venta,-1
3576,29,2025-08-27,Venta,-3
3577,27,2025-08-27,Venta,-1
3578,84,2025-08-27,Venta,-1
3579,16,2025-08-27,Venta,-2
3580,40,2026-06-26,Venta,-1
3581,29,2024-11-24,Venta,-1
3582,85,2024-11-24,Venta,-1
3583,65,2026-04-08,Venta,-2
3584,46,2026-04-08,Venta,-6
3585,47,2026-04-08,Venta,-1
3586,51,2026-01-31,Venta,-3
3587,91,2026-01-31,Venta,-1
3588,25,2026-03-16,Venta,-2
3589,100,2026-03-16,Venta,-3
3590,74,2025-05-14,Venta,-4
3591,30,2025-05-14,Venta,-1
3592,55,2024-07-20,Venta,-3
3593,2,2024-09-06,Venta,-1
3594,6,2024-09-06,Venta,-2
3595,51,2025-05-30,Venta,-4
3596,52,2025-05-30,Venta,-1
3597,72,2025-05-30,Venta,-4
3598,68,2025-05-30,Venta,-1
3599,63,2026-03-18,Venta,-1
3600,81,2026-03-18,Venta,-1
3601,91,2024-05-29,Venta,-1
3602,70,2025-04-02,Venta,-1
3603,37,2025-04-02,Venta,-2
3604,82,2024-11-13,Venta,-1
3605,42,2024-11-13,Venta,-1
3606,76,2024-11-13,Venta,-1
3607,83,2024-11-13,Venta,-3
3608,17,2025-11-19,Venta,-1
3609,38,2025-11-19,Venta,-3
3610,74,2025-12-19,Venta,-3
3611,25,2025-12-19,Venta,-2
3612,93,2025-12-19,Venta,-1
3613,84,2025-12-19,Venta,-18
3614,34,2024-07-07,Venta,-1
3615,63,2026-07-24,Venta,-2
3616,38,2026-07-24,Venta,-1
3617,74,2024-11-24,Venta,-1
3618,21,2024-11-24,Venta,-1
3619,62,2025-04-28,Venta,-1
3620,7,2025-04-28,Venta,-6
3621,84,2025-11-22,Venta,-1
3622,26,2026-08-20,Venta,-1
3623,85,2026-08-20,Venta,-1
3624,94,2026-08-20,Venta,-2
3625,37,2024-02-17,Venta,-1
3626,84,2024-02-17,Venta,-2
3627,70,2024-02-17,Venta,-1
3628,64,2025-11-27,Venta,-1
3629,86,2025-11-27,Venta,-1
3630,53,2024-07-09,Venta,-1
3631,48,2024-07-09,Venta,-1
3632,81,2026-05-11,Venta,-3
3633,40,2026-05-11,Venta,-1
3634,34,2024-08-09,Venta,-1
3635,4,2024-08-09,Venta,-1
3636,8,2025-08-31,Venta,-4
3637,80,2025-08-31,Venta,-2
3638,90,2025-08-31,Venta,-1
3639,61,2026-07-18,Venta,-1
3640,3,2026-07-18,Venta,-1
3641,63,2026-07-18,Venta,-2
3642,90,2025-06-09,Venta,-2
3643,1,2024-11-19,Venta,-2
3644,81,2024-11-19,Venta,-2
3645,49,2024-11-19,Venta,-2
3646,47,2025-03-03,Venta,-2
3647,97,2025-03-19,Venta,-1
3648,26,2025-03-19,Venta,-2
3649,75,2025-02-28,Venta,-1
3650,86,2024-02-24,Venta,-2
3651,89,2024-02-24,Venta,-1
3652,93,2024-02-24,Venta,-1
3653,65,2024-06-24,Venta,-1
3654,48,2024-06-24,Venta,-1
3655,56,2024-06-24,Venta,-1
3656,82,2024-06-24,Venta,-1
3657,100,2025-04-26,Venta,-2
3658,69,2025-04-26,Venta,-1
3659,63,2024-02-27,Venta,-2
3660,22,2024-02-27,Venta,-1
3661,15,2026-06-07,Venta,-1
3662,76,2026-06-07,Venta,-2
3663,45,2026-06-07,Venta,-1
3664,21,2026-01-20,Venta,-2
3665,92,2026-01-20,Venta,-1
3666,49,2024-10-05,Venta,-1
3667,34,2024-10-05,Venta,-2
3668,13,2024-10-05,Venta,-1
3669,81,2024-10-05,Venta,-1
3670,42,2025-02-08,Venta,-1
3671,95,2024-08-27,Venta,-1
3672,27,2026-01-24,Venta,-1
3673,7,2025-08-16,Venta,-1
3674,84,2025-08-16,Venta,-1
3675,14,2024-03-06,Venta,-1
3676,76,2024-05-19,Venta,-1
3677,82,2026-07-23,Venta,-2
3678,5,2026-03-20,Venta,-2
3679,21,2026-03-20,Venta,-1
3680,18,2025-11-15,Venta,-2
3681,76,2025-11-15,Venta,-1
3682,85,2025-11-15,Venta,-1
3683,49,2025-08-12,Venta,-1
3684,4,2025-08-12,Venta,-2
3685,91,2024-02-09,Venta,-1
3686,87,2025-09-23,Venta,-1
3687,36,2025-09-23,Venta,-1
3688,23,2025-09-23,Venta,-1
3689,16,2025-12-29,Venta,-1
3690,61,2025-12-29,Venta,-1
3691,7,2024-04-05,Venta,-1
3692,34,2024-04-05,Venta,-2
3693,46,2024-04-05,Venta,-1
3694,85,2024-11-08,Venta,-2
3695,74,2024-11-08,Venta,-1
3696,84,2024-11-08,Venta,-3
3697,14,2024-07-11,Venta,-2
3698,90,2024-07-11,Venta,-6
3699,36,2024-07-11,Venta,-1
3700,22,2024-07-11,Venta,-1
3701,30,2026-04-07,Venta,-2
3702,54,2026-04-07,Venta,-1
3703,67,2026-04-07,Venta,-4
3704,92,2025-07-21,Venta,-1
3705,22,2026-06-05,Venta,-2
3706,94,2025-09-07,Venta,-2
3707,52,2025-09-07,Venta,-1
3708,83,2025-09-07,Venta,-3
3709,5,2024-01-05,Venta,-2
3710,26,2024-01-05,Venta,-1
3711,85,2024-01-05,Venta,-1
3712,72,2025-10-22,Venta,-1
3713,88,2024-04-19,Venta,-1
3714,19,2024-04-19,Venta,-1
3715,61,2024-04-19,Venta,-1
3716,8,2026-05-16,Venta,-1
3717,2,2026-05-16,Venta,-6
3718,37,2024-12-10,Venta,-1
3719,70,2024-12-10,Venta,-3
3720,38,2024-12-10,Venta,-2
3721,88,2024-12-10,Venta,-2
3722,14,2024-12-10,Venta,-1
3723,55,2024-10-26,Venta,-1
3724,26,2024-12-01,Venta,-3
3725,38,2024-12-01,Venta,-2
3726,4,2024-12-01,Venta,-1
3727,71,2024-11-14,Venta,-4
3728,47,2024-11-14,Venta,-2
3729,54,2025-08-24,Venta,-2
3730,68,2025-08-24,Venta,-2
3731,88,2025-05-17,Venta,-2
3732,14,2025-05-17,Venta,-1
3733,49,2025-08-09,Venta,-1
3734,60,2024-08-14,Venta,-1
3735,95,2024-08-14,Venta,-3
3736,29,2024-08-01,Venta,-1
3737,51,2025-04-15,Venta,-2
3738,4,2025-04-15,Venta,-3
3739,13,2024-08-08,Venta,-1
3740,43,2024-08-08,Venta,-1
3741,51,2024-08-26,Venta,-2
3742,66,2024-08-26,Venta,-2
3743,34,2024-08-26,Venta,-6
3744,87,2024-08-26,Venta,-1
3745,2,2024-08-26,Venta,-1
3746,34,2026-07-12,Venta,-1
3747,89,2026-07-12,Venta,-1
3748,4,2026-07-12,Venta,-2
3749,74,2026-07-12,Venta,-2
3750,89,2025-09-19,Venta,-1
3751,74,2025-09-19,Venta,-3
3752,14,2026-05-18,Venta,-1
3753,4,2026-05-18,Venta,-1
3754,37,2026-05-18,Venta,-2
3755,86,2025-05-02,Venta,-1
3756,70,2025-05-02,Venta,-2
3757,7,2025-03-07,Venta,-2
3758,29,2025-03-07,Venta,-1
3759,41,2025-03-07,Venta,-1
3760,21,2026-02-23,Venta,-1
3761,72,2026-02-23,Venta,-2
3762,4,2026-05-21,Venta,-1
3763,14,2026-05-21,Venta,-3
3764,30,2026-01-09,Venta,-1
3765,86,2026-08-22,Venta,-1
3766,61,2026-08-22,Venta,-3
3767,75,2026-01-24,Venta,-1
3768,12,2026-01-24,Venta,-1
3769,39,2026-01-24,Venta,-1
3770,4,2024-03-20,Venta,-1
3771,60,2024-03-29,Venta,-2
3772,37,2024-03-29,Venta,-1
3773,21,2024-03-29,Venta,-1
3774,20,2025-03-12,Venta,-1
3775,93,2025-03-12,Venta,-2
3776,52,2025-06-07,Venta,-1
3777,100,2025-06-07,Venta,-2
3778,4,2025-06-07,Venta,-1
3779,83,2026-06-25,Venta,-3
3780,54,2025-01-18,Venta,-1
3781,81,2026-07-19,Venta,-1
3782,90,2026-07-19,Venta,-1
3783,17,2026-07-19,Venta,-1
3784,77,2026-07-19,Venta,-2
3785,88,2024-06-08,Venta,-1
3786,74,2024-09-06,Venta,-24
3787,54,2024-09-06,Venta,-1
3788,21,2024-09-06,Venta,-1
3789,86,2024-09-06,Venta,-1
3790,66,2026-04-27,Venta,-3
3791,5,2026-04-27,Venta,-1
3792,92,2026-04-27,Venta,-1
3793,63,2025-05-05,Venta,-2
3794,24,2025-07-04,Venta,-1
3795,83,2025-06-19,Venta,-1
3796,62,2025-06-19,Venta,-1
3797,4,2025-08-24,Venta,-3
3798,71,2025-08-24,Venta,-2
3799,32,2025-08-24,Venta,-1
3800,17,2026-06-05,Venta,-1
3801,83,2026-05-11,Venta,-2
3802,14,2024-06-07,Venta,-1
3803,38,2024-12-06,Venta,-2
3804,91,2024-12-06,Venta,-18
3805,63,2026-04-07,Venta,-1
3806,67,2024-11-16,Venta,-2
3807,4,2024-11-16,Venta,-1
3808,36,2024-11-06,Venta,-2
3809,20,2024-11-06,Venta,-6
3810,91,2024-11-06,Venta,-1
3811,95,2024-11-06,Venta,-1
3812,76,2024-12-15,Venta,-2
3813,84,2024-12-15,Venta,-3
3814,55,2025-10-18,Venta,-1
3815,86,2025-10-13,Venta,-6
3816,81,2025-10-13,Venta,-2
3817,21,2026-08-05,Venta,-3
3818,72,2024-05-29,Venta,-2
3819,92,2024-05-29,Venta,-12
3820,51,2024-05-29,Venta,-1
3821,89,2024-12-19,Venta,-1
3822,72,2026-02-17,Venta,-4
3823,31,2026-02-17,Venta,-1
3824,38,2024-05-11,Venta,-2
3825,53,2026-07-24,Venta,-1
3826,1,2026-05-01,Venta,-1
3827,100,2024-01-24,Venta,-1
3828,56,2024-01-24,Venta,-2
3829,92,2024-01-24,Venta,-1
3830,63,2024-09-22,Venta,-1
3831,84,2025-07-26,Venta,-3
3832,22,2024-08-31,Venta,-1
3833,16,2024-08-31,Venta,-1
3834,84,2026-06-07,Venta,-1
3835,78,2026-06-07,Venta,-3
3836,14,2026-06-07,Venta,-1
3837,56,2026-06-22,Venta,-2
3838,55,2026-06-22,Venta,-1
3839,4,2026-06-22,Venta,-4
3840,16,2024-10-23,Venta,-2
3841,34,2024-10-23,Venta,-1
3842,27,2024-10-23,Venta,-1
3843,74,2024-08-26,Venta,-1
3844,85,2025-10-16,Venta,-2
3845,16,2025-10-16,Venta,-3
3846,8,2025-10-16,Venta,-6
3847,61,2025-10-16,Venta,-1
3848,20,2024-06-06,Venta,-2
3849,100,2025-02-12,Venta,-1
3850,86,2025-05-01,Venta,-1
3851,66,2025-05-01,Venta,-1
3852,7,2024-10-10,Venta,-1
3853,55,2024-09-20,Venta,-1
3854,6,2024-09-20,Venta,-1
3855,85,2024-09-20,Venta,-2
3856,64,2025-09-18,Venta,-12
3857,45,2025-09-18,Venta,-2
3858,32,2024-07-30,Venta,-1
3859,56,2025-10-16,Venta,-2
3860,62,2025-10-16,Venta,-1
3861,86,2026-02-23,Venta,-3
3862,75,2026-02-23,Venta,-1
3863,4,2026-02-23,Venta,-1
3864,48,2025-07-20,Venta,-1
3865,69,2026-08-08,Venta,-1
3866,85,2026-02-06,Venta,-1
3867,70,2026-02-06,Venta,-12
3868,5,2024-12-23,Venta,-1
3869,67,2025-07-24,Venta,-1
3870,8,2025-07-24,Venta,-1
3871,92,2025-07-24,Venta,-2
3872,81,2025-01-30,Venta,-1
3873,91,2025-02-08,Venta,-1
3874,52,2025-02-08,Venta,-1
3875,1,2026-07-04,Venta,-1
3876,35,2026-07-04,Venta,-3
3877,14,2024-10-10,Venta,-2
3878,81,2024-10-10,Venta,-1
3879,4,2025-09-26,Venta,-1
3880,83,2024-10-05,Venta,-1
3881,25,2025-12-26,Venta,-1
3882,90,2025-12-26,Venta,-1
3883,22,2025-12-26,Venta,-1
3884,49,2026-05-30,Venta,-1
3885,33,2026-05-30,Venta,-1
3886,83,2026-07-08,Venta,-1
3887,29,2025-04-19,Venta,-2
3888,51,2025-04-19,Venta,-1
3889,100,2026-05-29,Venta,-1
3890,26,2026-05-29,Venta,-1
3891,35,2025-07-03,Venta,-1
3892,61,2024-12-16,Venta,-1
3893,85,2024-12-16,Venta,-1
3894,85,2025-04-23,Venta,-2
3895,14,2025-04-23,Venta,-2
3896,67,2024-12-18,Venta,-1
3897,84,2024-12-18,Venta,-1
3898,4,2026-07-19,Venta,-1
3899,46,2026-07-19,Venta,-2
3900,82,2025-10-15,Venta,-1
3901,52,2025-10-15,Venta,-1
3902,26,2025-12-31,Venta,-1
3903,80,2025-12-31,Venta,-1
3904,17,2025-12-31,Venta,-2
3905,23,2025-12-31,Venta,-1
3906,91,2025-12-31,Venta,-1
3907,33,2025-02-16,Venta,-1
3908,61,2025-02-16,Venta,-1
3909,91,2025-11-25,Venta,-3
3910,46,2025-11-25,Venta,-1
3911,55,2025-11-25,Venta,-1
3912,22,2025-10-23,Venta,-3
3913,4,2025-10-23,Venta,-1
3914,74,2024-04-10,Venta,-2
3915,63,2024-04-10,Venta,-4
3916,62,2025-08-22,Venta,-2
3917,81,2025-05-15,Venta,-1
3918,99,2025-05-15,Venta,-1
3919,30,2026-02-10,Venta,-1
3920,54,2026-02-10,Venta,-2
3921,84,2026-02-10,Venta,-2
3922,48,2026-02-10,Venta,-1
3923,77,2025-10-12,Venta,-1
3924,49,2025-10-12,Venta,-1
3925,59,2026-06-24,Venta,-1
3926,72,2026-06-24,Venta,-2
3927,38,2026-06-24,Venta,-4
3928,95,2026-07-25,Venta,-1
3929,34,2026-07-25,Venta,-2
3930,89,2025-06-09,Venta,-1
3931,21,2025-06-09,Venta,-1
3932,61,2025-06-09,Venta,-2
3933,27,2024-03-10,Venta,-1
3934,1,2025-11-19,Venta,-6
3935,22,2025-11-19,Venta,-2
3936,3,2026-04-04,Venta,-1
3937,91,2024-12-07,Venta,-2
3938,71,2024-07-04,Venta,-1
3939,40,2024-07-04,Venta,-3
3940,14,2024-07-04,Venta,-2
3941,41,2024-07-04,Venta,-1
3942,66,2024-07-04,Venta,-1
3943,63,2024-12-16,Venta,-1
3944,43,2024-12-16,Venta,-1
3945,23,2024-12-16,Venta,-6
3946,47,2026-01-09,Venta,-2
3947,99,2026-01-09,Venta,-1
3948,48,2024-06-18,Venta,-1
3949,56,2024-06-18,Venta,-1
3950,52,2024-06-18,Venta,-3
3951,63,2024-04-09,Venta,-1
3952,1,2025-05-09,Venta,-2
3953,51,2025-05-09,Venta,-2
3954,56,2025-05-09,Venta,-12
3955,53,2025-12-06,Venta,-6
3956,22,2025-12-06,Venta,-1
3957,14,2024-02-15,Venta,-1
3958,95,2025-03-15,Venta,-1
3959,94,2025-08-05,Venta,-2
3960,7,2025-07-26,Venta,-1
3961,74,2025-07-26,Venta,-1
3962,76,2025-07-26,Venta,-2
3963,22,2024-06-28,Venta,-4
3964,85,2024-06-28,Venta,-2
3965,91,2024-06-28,Venta,-2
3966,40,2024-01-04,Venta,-3
3967,59,2024-01-04,Venta,-1
3968,5,2026-04-27,Venta,-1
3969,73,2026-04-27,Venta,-1
3970,37,2026-04-27,Venta,-2
3971,74,2026-04-27,Venta,-2
3972,55,2026-04-27,Venta,-2
3973,74,2025-05-06,Venta,-1
3974,84,2024-11-07,Venta,-1
3975,85,2025-12-17,Venta,-2
3976,51,2025-12-17,Venta,-1
3977,55,2025-12-16,Venta,-4
3978,68,2025-12-16,Venta,-1
3979,93,2025-12-16,Venta,-2
3980,2,2025-08-27,Venta,-1
3981,4,2025-08-27,Venta,-2
3982,10,2025-11-14,Venta,-1
3983,41,2025-11-14,Venta,-4
3984,45,2025-11-14,Venta,-3
3985,77,2025-11-14,Venta,-1
3986,95,2026-02-17,Venta,-18
3987,14,2025-07-09,Venta,-1
3988,22,2025-07-09,Venta,-1
3989,37,2026-05-13,Venta,-2
3990,41,2026-05-13,Venta,-1
3991,76,2026-05-13,Venta,-2
3992,65,2026-05-13,Venta,-2
3993,62,2026-01-31,Venta,-2
3994,82,2024-08-03,Venta,-2
3995,19,2024-08-03,Venta,-2
3996,74,2024-08-03,Venta,-1
3997,18,2025-02-21,Venta,-1
3998,20,2025-02-21,Venta,-3
3999,24,2025-04-12,Venta,-1
4000,43,2025-04-12,Venta,-2
4001,88,2025-01-20,Venta,-1
4002,94,2025-01-20,Venta,-1
4003,82,2024-03-28,Venta,-1
4004,56,2026-07-11,Venta,-1
4005,53,2026-07-11,Venta,-1
4006,93,2024-05-26,Venta,-2
4007,66,2024-05-26,Venta,-1
4008,7,2024-05-26,Venta,-1
4009,88,2026-08-28,Venta,-1
4010,94,2026-08-28,Venta,-2
4011,32,2024-12-17,Venta,-1
4012,4,2024-09-08,Venta,-1
4013,84,2026-07-15,Venta,-2
4014,3,2025-07-11,Venta,-1
4015,34,2025-11-08,Venta,-4
4016,80,2025-11-08,Venta,-1
4017,14,2025-11-08,Venta,-1
4018,36,2024-03-19,Venta,-1
4019,85,2024-03-19,Venta,-1
4020,82,2024-03-19,Venta,-2
4021,46,2024-04-27,Venta,-3
4022,58,2024-04-27,Venta,-2
4023,88,2024-04-27,Venta,-1
4024,84,2024-11-15,Venta,-1
4025,98,2024-11-15,Venta,-1
4026,48,2024-11-15,Venta,-1
4027,91,2025-05-15,Venta,-2
4028,38,2025-05-15,Venta,-6
4029,71,2025-12-13,Venta,-1
4030,94,2026-03-09,Venta,-3
4031,14,2024-07-12,Venta,-6
4032,85,2025-10-21,Venta,-1
4033,63,2025-06-28,Venta,-1
4034,2,2025-06-28,Venta,-2
4035,52,2025-11-16,Venta,-2
4036,81,2025-11-16,Venta,-1
4037,22,2024-05-09,Venta,-1
4038,45,2024-05-09,Venta,-3
4039,74,2024-05-09,Venta,-1
4040,60,2024-05-09,Venta,-1
4041,6,2025-10-23,Venta,-1
4042,59,2025-10-23,Venta,-1
4043,88,2024-11-02,Venta,-2
4044,59,2024-11-02,Venta,-2
4045,9,2025-12-10,Venta,-1
4046,18,2024-10-31,Venta,-3
4047,16,2024-10-31,Venta,-1
4048,89,2026-06-06,Venta,-2
4049,95,2026-06-06,Venta,-1
4050,45,2024-08-19,Venta,-1
4051,96,2024-08-19,Venta,-12
4052,43,2024-08-19,Venta,-4
4053,90,2026-01-08,Venta,-4
4054,63,2026-05-03,Venta,-1
4055,51,2026-05-03,Venta,-1
4056,8,2025-11-26,Venta,-1
4057,4,2024-09-21,Venta,-1
4058,14,2024-09-21,Venta,-2
4059,76,2024-09-29,Venta,-1
4060,74,2024-09-29,Venta,-1
4061,81,2026-03-31,Venta,-1
4062,20,2024-12-27,Venta,-1
4063,84,2024-12-27,Venta,-2
4064,33,2025-10-22,Venta,-3
4065,99,2025-10-22,Venta,-1
4066,83,2026-08-18,Venta,-1
4067,37,2026-08-18,Venta,-1
4068,52,2026-08-18,Venta,-2
4069,17,2026-06-02,Venta,-3
4070,24,2024-10-10,Venta,-1
4071,55,2024-10-10,Venta,-1
4072,51,2024-10-10,Venta,-2
4073,12,2025-12-11,Venta,-1
4074,1,2025-12-11,Venta,-1
4075,81,2026-08-14,Venta,-18
4076,29,2026-08-14,Venta,-2
4077,94,2025-03-09,Venta,-2
4078,40,2025-03-09,Venta,-1
4079,19,2025-03-09,Venta,-1
4080,55,2025-03-09,Venta,-3
4081,4,2025-01-18,Venta,-1
4082,74,2025-01-18,Venta,-2
4083,29,2024-02-19,Venta,-1
4084,30,2024-02-19,Venta,-2
4085,40,2024-02-19,Venta,-1
4086,67,2024-11-28,Venta,-6
4087,23,2024-11-28,Venta,-1
4088,48,2024-11-28,Venta,-1
4089,14,2024-06-04,Venta,-2
4090,46,2025-09-27,Venta,-3
4091,98,2025-09-27,Venta,-1
4092,22,2025-09-27,Venta,-2
4093,88,2026-05-14,Venta,-1
4094,27,2026-05-14,Venta,-1
4095,56,2026-05-14,Venta,-1
4096,37,2026-05-14,Venta,-1
4097,63,2025-12-06,Venta,-1
4098,23,2025-12-09,Venta,-6
4099,74,2025-12-09,Venta,-4
4100,40,2025-12-09,Venta,-2
4101,7,2025-12-09,Venta,-1
4102,69,2024-10-11,Venta,-1
4103,88,2024-10-11,Venta,-3
4104,21,2025-11-03,Venta,-2
4105,4,2026-08-20,Venta,-3
4106,45,2026-08-20,Venta,-2
4107,24,2025-11-14,Venta,-1
4108,55,2025-11-14,Venta,-1
4109,2,2025-06-01,Venta,-18
4110,27,2025-06-01,Venta,-1
4111,16,2025-06-01,Venta,-1
4112,65,2026-01-20,Venta,-1
4113,88,2026-01-20,Venta,-1
4114,21,2026-01-20,Venta,-1
4115,94,2026-01-20,Venta,-3
4116,18,2026-07-06,Venta,-2
4117,4,2026-07-06,Venta,-1
4118,44,2025-12-02,Venta,-1
4119,4,2025-12-02,Venta,-1
4120,14,2025-12-02,Venta,-1
4121,48,2025-06-20,Venta,-1
4122,66,2025-06-20,Venta,-1
4123,84,2025-06-20,Venta,-1
4124,81,2025-04-03,Venta,-1
4125,68,2025-06-30,Venta,-1
4126,89,2025-06-30,Venta,-1
4127,38,2025-06-30,Venta,-1
4128,83,2025-08-06,Venta,-1
4129,88,2026-07-03,Venta,-2
4130,30,2026-07-03,Venta,-1
4131,1,2026-07-03,Venta,-1
4132,46,2026-07-03,Venta,-2
4133,22,2025-03-25,Venta,-1
4134,29,2024-08-07,Venta,-1
4135,18,2025-12-05,Venta,-2
4136,21,2025-12-05,Venta,-1
4137,55,2024-06-06,Venta,-1
4138,37,2024-06-06,Venta,-1
4139,7,2024-06-06,Venta,-6
4140,59,2024-06-06,Venta,-1
4141,40,2024-11-24,Venta,-3
4142,7,2025-04-14,Venta,-1
4143,5,2026-03-01,Venta,-1
4144,21,2026-01-01,Venta,-1
4145,48,2025-01-31,Venta,-2
4146,2,2024-12-10,Venta,-1
4147,29,2024-02-09,Venta,-1
4148,41,2024-02-09,Venta,-1
4149,95,2026-01-24,Venta,-1
4150,29,2024-01-13,Venta,-1
4151,1,2024-05-10,Venta,-4
4152,84,2024-05-10,Venta,-1
4153,4,2024-05-10,Venta,-1
4154,89,2024-07-17,Venta,-2
4155,14,2024-07-17,Venta,-1
4156,21,2024-07-17,Venta,-2
4157,54,2024-07-17,Venta,-4
4158,49,2024-10-15,Venta,-3
4159,81,2024-10-15,Venta,-1
4160,23,2024-10-15,Venta,-2
4161,29,2024-10-15,Venta,-1
4162,55,2024-11-03,Venta,-6
4163,3,2026-03-17,Venta,-1
4164,38,2026-03-17,Venta,-1
4165,44,2026-06-13,Venta,-1
4166,65,2026-06-13,Venta,-2
4167,34,2026-06-13,Venta,-1
4168,20,2026-06-13,Venta,-2
4169,73,2024-08-04,Venta,-1
4170,23,2024-08-04,Venta,-1
4171,88,2024-08-04,Venta,-1
4172,76,2024-08-04,Venta,-1
4173,84,2024-08-04,Venta,-3
4174,91,2024-04-16,Venta,-1
4175,76,2024-04-16,Venta,-1
4176,51,2024-04-16,Venta,-2
4177,30,2024-04-16,Venta,-1
4178,42,2025-11-15,Venta,-2
4179,10,2025-11-15,Venta,-4
4180,5,2025-11-15,Venta,-4
4181,24,2025-05-30,Venta,-2
4182,22,2024-10-05,Venta,-2
4183,66,2024-10-05,Venta,-1
4184,92,2024-10-05,Venta,-2
4185,45,2024-10-01,Venta,-1
4186,89,2025-06-21,Venta,-1
4187,95,2025-06-21,Venta,-2
4188,3,2025-09-21,Venta,-6
4189,55,2025-09-21,Venta,-3
4190,8,2025-09-21,Venta,-1
4191,6,2025-09-21,Venta,-1
4192,85,2025-09-21,Venta,-1
4193,32,2025-12-20,Venta,-2
4194,64,2025-12-20,Venta,-1
4195,75,2025-12-20,Venta,-2
4196,62,2024-12-06,Venta,-3
4197,18,2024-12-06,Venta,-1
4198,17,2025-08-28,Venta,-6
4199,41,2025-08-28,Venta,-1
4200,31,2025-10-31,Venta,-2
4201,61,2025-10-31,Venta,-6
4202,49,2025-10-31,Venta,-2
4203,34,2025-10-31,Venta,-1
4204,14,2025-10-31,Venta,-6
4205,22,2025-06-24,Venta,-2
4206,86,2025-06-24,Venta,-3
4207,86,2024-02-07,Venta,-1
4208,1,2024-02-07,Venta,-1
4209,2,2024-08-20,Venta,-2
4210,55,2024-08-20,Venta,-2
4211,91,2025-11-27,Venta,-1
4212,63,2025-11-27,Venta,-2
4213,38,2025-11-27,Venta,-1
4214,2,2024-12-22,Venta,-3
4215,88,2024-12-22,Venta,-18
4216,85,2024-12-22,Venta,-2
4217,86,2024-12-22,Venta,-1
4218,14,2024-12-22,Venta,-1
4219,84,2025-04-10,Venta,-1
4220,76,2025-04-10,Venta,-1
4221,34,2026-01-10,Venta,-1
4222,23,2024-04-04,Venta,-4
4223,34,2025-10-18,Venta,-1
4224,80,2025-02-06,Venta,-1
4225,41,2025-02-06,Venta,-2
4226,12,2025-02-08,Venta,-1
4227,40,2024-12-03,Venta,-1
4228,18,2026-04-18,Venta,-2
4229,31,2026-04-18,Venta,-2
4230,81,2026-04-18,Venta,-1
4231,30,2026-04-18,Venta,-1
4232,32,2025-04-15,Venta,-1
4233,81,2025-04-15,Venta,-2
4234,29,2024-01-02,Venta,-2
4235,100,2024-01-02,Venta,-1
4236,14,2025-10-01,Venta,-1
4237,40,2025-10-01,Venta,-3
4238,91,2025-10-01,Venta,-1
4239,61,2025-10-01,Venta,-2
4240,65,2024-08-11,Venta,-2
4241,88,2024-08-11,Venta,-1
4242,64,2025-10-05,Venta,-1
4243,86,2025-10-05,Venta,-2
4244,48,2025-10-05,Venta,-1
4245,32,2024-05-21,Venta,-3
4246,54,2024-05-04,Venta,-3
4247,95,2024-05-04,Venta,-1
4248,38,2025-09-14,Venta,-1
4249,4,2025-09-14,Venta,-1
4250,70,2024-10-07,Venta,-1
4251,62,2025-06-30,Venta,-1
4252,31,2025-06-30,Venta,-1
4253,51,2025-06-30,Venta,-1
4254,36,2025-06-30,Venta,-2
4255,71,2026-08-16,Venta,-1
4256,7,2025-07-09,Venta,-4
4257,85,2025-03-12,Venta,-1
4258,33,2025-12-20,Venta,-1
4259,56,2025-12-20,Venta,-1
4260,88,2024-02-23,Venta,-1
4261,61,2024-02-23,Venta,-1
4262,3,2024-01-24,Venta,-1
4263,90,2024-01-24,Venta,-1
4264,81,2024-07-19,Venta,-1
4265,76,2024-07-19,Venta,-1
4266,72,2024-07-19,Venta,-1
4267,46,2024-07-19,Venta,-1
4268,38,2026-04-15,Venta,-2
4269,23,2026-04-15,Venta,-1
4270,69,2025-03-11,Venta,-3
4271,66,2025-03-11,Venta,-1
4272,25,2025-03-11,Venta,-1
4273,38,2025-03-11,Venta,-1
4274,87,2025-07-22,Venta,-1
4275,72,2025-07-22,Venta,-1
4276,4,2025-07-22,Venta,-2
4277,4,2024-09-12,Venta,-1
4278,70,2024-09-12,Venta,-1
4279,31,2024-09-12,Venta,-2
4280,86,2026-03-29,Venta,-1
4281,4,2026-03-29,Venta,-4
4282,26,2026-05-15,Venta,-2
4283,62,2026-05-15,Venta,-1
4284,38,2026-05-15,Venta,-2
4285,94,2024-11-30,Venta,-1
4286,85,2025-09-25,Venta,-1
4287,23,2025-09-25,Venta,-2
4288,4,2024-01-14,Venta,-4
4289,76,2024-01-14,Venta,-1
4290,67,2024-08-24,Venta,-1
4291,18,2024-08-24,Venta,-1
4292,55,2024-08-24,Venta,-1
4293,85,2025-04-12,Venta,-3
4294,100,2025-04-12,Venta,-2
4295,71,2024-11-08,Venta,-1
4296,14,2024-11-08,Venta,-2
4297,26,2024-11-08,Venta,-1
4298,55,2024-11-08,Venta,-1
4299,69,2024-11-08,Venta,-2
4300,56,2024-04-11,Venta,-1
4301,62,2025-07-19,Venta,-1
4302,92,2025-07-19,Venta,-3
4303,2,2025-12-10,Venta,-1
4304,7,2025-12-10,Venta,-1
4305,72,2025-12-10,Venta,-1
4306,66,2025-12-23,Venta,-3
4307,43,2025-12-23,Venta,-1
4308,5,2025-12-15,Venta,-1
4309,14,2025-10-25,Venta,-1
4310,56,2025-10-25,Venta,-1
4311,61,2025-10-25,Venta,-1
4312,62,2024-03-30,Venta,-4
4313,20,2024-03-30,Venta,-1
4314,43,2024-03-30,Venta,-1
4315,51,2025-07-19,Venta,-4
4316,2,2025-07-19,Venta,-1
4317,75,2025-07-19,Venta,-1
4318,33,2025-07-19,Venta,-1
4319,76,2025-06-03,Venta,-1
4320,37,2025-06-03,Venta,-3
4321,96,2025-06-03,Venta,-1
4322,74,2025-06-03,Venta,-1
4323,34,2024-05-14,Venta,-1
4324,86,2024-05-14,Venta,-1
4325,19,2024-05-14,Venta,-1
4326,88,2026-06-19,Venta,-1
4327,22,2026-06-19,Venta,-1
4328,54,2026-06-19,Venta,-1
4329,36,2026-05-23,Venta,-1
4330,26,2026-05-23,Venta,-1
4331,95,2025-11-30,Venta,-1
4332,81,2024-06-20,Venta,-3
4333,93,2025-06-10,Venta,-3
4334,56,2025-06-10,Venta,-1
4335,71,2024-08-20,Venta,-1
4336,14,2024-08-20,Venta,-1
4337,23,2025-04-22,Venta,-1
4338,95,2025-04-22,Venta,-3
4339,4,2024-12-27,Venta,-2
4340,56,2024-12-27,Venta,-1
4341,94,2024-12-27,Venta,-4
4342,59,2026-04-23,Venta,-3
4343,1,2026-04-23,Venta,-1
4344,81,2024-05-18,Venta,-1
4345,49,2025-08-04,Venta,-1
4346,94,2025-06-12,Venta,-3
4347,58,2025-06-12,Venta,-4
4348,2,2026-02-13,Venta,-1
4349,38,2026-02-13,Venta,-6
4350,82,2026-02-13,Venta,-1
4351,51,2025-11-24,Venta,-1
4352,74,2025-11-24,Venta,-2
4353,67,2025-11-24,Venta,-1
4354,85,2025-11-24,Venta,-1
4355,7,2025-02-01,Venta,-2
4356,27,2025-02-01,Venta,-4
4357,62,2024-06-01,Venta,-3
4358,71,2024-06-01,Venta,-1
4359,61,2025-09-10,Venta,-3
4360,76,2025-09-10,Venta,-1
4361,66,2025-09-10,Venta,-3
4362,54,2025-09-10,Venta,-1
4363,74,2025-09-10,Venta,-1
4364,97,2024-11-18,Venta,-1
4365,85,2024-11-18,Venta,-1
4366,62,2024-06-08,Venta,-1
4367,55,2025-08-22,Venta,-2
4368,15,2025-08-22,Venta,-1
4369,51,2024-02-07,Venta,-2
4370,95,2024-02-07,Venta,-1
4371,22,2024-02-07,Venta,-3
4372,80,2025-02-05,Venta,-1
4373,59,2025-02-05,Venta,-1
4374,31,2025-02-05,Venta,-3
4375,84,2024-10-30,Venta,-1
4376,34,2026-08-20,Venta,-2
4377,24,2024-08-09,Venta,-1
4378,18,2024-08-09,Venta,-1
4379,81,2024-08-09,Venta,-2
4380,2,2026-04-23,Venta,-2
4381,14,2026-04-23,Venta,-1
4382,1,2026-04-23,Venta,-1
4383,60,2026-04-23,Venta,-1
4384,54,2024-01-18,Venta,-1
4385,75,2024-06-25,Venta,-1
4386,100,2024-06-25,Venta,-2
4387,55,2024-06-25,Venta,-1
4388,78,2026-07-04,Venta,-1
4389,95,2026-07-04,Venta,-1
4390,62,2026-07-04,Venta,-2
4391,70,2026-04-17,Venta,-6
4392,87,2026-04-17,Venta,-1
4393,61,2026-04-17,Venta,-2
4394,3,2026-04-17,Venta,-1
4395,36,2024-04-25,Venta,-3
4396,95,2026-06-24,Venta,-3
4397,22,2026-06-24,Venta,-1
4398,51,2025-09-27,Venta,-1
4399,29,2025-09-27,Venta,-1
4400,45,2024-06-03,Venta,-1
4401,83,2024-06-03,Venta,-1
4402,71,2025-07-20,Venta,-6
4403,36,2025-07-20,Venta,-2
4404,30,2024-10-04,Venta,-2
4405,48,2026-08-31,Venta,-2
4406,74,2025-03-20,Venta,-2
4407,84,2025-03-20,Venta,-1
4408,62,2025-03-20,Venta,-2
4409,31,2025-12-04,Venta,-1
4410,21,2025-12-04,Venta,-2
4411,61,2025-05-19,Venta,-4
4412,71,2025-05-19,Venta,-3
4413,99,2025-05-19,Venta,-3
4414,29,2026-03-24,Venta,-1
4415,4,2026-03-24,Venta,-1
4416,14,2026-05-08,Venta,-4
4417,40,2026-05-08,Venta,-2
4418,94,2026-05-08,Venta,-1
4419,4,2024-09-25,Venta,-1
4420,26,2024-09-25,Venta,-2
4421,26,2024-01-19,Venta,-1
4422,74,2024-01-19,Venta,-6
4423,34,2024-01-19,Venta,-1
4424,55,2025-04-27,Venta,-1
4425,2,2025-04-27,Venta,-2
4426,85,2024-10-19,Venta,-2
4427,42,2024-10-19,Venta,-1
4428,22,2024-10-19,Venta,-3
4429,43,2024-10-19,Venta,-1
4430,50,2025-12-17,Venta,-3
4431,26,2025-12-17,Venta,-1
4432,67,2025-12-17,Venta,-1
4433,76,2024-01-01,Venta,-2
4434,56,2024-01-01,Venta,-2
4435,66,2024-01-01,Venta,-3
4436,74,2025-01-16,Venta,-1
4437,36,2024-02-03,Venta,-2
4438,62,2025-04-29,Venta,-1
4439,17,2025-04-29,Venta,-2
4440,4,2025-04-29,Venta,-1
4441,12,2025-04-29,Venta,-1
4442,56,2025-03-08,Venta,-2
4443,29,2025-03-08,Venta,-2
4444,47,2025-03-08,Venta,-1
4445,83,2026-01-29,Venta,-1
4446,99,2026-01-29,Venta,-1
4447,21,2026-01-29,Venta,-2
4448,56,2025-03-27,Venta,-1
4449,12,2025-03-27,Venta,-1
4450,16,2025-03-27,Venta,-1
4451,28,2025-06-30,Venta,-2
4452,21,2025-06-30,Venta,-1
4453,81,2025-06-30,Venta,-1
4454,5,2025-04-13,Venta,-1
4455,49,2025-04-13,Venta,-1
4456,1,2025-04-13,Venta,-4
4457,91,2025-04-13,Venta,-2
4458,81,2025-04-13,Venta,-1
4459,85,2024-10-08,Venta,-1
4460,36,2024-10-08,Venta,-3
4461,46,2024-10-08,Venta,-1
4462,51,2025-11-21,Venta,-1
4463,38,2024-11-20,Venta,-1
4464,12,2024-11-20,Venta,-1
4465,24,2024-11-20,Venta,-1
4466,73,2024-03-19,Venta,-1
4467,2,2025-12-12,Venta,-1
4468,4,2025-12-12,Venta,-1
4469,23,2025-12-12,Venta,-1
4470,83,2024-09-28,Venta,-1
4471,63,2026-04-03,Venta,-1
4472,88,2026-08-15,Venta,-1
4473,4,2026-08-15,Venta,-3
4474,61,2024-03-23,Venta,-1
4475,79,2024-03-23,Venta,-1
4476,74,2024-07-04,Venta,-1
4477,29,2026-08-21,Venta,-1
4478,54,2026-08-21,Venta,-1
4479,100,2024-10-11,Venta,-1
4480,71,2024-10-11,Venta,-1
4481,97,2024-10-11,Venta,-3
4482,10,2024-10-11,Venta,-1
4483,29,2026-07-27,Venta,-2
4484,5,2026-07-27,Venta,-1
4485,69,2025-06-24,Venta,-1
4486,63,2025-06-24,Venta,-4
4487,29,2025-06-24,Venta,-2
4488,14,2026-06-27,Venta,-2
4489,69,2026-06-27,Venta,-1
4490,4,2026-07-06,Venta,-1
4491,80,2026-07-06,Venta,-2
4492,22,2026-07-06,Venta,-4
4493,29,2024-11-02,Venta,-1
4494,88,2024-10-18,Venta,-3
4495,22,2024-03-19,Venta,-3
4496,14,2025-03-02,Venta,-1
4497,74,2024-12-28,Venta,-3
4498,99,2024-12-28,Venta,-1
4499,51,2025-06-18,Venta,-1
4500,85,2025-09-20,Venta,-1
4501,53,2024-02-15,Venta,-1
4502,86,2024-02-15,Venta,-3
4503,82,2024-02-15,Venta,-3
4504,100,2024-02-15,Venta,-1
4505,42,2026-07-28,Venta,-1
4506,89,2025-07-12,Venta,-1
4507,62,2025-07-12,Venta,-1
4508,64,2025-07-12,Venta,-2
4509,84,2024-06-02,Venta,-1
4510,31,2024-06-02,Venta,-1
4511,25,2026-01-31,Venta,-2
4512,38,2026-01-31,Venta,-1
4513,66,2026-01-31,Venta,-2
4514,55,2025-05-06,Venta,-3
4515,4,2025-05-06,Venta,-1
4516,1,2025-05-06,Venta,-1
4517,88,2026-02-24,Venta,-1
4518,97,2024-10-27,Venta,-1
4519,59,2024-10-27,Venta,-1
4520,67,2024-10-19,Venta,-1
4521,81,2024-10-19,Venta,-2
4522,11,2024-10-19,Venta,-1
4523,93,2024-10-19,Venta,-4
4524,26,2024-01-11,Venta,-1
4525,81,2024-01-11,Venta,-2
4526,84,2024-01-11,Venta,-1
4527,23,2024-08-21,Venta,-1
4528,60,2024-08-21,Venta,-1
4529,16,2024-08-21,Venta,-2
4530,51,2024-12-26,Venta,-4
4531,64,2025-09-21,Venta,-1
4532,67,2024-11-26,Venta,-2
4533,74,2025-12-11,Venta,-1
4534,4,2025-12-11,Venta,-2
4535,31,2024-12-30,Venta,-1
4536,38,2024-12-30,Venta,-3
4537,5,2024-12-30,Venta,-2
4538,20,2024-11-29,Venta,-1
4539,2,2024-11-29,Venta,-1
4540,74,2024-11-29,Venta,-1
4541,22,2024-10-29,Venta,-1
4542,4,2024-10-29,Venta,-2
4543,89,2024-10-29,Venta,-2
4544,14,2025-01-31,Venta,-2
4545,76,2025-07-26,Venta,-1
4546,85,2025-07-26,Venta,-1
4547,22,2024-11-16,Venta,-4
4548,4,2025-12-28,Venta,-2
4549,86,2025-12-28,Venta,-3
4550,93,2025-12-28,Venta,-1
4551,54,2024-09-04,Venta,-1
4552,53,2024-09-04,Venta,-1
4553,21,2024-09-04,Venta,-3
4554,70,2025-12-20,Venta,-4
4555,89,2025-12-20,Venta,-1
4556,49,2025-12-20,Venta,-1
4557,37,2025-12-20,Venta,-1
4558,43,2024-09-13,Venta,-1
4559,96,2024-09-13,Venta,-4
4560,56,2024-12-28,Venta,-1
4561,4,2024-12-28,Venta,-2
4562,82,2024-12-28,Venta,-2
4563,93,2024-09-15,Venta,-1
4564,26,2026-07-10,Venta,-1
4565,4,2025-12-28,Venta,-1
4566,30,2025-12-28,Venta,-1
4567,88,2024-03-30,Venta,-6
4568,14,2024-03-30,Venta,-1
4569,4,2025-12-25,Venta,-2
4570,32,2025-12-25,Venta,-2
4571,56,2025-09-08,Venta,-6
4572,82,2025-09-08,Venta,-3
4573,47,2025-09-08,Venta,-1
4574,36,2025-09-08,Venta,-2
4575,27,2024-06-10,Venta,-1
4576,24,2024-08-10,Venta,-1
4577,22,2025-05-15,Venta,-1
4578,63,2025-05-15,Venta,-1
4579,96,2025-12-08,Venta,-1
4580,31,2025-12-08,Venta,-1
4581,5,2025-12-08,Venta,-1
4582,21,2024-04-24,Venta,-3
4583,74,2024-04-24,Venta,-2
4584,54,2024-04-24,Venta,-1
4585,67,2025-08-29,Venta,-1
4586,86,2025-04-09,Venta,-1
4587,95,2026-05-05,Venta,-1
4588,29,2026-02-26,Venta,-2
4589,36,2026-02-26,Venta,-1
4590,62,2024-07-29,Venta,-1
4591,96,2024-07-29,Venta,-1
4592,55,2024-07-29,Venta,-1
4593,29,2025-09-11,Venta,-1
4594,91,2024-08-09,Venta,-1
4595,4,2024-08-09,Venta,-1
4596,83,2024-08-09,Venta,-2
4597,74,2026-03-11,Venta,-2
4598,88,2026-03-11,Venta,-1
4599,14,2024-07-19,Venta,-2
4600,36,2024-07-19,Venta,-1
4601,4,2024-07-19,Venta,-1
4602,95,2024-07-19,Venta,-1
4603,62,2024-08-29,Venta,-4
4604,58,2024-08-29,Venta,-1
4605,76,2024-09-29,Venta,-2
4606,20,2024-09-29,Venta,-2
4607,29,2024-09-29,Venta,-4
4608,23,2026-06-30,Venta,-2
4609,4,2026-06-30,Venta,-3
4610,68,2026-06-30,Venta,-2
4611,27,2024-10-02,Venta,-1
4612,32,2024-10-02,Venta,-1
4613,21,2024-10-02,Venta,-2
4614,64,2024-10-02,Venta,-1
4615,93,2026-07-02,Venta,-2
4616,52,2025-01-19,Venta,-1
4617,7,2025-01-19,Venta,-2
4618,55,2026-02-10,Venta,-2
4619,14,2026-04-06,Venta,-1
4620,68,2024-01-30,Venta,-2
4621,34,2024-01-30,Venta,-1
4622,7,2024-01-30,Venta,-2
4623,29,2025-12-04,Venta,-2
4624,67,2025-12-04,Venta,-1
4625,100,2026-03-27,Venta,-3
4626,66,2026-03-27,Venta,-1
4627,27,2025-04-06,Venta,-1
4628,40,2025-04-06,Venta,-1
4629,85,2025-04-06,Venta,-1
4630,26,2025-04-06,Venta,-2
4631,17,2024-03-12,Venta,-1
4632,16,2024-09-14,Venta,-3
4633,93,2024-09-14,Venta,-2
4634,85,2024-09-14,Venta,-2
4635,74,2024-09-14,Venta,-1
4636,86,2025-08-07,Venta,-1
4637,58,2025-08-07,Venta,-1
4638,77,2024-09-18,Venta,-1
4639,40,2024-09-18,Venta,-3
4640,26,2024-09-18,Venta,-1
4641,83,2025-12-14,Venta,-1
4642,34,2025-12-14,Venta,-2
4643,71,2025-12-14,Venta,-1
4644,38,2024-01-13,Venta,-1
4645,83,2025-04-02,Venta,-2
4646,100,2024-11-16,Venta,-1
4647,87,2024-11-16,Venta,-1
4648,12,2026-01-05,Venta,-2
4649,7,2024-04-15,Venta,-3
4650,76,2024-04-15,Venta,-1
4651,38,2024-04-15,Venta,-1
4652,61,2024-09-02,Venta,-2
4653,81,2024-09-02,Venta,-1
4654,54,2024-11-16,Venta,-2
4655,1,2024-11-16,Venta,-2
4656,85,2025-11-05,Venta,-3
4657,27,2025-11-05,Venta,-1
4658,76,2025-11-05,Venta,-1
4659,70,2025-11-05,Venta,-1
4660,56,2024-12-15,Venta,-1
4661,91,2024-12-15,Venta,-3
4662,16,2024-10-11,Venta,-2
4663,98,2024-10-11,Venta,-1
4664,79,2024-09-20,Venta,-1
4665,92,2026-03-30,Venta,-1
4666,62,2026-03-30,Venta,-1
4667,54,2024-07-08,Venta,-1
4668,51,2024-07-08,Venta,-1
4669,2,2024-07-08,Venta,-1
4670,52,2025-04-14,Venta,-1
4671,34,2024-04-07,Venta,-1
4672,100,2025-08-22,Venta,-1
4673,26,2026-05-13,Venta,-1
4674,32,2026-05-13,Venta,-2
4675,2,2026-05-13,Venta,-1
4676,99,2025-06-26,Venta,-1
4677,85,2026-04-10,Venta,-2
4678,89,2026-04-10,Venta,-1
4679,86,2026-04-10,Venta,-2
4680,62,2026-04-10,Venta,-1
4681,55,2026-02-21,Venta,-3
4682,86,2026-02-21,Venta,-2
4683,26,2026-02-21,Venta,-2
4684,23,2026-02-21,Venta,-1
4685,69,2024-08-28,Venta,-3
4686,84,2025-12-01,Venta,-1
4687,22,2025-12-01,Venta,-2
4688,80,2025-12-01,Venta,-4
4689,14,2025-02-08,Venta,-4
4690,14,2025-05-29,Venta,-4
4691,84,2025-05-29,Venta,-6
4692,85,2025-05-29,Venta,-1
4693,2,2025-05-29,Venta,-1
4694,1,2024-07-17,Venta,-18
4695,27,2024-08-19,Venta,-1
4696,14,2024-08-19,Venta,-2
4697,14,2024-08-16,Venta,-1
4698,48,2024-12-09,Venta,-1
4699,71,2024-05-08,Venta,-2
4700,88,2026-06-19,Venta,-2
4701,74,2026-06-19,Venta,-6
4702,29,2024-05-12,Venta,-1
4703,84,2024-05-12,Venta,-1
4704,49,2024-07-09,Venta,-1
4705,94,2024-02-24,Venta,-2
4706,4,2024-02-24,Venta,-2
4707,70,2025-04-01,Venta,-1
4708,27,2025-04-01,Venta,-4
4709,14,2025-04-01,Venta,-2
4710,38,2026-04-10,Venta,-2
4711,29,2026-08-02,Venta,-1
4712,26,2024-04-26,Venta,-1
4713,61,2024-12-31,Venta,-1
4714,73,2024-12-31,Venta,-3
4715,21,2024-12-31,Venta,-1
4716,94,2025-12-31,Venta,-3
4717,83,2025-12-31,Venta,-1
4718,75,2025-12-31,Venta,-1
4719,6,2025-12-31,Venta,-2
4720,63,2025-09-23,Venta,-3
4721,27,2025-09-23,Venta,-2
4722,26,2024-01-24,Venta,-3
4723,24,2024-01-24,Venta,-6
4724,85,2025-11-28,Venta,-1
4725,81,2025-11-28,Venta,-1
4726,67,2025-11-28,Venta,-1
4727,90,2026-02-24,Venta,-1
4728,14,2026-02-24,Venta,-3
4729,74,2026-02-24,Venta,-3
4730,100,2025-06-28,Venta,-1
4731,95,2025-06-28,Venta,-3
4732,59,2024-12-08,Venta,-1
4733,83,2024-12-08,Venta,-2
4734,83,2025-03-28,Venta,-1
4735,23,2025-03-28,Venta,-1
4736,39,2025-03-28,Venta,-1
4737,5,2024-10-22,Venta,-1
4738,14,2025-10-30,Venta,-1
4739,59,2024-06-20,Venta,-1
4740,46,2024-06-20,Venta,-1
4741,36,2024-06-20,Venta,-1
4742,93,2024-06-20,Venta,-1
4743,14,2024-06-20,Venta,-2
4744,72,2024-07-28,Venta,-1
4745,93,2024-07-28,Venta,-2
4746,30,2024-07-28,Venta,-1
4747,38,2026-03-27,Venta,-24
4748,62,2026-03-27,Venta,-1
4749,4,2026-02-02,Venta,-1
4750,34,2024-10-13,Venta,-3
4751,31,2025-11-08,Venta,-1
4752,2,2025-11-08,Venta,-1
4753,88,2025-11-08,Venta,-1
4754,19,2026-03-22,Venta,-1
4755,94,2024-11-29,Venta,-1
4756,83,2025-05-29,Venta,-1
4757,14,2025-05-29,Venta,-3
4758,20,2025-09-25,Venta,-1
4759,86,2025-11-20,Venta,-4
4760,37,2025-11-20,Venta,-1
4761,49,2025-11-20,Venta,-1
4762,78,2024-12-03,Venta,-1
4763,29,2024-03-06,Venta,-1
4764,46,2026-07-15,Venta,-1
4765,52,2026-07-15,Venta,-6
4766,66,2025-08-19,Venta,-1
4767,63,2025-08-19,Venta,-1
4768,26,2025-08-19,Venta,-1
4769,94,2025-08-19,Venta,-3
4770,82,2026-02-11,Venta,-2
4771,20,2025-12-19,Venta,-1
4772,33,2025-12-19,Venta,-2
4773,83,2024-08-14,Venta,-1
4774,1,2024-08-14,Venta,-1
4775,62,2024-08-14,Venta,-1
4776,65,2024-08-16,Venta,-1
4777,22,2024-08-16,Venta,-1
4778,39,2024-01-12,Venta,-1
4779,75,2025-07-08,Venta,-1
4780,16,2025-07-08,Venta,-1
4781,79,2024-04-28,Venta,-1
4782,23,2024-04-28,Venta,-1
4783,73,2024-04-28,Venta,-18
4784,54,2026-04-10,Venta,-2
4785,68,2025-07-03,Venta,-2
4786,3,2025-01-09,Venta,-1
4787,86,2025-01-09,Venta,-1
4788,71,2026-04-12,Venta,-2
4789,4,2024-09-28,Venta,-1
4790,43,2024-09-28,Venta,-1
4791,17,2024-09-28,Venta,-1
4792,88,2025-05-22,Venta,-1
4793,65,2025-05-22,Venta,-1
4794,68,2025-10-27,Venta,-3
4795,48,2025-11-20,Venta,-1
4796,85,2025-11-20,Venta,-1
4797,84,2024-08-14,Venta,-3
4798,74,2024-08-14,Venta,-2
4799,92,2024-08-14,Venta,-1
4800,22,2024-05-18,Venta,-1
4801,74,2024-05-18,Venta,-1
4802,71,2024-05-18,Venta,-2
4803,83,2025-12-18,Venta,-1
4804,7,2025-12-18,Venta,-1
4805,35,2025-12-18,Venta,-1
4806,36,2026-02-20,Venta,-2
4807,64,2026-02-20,Venta,-12
4808,71,2025-06-15,Venta,-2
4809,46,2025-06-15,Venta,-3
4810,4,2024-09-19,Venta,-2
4811,40,2024-12-26,Venta,-1
4812,79,2024-12-26,Venta,-2
4813,2,2025-04-12,Venta,-1
4814,40,2025-04-12,Venta,-2
4815,16,2025-04-12,Venta,-1
4816,1,2025-05-13,Venta,-1
4817,52,2025-05-13,Venta,-1
4818,29,2025-05-13,Venta,-1
4819,61,2024-07-02,Venta,-1
4820,74,2024-07-02,Venta,-1
4821,23,2024-07-02,Venta,-1
4822,29,2024-07-02,Venta,-6
4823,45,2024-12-19,Venta,-1
4824,94,2024-12-19,Venta,-2
4825,4,2024-11-23,Venta,-3
4826,82,2025-02-01,Venta,-1
4827,14,2025-02-01,Venta,-1
4828,81,2025-02-01,Venta,-2
4829,72,2025-10-28,Venta,-2
4830,46,2024-06-10,Venta,-1
4831,37,2024-06-10,Venta,-3
4832,67,2024-05-31,Venta,-2
4833,52,2024-05-31,Venta,-2
4834,24,2026-06-18,Venta,-12
4835,58,2026-06-18,Venta,-3
4836,90,2026-06-18,Venta,-2
4837,56,2026-06-18,Venta,-1
4838,3,2024-08-21,Venta,-1
4839,46,2025-09-30,Venta,-1
4840,31,2026-06-23,Venta,-3
4841,24,2025-06-08,Venta,-1
4842,82,2024-11-07,Venta,-1
4843,12,2024-11-07,Venta,-1
4844,72,2025-05-29,Venta,-3
4845,38,2025-02-22,Venta,-3
4846,91,2025-02-22,Venta,-3
4847,4,2025-05-31,Venta,-1
4848,49,2024-06-01,Venta,-1
4849,81,2024-06-01,Venta,-6
4850,7,2026-02-14,Venta,-4
4851,4,2026-02-14,Venta,-1
4852,56,2026-02-14,Venta,-2
4853,85,2026-02-14,Venta,-1
4854,88,2025-04-28,Venta,-1
4855,14,2025-04-28,Venta,-1
4856,61,2025-05-22,Venta,-1
4857,85,2025-05-22,Venta,-2
4858,7,2025-05-22,Venta,-1
4859,36,2024-11-16,Venta,-1
4860,61,2024-11-16,Venta,-1
4861,74,2024-11-16,Venta,-1
4862,29,2025-12-27,Venta,-1
4863,91,2025-12-27,Venta,-1
4864,14,2025-12-27,Venta,-1
4865,62,2025-12-27,Venta,-2
4866,74,2025-12-27,Venta,-2
4867,26,2024-09-26,Venta,-12
4868,69,2024-09-26,Venta,-1
4869,14,2025-09-03,Venta,-1
4870,96,2025-09-03,Venta,-1
4871,83,2024-08-20,Venta,-4
4872,82,2024-08-20,Venta,-2
4873,80,2024-08-20,Venta,-3
4874,18,2025-04-23,Venta,-3
4875,78,2025-04-23,Venta,-1
4876,4,2025-09-06,Venta,-2
4877,89,2025-05-02,Venta,-2
4878,4,2025-05-02,Venta,-1
4879,91,2025-05-02,Venta,-2
4880,69,2026-07-30,Venta,-1
4881,89,2026-07-30,Venta,-1
4882,55,2026-07-30,Venta,-1
4883,76,2026-07-30,Venta,-2
4884,17,2026-07-30,Venta,-1
4885,87,2026-06-19,Venta,-2
4886,91,2026-06-19,Venta,-1
4887,32,2026-03-27,Venta,-2
4888,36,2024-01-13,Venta,-2
4889,8,2024-01-13,Venta,-1
4890,71,2024-01-13,Venta,-1
4891,81,2024-01-13,Venta,-1
4892,14,2024-01-13,Venta,-2
4893,81,2026-08-08,Venta,-2
4894,1,2025-03-26,Venta,-1
4895,14,2025-03-26,Venta,-1
4896,63,2025-03-26,Venta,-3
4897,11,2025-03-26,Venta,-1
4898,37,2025-03-26,Venta,-1
4899,12,2026-07-10,Venta,-1
4900,29,2024-07-26,Venta,-3
4901,12,2025-07-29,Venta,-3
4902,94,2025-07-29,Venta,-2
4903,3,2025-07-29,Venta,-1
4904,38,2024-09-24,Venta,-1
4905,4,2024-09-24,Venta,-1
4906,74,2024-01-20,Venta,-1
4907,4,2025-12-06,Venta,-1
4908,92,2025-12-06,Venta,-1
4909,47,2024-09-21,Venta,-1
4910,22,2024-09-21,Venta,-1
4911,100,2024-09-21,Venta,-1
4912,32,2024-09-21,Venta,-2
4913,86,2025-02-07,Venta,-1
4914,1,2024-08-02,Venta,-2
4915,2,2025-07-22,Venta,-1
4916,46,2025-07-22,Venta,-2
4917,14,2025-07-22,Venta,-2
4918,24,2024-04-27,Venta,-1
4919,67,2024-04-27,Venta,-1
4920,59,2026-02-15,Venta,-1
4921,83,2026-02-15,Venta,-1
4922,24,2026-02-15,Venta,-1
4923,91,2026-04-23,Venta,-1
4924,3,2024-04-01,Venta,-1
4925,32,2024-08-24,Venta,-1
4926,24,2025-04-14,Venta,-2
4927,32,2025-04-14,Venta,-1
4928,85,2025-04-14,Venta,-1
4929,15,2025-04-14,Venta,-2
4930,12,2026-07-22,Venta,-2
4931,76,2026-07-22,Venta,-1
4932,83,2025-09-24,Venta,-3
4933,78,2025-09-24,Venta,-2
4934,31,2025-12-05,Venta,-1
4935,75,2025-12-05,Venta,-1
4936,56,2026-08-22,Venta,-1
4937,1,2026-08-22,Venta,-2
4938,64,2026-08-22,Venta,-2
4939,94,2026-08-22,Venta,-1
4940,97,2026-08-22,Venta,-1
4941,40,2026-07-26,Venta,-1
4942,65,2026-07-26,Venta,-2
4943,56,2026-07-26,Venta,-1
4944,75,2025-06-14,Venta,-1
4945,85,2025-06-14,Venta,-1
4946,68,2024-03-21,Venta,-1
4947,59,2024-03-21,Venta,-4
4948,87,2025-10-25,Venta,-1
4949,11,2024-09-21,Venta,-1
4950,4,2024-09-21,Venta,-1
4951,3,2024-09-21,Venta,-2
4952,46,2025-01-18,Venta,-1
4953,45,2024-05-03,Venta,-3
4954,74,2026-02-02,Venta,-1
4955,70,2026-02-02,Venta,-4
4956,23,2026-02-02,Venta,-1
4957,41,2026-02-02,Venta,-2
4958,35,2026-02-02,Venta,-1
4959,100,2025-04-30,Venta,-1
4960,49,2025-04-30,Venta,-4
4961,67,2024-03-12,Venta,-6
4962,88,2024-03-12,Venta,-2
4963,56,2024-03-12,Venta,-1
4964,3,2024-04-27,Venta,-1
4965,81,2024-04-27,Venta,-12
4966,45,2024-04-27,Venta,-2
4967,86,2024-07-06,Venta,-2
4968,27,2024-07-06,Venta,-1
4969,81,2025-04-26,Venta,-4
4970,100,2025-04-26,Venta,-1
4971,9,2024-07-05,Venta,-1
4972,86,2024-07-05,Venta,-1
4973,90,2024-07-05,Venta,-1
4974,14,2024-09-16,Venta,-2
4975,62,2024-09-16,Venta,-1
4976,86,2025-01-07,Venta,-2
4977,30,2024-11-04,Venta,-1
4978,22,2024-11-04,Venta,-1
4979,7,2025-05-05,Venta,-1
4980,77,2024-09-19,Venta,-1
4981,42,2024-09-19,Venta,-1
4982,40,2024-09-19,Venta,-2
4983,4,2024-09-19,Venta,-1
4984,55,2026-08-28,Venta,-1
4985,85,2024-08-08,Venta,-3
4986,24,2024-08-08,Venta,-2
4987,61,2024-06-07,Venta,-2
4988,68,2024-06-07,Venta,-1
4989,85,2026-07-09,Venta,-1
4990,76,2026-07-09,Venta,-3
4991,33,2026-07-09,Venta,-2
4992,14,2026-07-01,Venta,-2
4993,30,2026-07-01,Venta,-1
4994,85,2026-07-01,Venta,-1
4995,4,2026-07-01,Venta,-2
4996,72,2025-08-30,Venta,-2
4997,14,2024-06-16,Venta,-1
4998,34,2024-06-16,Venta,-4
4999,27,2024-01-05,Venta,-4
5000,37,2025-06-13,Venta,-1
5001,52,2025-06-13,Venta,-2
5002,61,2025-06-13,Venta,-3
5003,23,2024-12-20,Venta,-4
5004,22,2024-12-20,Venta,-2
5005,91,2024-12-01,Venta,-2
5006,33,2024-12-01,Venta,-1
5007,100,2024-12-01,Venta,-1
5008,81,2025-08-23,Venta,-1
5009,15,2025-08-23,Venta,-2
5010,52,2024-03-22,Venta,-2
5011,69,2025-04-09,Venta,-1
5012,63,2025-04-09,Venta,-1
5013,54,2025-04-09,Venta,-4
5014,63,2026-01-27,Venta,-2
5015,34,2026-01-27,Venta,-1
5016,76,2026-01-27,Venta,-6
5017,74,2026-01-27,Venta,-1
5018,88,2025-12-29,Venta,-1
5019,34,2025-12-29,Venta,-1
5020,43,2025-12-29,Venta,-1
5021,74,2025-12-29,Venta,-1
5022,58,2026-03-13,Venta,-2
5023,18,2026-03-13,Venta,-2
5024,27,2025-12-29,Venta,-1
5025,3,2025-12-29,Venta,-1
5026,40,2025-12-29,Venta,-3
5027,54,2025-12-29,Venta,-4
5028,69,2025-04-03,Venta,-3
5029,67,2025-04-03,Venta,-2
5030,71,2025-05-20,Venta,-1
5031,7,2025-12-05,Venta,-2
5032,14,2026-05-15,Venta,-1
5033,36,2026-05-15,Venta,-1
5034,4,2025-11-26,Venta,-1
5035,67,2024-07-25,Venta,-1
5036,69,2025-07-23,Venta,-1
5037,24,2025-07-23,Venta,-1
5038,52,2025-07-23,Venta,-1
5039,22,2025-11-10,Venta,-3
5040,55,2025-11-10,Venta,-1
5041,11,2025-11-10,Venta,-1
5042,58,2025-11-10,Venta,-1
5043,24,2025-06-05,Venta,-1
5044,22,2025-06-05,Venta,-1
5045,30,2025-06-05,Venta,-3
5046,88,2024-10-27,Venta,-1
5047,55,2024-10-27,Venta,-1
5048,86,2025-04-12,Venta,-2
5049,63,2025-04-12,Venta,-1
5050,89,2025-04-12,Venta,-2
5051,59,2026-06-10,Venta,-4
5052,1,2026-06-10,Venta,-1
5053,33,2026-06-10,Venta,-4
5054,59,2024-07-20,Venta,-1
5055,27,2024-07-20,Venta,-3
5056,84,2024-07-20,Venta,-1
5057,69,2024-02-13,Venta,-2
5058,12,2025-09-21,Venta,-1
5059,5,2025-09-21,Venta,-1
5060,22,2025-09-21,Venta,-4
5061,64,2025-07-10,Venta,-1
5062,96,2024-10-11,Venta,-1
5063,40,2024-10-11,Venta,-1
5064,24,2024-10-11,Venta,-3
5065,64,2024-10-11,Venta,-1
5066,91,2025-06-14,Venta,-1
5067,29,2025-06-14,Venta,-2
5068,63,2025-06-14,Venta,-1
5069,71,2025-11-10,Venta,-1
5070,71,2024-12-08,Venta,-1
5071,91,2025-10-03,Venta,-1
5072,74,2025-10-03,Venta,-4
5073,22,2025-10-03,Venta,-1
5074,30,2026-07-07,Venta,-6
5075,29,2026-07-07,Venta,-2
5076,24,2025-05-17,Venta,-3
5077,86,2024-09-07,Venta,-2
5078,62,2024-09-07,Venta,-1
5079,61,2024-09-07,Venta,-1
5080,4,2024-09-07,Venta,-2
5081,87,2024-09-07,Venta,-2
5082,75,2026-07-26,Venta,-12
5083,4,2026-03-29,Venta,-2
5084,66,2026-03-29,Venta,-1
5085,84,2026-03-29,Venta,-1
5086,42,2026-01-02,Venta,-24
5087,76,2024-12-21,Venta,-1
5088,43,2024-12-21,Venta,-4
5089,25,2025-10-02,Venta,-12
5090,23,2025-10-02,Venta,-2
5091,29,2024-07-28,Venta,-2
5092,85,2024-07-28,Venta,-2
5093,20,2024-07-28,Venta,-3
5094,74,2024-04-08,Venta,-2
5095,26,2024-04-08,Venta,-12
5096,76,2024-02-14,Venta,-3
5097,14,2025-09-04,Venta,-3
5098,40,2025-09-04,Venta,-1
5099,23,2024-08-08,Venta,-2
5100,20,2024-08-14,Venta,-3
5101,59,2024-12-13,Venta,-1
5102,10,2024-12-13,Venta,-1
5103,51,2024-12-13,Venta,-1
5104,42,2024-10-17,Venta,-1
5105,21,2024-09-13,Venta,-1
5106,51,2024-09-13,Venta,-3
5107,1,2026-02-04,Venta,-3
5108,10,2026-02-04,Venta,-1
5109,29,2026-02-04,Venta,-2
5110,89,2026-02-04,Venta,-1
5111,21,2026-02-04,Venta,-4
5112,2,2025-05-14,Venta,-2
5113,21,2025-05-14,Venta,-1
5114,74,2025-05-14,Venta,-1
5115,17,2026-03-25,Venta,-1
5116,94,2026-03-25,Venta,-1
5117,38,2026-03-25,Venta,-1
5118,23,2026-03-25,Venta,-1
5119,95,2024-07-11,Venta,-1
5120,45,2024-07-11,Venta,-1
5121,38,2025-12-01,Venta,-2
5122,47,2025-12-01,Venta,-2
5123,31,2025-12-01,Venta,-2
5124,75,2024-03-07,Venta,-1
5125,81,2024-03-07,Venta,-1
5126,16,2026-01-10,Venta,-2
5127,78,2026-01-10,Venta,-2
5128,94,2026-01-10,Venta,-3
5129,1,2024-11-05,Venta,-3
5130,97,2024-11-05,Venta,-2
5131,62,2024-09-26,Venta,-2
5132,88,2026-02-03,Venta,-1
5133,51,2026-02-03,Venta,-1
5134,67,2025-04-26,Venta,-1
5135,5,2025-01-18,Venta,-2
5136,53,2025-01-18,Venta,-2
5137,30,2026-04-25,Venta,-1
5138,82,2026-04-25,Venta,-1
5139,24,2025-05-26,Venta,-1
5140,2,2025-10-06,Venta,-2
5141,33,2025-10-06,Venta,-3
5142,45,2026-06-04,Venta,-1
5143,27,2026-06-04,Venta,-1
5144,84,2026-01-08,Venta,-3
5145,4,2026-01-08,Venta,-2
5146,27,2026-03-17,Venta,-1
5147,26,2026-03-17,Venta,-2
5148,14,2024-02-20,Venta,-4
5149,67,2024-02-20,Venta,-1
5150,62,2026-03-14,Venta,-1
5151,86,2026-03-14,Venta,-1
5152,51,2025-03-20,Venta,-2
5153,52,2025-12-03,Venta,-1
5154,18,2025-12-03,Venta,-1
5155,34,2025-12-03,Venta,-4
5156,24,2024-12-26,Venta,-2
5157,84,2024-12-26,Venta,-3
5158,56,2025-10-16,Venta,-2
5159,4,2025-10-16,Venta,-1
5160,63,2025-10-16,Venta,-1
5161,89,2025-10-16,Venta,-1
5162,18,2025-10-16,Venta,-1
5163,53,2025-09-13,Venta,-1
5164,100,2026-02-08,Venta,-6
5165,26,2026-02-08,Venta,-2
5166,2,2026-02-08,Venta,-1
5167,2,2025-08-14,Venta,-1
5168,93,2025-08-14,Venta,-1
5169,64,2025-08-14,Venta,-1
5170,5,2024-08-03,Venta,-1
5171,46,2024-08-03,Venta,-1
5172,14,2025-06-27,Venta,-2
5173,76,2025-06-27,Venta,-1
5174,26,2025-06-27,Venta,-18
5175,90,2024-02-24,Venta,-1
5176,24,2024-02-24,Venta,-1
5177,63,2024-02-24,Venta,-1
5178,2,2024-02-24,Venta,-1
5179,11,2025-07-25,Venta,-4
5180,65,2025-10-25,Venta,-4
5181,26,2025-04-14,Venta,-2
5182,68,2025-04-14,Venta,-1
5183,31,2024-03-19,Venta,-1
5184,92,2024-03-19,Venta,-1
5185,29,2025-09-25,Venta,-1
5186,13,2025-09-25,Venta,-1
5187,67,2025-09-25,Venta,-1
5188,63,2025-09-25,Venta,-1
5189,34,2025-09-25,Venta,-1
5190,25,2025-03-03,Venta,-1
5191,14,2024-11-18,Venta,-4
5192,15,2026-04-01,Venta,-1
5193,36,2024-12-23,Venta,-1
5194,63,2024-12-23,Venta,-1
5195,32,2024-12-23,Venta,-1
5196,14,2025-10-18,Venta,-2
5197,18,2025-10-18,Venta,-1
5198,95,2024-11-24,Venta,-1
5199,18,2024-11-24,Venta,-2
5200,36,2026-05-25,Venta,-1
5201,82,2024-06-14,Venta,-1
5202,79,2026-04-30,Venta,-2
5203,85,2026-04-30,Venta,-2
5204,9,2026-04-30,Venta,-2
5205,12,2024-10-18,Venta,-1
5206,86,2026-07-23,Venta,-6
5207,51,2025-11-08,Venta,-1
5208,67,2025-11-08,Venta,-3
5209,83,2025-11-08,Venta,-1
5210,67,2025-01-01,Venta,-1
5211,43,2026-07-23,Venta,-3
5212,71,2024-12-11,Venta,-1
5213,76,2024-12-11,Venta,-1
5214,22,2024-12-11,Venta,-4
5215,88,2024-12-11,Venta,-1
5216,93,2024-12-11,Venta,-2
5217,86,2025-11-21,Venta,-1
5218,21,2025-11-21,Venta,-1
5219,63,2026-08-01,Venta,-1
5220,81,2025-11-13,Venta,-2
5221,20,2025-11-13,Venta,-1
5222,52,2025-11-13,Venta,-1
5223,99,2025-05-30,Venta,-2
5224,18,2025-05-30,Venta,-4
5225,37,2025-08-18,Venta,-1
5226,91,2025-08-18,Venta,-1
5227,91,2024-04-20,Venta,-1
5228,2,2024-04-20,Venta,-1
5229,61,2024-04-20,Venta,-1
5230,61,2025-10-01,Venta,-1
5231,74,2025-10-01,Venta,-1
5232,26,2025-10-01,Venta,-1
5233,55,2025-11-15,Venta,-1
5234,85,2025-11-15,Venta,-1
5235,14,2025-11-15,Venta,-2
5236,26,2026-02-24,Venta,-1
5237,29,2026-02-24,Venta,-2
5238,76,2026-02-24,Venta,-1
5239,4,2024-09-14,Venta,-1
5240,74,2024-05-22,Venta,-1
5241,21,2025-04-30,Venta,-1
5242,68,2025-04-30,Venta,-2
5243,63,2025-11-07,Venta,-1
5244,45,2026-06-02,Venta,-2
5245,16,2026-06-02,Venta,-2
5246,1,2026-05-02,Venta,-3
5247,88,2026-05-02,Venta,-1
5248,4,2024-05-28,Venta,-3
5249,60,2024-05-28,Venta,-1
5250,24,2025-08-30,Venta,-1
5251,1,2024-11-22,Venta,-1
5252,43,2024-11-22,Venta,-2
5253,37,2026-07-18,Venta,-2
5254,20,2026-07-18,Venta,-2
5255,2,2024-10-07,Venta,-1
5256,85,2024-10-07,Venta,-1
5257,76,2024-08-28,Venta,-1
5258,60,2024-09-12,Venta,-1
5259,59,2026-07-13,Venta,-1
5260,33,2024-08-31,Venta,-2
5261,52,2025-08-19,Venta,-1
5262,61,2025-08-19,Venta,-3
5263,1,2024-12-25,Venta,-2
5264,70,2024-04-11,Venta,-6
5265,75,2024-04-11,Venta,-4
5266,61,2024-08-22,Venta,-3
5267,93,2024-08-22,Venta,-1
5268,14,2024-08-22,Venta,-1
5269,84,2024-08-31,Venta,-2
5270,33,2024-08-31,Venta,-1
5271,7,2025-07-12,Venta,-6
5272,83,2024-12-27,Venta,-1
5273,59,2024-05-02,Venta,-1
5274,67,2026-04-16,Venta,-1
5275,47,2026-04-16,Venta,-1
5276,56,2026-06-28,Venta,-2
5277,23,2025-12-22,Venta,-3
5278,17,2024-06-05,Venta,-1
5279,64,2024-06-05,Venta,-1
5280,85,2025-07-17,Venta,-1
5281,67,2025-07-17,Venta,-2
5282,1,2026-05-24,Venta,-3
5283,52,2026-05-24,Venta,-4
5284,49,2026-05-24,Venta,-2
5285,59,2026-01-11,Venta,-12
5286,4,2026-01-11,Venta,-2
5287,86,2026-01-11,Venta,-2
5288,10,2024-03-08,Venta,-1
5289,31,2024-03-08,Venta,-1
5290,3,2024-03-08,Venta,-1
5291,89,2024-11-06,Venta,-1
5292,89,2024-12-31,Venta,-3
5293,66,2024-12-31,Venta,-1
5294,5,2024-12-31,Venta,-6
5295,84,2025-09-13,Venta,-1
5296,85,2025-09-13,Venta,-2
5297,51,2024-02-09,Venta,-1
5298,74,2024-02-09,Venta,-4
5299,56,2024-02-09,Venta,-2
5300,1,2024-02-09,Venta,-1
5301,41,2024-02-09,Venta,-1
5302,36,2026-03-20,Venta,-1
5303,67,2026-03-20,Venta,-4
5304,68,2026-03-08,Venta,-3
5305,85,2025-06-06,Venta,-2
5306,20,2025-06-06,Venta,-1
5307,69,2026-01-07,Venta,-2
5308,18,2024-11-19,Venta,-1
5309,38,2024-11-19,Venta,-3
5310,65,2025-10-12,Venta,-2
5311,56,2025-10-12,Venta,-1
5312,76,2025-10-12,Venta,-2
5313,5,2025-10-12,Venta,-1
5314,42,2025-11-29,Venta,-1
5315,38,2026-03-29,Venta,-4
5316,13,2026-03-29,Venta,-1
5317,74,2025-09-25,Venta,-3
5318,82,2024-11-14,Venta,-6
5319,5,2026-02-27,Venta,-2
5320,74,2026-02-27,Venta,-2
5321,18,2024-08-24,Venta,-2
5322,2,2024-08-24,Venta,-1
5323,4,2024-08-24,Venta,-3
5324,69,2025-04-19,Venta,-2
5325,81,2025-04-19,Venta,-1
5326,84,2025-04-19,Venta,-1
5327,7,2025-11-26,Venta,-1
5328,51,2025-08-10,Venta,-2
5329,26,2025-08-10,Venta,-1
5330,1,2024-07-15,Venta,-1
5331,76,2026-04-15,Venta,-1
5332,66,2024-01-23,Venta,-2
5333,36,2024-10-30,Venta,-1
5334,4,2024-10-30,Venta,-1
5335,36,2024-07-29,Venta,-1
5336,64,2025-10-17,Venta,-3
5337,36,2025-10-17,Venta,-1
5338,27,2025-10-17,Venta,-3
5339,55,2024-02-03,Venta,-1
5340,88,2024-02-03,Venta,-1
5341,85,2026-08-07,Venta,-1
5342,36,2026-08-07,Venta,-1
5343,45,2024-05-02,Venta,-1
5344,74,2024-11-18,Venta,-1
5345,45,2024-11-18,Venta,-1
5346,23,2024-11-18,Venta,-3
5347,27,2024-11-18,Venta,-1
5348,55,2025-10-18,Venta,-4
5349,37,2025-10-18,Venta,-1
5350,25,2024-02-02,Venta,-1
5351,43,2024-02-02,Venta,-6
5352,68,2024-02-02,Venta,-2
5353,93,2024-02-02,Venta,-4
5354,70,2025-12-11,Venta,-1
5355,76,2025-12-11,Venta,-2
5356,36,2025-05-22,Venta,-1
5357,20,2025-01-04,Venta,-1
5358,24,2025-01-04,Venta,-3
5359,12,2025-01-04,Venta,-2
5360,5,2024-09-08,Venta,-2
5361,24,2024-09-08,Venta,-6
5362,62,2026-08-04,Venta,-1
5363,65,2025-08-30,Venta,-1
5364,70,2025-08-30,Venta,-1
5365,79,2024-05-23,Venta,-1
5366,22,2026-01-18,Venta,-2
5367,76,2026-01-18,Venta,-2
5368,26,2026-04-13,Venta,-3
5369,46,2025-12-24,Venta,-2
5370,42,2025-12-24,Venta,-1
5371,90,2024-10-31,Venta,-1
5372,48,2025-08-09,Venta,-1
5373,36,2025-08-09,Venta,-1
5374,4,2024-11-09,Venta,-4
5375,72,2024-11-09,Venta,-3
5376,49,2024-04-19,Venta,-2
5377,29,2024-04-19,Venta,-1
5378,81,2024-04-19,Venta,-3
5379,69,2024-08-01,Venta,-3
5380,58,2025-01-10,Venta,-12
5381,55,2026-08-18,Venta,-2
5382,81,2026-08-18,Venta,-4
5383,55,2026-06-20,Venta,-1
5384,6,2026-06-20,Venta,-2
5385,54,2025-08-15,Venta,-1
5386,26,2024-06-18,Venta,-2
5387,79,2024-06-18,Venta,-2
5388,88,2024-12-31,Venta,-1
5389,82,2025-04-09,Venta,-3
5390,16,2025-04-09,Venta,-1
5391,37,2026-07-15,Venta,-1
5392,91,2024-11-14,Venta,-1
5393,22,2024-11-14,Venta,-1
5394,94,2025-06-22,Venta,-1
5395,62,2026-06-11,Venta,-1
5396,22,2026-06-11,Venta,-1
5397,88,2026-06-11,Venta,-1
5398,24,2024-02-08,Venta,-1
5399,29,2024-02-08,Venta,-1
5400,92,2024-04-27,Venta,-2
5401,54,2024-04-27,Venta,-1
5402,50,2025-07-05,Venta,-2
5403,42,2026-08-13,Venta,-3
5404,2,2026-08-13,Venta,-2
5405,67,2026-08-13,Venta,-1
5406,54,2024-11-28,Venta,-1
5407,91,2024-11-28,Venta,-2
5408,66,2024-11-28,Venta,-2
5409,83,2024-11-28,Venta,-1
5410,95,2024-05-11,Venta,-3
5411,7,2024-02-10,Venta,-1
5412,38,2025-12-06,Venta,-1
5413,92,2025-12-06,Venta,-1
5414,36,2025-12-06,Venta,-1
5415,1,2026-06-09,Venta,-1
5416,7,2026-06-09,Venta,-1
5417,12,2026-06-09,Venta,-2
5418,48,2024-10-04,Venta,-1
5419,81,2024-10-04,Venta,-1
5420,100,2025-03-15,Venta,-1
5421,80,2025-03-15,Venta,-2
5422,22,2024-08-09,Venta,-1
5423,59,2024-08-09,Venta,-2
5424,29,2024-01-15,Venta,-1
5425,34,2026-05-08,Venta,-1
5426,74,2026-05-08,Venta,-1
5427,7,2026-05-08,Venta,-2
5428,22,2026-05-08,Venta,-2
5429,75,2024-04-30,Venta,-1
5430,22,2025-01-11,Venta,-1
5431,12,2025-01-11,Venta,-1
5432,10,2025-07-04,Venta,-2
5433,94,2024-07-12,Venta,-2
5434,61,2024-07-12,Venta,-12
5435,68,2024-07-12,Venta,-2
5436,47,2026-05-29,Venta,-2
5437,12,2026-05-29,Venta,-1
5438,71,2026-05-29,Venta,-1
5439,38,2024-07-20,Venta,-1
5440,75,2024-07-20,Venta,-3
5441,46,2024-07-20,Venta,-1
5442,83,2024-07-20,Venta,-3
5443,86,2025-12-20,Venta,-2
5444,4,2025-12-20,Venta,-2
5445,76,2025-12-20,Venta,-4
5446,2,2025-12-20,Venta,-2
5447,23,2025-12-20,Venta,-1
5448,37,2025-03-15,Venta,-6
5449,23,2025-03-15,Venta,-1
5450,67,2025-10-04,Venta,-1
5451,14,2025-12-03,Venta,-2
5452,7,2026-03-15,Venta,-1
5453,56,2026-03-15,Venta,-2
5454,26,2026-03-15,Venta,-1
5455,73,2025-06-07,Venta,-1
5456,27,2025-06-07,Venta,-1
5457,30,2024-09-29,Venta,-1
5458,33,2026-05-07,Venta,-1
5459,22,2026-05-07,Venta,-1
5460,83,2026-05-07,Venta,-1
5461,73,2025-03-19,Venta,-18
5462,100,2025-08-23,Venta,-1
5463,48,2025-08-23,Venta,-1
5464,29,2025-07-04,Venta,-2
5465,49,2025-07-04,Venta,-2
5466,11,2024-10-09,Venta,-6
5467,24,2024-10-09,Venta,-1
5468,87,2025-07-03,Venta,-1
5469,50,2025-05-05,Venta,-2
5470,67,2025-05-05,Venta,-2
5471,20,2025-05-05,Venta,-3
5472,21,2025-05-05,Venta,-2
5473,29,2024-09-20,Venta,-1
5474,90,2024-09-20,Venta,-2
5475,26,2024-09-20,Venta,-1
5476,5,2025-02-14,Venta,-1
5477,62,2025-02-14,Venta,-1
5478,26,2024-04-16,Venta,-1
5479,83,2024-04-16,Venta,-1
5480,88,2024-04-16,Venta,-2
5481,78,2024-12-02,Venta,-3
5482,38,2025-11-11,Venta,-1
5483,25,2025-11-11,Venta,-1
5484,41,2024-05-12,Venta,-1
5485,86,2024-05-12,Venta,-1
5486,54,2024-10-17,Venta,-2
5487,14,2024-10-17,Venta,-1
5488,3,2024-02-19,Venta,-1
5489,97,2024-02-19,Venta,-1
5490,69,2024-02-19,Venta,-1
5491,79,2024-02-19,Venta,-2
5492,26,2026-02-16,Venta,-1
5493,55,2026-02-16,Venta,-3
5494,26,2025-11-07,Venta,-1
5495,69,2025-11-07,Venta,-2
5496,2,2025-11-07,Venta,-1
5497,81,2025-10-11,Venta,-3
5498,99,2025-10-11,Venta,-1
5499,58,2025-10-11,Venta,-1
5500,71,2025-12-06,Venta,-2
5501,40,2025-11-25,Venta,-1
5502,71,2024-01-15,Venta,-3
5503,14,2025-11-19,Venta,-1
5504,29,2025-05-14,Venta,-1
5505,86,2025-05-14,Venta,-1
5506,67,2025-04-21,Venta,-1
5507,74,2025-12-20,Venta,-1
5508,94,2024-12-29,Venta,-1
5509,62,2024-12-29,Venta,-2
5510,88,2024-12-29,Venta,-1
5511,36,2024-12-29,Venta,-3
5512,81,2024-04-19,Venta,-1
5513,25,2024-04-19,Venta,-1
5514,86,2025-08-17,Venta,-2
5515,4,2025-08-17,Venta,-3
5516,84,2024-12-20,Venta,-1
5517,41,2024-12-20,Venta,-4
5518,59,2025-03-23,Venta,-1
5519,38,2025-04-29,Venta,-1
5520,24,2025-04-29,Venta,-1
5521,29,2024-04-22,Venta,-1
5522,88,2024-04-22,Venta,-1
5523,87,2026-04-01,Venta,-3
5524,42,2026-04-01,Venta,-2
5525,5,2025-12-24,Venta,-1
5526,91,2025-12-24,Venta,-2
5527,89,2024-07-13,Venta,-1
5528,97,2025-08-25,Venta,-12
5529,51,2024-06-02,Venta,-1
5530,22,2024-11-23,Venta,-2
5531,38,2024-11-23,Venta,-1
5532,38,2026-07-10,Venta,-1
5533,100,2026-06-24,Venta,-1
5534,30,2025-10-31,Venta,-1
5535,74,2024-12-28,Venta,-3
5536,74,2024-12-08,Venta,-6
5537,84,2024-12-08,Venta,-2
5538,1,2024-12-08,Venta,-1
5539,59,2024-12-08,Venta,-2
5540,22,2026-02-13,Venta,-2
5541,20,2026-02-13,Venta,-1
5542,42,2026-07-24,Venta,-1
5543,33,2026-07-24,Venta,-4
5544,10,2026-07-24,Venta,-2
5545,51,2024-06-06,Venta,-1
5546,12,2024-06-06,Venta,-1
5547,4,2024-06-06,Venta,-1
5548,52,2024-05-10,Venta,-1
5549,12,2024-05-10,Venta,-2
5550,85,2024-08-23,Venta,-1
5551,61,2024-08-23,Venta,-1
5552,46,2024-06-07,Venta,-2
5553,35,2024-06-07,Venta,-1
5554,82,2024-07-13,Venta,-2
5555,60,2024-11-08,Venta,-1
5556,30,2024-11-08,Venta,-2
5557,5,2026-04-09,Venta,-2
5558,32,2026-04-09,Venta,-1
5559,21,2024-01-25,Venta,-1
5560,38,2024-01-25,Venta,-1
5561,46,2024-01-25,Venta,-1
5562,67,2024-01-25,Venta,-1
5563,84,2025-10-10,Venta,-1
5564,65,2024-11-30,Venta,-1
5565,26,2024-05-29,Venta,-1
5566,100,2025-04-23,Venta,-1
5567,62,2025-04-23,Venta,-2
5568,55,2025-04-23,Venta,-1
5569,1,2025-02-11,Venta,-1
5570,53,2025-02-11,Venta,-1
5571,63,2025-02-09,Venta,-1
5572,2,2025-02-09,Venta,-1
5573,60,2026-02-11,Venta,-1
5574,92,2026-02-11,Venta,-1
5575,74,2024-10-06,Venta,-1
5576,50,2024-01-29,Venta,-2
5577,81,2024-01-29,Venta,-1
5578,21,2024-01-03,Venta,-3
5579,23,2026-02-21,Venta,-2
5580,59,2026-02-21,Venta,-1
5581,21,2026-02-21,Venta,-1
5582,76,2026-02-21,Venta,-2
5583,75,2024-07-18,Venta,-4
5584,29,2025-07-20,Venta,-1
5585,34,2025-07-20,Venta,-2
5586,51,2025-07-20,Venta,-3
5587,4,2024-11-23,Venta,-2
5588,36,2025-04-19,Venta,-1
5589,71,2025-04-19,Venta,-1
5590,2,2025-04-19,Venta,-3
5591,76,2025-04-19,Venta,-1
5592,81,2025-06-26,Venta,-2
5593,45,2025-06-26,Venta,-12
5594,67,2024-11-16,Venta,-1
5595,4,2024-11-16,Venta,-2
5596,31,2024-01-12,Venta,-1
5597,3,2024-01-12,Venta,-1
5598,81,2024-06-20,Venta,-3
5599,42,2024-06-20,Venta,-1
5600,62,2025-12-15,Venta,-1
5601,61,2024-03-31,Venta,-2
5602,17,2024-03-31,Venta,-2
5603,11,2024-03-31,Venta,-1
5604,84,2024-08-08,Venta,-24
5605,67,2024-08-08,Venta,-2
5606,66,2025-09-04,Venta,-3
5607,4,2025-09-04,Venta,-1
5608,71,2025-09-04,Venta,-1
5609,74,2024-06-23,Venta,-1
5610,3,2024-06-23,Venta,-1
5611,59,2024-06-23,Venta,-1
5612,83,2024-06-23,Venta,-3
5613,26,2026-05-27,Venta,-1
5614,24,2026-05-27,Venta,-1
5615,34,2026-05-27,Venta,-3
5616,93,2026-03-25,Venta,-1
5617,14,2026-03-25,Venta,-3
5618,31,2026-03-25,Venta,-2
5619,91,2026-03-25,Venta,-2
5620,49,2025-05-31,Venta,-2
5621,61,2025-05-31,Venta,-2
5622,62,2025-05-31,Venta,-3
5623,97,2026-04-30,Venta,-2
5624,93,2026-04-30,Venta,-1
5625,84,2025-03-28,Venta,-1
5626,91,2025-03-28,Venta,-1
5627,94,2025-03-28,Venta,-2
5628,17,2024-05-13,Venta,-1
5629,61,2024-05-13,Venta,-1
5630,22,2024-02-01,Venta,-1
5631,76,2024-02-01,Venta,-1
5632,83,2024-02-01,Venta,-2
5633,20,2025-11-21,Venta,-1
5634,22,2025-11-21,Venta,-1
5635,41,2025-11-21,Venta,-1
5636,37,2025-11-15,Venta,-1
5637,32,2024-04-01,Venta,-1
5638,7,2024-04-01,Venta,-1
5639,56,2024-04-01,Venta,-1
5640,45,2024-04-01,Venta,-1
5641,73,2024-04-01,Venta,-1
5642,12,2025-10-11,Venta,-1
5643,30,2024-05-07,Venta,-1
5644,27,2024-05-12,Venta,-1
5645,76,2024-05-12,Venta,-3
5646,96,2024-05-12,Venta,-4
5647,5,2024-11-09,Venta,-1
5648,18,2024-11-09,Venta,-1
5649,46,2024-11-09,Venta,-2
5650,12,2024-11-09,Venta,-1
5651,21,2025-11-12,Venta,-1
5652,94,2025-11-12,Venta,-6
5653,4,2025-11-12,Venta,-2
5654,55,2025-11-12,Venta,-1
5655,90,2024-12-27,Venta,-1
5656,62,2025-12-26,Venta,-2
5657,42,2025-12-26,Venta,-1
5658,23,2025-12-26,Venta,-1
5659,49,2025-12-26,Venta,-2
5660,26,2025-10-04,Venta,-2
5661,2,2025-10-04,Venta,-1
5662,57,2025-10-04,Venta,-6
5663,34,2025-10-04,Venta,-1
5664,17,2025-03-09,Venta,-4
5665,96,2025-03-09,Venta,-1
5666,90,2025-03-09,Venta,-2
5667,14,2025-03-09,Venta,-2
5668,18,2025-04-10,Venta,-1
5669,56,2025-04-10,Venta,-1
5670,56,2025-09-09,Venta,-1
5671,62,2025-09-09,Venta,-3
5672,46,2026-06-06,Venta,-1
5673,21,2026-06-06,Venta,-2
5674,97,2024-09-08,Venta,-2
5675,46,2024-12-17,Venta,-3
5676,85,2024-08-10,Venta,-1
5677,74,2024-11-09,Venta,-2
5678,34,2024-11-09,Venta,-1
5679,85,2024-11-09,Venta,-1
5680,22,2024-09-28,Venta,-1
5681,51,2024-09-28,Venta,-2
5682,90,2026-07-12,Venta,-1
5683,45,2026-07-12,Venta,-1
5684,30,2026-04-11,Venta,-2
5685,31,2026-04-11,Venta,-1
5686,59,2025-10-28,Venta,-1
5687,66,2025-10-28,Venta,-1
5688,52,2025-07-25,Venta,-1
5689,42,2025-07-25,Venta,-1
5690,22,2025-07-25,Venta,-4
5691,59,2026-08-20,Venta,-2
5692,34,2026-07-24,Venta,-2
5693,35,2025-12-17,Venta,-6
5694,15,2025-12-17,Venta,-1
5695,45,2024-01-10,Venta,-3
5696,38,2026-05-30,Venta,-1
5697,58,2026-05-30,Venta,-2
5698,70,2025-07-15,Venta,-1
5699,54,2024-06-16,Venta,-1
5700,38,2024-12-28,Venta,-1
5701,90,2024-08-23,Venta,-6
5702,89,2024-08-23,Venta,-2
5703,62,2024-08-23,Venta,-1
5704,51,2024-08-01,Venta,-1
5705,14,2024-08-01,Venta,-1
5706,95,2025-07-02,Venta,-1
5707,94,2025-07-02,Venta,-2
5708,54,2025-07-02,Venta,-24
5709,14,2025-06-27,Venta,-1
5710,25,2025-06-27,Venta,-4
5711,12,2025-06-27,Venta,-2
5712,34,2025-03-05,Venta,-1
5713,72,2025-03-05,Venta,-3
5714,14,2026-03-27,Venta,-1
5715,94,2025-11-02,Venta,-1
5716,29,2025-11-02,Venta,-1
5717,69,2025-05-28,Venta,-1
5718,71,2025-05-28,Venta,-1
5719,76,2025-05-28,Venta,-2
5720,29,2025-10-18,Venta,-1
5721,91,2025-10-18,Venta,-1
5722,54,2026-08-06,Venta,-1
5723,34,2026-08-06,Venta,-4
5724,56,2024-06-07,Venta,-4
5725,31,2024-06-07,Venta,-1
5726,61,2024-06-07,Venta,-3
5727,29,2025-10-17,Venta,-1
5728,100,2025-10-17,Venta,-1
5729,75,2025-10-17,Venta,-2
5730,73,2025-09-28,Venta,-1
5731,71,2025-05-23,Venta,-1
5732,38,2025-06-13,Venta,-1
5733,61,2026-08-21,Venta,-1
5734,95,2026-08-21,Venta,-4
5735,90,2024-12-14,Venta,-1
5736,17,2024-12-14,Venta,-1
5737,36,2024-12-14,Venta,-3
5738,76,2024-12-14,Venta,-4
5739,81,2025-09-21,Venta,-1
5740,26,2025-09-21,Venta,-2
5741,69,2024-05-24,Venta,-3
5742,64,2025-05-22,Venta,-6
5743,54,2025-05-22,Venta,-2
5744,20,2025-11-05,Venta,-2
5745,29,2025-11-05,Venta,-2
5746,53,2025-11-05,Venta,-1
5747,95,2025-11-05,Venta,-1
5748,90,2025-11-05,Venta,-1
5749,39,2026-04-04,Venta,-1
5750,14,2026-04-04,Venta,-2
5751,90,2025-01-17,Venta,-6
5752,4,2025-01-17,Venta,-1
5753,16,2024-07-22,Venta,-3
5754,62,2025-04-12,Venta,-2
5755,58,2024-09-13,Venta,-1
5756,83,2024-11-18,Venta,-1
5757,36,2024-11-18,Venta,-2
5758,100,2024-11-18,Venta,-1
5759,31,2024-11-18,Venta,-1
5760,76,2024-03-25,Venta,-4
5761,89,2024-11-23,Venta,-1
5762,4,2024-11-23,Venta,-1
5763,30,2024-11-23,Venta,-1
5764,59,2025-11-07,Venta,-2
5765,5,2025-11-07,Venta,-2
5766,4,2025-11-07,Venta,-12
5767,7,2026-04-24,Venta,-2
5768,97,2024-04-24,Venta,-4
5769,24,2024-12-07,Venta,-1
5770,4,2024-12-07,Venta,-1
5771,1,2024-12-07,Venta,-1
5772,92,2024-12-07,Venta,-1
5773,29,2025-03-18,Venta,-1
5774,81,2025-03-18,Venta,-1
5775,92,2025-03-18,Venta,-1
5776,2,2024-12-04,Venta,-1
5777,100,2024-12-04,Venta,-6
5778,26,2024-12-04,Venta,-1
5779,14,2024-12-04,Venta,-1
5780,29,2024-12-04,Venta,-6
5781,93,2026-02-21,Venta,-1
5782,4,2026-02-21,Venta,-4
5783,5,2026-01-30,Venta,-2
5784,55,2025-12-29,Venta,-4
5785,7,2024-04-10,Venta,-2
5786,34,2026-06-25,Venta,-3
5787,52,2026-07-31,Venta,-1
5788,12,2026-07-31,Venta,-1
5789,84,2026-07-31,Venta,-3
5790,37,2025-11-24,Venta,-1
5791,38,2025-12-13,Venta,-2
5792,4,2025-12-13,Venta,-1
5793,92,2025-12-13,Venta,-1
5794,74,2025-12-13,Venta,-4
5795,32,2026-08-11,Venta,-1
5796,51,2026-08-11,Venta,-2
5797,75,2025-12-27,Venta,-1
5798,67,2025-12-27,Venta,-2
5799,57,2025-12-27,Venta,-3
5800,36,2025-08-16,Venta,-3
5801,72,2024-07-21,Venta,-4
5802,51,2024-07-21,Venta,-2
5803,38,2024-03-21,Venta,-3
5804,5,2026-02-23,Venta,-2
5805,9,2025-03-11,Venta,-1
5806,4,2025-03-11,Venta,-1
5807,60,2025-03-11,Venta,-3
5808,27,2025-03-11,Venta,-1
5809,73,2024-01-05,Venta,-2
5810,66,2024-12-27,Venta,-1
5811,1,2024-12-27,Venta,-1
5812,89,2024-12-27,Venta,-1
5813,74,2024-12-27,Venta,-1
5814,45,2026-06-19,Venta,-1
5815,89,2026-06-19,Venta,-24
5816,36,2026-06-19,Venta,-2
5817,34,2026-06-19,Venta,-2
5818,68,2024-05-10,Venta,-3
5819,55,2024-05-10,Venta,-1
5820,5,2024-11-28,Venta,-2
5821,23,2024-06-03,Venta,-2
5822,22,2026-08-10,Venta,-1
5823,82,2026-08-10,Venta,-1
5824,73,2026-08-10,Venta,-1
5825,90,2024-08-22,Venta,-2
5826,30,2024-08-22,Venta,-2
5827,2,2026-05-19,Venta,-1
5828,24,2026-05-19,Venta,-2
5829,87,2026-05-19,Venta,-2
5830,95,2025-09-07,Venta,-2
5831,44,2025-09-07,Venta,-1
5832,26,2025-09-07,Venta,-1
5833,21,2026-01-30,Venta,-1
5834,83,2026-01-30,Venta,-3
5835,69,2024-12-03,Venta,-1
5836,85,2024-12-03,Venta,-1
5837,58,2024-12-03,Venta,-1
5838,81,2024-12-03,Venta,-1
5839,87,2024-03-09,Venta,-18
5840,88,2024-03-09,Venta,-4
5841,17,2025-09-10,Venta,-1
5842,2,2026-07-20,Venta,-1
5843,52,2026-07-20,Venta,-2
5844,91,2024-04-01,Venta,-6
5845,36,2026-02-07,Venta,-1
5846,91,2025-10-02,Venta,-2
5847,83,2025-10-02,Venta,-1
5848,78,2024-07-11,Venta,-1
5849,48,2025-01-27,Venta,-2
5850,71,2025-01-27,Venta,-2
5851,35,2025-01-27,Venta,-1
5852,37,2025-01-27,Venta,-1
5853,26,2026-07-13,Venta,-1
5854,69,2025-03-13,Venta,-3
5855,51,2025-03-13,Venta,-1
5856,2,2025-03-13,Venta,-2
5857,80,2025-03-13,Venta,-1
5858,14,2025-05-30,Venta,-1
5859,4,2024-11-21,Venta,-1
5860,23,2024-11-21,Venta,-4
5861,76,2024-11-21,Venta,-2
5862,59,2024-12-15,Venta,-1
5863,4,2024-12-15,Venta,-1
5864,34,2024-12-15,Venta,-2
5865,88,2024-12-15,Venta,-3
5866,70,2024-05-07,Venta,-1
5867,61,2024-05-07,Venta,-1
5868,75,2024-05-07,Venta,-1
5869,86,2024-11-19,Venta,-1
5870,48,2024-11-19,Venta,-1
5871,90,2026-03-09,Venta,-2
5872,76,2026-03-09,Venta,-1
5873,94,2026-03-09,Venta,-4
5874,22,2026-08-05,Venta,-4
5875,61,2025-10-07,Venta,-1
5876,36,2024-10-09,Venta,-1
5877,53,2024-10-09,Venta,-1
5878,8,2024-04-21,Venta,-2
5879,54,2024-06-28,Venta,-1
5880,69,2024-10-16,Venta,-6
5881,97,2024-10-16,Venta,-1
5882,93,2024-10-16,Venta,-3
5883,65,2024-05-22,Venta,-1
5884,71,2024-05-22,Venta,-1
5885,46,2024-05-22,Venta,-1
5886,14,2024-05-22,Venta,-1
5887,66,2025-10-09,Venta,-1
5888,90,2025-10-09,Venta,-1
5889,2,2025-10-09,Venta,-1
5890,81,2025-10-09,Venta,-2
5891,14,2025-10-09,Venta,-2
5892,75,2026-05-01,Venta,-1
5893,76,2026-05-01,Venta,-2
5894,38,2025-10-30,Venta,-1
5895,38,2025-12-23,Venta,-2
5896,27,2025-12-23,Venta,-3
5897,86,2025-07-18,Venta,-1
5898,34,2025-07-18,Venta,-3
5899,35,2025-07-18,Venta,-1
5900,24,2025-07-18,Venta,-1
5901,19,2025-05-20,Venta,-3
5902,91,2025-05-20,Venta,-4
5903,24,2025-03-24,Venta,-2
5904,81,2025-10-20,Venta,-1
5905,66,2025-10-20,Venta,-1
5906,76,2025-10-20,Venta,-3
5907,85,2025-10-20,Venta,-1
5908,74,2024-03-06,Venta,-1
5909,70,2024-03-06,Venta,-1
5910,36,2026-02-22,Venta,-1
5911,34,2026-02-22,Venta,-2
5912,66,2024-11-26,Venta,-2
5913,1,2024-11-26,Venta,-2
5914,71,2024-11-26,Venta,-1
5915,87,2026-04-18,Venta,-6
5916,55,2026-04-18,Venta,-2
5917,4,2026-01-23,Venta,-1
5918,69,2026-01-23,Venta,-1
5919,93,2025-07-11,Venta,-1
5920,24,2025-07-11,Venta,-3
5921,4,2024-11-23,Venta,-6
5922,14,2024-11-23,Venta,-2
5923,86,2024-11-23,Venta,-1
5924,84,2024-11-23,Venta,-1
5925,5,2024-11-23,Venta,-3
5926,96,2025-12-05,Venta,-2
5927,26,2025-12-05,Venta,-1
5928,53,2025-10-15,Venta,-1
5929,65,2025-10-15,Venta,-1
5930,34,2025-10-15,Venta,-1
5931,71,2026-07-18,Venta,-2
5932,1,2025-12-05,Venta,-1
5933,2,2025-12-05,Venta,-1
5934,92,2025-12-05,Venta,-2
5935,70,2024-01-26,Venta,-1
5936,37,2026-06-07,Venta,-2
5937,38,2024-08-16,Venta,-1
5938,69,2025-12-02,Venta,-1
5939,29,2025-12-02,Venta,-1
5940,55,2025-12-02,Venta,-1
5941,81,2025-12-02,Venta,-1
5942,84,2024-11-21,Venta,-2
5943,90,2024-11-21,Venta,-3
5944,61,2025-01-24,Venta,-1
5945,20,2025-01-24,Venta,-3
5946,54,2025-01-24,Venta,-1
5947,84,2025-06-21,Venta,-1
5948,92,2025-07-05,Venta,-1
5949,75,2025-07-05,Venta,-1
5950,3,2025-07-05,Venta,-2
5951,64,2025-01-31,Venta,-1
5952,70,2025-01-31,Venta,-2
5953,76,2025-01-31,Venta,-1
5954,52,2025-01-31,Venta,-2
5955,100,2025-01-31,Venta,-1
5956,15,2026-04-09,Venta,-1
5957,96,2026-04-09,Venta,-3
5958,55,2025-12-25,Venta,-1
5959,31,2025-02-25,Venta,-1
5960,27,2024-11-09,Venta,-1
5961,17,2024-11-09,Venta,-12
5962,2,2024-11-09,Venta,-1
5963,81,2024-11-09,Venta,-2
5964,100,2024-11-09,Venta,-2
5965,42,2024-06-04,Venta,-3
5966,77,2024-06-04,Venta,-1
5967,4,2024-06-04,Venta,-2
5968,65,2024-06-04,Venta,-1
5969,73,2024-03-22,Venta,-3
5970,62,2024-10-30,Venta,-1
5971,52,2024-10-30,Venta,-4
5972,95,2024-10-30,Venta,-1
5973,81,2024-10-30,Venta,-1
5974,29,2025-10-01,Venta,-1
5975,41,2024-10-21,Venta,-3
5976,54,2024-10-21,Venta,-1
5977,59,2026-06-14,Venta,-1
5978,14,2026-03-30,Venta,-2
5979,43,2026-03-30,Venta,-2
5980,94,2025-11-08,Venta,-1
5981,18,2025-11-08,Venta,-1
5982,46,2025-11-08,Venta,-1
5983,85,2025-07-07,Venta,-1
5984,34,2025-07-07,Venta,-1
5985,67,2024-03-14,Venta,-2
5986,52,2025-07-14,Venta,-1
5987,45,2025-07-14,Venta,-1
5988,4,2026-02-16,Venta,-1
5989,22,2026-02-16,Venta,-1
5990,61,2026-02-16,Venta,-1
5991,40,2026-02-16,Venta,-1
5992,84,2025-09-07,Venta,-4
5993,94,2025-09-07,Venta,-2
5994,4,2025-09-07,Venta,-1
5995,21,2025-05-13,Venta,-3
5996,75,2025-05-13,Venta,-1
5997,54,2024-12-29,Venta,-1
5998,26,2024-12-29,Venta,-2
5999,82,2024-12-29,Venta,-4
6000,26,2024-01-20,Venta,-2
6001,29,2025-06-11,Venta,-1
6002,85,2025-06-11,Venta,-3
6003,17,2025-11-07,Venta,-1
6004,92,2024-04-17,Venta,-2
6005,90,2024-04-17,Venta,-1
6006,62,2024-04-17,Venta,-1
6007,22,2024-01-31,Venta,-1
6008,26,2024-01-31,Venta,-2
6009,94,2024-01-31,Venta,-2
6010,52,2026-03-10,Venta,-1
6011,34,2026-03-10,Venta,-3
6012,38,2026-03-10,Venta,-1
6013,77,2024-09-26,Venta,-1
6014,69,2024-09-26,Venta,-1
6015,88,2024-06-06,Venta,-1
6016,76,2024-06-06,Venta,-1
6017,95,2024-06-06,Venta,-1
6018,100,2024-06-06,Venta,-1
6019,70,2025-08-17,Venta,-1
6020,3,2025-03-27,Venta,-1
6021,86,2025-03-27,Venta,-1
6022,3,2026-01-28,Venta,-1
6023,54,2024-03-09,Venta,-1
6024,62,2024-03-09,Venta,-2
6025,29,2024-01-12,Venta,-1
6026,51,2025-02-10,Venta,-1
6027,85,2024-08-30,Venta,-1
6028,94,2024-08-30,Venta,-1
6029,74,2024-08-30,Venta,-2
6030,49,2025-10-31,Venta,-1
6031,40,2025-06-30,Venta,-1
6032,74,2025-06-30,Venta,-1
6033,65,2025-10-16,Venta,-2
6034,86,2025-10-16,Venta,-2
6035,2,2025-10-16,Venta,-1
6036,73,2025-10-16,Venta,-1
6037,84,2025-10-16,Venta,-2
6038,49,2026-04-01,Venta,-1
6039,74,2026-04-01,Venta,-18
6040,90,2026-04-01,Venta,-1
6041,2,2026-04-01,Venta,-1
6042,84,2024-05-01,Venta,-2
6043,2,2024-05-01,Venta,-1
6044,26,2026-05-10,Venta,-3
6045,55,2026-05-10,Venta,-1
6046,51,2024-06-17,Venta,-1
6047,46,2024-06-17,Venta,-1
6048,26,2024-06-17,Venta,-2
6049,29,2024-06-17,Venta,-1
6050,16,2025-01-11,Venta,-1
6051,91,2025-01-11,Venta,-2
6052,93,2025-01-11,Venta,-1
6053,22,2025-06-26,Venta,-1
6054,26,2025-06-26,Venta,-3
6055,24,2025-06-26,Venta,-2
6056,71,2024-09-18,Venta,-1
6057,51,2024-09-18,Venta,-1
6058,74,2024-10-05,Venta,-2
6059,77,2025-03-08,Venta,-1
6060,51,2025-03-08,Venta,-2
6061,11,2024-06-14,Venta,-1
6062,31,2026-01-30,Venta,-1
6063,63,2026-01-30,Venta,-2
6064,22,2026-01-30,Venta,-3
6065,52,2026-01-30,Venta,-1
6066,27,2025-08-27,Venta,-1
6067,92,2025-05-01,Venta,-2
6068,36,2024-11-29,Venta,-1
6069,46,2024-11-29,Venta,-18
6070,93,2026-07-27,Venta,-1
6071,43,2026-07-27,Venta,-2
6072,4,2026-07-27,Venta,-2
6073,69,2026-07-27,Venta,-2
6074,24,2025-03-24,Venta,-1
6075,76,2024-03-09,Venta,-1
6076,5,2024-03-09,Venta,-2
6077,66,2024-03-09,Venta,-2
6078,51,2024-03-09,Venta,-1
6079,7,2025-10-31,Venta,-1
6080,27,2025-10-31,Venta,-2
6081,37,2024-12-25,Venta,-1
6082,12,2024-12-25,Venta,-2
6083,47,2024-12-25,Venta,-2
6084,71,2025-04-27,Venta,-6
6085,39,2024-11-26,Venta,-1
6086,70,2024-11-26,Venta,-2
6087,21,2024-11-26,Venta,-1
6088,34,2024-11-26,Venta,-1
6089,34,2025-08-01,Venta,-1
6090,22,2025-08-01,Venta,-1
6091,51,2025-08-01,Venta,-1
6092,45,2024-03-10,Venta,-2
6093,81,2024-03-10,Venta,-1
6094,22,2025-01-29,Venta,-3
6095,95,2025-01-17,Venta,-1
6096,88,2025-12-16,Venta,-2
6097,61,2025-12-16,Venta,-1
6098,81,2024-09-09,Venta,-2
6099,68,2024-09-09,Venta,-1
6100,3,2024-09-09,Venta,-1
6101,38,2025-01-06,Venta,-3
6102,62,2024-07-21,Venta,-2
6103,88,2024-06-12,Venta,-1
6104,72,2024-12-09,Venta,-3
6105,4,2024-12-09,Venta,-2
6106,47,2024-01-03,Venta,-1
6107,42,2025-11-05,Venta,-1
6108,45,2025-11-05,Venta,-1
6109,5,2026-07-04,Venta,-1
6110,75,2026-07-04,Venta,-2
6111,2,2024-01-26,Venta,-1
6112,85,2025-11-04,Venta,-1
6113,55,2025-11-04,Venta,-1
6114,30,2025-11-04,Venta,-1
6115,24,2025-03-04,Venta,-2
6116,74,2025-03-04,Venta,-1
6117,43,2026-03-05,Venta,-1
6118,22,2026-03-05,Venta,-2
6119,12,2026-04-08,Venta,-1
6120,23,2026-04-08,Venta,-1
6121,76,2026-04-08,Venta,-1
6122,37,2025-02-02,Venta,-1
6123,76,2024-12-28,Venta,-1
6124,94,2024-12-28,Venta,-2
6125,16,2024-12-28,Venta,-2
6126,93,2024-12-28,Venta,-2
6127,76,2025-10-08,Venta,-1
6128,93,2024-04-12,Venta,-3
6129,88,2024-04-12,Venta,-1
6130,61,2024-04-12,Venta,-1
6131,63,2026-05-17,Venta,-1
6132,26,2026-05-17,Venta,-1
6133,27,2026-05-17,Venta,-1
6134,67,2025-01-29,Venta,-3
6135,63,2025-05-16,Venta,-1
6136,86,2024-09-08,Venta,-1
6137,32,2024-09-08,Venta,-1
6138,26,2025-11-22,Venta,-2
6139,19,2025-11-22,Venta,-3
6140,87,2025-11-22,Venta,-1
6141,63,2025-11-22,Venta,-1
6142,70,2025-11-22,Venta,-1
6143,59,2025-09-18,Venta,-1
6144,3,2024-06-16,Venta,-1
6145,1,2024-06-16,Venta,-2
6146,29,2024-06-16,Venta,-1
6147,83,2025-06-29,Venta,-1
6148,51,2025-06-29,Venta,-2
6149,68,2026-07-04,Venta,-1
6150,92,2024-01-19,Venta,-2
6151,36,2024-01-19,Venta,-3
6152,51,2024-10-11,Venta,-1
6153,81,2024-10-11,Venta,-1
6154,14,2026-08-30,Venta,-1
6155,43,2026-08-30,Venta,-1
6156,2,2025-10-17,Venta,-12
6157,90,2025-10-17,Venta,-1
6158,23,2024-03-03,Venta,-1
6159,56,2024-03-03,Venta,-1
6160,46,2024-03-03,Venta,-1
6161,51,2024-03-03,Venta,-2
6162,16,2026-03-22,Venta,-3
6163,95,2026-03-22,Venta,-1
6164,81,2026-08-12,Venta,-6
6165,14,2026-08-12,Venta,-3
6166,83,2026-08-12,Venta,-2
6167,71,2025-05-03,Venta,-2
6168,84,2025-05-03,Venta,-1
6169,29,2025-05-03,Venta,-1
6170,72,2025-05-03,Venta,-24
6171,55,2024-07-10,Venta,-3
6172,81,2025-06-27,Venta,-1
6173,55,2025-11-14,Venta,-1
6174,2,2024-09-04,Venta,-2
6175,84,2024-09-04,Venta,-1
6176,34,2026-08-31,Venta,-2
6177,42,2026-08-31,Venta,-2
6178,71,2026-08-31,Venta,-1
6179,27,2024-06-26,Venta,-2
6180,89,2024-06-26,Venta,-2
6181,31,2024-06-26,Venta,-4
6182,21,2026-04-30,Venta,-2
6183,32,2026-04-30,Venta,-1
6184,26,2026-04-30,Venta,-2
6185,37,2025-10-08,Venta,-2
6186,75,2025-10-08,Venta,-2
6187,81,2025-09-02,Venta,-3
6188,34,2024-01-09,Venta,-1
6189,1,2024-01-09,Venta,-1
6190,85,2025-09-26,Venta,-1
6191,2,2025-09-26,Venta,-1
6192,92,2025-04-19,Venta,-3
6193,67,2025-04-19,Venta,-1
6194,29,2025-04-19,Venta,-1
6195,24,2024-02-19,Venta,-2
6196,14,2024-02-19,Venta,-2
6197,38,2024-02-19,Venta,-3
6198,37,2024-02-19,Venta,-1
6199,70,2026-07-23,Venta,-2
6200,29,2026-07-23,Venta,-1
6201,33,2026-07-23,Venta,-1
6202,14,2025-02-07,Venta,-1
6203,18,2025-02-07,Venta,-1
6204,52,2026-02-06,Venta,-2
6205,96,2026-04-09,Venta,-2
6206,32,2026-01-02,Venta,-1
6207,76,2026-01-02,Venta,-1
6208,61,2026-01-02,Venta,-1
6209,62,2026-01-02,Venta,-2
6210,71,2026-02-03,Venta,-3
6211,96,2026-02-03,Venta,-1
6212,18,2026-02-03,Venta,-2
6213,94,2026-02-03,Venta,-1
6214,36,2026-08-20,Venta,-4
6215,7,2026-08-20,Venta,-6
6216,11,2025-02-08,Venta,-1
6217,29,2025-02-08,Venta,-1
6218,58,2025-02-08,Venta,-2
6219,12,2026-05-06,Venta,-1
6220,45,2026-05-06,Venta,-1
6221,34,2026-05-06,Venta,-3
6222,88,2026-05-06,Venta,-6
6223,29,2025-10-08,Venta,-1
6224,49,2025-10-08,Venta,-4
6225,34,2025-07-11,Venta,-1
6226,81,2026-07-31,Venta,-1
6227,1,2026-07-31,Venta,-1
6228,63,2026-08-21,Venta,-3
6229,22,2024-05-11,Venta,-2
6230,38,2024-05-11,Venta,-1
6231,64,2024-10-21,Venta,-4
6232,86,2024-10-21,Venta,-12
6233,29,2025-12-18,Venta,-2
6234,36,2025-12-18,Venta,-12
6235,88,2025-12-18,Venta,-3
6236,91,2025-12-18,Venta,-1
6237,67,2026-07-17,Venta,-1
6238,36,2026-07-17,Venta,-4
6239,26,2026-07-17,Venta,-1
6240,35,2025-11-15,Venta,-2
6241,46,2025-11-15,Venta,-1
6242,38,2026-03-27,Venta,-1
6243,2,2026-03-27,Venta,-1
6244,14,2024-07-17,Venta,-3
6245,86,2024-07-17,Venta,-1
6246,29,2024-07-17,Venta,-3
6247,72,2025-11-23,Venta,-2
6248,84,2025-11-23,Venta,-2
6249,38,2025-11-23,Venta,-1
6250,78,2026-08-29,Venta,-2
6251,27,2025-07-09,Venta,-2
6252,54,2025-07-09,Venta,-3
6253,91,2026-04-23,Venta,-3
6254,36,2025-03-13,Venta,-4
6255,14,2025-03-13,Venta,-1
6256,14,2025-03-29,Venta,-2
6257,76,2025-03-29,Venta,-1
6258,59,2025-03-29,Venta,-1
6259,83,2025-03-29,Venta,-1
6260,93,2025-12-10,Venta,-1
6261,14,2025-12-10,Venta,-1
6262,74,2025-12-10,Venta,-1
6263,82,2024-10-24,Venta,-2
6264,96,2025-09-06,Venta,-1
6265,12,2025-07-31,Venta,-1
6266,42,2025-07-31,Venta,-1
6267,90,2025-07-31,Venta,-3
6268,34,2025-01-21,Venta,-2
6269,74,2024-11-01,Venta,-1
6270,78,2025-06-20,Venta,-1
6271,55,2025-06-20,Venta,-1
6272,4,2024-04-29,Venta,-1
6273,5,2024-04-29,Venta,-1
6274,96,2026-08-13,Venta,-1
6275,51,2026-08-13,Venta,-3
6276,94,2026-08-13,Venta,-1
6277,23,2025-05-09,Venta,-1
6278,95,2025-05-09,Venta,-1
6279,34,2025-05-09,Venta,-2
6280,26,2026-08-08,Venta,-1
6281,76,2026-08-08,Venta,-3
6282,41,2026-08-08,Venta,-1
6283,8,2024-08-14,Venta,-1
6284,87,2024-08-14,Venta,-1
6285,54,2024-08-14,Venta,-2
6286,61,2024-08-14,Venta,-1
6287,55,2024-11-23,Venta,-3
6288,83,2024-11-23,Venta,-1
6289,59,2024-11-23,Venta,-3
6290,47,2024-11-23,Venta,-12
6291,55,2025-08-03,Venta,-1
6292,14,2025-08-03,Venta,-24
6293,18,2025-04-25,Venta,-1
6294,3,2025-04-25,Venta,-6
6295,67,2025-04-25,Venta,-1
6296,51,2026-04-10,Venta,-12
6297,74,2026-04-10,Venta,-1
6298,71,2025-10-10,Venta,-1
6299,64,2025-04-25,Venta,-1
6300,11,2025-04-25,Venta,-3
6301,37,2026-02-11,Venta,-1
6302,80,2025-12-03,Venta,-3
6303,4,2025-12-03,Venta,-3
6304,54,2025-04-04,Venta,-1
6305,18,2025-04-04,Venta,-4
6306,15,2025-04-04,Venta,-2
6307,7,2024-11-23,Venta,-3
6308,61,2024-11-23,Venta,-1
6309,24,2024-11-23,Venta,-2
6310,4,2025-12-29,Venta,-1
6311,92,2025-12-29,Venta,-1
6312,82,2026-03-27,Venta,-1
6313,26,2024-07-06,Venta,-1
6314,71,2024-07-06,Venta,-1
6315,70,2024-04-24,Venta,-4
6316,55,2024-04-24,Venta,-3
6317,24,2025-12-06,Venta,-1
6318,41,2026-08-01,Venta,-1
6319,31,2026-08-01,Venta,-1
6320,90,2025-03-11,Venta,-6
6321,84,2025-03-11,Venta,-2
6322,14,2025-03-11,Venta,-1
6323,89,2025-03-11,Venta,-2
6324,26,2026-03-20,Venta,-1
6325,5,2024-10-27,Venta,-1
6326,85,2024-10-27,Venta,-1
6327,29,2026-07-22,Venta,-1
6328,66,2026-07-22,Venta,-2
6329,51,2024-06-05,Venta,-1
6330,65,2024-06-05,Venta,-2
6331,10,2024-06-05,Venta,-1
6332,4,2026-02-20,Venta,-1
6333,14,2026-02-20,Venta,-1
6334,52,2024-04-27,Venta,-2
6335,91,2024-04-27,Venta,-2
6336,25,2024-04-27,Venta,-1
6337,46,2025-08-24,Venta,-2
6338,61,2026-03-19,Venta,-1
6339,5,2026-08-26,Venta,-2
6340,72,2026-06-10,Venta,-1
6341,84,2024-08-29,Venta,-1
6342,42,2026-01-17,Venta,-1
6343,74,2026-05-12,Venta,-1
6344,54,2024-03-16,Venta,-1
6345,94,2025-07-12,Venta,-3
6346,100,2025-07-12,Venta,-1
6347,37,2024-04-24,Venta,-1
6348,23,2024-04-24,Venta,-2
6349,38,2026-08-08,Venta,-2
6350,14,2026-07-04,Venta,-1
6351,45,2025-01-13,Venta,-3
6352,59,2026-03-21,Venta,-1
6353,71,2026-03-21,Venta,-2
6354,20,2026-03-21,Venta,-2
6355,55,2026-03-21,Venta,-1
6356,4,2026-06-23,Venta,-1
6357,74,2025-03-14,Venta,-1
6358,92,2026-01-23,Venta,-1
6359,23,2025-11-23,Venta,-1
6360,26,2025-11-23,Venta,-1
6361,82,2024-07-13,Venta,-1
6362,65,2024-07-13,Venta,-2
6363,76,2024-07-13,Venta,-6
6364,20,2026-05-01,Venta,-1
6365,29,2025-01-11,Venta,-1
6366,76,2025-12-14,Venta,-1
6367,67,2025-12-14,Venta,-3
6368,59,2024-09-11,Venta,-2
6369,76,2025-08-11,Venta,-1
6370,10,2025-08-11,Venta,-1
6371,72,2025-08-11,Venta,-1
6372,53,2025-05-31,Venta,-1
6373,1,2025-05-31,Venta,-1
6374,89,2025-05-31,Venta,-2
6375,24,2026-07-08,Venta,-2
6376,46,2026-03-06,Venta,-1
6377,89,2025-11-27,Venta,-12
6378,96,2025-11-27,Venta,-2
6379,3,2025-06-08,Venta,-1
6380,94,2025-06-08,Venta,-3
6381,75,2025-06-08,Venta,-1
6382,29,2026-06-08,Venta,-1
6383,38,2026-06-08,Venta,-1
6384,96,2024-07-17,Venta,-1
6385,91,2024-07-17,Venta,-4
6386,34,2024-07-17,Venta,-1
6387,29,2024-07-17,Venta,-3
6388,85,2024-07-17,Venta,-2
6389,1,2026-05-30,Venta,-1
6390,3,2024-12-27,Venta,-4
6391,61,2024-12-27,Venta,-1
6392,18,2024-12-27,Venta,-2
6393,73,2024-12-27,Venta,-4
6394,93,2025-07-19,Venta,-1
6395,80,2025-07-19,Venta,-4
6396,49,2025-07-19,Venta,-1
6397,59,2026-07-04,Venta,-2
6398,36,2024-03-02,Venta,-1
6399,91,2024-03-02,Venta,-1
6400,8,2025-03-08,Venta,-4
6401,4,2025-03-08,Venta,-2
6402,7,2025-03-08,Venta,-1
6403,55,2025-03-08,Venta,-2
6404,2,2024-04-26,Venta,-1
6405,36,2024-04-26,Venta,-2
6406,69,2024-04-26,Venta,-1
6407,85,2026-08-03,Venta,-1
6408,68,2026-08-03,Venta,-2
6409,76,2024-02-23,Venta,-1
6410,51,2024-02-23,Venta,-1
6411,89,2024-06-24,Venta,-2
6412,33,2024-06-24,Venta,-2
6413,10,2026-04-26,Venta,-1
6414,26,2026-04-26,Venta,-1
6415,51,2025-01-11,Venta,-3
6416,55,2024-02-23,Venta,-1
6417,70,2024-12-24,Venta,-4
6418,1,2024-12-24,Venta,-1
6419,16,2024-05-28,Venta,-1
6420,31,2024-05-28,Venta,-2
6421,83,2024-05-28,Venta,-1
6422,7,2024-07-16,Venta,-1
6423,70,2024-07-16,Venta,-2
6424,74,2024-07-16,Venta,-4
6425,71,2025-03-21,Venta,-1
6426,82,2025-03-21,Venta,-1
6427,2,2024-10-09,Venta,-1
6428,2,2024-07-13,Venta,-1
6429,48,2024-02-17,Venta,-1
6430,2,2024-01-12,Venta,-1
6431,2,2025-01-12,Venta,-1
6432,4,2025-12-22,Venta,-1
6433,74,2025-12-22,Venta,-4
6434,21,2025-12-22,Venta,-2
6435,2,2025-12-22,Venta,-2
6436,91,2024-01-23,Venta,-1
6437,34,2024-01-23,Venta,-1
6438,51,2024-01-23,Venta,-1
6439,36,2024-01-23,Venta,-6
6440,29,2024-06-03,Venta,-2
6441,52,2024-06-03,Venta,-1
6442,74,2024-09-12,Venta,-1
6443,16,2024-04-28,Venta,-1
6444,14,2024-04-28,Venta,-1
6445,92,2026-08-15,Venta,-3
6446,56,2026-08-02,Venta,-3
6447,27,2026-08-02,Venta,-1
6448,67,2026-08-02,Venta,-18
6449,7,2024-01-06,Venta,-4
6450,52,2024-01-06,Venta,-2
6451,13,2025-01-31,Venta,-2
6452,23,2025-01-31,Venta,-1
6453,14,2025-10-27,Venta,-1
6454,95,2025-03-08,Venta,-1
6455,5,2026-06-13,Venta,-2
6456,51,2026-06-13,Venta,-1
6457,14,2026-06-13,Venta,-1
6458,80,2025-04-29,Venta,-2
6459,87,2024-10-27,Venta,-1
6460,7,2026-04-08,Venta,-2
6461,55,2026-04-08,Venta,-2
6462,18,2026-04-08,Venta,-2
6463,61,2024-05-30,Venta,-1
6464,69,2024-11-18,Venta,-12
6465,17,2026-08-11,Venta,-2
6466,55,2025-12-01,Venta,-2
6467,66,2025-12-01,Venta,-3
6468,26,2025-12-13,Venta,-1
6469,67,2025-05-04,Venta,-2
6470,29,2025-05-04,Venta,-1
6471,73,2025-05-04,Venta,-1
6472,54,2025-12-20,Venta,-2
6473,55,2025-06-14,Venta,-1
6474,86,2025-06-14,Venta,-1
6475,65,2025-06-14,Venta,-2
6476,34,2025-06-14,Venta,-1
6477,46,2025-08-01,Venta,-6
6478,67,2025-08-01,Venta,-1
6479,4,2025-08-01,Venta,-3
6480,85,2025-05-29,Venta,-18
6481,12,2025-05-29,Venta,-2
6482,76,2025-05-29,Venta,-1
6483,4,2025-05-29,Venta,-12
6484,69,2024-10-21,Venta,-2
6485,61,2024-10-21,Venta,-2
6486,11,2026-03-19,Venta,-1
6487,38,2026-03-29,Venta,-2
6488,74,2026-03-29,Venta,-1
6489,36,2026-06-20,Venta,-1
6490,34,2026-06-20,Venta,-3
6491,14,2026-06-20,Venta,-18
6492,85,2026-07-02,Venta,-3
6493,51,2026-03-21,Venta,-1
6494,38,2026-03-21,Venta,-2
6495,38,2026-06-02,Venta,-1
6496,45,2026-06-02,Venta,-1
6497,26,2024-09-24,Venta,-1
6498,76,2025-08-03,Venta,-1
6499,16,2025-12-24,Venta,-1
6500,95,2025-12-24,Venta,-2
6501,26,2025-10-03,Venta,-3
6502,38,2025-10-13,Venta,-4
6503,54,2024-02-15,Venta,-2
6504,20,2024-02-15,Venta,-1
6505,2,2024-06-23,Venta,-1
6506,88,2024-06-23,Venta,-1
6507,4,2025-08-12,Venta,-2
6508,58,2025-08-12,Venta,-2
6509,84,2025-06-15,Venta,-2
6510,37,2025-06-15,Venta,-2
6511,1,2024-07-09,Venta,-3
6512,24,2024-07-09,Venta,-1
6513,68,2024-07-09,Venta,-3
6514,63,2025-07-11,Venta,-4
6515,82,2025-07-11,Venta,-4
6516,83,2024-08-24,Venta,-1
6517,92,2024-11-16,Venta,-1
6518,81,2024-11-16,Venta,-1
6519,55,2026-05-24,Venta,-1
6520,16,2026-02-02,Venta,-3
6521,14,2026-02-02,Venta,-1
6522,56,2026-02-21,Venta,-2
6523,52,2024-10-28,Venta,-1
6524,24,2024-10-28,Venta,-1
6525,71,2026-07-02,Venta,-1
6526,26,2026-07-02,Venta,-1
6527,84,2026-07-02,Venta,-1
6528,87,2025-08-27,Venta,-1
6529,1,2025-08-27,Venta,-2
6530,55,2025-12-02,Venta,-2
6531,4,2025-12-02,Venta,-2
6532,33,2026-04-10,Venta,-3
6533,55,2026-04-10,Venta,-12
6534,74,2026-04-10,Venta,-2
6535,38,2025-05-03,Venta,-2
6536,76,2025-07-26,Venta,-1
6537,42,2025-07-26,Venta,-1
6538,56,2025-07-26,Venta,-1
6539,71,2024-01-25,Venta,-2
6540,4,2024-01-25,Venta,-1
6541,26,2024-01-25,Venta,-1
6542,34,2024-01-25,Venta,-4
6543,74,2025-09-11,Venta,-1
6544,75,2025-09-11,Venta,-3
6545,67,2026-02-04,Venta,-2
6546,41,2026-02-04,Venta,-3
6547,47,2026-03-09,Venta,-1
6548,76,2026-03-09,Venta,-2
6549,65,2024-10-14,Venta,-1
6550,57,2024-10-14,Venta,-1
6551,53,2024-02-23,Venta,-1
6552,63,2024-01-14,Venta,-1
6553,64,2024-12-25,Venta,-1
6554,55,2024-12-25,Venta,-1
6555,100,2024-12-25,Venta,-2
6556,48,2024-12-25,Venta,-1
6557,76,2024-12-25,Venta,-1
6558,51,2025-03-11,Venta,-2
6559,51,2026-01-26,Venta,-3
6560,4,2026-01-26,Venta,-2
6561,22,2025-11-28,Venta,-3
6562,83,2025-12-01,Venta,-1
6563,28,2024-06-15,Venta,-1
6564,18,2024-06-15,Venta,-1
6565,45,2024-06-15,Venta,-2
6566,83,2024-06-15,Venta,-1
6567,62,2024-10-16,Venta,-1
6568,81,2026-03-02,Venta,-3
6569,92,2026-03-02,Venta,-2
6570,22,2025-12-30,Venta,-3
6571,24,2026-05-29,Venta,-1
6572,28,2026-05-29,Venta,-1
6573,32,2026-05-29,Venta,-2
6574,8,2026-05-29,Venta,-1
6575,4,2025-07-27,Venta,-1
6576,30,2026-04-02,Venta,-1
6577,1,2026-04-02,Venta,-1
6578,31,2024-12-25,Venta,-3
6579,81,2025-03-28,Venta,-3
6580,88,2025-03-28,Venta,-1
6581,100,2025-03-28,Venta,-1
6582,27,2026-07-04,Venta,-1
6583,95,2026-07-04,Venta,-1
6584,84,2026-05-17,Venta,-1
6585,51,2025-05-11,Venta,-1
6586,74,2025-05-11,Venta,-1
6587,69,2024-10-05,Venta,-2
6588,30,2024-10-05,Venta,-1
6589,14,2026-02-06,Venta,-3
6590,70,2026-02-06,Venta,-1
6591,24,2025-12-27,Venta,-1
6592,72,2025-12-27,Venta,-1
6593,8,2025-12-07,Venta,-1
6594,87,2025-12-07,Venta,-1
6595,55,2025-12-07,Venta,-1
6596,76,2025-12-03,Venta,-4
6597,74,2025-12-03,Venta,-1
6598,67,2026-04-16,Venta,-1
6599,59,2026-04-16,Venta,-2
6600,85,2026-04-16,Venta,-1
6601,61,2026-06-15,Venta,-1
6602,24,2025-12-09,Venta,-1
6603,3,2025-12-09,Venta,-1
6604,11,2024-09-19,Venta,-4
6605,34,2024-09-19,Venta,-4
6606,61,2024-12-17,Venta,-2
6607,12,2024-12-17,Venta,-1
6608,83,2024-12-17,Venta,-3
6609,16,2024-05-25,Venta,-2
6610,95,2024-01-19,Venta,-2
6611,85,2024-10-12,Venta,-3
6612,44,2024-10-12,Venta,-1
6613,32,2025-09-19,Venta,-2
6614,80,2024-04-19,Venta,-1
6615,73,2024-04-19,Venta,-2
6616,26,2024-04-19,Venta,-1
6617,33,2024-04-19,Venta,-4
6618,4,2025-10-31,Venta,-1
6619,40,2025-10-31,Venta,-3
6620,21,2025-10-31,Venta,-1
6621,83,2025-10-31,Venta,-1
6622,43,2024-06-06,Venta,-1
6623,55,2024-06-06,Venta,-1
6624,14,2026-06-26,Venta,-6
6625,9,2026-06-26,Venta,-1
6626,81,2026-03-07,Venta,-2
6627,29,2026-03-07,Venta,-1
6628,95,2026-04-13,Venta,-1
6629,40,2026-04-13,Venta,-3
6630,100,2026-04-13,Venta,-1
6631,67,2026-04-13,Venta,-1
6632,29,2026-04-13,Venta,-1
6633,21,2025-09-12,Venta,-1
6634,35,2026-05-02,Venta,-1
6635,32,2026-05-02,Venta,-1
6636,81,2025-05-06,Venta,-2
6637,74,2025-05-06,Venta,-3
6638,63,2025-05-06,Venta,-1
6639,34,2025-05-06,Venta,-2
6640,22,2024-10-15,Venta,-24
6641,2,2024-10-15,Venta,-1
6642,29,2024-10-15,Venta,-2
6643,52,2026-04-03,Venta,-1
6644,14,2026-04-03,Venta,-3
6645,54,2026-08-03,Venta,-2
6646,21,2025-05-03,Venta,-4
6647,14,2025-05-03,Venta,-2
6648,64,2024-08-26,Venta,-12
6649,48,2024-08-06,Venta,-1
6650,4,2025-02-27,Venta,-1
6651,5,2025-02-27,Venta,-12
6652,93,2025-03-01,Venta,-1
6653,61,2025-03-01,Venta,-1
6654,90,2026-05-25,Venta,-3
6655,47,2026-03-16,Venta,-1
6656,95,2026-03-16,Venta,-2
6657,37,2026-03-16,Venta,-1
6658,49,2026-03-16,Venta,-2
6659,88,2026-03-16,Venta,-1
6660,23,2026-06-02,Venta,-1
6661,26,2026-06-02,Venta,-1
6662,81,2026-06-02,Venta,-1
6663,27,2025-01-20,Venta,-1
6664,37,2026-06-16,Venta,-1
6665,7,2026-06-16,Venta,-3
6666,85,2026-06-16,Venta,-6
6667,85,2025-01-26,Venta,-1
6668,41,2025-01-26,Venta,-1
6669,27,2025-01-26,Venta,-1
6670,38,2025-07-24,Venta,-2
6671,1,2025-07-24,Venta,-1
6672,51,2025-07-24,Venta,-1
6673,7,2025-07-24,Venta,-1
6674,61,2024-10-23,Venta,-1
6675,23,2025-12-17,Venta,-2
6676,89,2025-12-17,Venta,-1
6677,82,2025-03-30,Venta,-4
6678,94,2025-11-06,Venta,-1
6679,63,2025-11-06,Venta,-1
6680,27,2024-01-15,Venta,-1
6681,52,2026-07-23,Venta,-1
6682,62,2026-07-23,Venta,-1
6683,37,2026-07-23,Venta,-1
6684,61,2024-11-02,Venta,-2
6685,2,2024-04-14,Venta,-2
6686,76,2025-07-06,Venta,-2
6687,36,2025-02-28,Venta,-1
6688,74,2025-02-28,Venta,-1
6689,92,2026-01-04,Venta,-1
6690,28,2025-09-29,Venta,-1
6691,33,2025-09-29,Venta,-2
6692,60,2025-08-09,Venta,-1
6693,3,2025-08-09,Venta,-1
6694,49,2024-02-25,Venta,-2
6695,32,2025-09-25,Venta,-2
6696,1,2025-09-21,Venta,-1
6697,22,2025-09-21,Venta,-1
6698,85,2025-07-06,Venta,-2
6699,62,2026-02-13,Venta,-2
6700,40,2026-02-13,Venta,-1
6701,95,2026-02-13,Venta,-1
6702,12,2025-01-28,Venta,-1
6703,30,2026-08-27,Venta,-1
6704,75,2024-01-25,Venta,-6
6705,84,2024-01-25,Venta,-3
6706,92,2024-01-25,Venta,-1
6707,34,2024-01-25,Venta,-1
6708,43,2024-01-25,Venta,-1
6709,94,2025-05-08,Venta,-2
6710,88,2025-05-08,Venta,-2
6711,21,2025-06-06,Venta,-2
6712,38,2025-06-06,Venta,-3
6713,51,2025-06-06,Venta,-3
6714,67,2025-06-06,Venta,-2
6715,95,2025-06-06,Venta,-12
6716,48,2025-06-06,Venta,-1
6717,54,2025-06-06,Venta,-1
6718,7,2024-09-30,Venta,-1
6719,61,2024-09-30,Venta,-2
6720,37,2024-09-30,Venta,-4
6721,26,2024-09-30,Venta,-1
6722,14,2024-09-30,Venta,-1
6723,75,2026-04-24,Venta,-1
6724,49,2026-04-24,Venta,-3
6725,48,2026-04-24,Venta,-1
6726,65,2026-05-07,Venta,-2
6727,54,2026-05-07,Venta,-2
6728,86,2025-08-20,Venta,-1
6729,24,2025-08-20,Venta,-1
6730,74,2025-08-20,Venta,-2
6731,75,2025-09-09,Venta,-2
6732,59,2025-09-09,Venta,-2
6733,21,2024-05-06,Venta,-1
6734,22,2024-07-18,Venta,-1
6735,28,2024-04-30,Venta,-3
6736,65,2024-04-20,Venta,-2
6737,67,2024-02-17,Venta,-2
6738,82,2024-02-17,Venta,-2
6739,22,2025-01-30,Venta,-2
6740,2,2025-01-30,Venta,-2
6741,31,2025-01-30,Venta,-2
6742,99,2025-06-11,Venta,-1
6743,11,2025-06-11,Venta,-1
6744,87,2025-06-11,Venta,-4
6745,17,2025-06-11,Venta,-3
6746,69,2025-06-11,Venta,-1
6747,74,2024-07-26,Venta,-1
6748,37,2024-07-26,Venta,-12
6749,12,2024-05-30,Venta,-2
6750,23,2024-05-30,Venta,-1
6751,2,2024-05-30,Venta,-1
6752,14,2024-06-22,Venta,-1
6753,1,2024-06-22,Venta,-1
6754,51,2024-06-22,Venta,-1
6755,2,2024-06-22,Venta,-1
6756,84,2024-04-16,Venta,-1
6757,36,2024-04-16,Venta,-1
6758,22,2024-04-16,Venta,-1
6759,83,2024-04-16,Venta,-1
6760,18,2024-04-16,Venta,-1
6761,29,2025-12-03,Venta,-1
6762,89,2025-12-03,Venta,-2
6763,57,2025-12-03,Venta,-1
6764,37,2025-06-20,Venta,-2
6765,74,2025-06-20,Venta,-1
6766,95,2025-06-20,Venta,-1
6767,29,2025-11-19,Venta,-1
6768,36,2025-09-11,Venta,-2
6769,68,2026-08-26,Venta,-1
6770,100,2025-12-09,Venta,-2
6771,97,2025-12-09,Venta,-4
6772,15,2025-12-05,Venta,-2
6773,34,2025-12-05,Venta,-4
6774,36,2025-12-05,Venta,-1
6775,52,2025-12-05,Venta,-3
6776,34,2025-12-01,Venta,-1
6777,36,2025-12-01,Venta,-12
6778,4,2025-12-01,Venta,-1
6779,71,2024-03-23,Venta,-1
6780,81,2024-03-23,Venta,-3
6781,7,2024-03-23,Venta,-1
6782,4,2024-03-23,Venta,-1
6783,33,2026-01-01,Venta,-1
6784,46,2026-01-01,Venta,-1
6785,62,2024-10-03,Venta,-4
6786,14,2024-10-03,Venta,-1
6787,79,2024-12-26,Venta,-2
6788,4,2024-12-26,Venta,-2
6789,44,2024-12-26,Venta,-2
6790,2,2026-02-21,Venta,-2
6791,23,2025-10-08,Venta,-1
6792,30,2025-04-10,Venta,-2
6793,31,2025-04-10,Venta,-1
6794,61,2025-09-22,Venta,-1
6795,95,2025-09-22,Venta,-2
6796,16,2026-08-08,Venta,-2
6797,59,2026-08-08,Venta,-1
6798,33,2026-08-08,Venta,-2
6799,54,2025-09-12,Venta,-4
6800,34,2025-09-12,Venta,-2
6801,58,2025-09-12,Venta,-6
6802,36,2025-07-30,Venta,-4
6803,31,2024-11-15,Venta,-6
6804,93,2024-02-02,Venta,-1
6805,85,2024-02-02,Venta,-2
6806,22,2024-02-02,Venta,-1
6807,32,2024-03-18,Venta,-2
6808,1,2024-03-18,Venta,-4
6809,2,2024-03-18,Venta,-2
6810,34,2024-11-12,Venta,-1
6811,96,2024-11-12,Venta,-2
6812,71,2025-11-01,Venta,-3
6813,35,2025-11-01,Venta,-1
6814,24,2025-11-01,Venta,-12
6815,81,2025-10-24,Venta,-1
6816,51,2025-10-24,Venta,-1
6817,3,2024-07-21,Venta,-1
6818,74,2024-07-21,Venta,-3
6819,86,2024-04-18,Venta,-1
6820,37,2024-04-18,Venta,-1
6821,76,2024-09-15,Venta,-1
6822,42,2024-09-15,Venta,-1
6823,34,2024-09-15,Venta,-2
6824,91,2024-09-20,Venta,-1
6825,24,2024-09-20,Venta,-1
6826,74,2024-07-16,Venta,-1
6827,55,2024-07-16,Venta,-1
6828,4,2024-07-16,Venta,-2
6829,5,2024-12-17,Venta,-1
6830,42,2024-12-17,Venta,-3
6831,94,2026-01-11,Venta,-3
6832,63,2026-01-11,Venta,-2
6833,3,2026-01-11,Venta,-1
6834,87,2024-04-11,Venta,-1
6835,84,2024-10-21,Venta,-1
6836,89,2024-10-21,Venta,-6
6837,85,2024-10-21,Venta,-2
6838,81,2026-01-06,Venta,-3
6839,7,2026-01-06,Venta,-2
6840,85,2026-01-06,Venta,-1
6841,68,2024-10-29,Venta,-1
6842,8,2024-10-29,Venta,-2
6843,76,2025-07-26,Venta,-1
6844,49,2025-07-26,Venta,-1
6845,65,2025-07-26,Venta,-1
6846,31,2025-07-26,Venta,-1
6847,93,2024-05-14,Venta,-1
6848,32,2024-05-14,Venta,-3
6849,24,2024-07-03,Venta,-1
6850,89,2024-07-03,Venta,-3
6851,85,2024-07-03,Venta,-1
6852,4,2024-10-20,Venta,-1
6853,24,2024-10-20,Venta,-2
6854,21,2024-10-20,Venta,-3
6855,76,2024-10-20,Venta,-2
6856,26,2024-10-20,Venta,-1
6857,26,2024-09-01,Venta,-2
6858,89,2024-09-01,Venta,-1
6859,45,2025-04-28,Venta,-1
6860,96,2024-07-05,Venta,-1
6861,22,2025-03-30,Venta,-3
6862,5,2025-03-30,Venta,-4
6863,31,2025-03-30,Venta,-1
6864,86,2025-03-30,Venta,-1
6865,81,2025-03-30,Venta,-3
6866,1,2025-12-31,Venta,-2
6867,29,2025-12-31,Venta,-1
6868,74,2024-02-23,Venta,-3
6869,85,2024-12-02,Venta,-1
6870,14,2024-12-02,Venta,-1
6871,78,2024-12-02,Venta,-1
6872,54,2026-04-04,Venta,-1
6873,18,2024-01-19,Venta,-1
6874,36,2024-01-19,Venta,-1
6875,22,2024-01-19,Venta,-1
6876,50,2024-10-17,Venta,-1
6877,4,2024-10-17,Venta,-1
6878,67,2024-10-17,Venta,-1
6879,12,2024-10-17,Venta,-1
6880,51,2024-08-17,Venta,-2
6881,75,2024-08-17,Venta,-1
6882,4,2024-08-17,Venta,-1
6883,74,2026-07-07,Venta,-2
6884,46,2026-07-07,Venta,-24
6885,86,2024-05-25,Venta,-1
6886,27,2024-05-25,Venta,-1
6887,88,2024-05-25,Venta,-1
6888,24,2025-04-20,Venta,-4
6889,74,2025-04-20,Venta,-1
6890,36,2025-04-20,Venta,-1
6891,41,2025-04-20,Venta,-2
6892,27,2025-03-07,Venta,-2
6893,1,2025-09-04,Venta,-3
6894,7,2025-05-24,Venta,-1
6895,20,2025-05-24,Venta,-1
6896,42,2024-01-27,Venta,-2
6897,93,2024-01-27,Venta,-2
6898,36,2024-01-27,Venta,-1
6899,14,2026-03-29,Venta,-1
6900,52,2026-03-29,Venta,-1
6901,24,2026-03-29,Venta,-3
6902,65,2026-03-29,Venta,-1
6903,74,2026-03-29,Venta,-1
6904,32,2025-11-16,Venta,-3
6905,46,2025-11-16,Venta,-1
6906,69,2026-05-14,Venta,-2
6907,16,2024-12-23,Venta,-1
6908,7,2024-12-23,Venta,-2
6909,33,2024-12-23,Venta,-1
6910,31,2024-12-23,Venta,-1
6911,76,2025-08-15,Venta,-2
6912,93,2025-08-15,Venta,-1
6913,56,2025-12-03,Venta,-1
6914,93,2025-12-03,Venta,-1
6915,71,2025-12-03,Venta,-1
6916,37,2025-12-03,Venta,-2
6917,76,2026-02-26,Venta,-2
6918,26,2024-12-11,Venta,-1
6919,48,2024-12-11,Venta,-2
6920,69,2024-12-11,Venta,-2
6921,4,2024-12-11,Venta,-1
6922,59,2024-04-30,Venta,-1
6923,27,2026-05-02,Venta,-1
6924,55,2025-05-05,Venta,-2
6925,13,2025-05-05,Venta,-1
6926,24,2025-04-15,Venta,-2
6927,40,2025-04-15,Venta,-1
6928,86,2025-04-25,Venta,-1
6929,100,2025-04-25,Venta,-2
6930,22,2025-11-20,Venta,-1
6931,14,2025-11-20,Venta,-3
6932,55,2025-06-07,Venta,-2
6933,4,2025-05-31,Venta,-24
6934,60,2026-07-31,Venta,-2
6935,51,2026-07-31,Venta,-1
6936,61,2026-07-09,Venta,-2
6937,95,2026-07-09,Venta,-1
6938,70,2026-07-09,Venta,-1
6939,24,2024-08-09,Venta,-1
6940,38,2024-08-09,Venta,-2
6941,91,2024-08-09,Venta,-1
6942,40,2024-10-10,Venta,-2
6943,76,2025-04-05,Venta,-2
6944,40,2025-11-07,Venta,-1
6945,14,2025-09-17,Venta,-1
6946,54,2025-08-31,Venta,-1
6947,60,2024-03-07,Venta,-1
6948,83,2024-03-07,Venta,-1
6949,14,2024-03-07,Venta,-2
6950,22,2025-12-03,Venta,-1
6951,94,2025-12-03,Venta,-1
6952,72,2025-11-25,Venta,-1
6953,48,2025-11-25,Venta,-18
6954,61,2025-11-25,Venta,-1
6955,22,2025-11-25,Venta,-3
6956,55,2025-02-02,Venta,-1
6957,22,2024-12-18,Venta,-1
6958,56,2024-12-18,Venta,-1
6959,45,2024-12-18,Venta,-1
6960,88,2025-12-20,Venta,-1
6961,27,2025-12-20,Venta,-1
6962,2,2025-04-03,Venta,-2
6963,93,2025-04-03,Venta,-2
6964,95,2025-04-03,Venta,-3
6965,97,2025-04-24,Venta,-1
6966,74,2025-04-24,Venta,-3
6967,62,2024-08-04,Venta,-1
6968,64,2024-08-04,Venta,-1
6969,63,2024-08-04,Venta,-1
6970,67,2024-08-04,Venta,-2
6971,31,2024-08-25,Venta,-1
6972,23,2024-08-25,Venta,-1
6973,59,2024-08-25,Venta,-3
6974,34,2024-08-25,Venta,-1
6975,63,2025-04-29,Venta,-3
6976,81,2025-04-29,Venta,-1
6977,54,2026-01-31,Venta,-6
6978,14,2025-10-10,Venta,-1
6979,74,2025-10-10,Venta,-2
6980,23,2025-10-10,Venta,-1
6981,85,2024-09-05,Venta,-18
6982,48,2024-09-05,Venta,-1
6983,34,2024-08-28,Venta,-1
6984,55,2024-08-28,Venta,-1
6985,18,2024-08-28,Venta,-3
6986,54,2024-08-28,Venta,-1
6987,2,2025-03-18,Venta,-2
6988,17,2025-12-27,Venta,-4
6989,14,2025-12-27,Venta,-1
6990,74,2024-10-26,Venta,-1
6991,43,2024-10-26,Venta,-1
6992,76,2026-02-05,Venta,-1
6993,1,2026-02-05,Venta,-2
6994,55,2026-02-05,Venta,-2
6995,74,2025-10-17,Venta,-1
6996,84,2025-10-17,Venta,-2
6997,34,2026-02-12,Venta,-2
6998,26,2026-02-12,Venta,-2
6999,7,2026-02-12,Venta,-2
7000,56,2025-01-13,Venta,-1
7001,85,2026-08-05,Venta,-3
7002,81,2026-08-05,Venta,-1
7003,72,2026-08-05,Venta,-1
7004,55,2025-04-28,Venta,-3
7005,29,2025-12-22,Venta,-2
7006,35,2025-12-22,Venta,-1
7007,42,2025-12-05,Venta,-24
7008,3,2024-04-26,Venta,-1
7009,65,2024-04-26,Venta,-1
7010,89,2024-04-26,Venta,-1
7011,46,2024-08-02,Venta,-1
7012,81,2024-07-26,Venta,-2
7013,22,2024-03-13,Venta,-1
7014,24,2026-02-07,Venta,-1
7015,43,2026-02-07,Venta,-1
7016,85,2026-02-07,Venta,-1
7017,40,2024-06-29,Venta,-1
7018,55,2026-04-22,Venta,-1
7019,29,2026-04-22,Venta,-24
7020,55,2025-06-21,Venta,-1
7021,22,2025-06-21,Venta,-1
7022,12,2025-12-21,Venta,-1
7023,4,2025-12-21,Venta,-1
7024,55,2025-12-21,Venta,-1
7025,37,2025-05-14,Venta,-2
7026,4,2025-05-14,Venta,-1
7027,90,2025-05-31,Venta,-2
7028,52,2025-05-31,Venta,-1
7029,54,2025-05-31,Venta,-1
7030,18,2026-03-16,Venta,-1
7031,99,2025-04-28,Venta,-3
7032,29,2025-04-28,Venta,-1
7033,36,2025-12-09,Venta,-2
7034,4,2025-12-09,Venta,-3
7035,1,2025-12-09,Venta,-1
7036,7,2024-04-26,Venta,-2
7037,36,2025-07-11,Venta,-3
7038,71,2025-07-11,Venta,-1
7039,26,2024-08-18,Venta,-6
7040,40,2024-11-27,Venta,-1
7041,24,2024-11-27,Venta,-1
7042,77,2024-11-27,Venta,-1
7043,92,2024-11-27,Venta,-1
7044,54,2026-07-04,Venta,-3
7045,81,2026-07-04,Venta,-1
7046,34,2026-07-04,Venta,-1
7047,66,2026-07-04,Venta,-1
7048,23,2025-03-07,Venta,-2
7049,51,2025-03-07,Venta,-3
7050,86,2024-09-07,Venta,-2
7051,88,2024-05-08,Venta,-2
7052,3,2024-07-25,Venta,-1
7053,85,2024-07-25,Venta,-1
7054,59,2024-07-25,Venta,-1
7055,14,2024-07-25,Venta,-3
7056,41,2024-07-25,Venta,-3
7057,4,2024-07-24,Venta,-2
7058,63,2025-11-29,Venta,-1
7059,41,2025-11-29,Venta,-1
7060,4,2025-11-29,Venta,-1
7061,17,2025-11-29,Venta,-1
7062,10,2025-01-06,Venta,-1
7063,86,2025-01-06,Venta,-1
7064,28,2025-01-06,Venta,-1
7065,23,2025-01-06,Venta,-4
7066,66,2024-03-01,Venta,-3
7067,59,2024-03-01,Venta,-2
7068,91,2024-12-22,Venta,-2
7069,94,2024-12-17,Venta,-2
7070,63,2024-12-17,Venta,-1
7071,85,2024-12-17,Venta,-1
7072,49,2024-06-17,Venta,-1
7073,21,2024-06-17,Venta,-2
7074,82,2024-06-17,Venta,-4
7075,34,2024-06-17,Venta,-1
7076,81,2026-04-28,Venta,-24
7077,26,2024-10-29,Venta,-1
7078,10,2024-02-20,Venta,-1
7079,26,2024-02-20,Venta,-2
7080,67,2024-02-20,Venta,-1
7081,88,2024-11-18,Venta,-2
7082,49,2024-11-18,Venta,-1
7083,2,2024-11-18,Venta,-3
7084,67,2024-11-18,Venta,-1
7085,73,2024-04-05,Venta,-1
7086,19,2024-04-05,Venta,-2
7087,9,2024-04-29,Venta,-1
7088,40,2024-04-29,Venta,-1
7089,84,2024-04-29,Venta,-1
7090,67,2024-04-29,Venta,-1
7091,61,2024-04-29,Venta,-2
7092,86,2026-03-14,Venta,-2
7093,76,2024-07-11,Venta,-1
7094,46,2024-07-11,Venta,-1
7095,43,2024-07-11,Venta,-2
7096,61,2024-07-11,Venta,-2
7097,89,2024-07-11,Venta,-2
7098,88,2026-08-06,Venta,-1
7099,27,2026-08-06,Venta,-3
7100,55,2026-08-06,Venta,-1
7101,56,2026-08-06,Venta,-1
7102,67,2025-07-20,Venta,-1
7103,15,2025-07-20,Venta,-1
7104,77,2025-07-20,Venta,-1
7105,1,2024-04-15,Venta,-1
7106,80,2024-04-15,Venta,-1
7107,85,2024-04-15,Venta,-4
7108,29,2024-04-15,Venta,-1
7109,38,2024-12-28,Venta,-1
7110,86,2024-12-28,Venta,-1
7111,12,2025-04-19,Venta,-1
7112,56,2025-04-19,Venta,-1
7113,95,2025-04-19,Venta,-2
7114,59,2025-04-19,Venta,-4
7115,88,2025-04-19,Venta,-2
7116,81,2025-08-01,Venta,-1
7117,22,2025-08-01,Venta,-1
7118,1,2025-08-01,Venta,-1
7119,24,2025-08-01,Venta,-1
7120,86,2025-10-05,Venta,-1
7121,89,2025-10-05,Venta,-1
7122,69,2025-10-05,Venta,-1
7123,62,2025-10-05,Venta,-2
7124,58,2024-01-12,Venta,-2
7125,63,2024-01-12,Venta,-1
7126,7,2024-01-12,Venta,-1
7127,21,2025-06-25,Venta,-2
7128,24,2025-06-25,Venta,-1
7129,86,2025-05-15,Venta,-2
7130,86,2024-01-20,Venta,-1
7131,51,2024-01-20,Venta,-1
7132,3,2024-12-02,Venta,-2
7133,32,2024-12-02,Venta,-2
7134,74,2024-12-02,Venta,-2
7135,41,2024-10-11,Venta,-2
7136,65,2025-07-19,Venta,-1
7137,12,2025-07-19,Venta,-1
7138,52,2025-07-19,Venta,-1
7139,2,2025-07-19,Venta,-1
7140,2,2025-10-01,Venta,-1
7141,26,2025-10-01,Venta,-1
7142,18,2026-08-28,Venta,-1
7143,20,2026-08-28,Venta,-1
7144,29,2026-08-28,Venta,-1
7145,80,2024-11-30,Venta,-6
7146,82,2024-11-30,Venta,-1
7147,88,2024-11-11,Venta,-2
7148,25,2025-12-12,Venta,-2
7149,54,2025-04-18,Venta,-1
7150,76,2025-04-18,Venta,-2
7151,31,2026-04-04,Venta,-1
7152,61,2026-04-04,Venta,-2
7153,100,2026-07-07,Venta,-1
7154,4,2026-07-07,Venta,-1
7155,25,2026-07-07,Venta,-2
7156,67,2026-07-07,Venta,-2
7157,64,2024-11-15,Venta,-1
7158,34,2024-11-15,Venta,-2
7159,70,2024-06-29,Venta,-1
7160,68,2024-06-29,Venta,-1
7161,26,2024-10-01,Venta,-1
7162,16,2024-10-01,Venta,-2
7163,76,2024-10-01,Venta,-2
7164,67,2026-07-07,Venta,-1
7165,49,2026-07-07,Venta,-2
7166,7,2026-07-07,Venta,-2
7167,52,2026-07-07,Venta,-1
7168,2,2026-07-07,Venta,-1
7169,88,2026-01-02,Venta,-1
7170,87,2025-04-13,Venta,-3
7171,62,2025-04-13,Venta,-2
7172,97,2025-04-13,Venta,-1
7173,98,2024-07-13,Venta,-3
7174,45,2024-07-13,Venta,-2
7175,17,2024-07-13,Venta,-1
7176,75,2026-01-26,Venta,-6
7177,48,2026-01-26,Venta,-1
7178,94,2026-01-26,Venta,-1
7179,76,2025-05-03,Venta,-1
7180,80,2025-10-26,Venta,-2
7181,61,2025-10-26,Venta,-1
7182,74,2025-07-01,Venta,-1
7183,63,2025-07-01,Venta,-1
7184,22,2025-05-30,Venta,-3
7185,95,2025-05-30,Venta,-1
7186,91,2025-05-30,Venta,-3
7187,36,2025-05-30,Venta,-1
7188,10,2025-04-28,Venta,-1
7189,83,2025-04-28,Venta,-2
7190,74,2025-04-28,Venta,-2
7191,36,2025-08-24,Venta,-2
7192,52,2025-08-24,Venta,-18
7193,11,2025-08-24,Venta,-1
7194,19,2025-08-03,Venta,-1
7195,97,2025-06-13,Venta,-1
7196,95,2026-01-16,Venta,-3
7197,21,2026-01-16,Venta,-1
7198,31,2026-01-16,Venta,-1
7199,88,2024-03-28,Venta,-1
7200,21,2024-03-28,Venta,-18
7201,83,2024-03-28,Venta,-1
7202,22,2024-03-28,Venta,-2
7203,12,2025-12-12,Venta,-1
7204,86,2026-05-19,Venta,-6
7205,44,2026-05-19,Venta,-1
7206,83,2024-05-11,Venta,-3
7207,85,2024-05-11,Venta,-2
7208,80,2024-05-11,Venta,-6
7209,34,2025-07-23,Venta,-1
7210,24,2026-02-15,Venta,-4
7211,20,2025-08-19,Venta,-2
7212,69,2025-08-19,Venta,-2
7213,2,2025-11-22,Venta,-1
7214,4,2025-11-22,Venta,-1
7215,64,2025-11-22,Venta,-1
7216,81,2024-08-14,Venta,-1
7217,87,2024-08-14,Venta,-1
7218,38,2024-12-13,Venta,-1
7219,65,2024-05-13,Venta,-1
7220,2,2024-05-13,Venta,-3
7221,11,2024-05-13,Venta,-2
7222,14,2026-02-16,Venta,-1
7223,89,2026-02-16,Venta,-1
7224,65,2024-11-07,Venta,-1
7225,83,2024-11-07,Venta,-1
7226,3,2024-11-07,Venta,-1
7227,23,2024-11-07,Venta,-1
7228,12,2024-11-07,Venta,-1
7229,21,2025-05-29,Venta,-2
7230,29,2026-03-24,Venta,-1
7231,52,2025-05-05,Venta,-2
7232,34,2025-05-05,Venta,-1
7233,1,2024-03-22,Venta,-1
7234,42,2024-03-22,Venta,-1
7235,85,2025-12-20,Venta,-2
7236,14,2024-12-02,Venta,-2
7237,32,2024-12-02,Venta,-1
7238,33,2024-12-02,Venta,-1
7239,83,2024-12-02,Venta,-2
7240,4,2024-07-03,Venta,-2
7241,29,2024-07-03,Venta,-1
7242,97,2026-01-13,Venta,-1
7243,84,2024-10-22,Venta,-1
7244,64,2024-04-17,Venta,-2
7245,31,2024-04-17,Venta,-2
7246,54,2024-06-17,Venta,-1
7247,37,2025-12-03,Venta,-1
7248,18,2025-12-03,Venta,-2
7249,67,2025-09-02,Venta,-1
7250,51,2025-09-02,Venta,-4
7251,54,2024-12-22,Venta,-2
7252,96,2024-12-22,Venta,-2
7253,85,2024-02-23,Venta,-1
7254,21,2025-10-21,Venta,-1
7255,86,2025-10-21,Venta,-3
7256,22,2024-11-17,Venta,-12
7257,84,2024-11-17,Venta,-2
7258,88,2025-11-17,Venta,-2
7259,23,2025-11-17,Venta,-3
7260,29,2025-04-02,Venta,-2
7261,16,2025-04-02,Venta,-18
7262,90,2024-10-31,Venta,-1
7263,4,2024-10-31,Venta,-3
7264,74,2025-12-04,Venta,-2
7265,46,2024-03-06,Venta,-2
7266,55,2025-09-17,Venta,-1
7267,29,2025-09-17,Venta,-3
7268,4,2025-09-17,Venta,-1
7269,26,2024-02-01,Venta,-2
7270,66,2025-10-24,Venta,-6
7271,69,2024-11-26,Venta,-1
7272,29,2024-03-09,Venta,-1
7273,29,2026-07-12,Venta,-1
7274,67,2025-02-23,Venta,-1
7275,48,2025-02-23,Venta,-1
7276,51,2025-02-23,Venta,-1
7277,4,2026-04-02,Venta,-4
7278,21,2024-06-23,Venta,-1
7279,92,2026-07-28,Venta,-1
7280,64,2026-07-28,Venta,-1
7281,76,2025-10-10,Venta,-1
7282,5,2024-08-11,Venta,-1
7283,14,2024-08-11,Venta,-2
7284,72,2026-08-08,Venta,-1
7285,2,2026-05-15,Venta,-3
7286,66,2026-05-15,Venta,-4
7287,61,2026-05-15,Venta,-2
7288,96,2024-08-19,Venta,-3
7289,74,2024-08-19,Venta,-4
7290,85,2025-04-03,Venta,-1
7291,88,2026-02-28,Venta,-1
7292,81,2026-02-28,Venta,-1
7293,11,2025-11-15,Venta,-2
7294,31,2026-07-08,Venta,-1
7295,34,2026-07-08,Venta,-1
7296,24,2026-07-03,Venta,-1
7297,65,2026-04-18,Venta,-1
7298,34,2025-06-07,Venta,-2
7299,76,2026-05-17,Venta,-2
7300,83,2026-02-26,Venta,-1
7301,94,2026-02-26,Venta,-1
7302,70,2024-04-21,Venta,-2
7303,28,2024-04-21,Venta,-2
7304,85,2024-08-25,Venta,-2
7305,29,2025-07-14,Venta,-1
7306,85,2025-07-14,Venta,-1
7307,21,2024-08-03,Venta,-1
7308,7,2025-08-18,Venta,-1
7309,8,2025-09-29,Venta,-2
7310,86,2025-09-13,Venta,-1
7311,51,2025-09-13,Venta,-1
7312,49,2025-09-13,Venta,-1
7313,46,2024-10-23,Venta,-1
7314,41,2024-10-23,Venta,-1
7315,1,2024-10-23,Venta,-2
7316,81,2024-10-23,Venta,-1
7317,60,2026-08-01,Venta,-1
7318,71,2026-08-01,Venta,-3
7319,97,2025-06-14,Venta,-1
7320,43,2025-06-14,Venta,-1
7321,41,2025-06-19,Venta,-1
7322,92,2025-03-05,Venta,-1
7323,69,2025-04-02,Venta,-1
7324,14,2025-04-02,Venta,-1
7325,4,2025-04-02,Venta,-1
7326,49,2024-02-16,Venta,-1
7327,12,2024-02-16,Venta,-24
7328,24,2025-10-09,Venta,-2
7329,84,2025-05-10,Venta,-1
7330,11,2026-02-14,Venta,-1
7331,88,2026-02-14,Venta,-2
7332,14,2026-07-03,Venta,-2
7333,90,2026-07-03,Venta,-1
7334,11,2025-08-09,Venta,-2
7335,17,2025-08-09,Venta,-1
7336,83,2025-08-09,Venta,-1
7337,26,2025-08-09,Venta,-1
7338,21,2026-02-08,Venta,-1
7339,48,2024-12-04,Venta,-1
7340,34,2024-12-04,Venta,-1
7341,3,2024-12-04,Venta,-1
7342,93,2025-12-13,Venta,-4
7343,37,2025-12-13,Venta,-1
7344,76,2024-05-23,Venta,-1
7345,81,2024-05-23,Venta,-2
7346,72,2025-01-24,Venta,-1
7347,52,2025-01-24,Venta,-1
7348,12,2024-03-15,Venta,-2
7349,62,2024-03-15,Venta,-6
7350,93,2024-03-15,Venta,-1
7351,99,2024-03-15,Venta,-2
7352,71,2026-01-07,Venta,-2
7353,29,2026-01-07,Venta,-2
7354,12,2025-10-06,Venta,-1
7355,6,2025-10-06,Venta,-1
7356,84,2025-10-06,Venta,-2
7357,1,2025-10-06,Venta,-2
7358,68,2025-10-06,Venta,-1
7359,40,2024-11-23,Venta,-3
7360,22,2024-11-23,Venta,-1
7361,90,2024-11-23,Venta,-1
7362,86,2025-10-02,Venta,-2
7363,22,2025-10-02,Venta,-1
7364,80,2026-02-28,Venta,-1
7365,49,2026-02-28,Venta,-1
7366,28,2026-02-28,Venta,-2
7367,38,2026-04-17,Venta,-6
7368,68,2024-12-23,Venta,-3
7369,2,2024-12-23,Venta,-2
7370,16,2024-08-03,Venta,-1
7371,88,2024-08-03,Venta,-1
7372,21,2024-12-23,Venta,-2
7373,93,2024-12-23,Venta,-4
7374,76,2025-12-08,Venta,-1
7375,58,2025-12-08,Venta,-1
7376,69,2025-12-08,Venta,-3
7377,97,2025-12-08,Venta,-2
7378,33,2025-12-19,Venta,-3
7379,30,2025-12-19,Venta,-3
7380,29,2024-04-12,Venta,-1
7381,22,2024-04-12,Venta,-1
7382,91,2024-04-12,Venta,-1
7383,21,2026-07-10,Venta,-1
7384,46,2025-10-31,Venta,-1
7385,12,2024-04-13,Venta,-1
7386,67,2024-04-13,Venta,-2
7387,13,2024-07-09,Venta,-1
7388,55,2024-07-09,Venta,-2
7389,2,2026-02-10,Venta,-2
7390,100,2026-02-10,Venta,-1
7391,80,2026-02-10,Venta,-4
7392,55,2025-11-15,Venta,-1
7393,91,2025-11-15,Venta,-2
7394,62,2024-12-27,Venta,-1
7395,46,2024-12-27,Venta,-12
7396,45,2024-12-27,Venta,-1
7397,89,2025-11-14,Venta,-4
7398,14,2025-11-14,Venta,-2
7399,59,2025-11-14,Venta,-1
7400,60,2025-12-19,Venta,-4
7401,94,2025-12-19,Venta,-1
7402,55,2025-12-19,Venta,-3
7403,1,2024-04-03,Venta,-1
7404,31,2025-03-20,Venta,-2
7405,7,2025-03-20,Venta,-2
7406,61,2025-03-20,Venta,-1
7407,63,2024-07-16,Venta,-1
7408,65,2024-07-16,Venta,-2
7409,21,2024-07-16,Venta,-2
7410,2,2024-07-23,Venta,-1
7411,97,2024-07-23,Venta,-3
7412,66,2024-07-23,Venta,-3
7413,65,2026-08-01,Venta,-6
7414,4,2024-09-04,Venta,-1
7415,86,2024-09-04,Venta,-1
7416,93,2026-01-16,Venta,-1
7417,85,2026-01-16,Venta,-6
7418,14,2025-11-19,Venta,-1
7419,12,2025-11-19,Venta,-2
7420,61,2025-11-19,Venta,-1
7421,4,2024-07-29,Venta,-2
7422,36,2024-07-29,Venta,-3
7423,59,2024-07-29,Venta,-2
7424,62,2025-02-16,Venta,-2
7425,67,2025-02-16,Venta,-1
7426,95,2026-01-02,Venta,-1
7427,38,2026-01-02,Venta,-1
7428,52,2024-04-27,Venta,-1
7429,88,2024-04-27,Venta,-1
7430,51,2024-04-27,Venta,-1
7431,24,2024-04-27,Venta,-1
7432,55,2024-04-27,Venta,-1
7433,56,2024-12-01,Venta,-1
7434,1,2024-12-01,Venta,-2
7435,88,2024-12-01,Venta,-1
7436,17,2025-03-26,Venta,-3
7437,22,2025-03-26,Venta,-1
7438,87,2024-11-01,Venta,-1
7439,4,2024-11-01,Venta,-1
7440,69,2024-11-01,Venta,-3
7441,75,2024-07-20,Venta,-2
7442,87,2024-07-20,Venta,-1
7443,29,2024-07-20,Venta,-1
7444,40,2024-07-20,Venta,-1
7445,14,2025-07-03,Venta,-1
7446,36,2024-11-14,Venta,-1
7447,19,2024-11-14,Venta,-1
7448,43,2025-10-06,Venta,-1
7449,10,2025-11-21,Venta,-1
7450,4,2024-12-12,Venta,-1
7451,14,2026-02-05,Venta,-2
7452,38,2026-02-05,Venta,-1
7453,35,2026-02-05,Venta,-1
7454,51,2024-11-22,Venta,-2
7455,2,2024-11-22,Venta,-2
7456,93,2024-11-22,Venta,-1
7457,90,2025-07-21,Venta,-1
7458,14,2025-07-21,Venta,-2
7459,91,2024-01-01,Venta,-1
7460,96,2024-01-01,Venta,-1
7461,24,2024-01-01,Venta,-1
7462,90,2024-01-01,Venta,-2
7463,36,2025-10-06,Venta,-1
7464,78,2024-03-13,Venta,-24
7465,76,2024-03-13,Venta,-1
7466,63,2025-04-23,Venta,-3
7467,7,2025-04-23,Venta,-1
7468,14,2025-04-23,Venta,-1
7469,82,2024-03-01,Venta,-2
7470,84,2024-03-01,Venta,-2
7471,12,2024-03-01,Venta,-1
7472,14,2026-08-12,Venta,-2
7473,10,2026-08-12,Venta,-1
7474,7,2026-08-12,Venta,-1
7475,22,2025-07-26,Venta,-1
7476,34,2024-03-31,Venta,-1
7477,81,2026-06-27,Venta,-1
7478,65,2026-06-27,Venta,-1
7479,42,2026-06-27,Venta,-2
7480,5,2024-10-31,Venta,-2
7481,40,2024-10-31,Venta,-2
7482,72,2025-11-29,Venta,-1
7483,51,2025-06-09,Venta,-2
7484,34,2025-06-09,Venta,-2
7485,22,2025-03-06,Venta,-1
7486,84,2025-03-06,Venta,-2
7487,26,2026-04-01,Venta,-1
7488,37,2026-04-01,Venta,-1
7489,36,2026-04-01,Venta,-1
7490,2,2025-03-07,Venta,-1
7491,70,2025-03-07,Venta,-4
7492,83,2025-03-07,Venta,-1
7493,38,2025-12-12,Venta,-2
7494,52,2026-07-14,Venta,-1
7495,14,2026-05-07,Venta,-2
7496,62,2026-05-07,Venta,-3
7497,49,2025-06-28,Venta,-1
7498,85,2024-02-28,Venta,-1
7499,96,2024-02-28,Venta,-1
7500,67,2024-02-28,Venta,-1
7501,45,2024-02-28,Venta,-1
7502,1,2025-06-01,Venta,-2
7503,1,2024-09-12,Venta,-2
7504,5,2024-09-12,Venta,-1
7505,92,2025-04-05,Venta,-1
7506,14,2025-01-03,Venta,-2
7507,17,2025-02-14,Venta,-2
7508,55,2024-12-14,Venta,-2
7509,4,2025-06-04,Venta,-24
7510,95,2025-06-04,Venta,-2
7511,37,2026-02-22,Venta,-2
7512,76,2026-02-22,Venta,-1
7513,14,2024-12-22,Venta,-6
7514,82,2024-12-22,Venta,-6
7515,21,2024-12-22,Venta,-1
7516,78,2024-12-22,Venta,-1
7517,24,2025-10-25,Venta,-1
7518,82,2025-06-16,Venta,-1
7519,89,2025-01-23,Venta,-6
7520,88,2025-04-26,Venta,-1
7521,40,2025-04-26,Venta,-1
7522,45,2025-08-19,Venta,-2
7523,37,2026-04-04,Venta,-1
7524,16,2025-09-25,Venta,-1
7525,45,2026-03-18,Venta,-1
7526,47,2026-03-18,Venta,-2
7527,74,2025-05-16,Venta,-1
7528,45,2025-05-16,Venta,-1
7529,19,2025-05-16,Venta,-1
7530,27,2025-08-09,Venta,-1
7531,85,2025-08-09,Venta,-1
7532,4,2025-08-09,Venta,-1
7533,7,2025-08-09,Venta,-1
7534,74,2025-08-09,Venta,-1
7535,91,2025-06-14,Venta,-2
7536,52,2025-06-14,Venta,-4
7537,14,2024-04-21,Venta,-1
7538,59,2024-04-21,Venta,-1
7539,56,2024-07-04,Venta,-1
7540,59,2024-07-04,Venta,-1
7541,74,2025-04-21,Venta,-1
7542,100,2024-05-17,Venta,-1
7543,26,2024-05-17,Venta,-1
7544,51,2026-01-31,Venta,-1
7545,68,2026-01-31,Venta,-1
7546,10,2026-01-31,Venta,-2
7547,65,2024-07-31,Venta,-3
7548,74,2024-08-01,Venta,-1
7549,74,2026-04-11,Venta,-1
7550,6,2025-05-01,Venta,-2
7551,21,2025-05-01,Venta,-1
7552,72,2024-11-15,Venta,-1
7553,31,2024-11-15,Venta,-1
7554,63,2024-11-15,Venta,-1
7555,51,2024-09-19,Venta,-3
7556,64,2024-09-19,Venta,-2
7557,45,2026-07-05,Venta,-1
7558,70,2026-07-05,Venta,-1
7559,92,2026-07-05,Venta,-2
7560,36,2026-07-05,Venta,-3
7561,51,2026-07-05,Venta,-4
7562,54,2024-05-18,Venta,-1
7563,100,2025-11-11,Venta,-2
7564,1,2025-11-11,Venta,-2
7565,71,2025-11-11,Venta,-1
7566,1,2026-02-27,Venta,-3
7567,40,2026-02-27,Venta,-2
7568,33,2025-07-27,Venta,-1
7569,16,2025-07-27,Venta,-2
7570,99,2025-07-27,Venta,-1
7571,74,2026-07-18,Venta,-1
7572,29,2026-07-18,Venta,-1
7573,54,2026-07-18,Venta,-1
7574,18,2026-07-18,Venta,-1
7575,67,2026-07-18,Venta,-1
7576,88,2026-02-04,Venta,-2
7577,71,2026-02-04,Venta,-3
7578,21,2025-12-30,Venta,-1
7579,36,2025-12-30,Venta,-1
7580,93,2026-06-07,Venta,-2
7581,99,2024-09-04,Venta,-1
7582,88,2024-09-04,Venta,-1
7583,59,2024-04-21,Venta,-1
7584,40,2024-04-21,Venta,-2
7585,52,2024-04-21,Venta,-1
7586,42,2024-04-21,Venta,-1
7587,24,2026-08-10,Venta,-2
7588,70,2026-08-10,Venta,-1
7589,8,2026-08-10,Venta,-1
7590,61,2025-12-08,Venta,-1
7591,29,2025-12-08,Venta,-3
7592,36,2024-06-13,Venta,-1
7593,10,2024-06-13,Venta,-1
7594,88,2024-06-13,Venta,-6
7595,38,2024-12-09,Venta,-4
7596,72,2025-08-25,Venta,-1
7597,14,2025-08-25,Venta,-1
7598,34,2025-08-25,Venta,-1
7599,35,2024-08-08,Venta,-1
7600,92,2024-08-08,Venta,-2
7601,70,2024-08-31,Venta,-1
7602,37,2024-08-31,Venta,-1
7603,76,2026-01-11,Venta,-2
7604,14,2026-01-11,Venta,-1
7605,31,2026-01-11,Venta,-2
7606,38,2026-01-11,Venta,-1
7607,70,2025-11-15,Venta,-3
7608,56,2025-11-15,Venta,-2
7609,100,2025-11-15,Venta,-1
7610,22,2025-11-15,Venta,-1
7611,18,2024-06-08,Venta,-2
7612,95,2024-06-08,Venta,-1
7613,20,2024-06-08,Venta,-1
7614,56,2024-07-20,Venta,-1
7615,14,2025-01-29,Venta,-1
7616,25,2025-01-29,Venta,-1
7617,81,2024-11-02,Venta,-24
7618,6,2024-11-02,Venta,-1
7619,2,2024-11-02,Venta,-6
7620,80,2025-04-15,Venta,-1
7621,76,2025-04-15,Venta,-1
7622,74,2025-04-15,Venta,-2
7623,72,2024-08-27,Venta,-1
7624,2,2024-08-27,Venta,-2
7625,17,2026-02-19,Venta,-2
7626,83,2026-02-19,Venta,-1
7627,90,2024-07-08,Venta,-12
7628,10,2024-07-08,Venta,-1
7629,4,2024-07-08,Venta,-1
7630,55,2024-07-08,Venta,-1
7631,85,2024-07-08,Venta,-1
7632,52,2025-07-24,Venta,-1
7633,2,2025-07-24,Venta,-3
7634,93,2025-07-24,Venta,-1
7635,15,2025-10-23,Venta,-1
7636,3,2025-10-23,Venta,-3
7637,74,2025-10-23,Venta,-1
7638,1,2025-10-23,Venta,-1
7639,43,2025-10-23,Venta,-1
7640,85,2026-02-03,Venta,-1
7641,19,2026-02-03,Venta,-1
7642,4,2026-02-03,Venta,-1
7643,49,2025-10-02,Venta,-1
7644,38,2025-10-31,Venta,-2
7645,67,2025-10-31,Venta,-1
7646,99,2025-10-31,Venta,-2
7647,48,2025-10-31,Venta,-2
7648,92,2026-04-27,Venta,-2
7649,23,2026-04-27,Venta,-6
7650,99,2024-09-30,Venta,-2
7651,2,2024-09-30,Venta,-4
7652,62,2024-09-30,Venta,-4
7653,61,2024-09-30,Venta,-2
7654,56,2026-01-20,Venta,-1
7655,56,2024-12-19,Venta,-1
7656,54,2024-12-19,Venta,-2
7657,4,2024-12-19,Venta,-1
7658,77,2024-12-19,Venta,-2
7659,87,2026-08-28,Venta,-1
7660,35,2025-03-30,Venta,-3
7661,85,2025-03-30,Venta,-2
7662,55,2026-01-22,Venta,-2
7663,49,2026-01-22,Venta,-2
7664,40,2026-01-22,Venta,-3
7665,84,2026-08-23,Venta,-1
7666,29,2025-08-21,Venta,-2
7667,2,2024-07-31,Venta,-1
7668,76,2024-07-31,Venta,-1
7669,65,2024-03-17,Venta,-4
7670,36,2024-11-20,Venta,-1
7671,29,2024-11-20,Venta,-1
7672,1,2024-11-20,Venta,-1
7673,75,2024-11-20,Venta,-3
7674,4,2024-09-28,Venta,-1
7675,26,2024-09-28,Venta,-24
7676,22,2024-09-28,Venta,-1
7677,47,2024-03-07,Venta,-2
7678,74,2024-03-07,Venta,-1
7679,4,2025-03-20,Venta,-1
7680,59,2025-03-20,Venta,-2
7681,62,2025-03-20,Venta,-1
7682,67,2025-03-20,Venta,-2
7683,14,2024-11-29,Venta,-2
7684,26,2024-11-29,Venta,-4
7685,100,2024-11-29,Venta,-1
7686,52,2025-07-12,Venta,-1
7687,40,2025-07-12,Venta,-1
7688,23,2025-11-21,Venta,-12
7689,2,2025-11-21,Venta,-1
7690,72,2025-11-21,Venta,-1
7691,65,2025-11-01,Venta,-2
7692,97,2024-04-27,Venta,-2
7693,68,2025-10-20,Venta,-1
7694,55,2026-03-30,Venta,-1
7695,54,2026-03-30,Venta,-1
7696,65,2026-03-30,Venta,-2
7697,75,2025-07-15,Venta,-1
7698,88,2025-07-15,Venta,-1
7699,77,2025-07-15,Venta,-2
7700,61,2026-04-18,Venta,-1
7701,2,2024-05-17,Venta,-2
7702,5,2024-08-12,Venta,-1
7703,46,2024-08-12,Venta,-1
7704,1,2026-03-21,Venta,-1
7705,62,2025-08-23,Venta,-1
7706,37,2025-05-03,Venta,-1
7707,24,2025-05-03,Venta,-1
7708,85,2024-12-20,Venta,-1
7709,74,2024-12-13,Venta,-1
7710,34,2024-12-13,Venta,-1
7711,67,2026-04-29,Venta,-2
7712,26,2026-04-29,Venta,-1
7713,16,2026-04-29,Venta,-2
7714,3,2026-03-04,Venta,-1
7715,8,2026-03-04,Venta,-1
7716,10,2026-07-10,Venta,-2
7717,49,2026-07-10,Venta,-1
7718,8,2026-08-26,Venta,-1
7719,54,2026-08-26,Venta,-1
7720,59,2026-08-26,Venta,-1
7721,21,2026-08-26,Venta,-2
7722,37,2025-03-25,Venta,-2
7723,74,2024-12-06,Venta,-1
7724,26,2024-12-06,Venta,-1
7725,91,2024-12-06,Venta,-4
7726,38,2025-07-05,Venta,-1
7727,79,2025-07-05,Venta,-1
7728,86,2026-05-20,Venta,-1
7729,66,2024-11-19,Venta,-1
7730,38,2024-11-19,Venta,-1
7731,4,2025-06-14,Venta,-1
7732,51,2026-05-26,Venta,-3
7733,73,2026-07-17,Venta,-1
7734,55,2026-07-17,Venta,-3
7735,83,2026-03-26,Venta,-3
7736,4,2026-03-26,Venta,-4
7737,84,2026-03-26,Venta,-3
7738,54,2024-10-14,Venta,-3
7739,34,2024-10-14,Venta,-1
7740,83,2025-10-24,Venta,-1
7741,14,2025-10-24,Venta,-1
7742,85,2025-10-24,Venta,-1
7743,88,2024-12-14,Venta,-1
7744,8,2024-12-14,Venta,-3
7745,5,2025-08-21,Venta,-1
7746,34,2025-08-21,Venta,-1
7747,54,2025-08-21,Venta,-2
7748,37,2025-08-21,Venta,-2
7749,56,2026-05-20,Venta,-24
7750,26,2026-05-20,Venta,-2
7751,27,2026-05-20,Venta,-3
7752,50,2024-06-29,Venta,-1
7753,56,2025-10-23,Venta,-3
7754,81,2025-10-23,Venta,-2
7755,71,2024-11-09,Venta,-1
7756,52,2024-01-14,Venta,-1
7757,38,2024-01-14,Venta,-1
7758,40,2024-01-14,Venta,-1
7759,2,2024-01-14,Venta,-1
7760,37,2024-10-29,Venta,-1
7761,14,2024-10-29,Venta,-2
7762,4,2024-03-31,Venta,-1
7763,62,2024-03-31,Venta,-1
7764,29,2024-03-31,Venta,-1
7765,52,2025-12-23,Venta,-2
7766,22,2025-12-23,Venta,-1
7767,4,2024-12-03,Venta,-1
7768,14,2024-12-03,Venta,-3
7769,20,2026-02-12,Venta,-2
7770,76,2026-02-12,Venta,-1
7771,49,2026-03-26,Venta,-3
7772,71,2024-03-13,Venta,-1
7773,58,2024-08-01,Venta,-2
7774,51,2024-08-01,Venta,-18
7775,34,2024-11-11,Venta,-3
7776,14,2024-11-11,Venta,-3
7777,16,2024-11-11,Venta,-1
7778,2,2024-11-11,Venta,-3
7779,24,2026-04-01,Venta,-2
7780,55,2026-02-06,Venta,-2
7781,29,2026-02-06,Venta,-2
7782,52,2024-08-01,Venta,-1
7783,19,2026-04-28,Venta,-1
7784,87,2026-04-28,Venta,-1
7785,46,2025-03-02,Venta,-18
7786,20,2025-03-02,Venta,-1
7787,3,2025-03-02,Venta,-1
7788,94,2025-03-02,Venta,-1
7789,40,2024-07-26,Venta,-3
7790,22,2024-11-09,Venta,-1
7791,36,2024-11-09,Venta,-1
7792,88,2025-11-24,Venta,-2
7793,88,2025-07-24,Venta,-1
7794,14,2024-05-04,Venta,-2
7795,32,2024-05-04,Venta,-3
7796,26,2024-05-04,Venta,-12
7797,89,2026-03-11,Venta,-1
7798,66,2026-02-18,Venta,-1
7799,76,2025-08-09,Venta,-2
7800,38,2025-08-09,Venta,-4
7801,78,2025-08-09,Venta,-1
7802,85,2025-03-24,Venta,-2
7803,5,2025-03-24,Venta,-1
7804,29,2024-01-12,Venta,-2
7805,1,2024-01-12,Venta,-2
7806,51,2024-03-04,Venta,-3
7807,49,2024-08-26,Venta,-2
7808,26,2024-11-14,Venta,-3
7809,85,2025-02-14,Venta,-2
7810,7,2025-02-14,Venta,-2
7811,32,2025-02-14,Venta,-1
7812,100,2024-04-16,Venta,-1
7813,17,2025-02-17,Venta,-1
7814,38,2025-02-17,Venta,-1
7815,84,2025-05-22,Venta,-1
7816,81,2024-05-03,Venta,-2
7817,29,2024-05-03,Venta,-1
7818,74,2024-07-03,Venta,-1
7819,40,2025-03-26,Venta,-1
7820,89,2025-03-26,Venta,-1
7821,7,2024-05-24,Venta,-1
7822,40,2024-07-12,Venta,-12
7823,7,2024-12-07,Venta,-1
7824,74,2024-12-07,Venta,-1
7825,24,2024-12-07,Venta,-1
7826,61,2025-09-12,Venta,-1
7827,24,2025-07-20,Venta,-2
7828,51,2025-07-20,Venta,-1
7829,16,2025-07-20,Venta,-3
7830,97,2024-09-07,Venta,-3
7831,62,2025-12-15,Venta,-1
7832,4,2025-12-15,Venta,-1
7833,55,2024-02-13,Venta,-6
7834,19,2024-02-13,Venta,-2
7835,81,2024-07-19,Venta,-24
7836,12,2024-07-19,Venta,-2
7837,21,2024-07-19,Venta,-2
7838,55,2026-06-03,Venta,-1
7839,35,2026-06-03,Venta,-1
7840,67,2026-06-03,Venta,-1
7841,31,2026-06-03,Venta,-1
7842,55,2026-05-02,Venta,-4
7843,61,2026-05-02,Venta,-3
7844,68,2026-05-02,Venta,-3
7845,16,2026-05-02,Venta,-2
7846,14,2026-05-02,Venta,-4
7847,27,2026-02-08,Venta,-1
7848,91,2026-03-14,Venta,-2
7849,45,2026-03-14,Venta,-1
7850,81,2026-03-14,Venta,-1
7851,26,2024-06-28,Venta,-2
7852,76,2024-06-28,Venta,-2
7853,38,2024-06-22,Venta,-1
7854,11,2024-06-22,Venta,-1
7855,85,2025-06-01,Venta,-1
7856,23,2025-06-01,Venta,-2
7857,78,2026-08-20,Venta,-1
7858,5,2025-06-09,Venta,-1
7859,20,2025-12-14,Venta,-1
7860,21,2025-12-14,Venta,-3
7861,83,2024-10-07,Venta,-2
7862,64,2024-04-20,Venta,-1
7863,5,2024-04-20,Venta,-3
7864,76,2024-04-20,Venta,-4
7865,74,2024-04-20,Venta,-2
7866,4,2025-08-14,Venta,-4
7867,31,2025-08-14,Venta,-2
7868,4,2024-03-09,Venta,-1
7869,71,2025-06-16,Venta,-1
7870,69,2025-06-16,Venta,-3
7871,67,2025-10-01,Venta,-2
7872,74,2025-10-01,Venta,-1
7873,95,2025-10-01,Venta,-1
7874,26,2025-10-01,Venta,-1
7875,69,2025-05-19,Venta,-2
7876,76,2025-05-19,Venta,-1
7877,2,2025-05-19,Venta,-3
7878,38,2026-03-21,Venta,-2
7879,76,2026-03-21,Venta,-1
7880,2,2024-12-04,Venta,-1
7881,64,2025-08-03,Venta,-3
7882,78,2025-08-03,Venta,-2
7883,21,2024-12-06,Venta,-1
7884,4,2024-12-06,Venta,-1
7885,21,2024-09-23,Venta,-1
7886,100,2024-09-23,Venta,-1
7887,42,2024-09-23,Venta,-1
7888,11,2024-11-28,Venta,-3
7889,76,2024-11-28,Venta,-4
7890,26,2024-11-28,Venta,-1
7891,34,2024-11-28,Venta,-3
7892,80,2026-02-08,Venta,-1
7893,75,2026-02-08,Venta,-1
7894,23,2026-02-08,Venta,-1
7895,74,2024-12-29,Venta,-1
7896,31,2024-12-29,Venta,-2
7897,3,2024-12-29,Venta,-6
7898,83,2026-01-31,Venta,-4
7899,12,2026-01-31,Venta,-1
7900,85,2025-11-03,Venta,-1
7901,93,2025-08-19,Venta,-1
7902,47,2025-01-04,Venta,-1
7903,2,2025-01-04,Venta,-1
7904,30,2025-01-04,Venta,-2
7905,4,2024-03-03,Venta,-1
7906,54,2024-04-22,Venta,-1
7907,30,2024-04-22,Venta,-1
7908,84,2024-04-22,Venta,-1
7909,33,2026-04-12,Venta,-2
7910,95,2026-04-12,Venta,-1
7911,72,2025-12-20,Venta,-1
7912,52,2025-12-20,Venta,-1
7913,32,2026-04-25,Venta,-24
7914,4,2026-04-25,Venta,-1
7915,100,2026-04-25,Venta,-2
7916,4,2024-07-15,Venta,-2
7917,56,2024-07-15,Venta,-1
7918,89,2025-10-20,Venta,-3
7919,94,2025-10-20,Venta,-1
7920,51,2024-10-03,Venta,-1
7921,51,2024-03-28,Venta,-6
7922,39,2024-03-28,Venta,-1
7923,38,2025-01-17,Venta,-2
7924,34,2025-01-17,Venta,-1
7925,12,2025-01-17,Venta,-1
7926,62,2024-09-19,Venta,-2
7927,95,2024-09-19,Venta,-1
7928,93,2024-09-19,Venta,-1
7929,41,2025-06-21,Venta,-1
7930,93,2025-06-21,Venta,-1
7931,99,2025-06-21,Venta,-1
7932,46,2024-05-29,Venta,-1
7933,63,2024-05-29,Venta,-1
7934,6,2024-05-29,Venta,-1
7935,55,2024-03-03,Venta,-2
7936,37,2026-05-02,Venta,-1
7937,47,2025-04-30,Venta,-1
7938,1,2025-04-30,Venta,-1
7939,14,2024-07-07,Venta,-1
7940,74,2024-07-07,Venta,-1
7941,84,2026-03-16,Venta,-18
7942,46,2025-06-02,Venta,-1
7943,34,2025-06-02,Venta,-4
7944,54,2025-10-12,Venta,-1
7945,45,2024-05-25,Venta,-1
7946,2,2024-05-25,Venta,-1
7947,60,2026-04-07,Venta,-1
7948,90,2026-04-07,Venta,-1
7949,53,2025-08-16,Venta,-1
7950,31,2025-08-16,Venta,-2
7951,48,2025-08-16,Venta,-2
7952,76,2025-08-16,Venta,-1
7953,45,2025-05-21,Venta,-1
7954,67,2025-05-21,Venta,-2
7955,21,2025-05-21,Venta,-1
7956,26,2024-12-13,Venta,-2
7957,74,2024-12-13,Venta,-2
7958,54,2026-04-11,Venta,-1
7959,89,2025-06-25,Venta,-3
7960,62,2025-06-25,Venta,-3
7961,29,2024-09-18,Venta,-1
7962,91,2024-10-20,Venta,-1
7963,37,2024-10-20,Venta,-3
7964,48,2025-04-19,Venta,-4
7965,83,2025-04-19,Venta,-1
7966,99,2025-04-19,Venta,-2
7967,84,2025-06-16,Venta,-1
7968,64,2025-06-16,Venta,-1
7969,83,2024-12-26,Venta,-1
7970,76,2024-12-26,Venta,-1
7971,61,2024-12-26,Venta,-1
7972,71,2025-10-19,Venta,-2
7973,74,2025-10-19,Venta,-1
7974,52,2025-10-19,Venta,-1
7975,4,2024-07-19,Venta,-1
7976,71,2024-07-06,Venta,-3
7977,45,2024-06-15,Venta,-2
7978,24,2024-06-15,Venta,-1
7979,81,2024-06-15,Venta,-1
7980,63,2026-07-23,Venta,-3
7981,69,2026-07-23,Venta,-1
7982,54,2026-07-23,Venta,-1
7983,47,2026-07-23,Venta,-4
7984,81,2026-07-23,Venta,-1
7985,100,2024-01-25,Venta,-1
7986,14,2024-01-25,Venta,-1
7987,94,2026-01-01,Venta,-2
7988,22,2025-03-25,Venta,-1
7989,26,2025-09-29,Venta,-1
7990,71,2024-09-16,Venta,-1
7991,49,2024-06-23,Venta,-1
7992,48,2024-06-23,Venta,-3
7993,4,2024-06-23,Venta,-2
7994,91,2024-06-23,Venta,-1
7995,2,2025-02-21,Venta,-2
7996,46,2025-02-21,Venta,-1
7997,32,2024-07-01,Venta,-1
7998,51,2024-07-01,Venta,-1
7999,80,2024-07-01,Venta,-2
8000,43,2024-07-01,Venta,-1
8001,38,2025-04-13,Venta,-3
8002,100,2025-08-03,Venta,-1
8003,2,2024-04-30,Venta,-4
8004,59,2025-06-26,Venta,-1
8005,32,2025-06-26,Venta,-2
8006,83,2025-06-26,Venta,-1
8007,45,2025-10-06,Venta,-1
8008,51,2024-06-22,Venta,-1
8009,81,2026-02-15,Venta,-1
8010,7,2026-02-15,Venta,-1
8011,29,2026-02-15,Venta,-1
8012,95,2026-02-15,Venta,-6
8013,92,2025-01-10,Venta,-1
8014,68,2026-06-18,Venta,-1
8015,61,2026-06-18,Venta,-3
8016,60,2026-06-18,Venta,-3
8017,85,2026-06-18,Venta,-1
8018,83,2026-06-12,Venta,-2
8019,45,2026-06-12,Venta,-1
8020,95,2026-02-17,Venta,-2
8021,12,2026-02-17,Venta,-1
8022,90,2026-02-17,Venta,-1
8023,62,2025-08-18,Venta,-2
8024,21,2025-08-18,Venta,-1
8025,69,2025-08-18,Venta,-1
8026,76,2024-12-22,Venta,-1
8027,31,2024-12-22,Venta,-1
8028,54,2024-12-22,Venta,-1
8029,55,2024-12-22,Venta,-2
8030,17,2025-05-16,Venta,-6
8031,89,2025-05-16,Venta,-1
8032,93,2025-03-22,Venta,-3
8033,4,2024-04-25,Venta,-2
8034,59,2025-03-03,Venta,-3
8035,12,2025-03-03,Venta,-1
8036,14,2025-12-09,Venta,-1
8037,51,2024-03-30,Venta,-2
8038,54,2024-03-30,Venta,-2
8039,14,2024-03-30,Venta,-1
8040,100,2025-10-08,Venta,-2
8041,2,2025-09-17,Venta,-2
8042,96,2025-09-17,Venta,-3
8043,92,2025-11-26,Venta,-1
8044,95,2025-11-26,Venta,-1
8045,14,2025-09-06,Venta,-2
8046,61,2025-09-08,Venta,-1
8047,76,2025-09-08,Venta,-1
8048,34,2026-07-06,Venta,-1
8049,46,2025-03-29,Venta,-1
8050,30,2025-03-29,Venta,-1
8051,76,2025-03-29,Venta,-1
8052,59,2025-03-29,Venta,-1
8053,62,2025-03-08,Venta,-1
8054,67,2025-04-20,Venta,-1
8055,86,2024-03-30,Venta,-1
8056,8,2025-09-03,Venta,-3
8057,31,2025-09-03,Venta,-2
8058,34,2025-09-03,Venta,-1
8059,14,2024-11-09,Venta,-1
8060,30,2024-11-09,Venta,-1
8061,70,2024-06-07,Venta,-1
8062,94,2024-06-07,Venta,-2
8063,75,2024-06-07,Venta,-3
8064,85,2025-12-26,Venta,-1
8065,34,2025-08-13,Venta,-1
8066,13,2025-08-13,Venta,-1
8067,18,2026-08-08,Venta,-1
8068,76,2026-08-08,Venta,-1
8069,80,2026-08-08,Venta,-1
8070,22,2024-01-25,Venta,-1
8071,34,2024-01-25,Venta,-1
8072,2,2024-08-18,Venta,-2
8073,56,2026-06-11,Venta,-1
8074,76,2024-04-20,Venta,-2
8075,32,2026-01-13,Venta,-1
8076,42,2026-01-13,Venta,-3
8077,12,2026-01-13,Venta,-1
8078,34,2026-01-13,Venta,-1
8079,4,2025-11-21,Venta,-1
8080,7,2025-11-21,Venta,-1
8081,61,2025-11-21,Venta,-3
8082,14,2024-11-25,Venta,-1
8083,82,2024-11-25,Venta,-2
8084,86,2024-11-25,Venta,-1
8085,90,2024-11-25,Venta,-1
8086,71,2024-11-22,Venta,-2
8087,26,2024-11-22,Venta,-1
8088,24,2024-11-22,Venta,-4
8089,14,2025-04-25,Venta,-1
8090,56,2025-04-25,Venta,-1
8091,4,2025-04-25,Venta,-1
8092,54,2024-06-27,Venta,-1
8093,66,2024-10-06,Venta,-1
8094,96,2024-10-06,Venta,-1
8095,83,2024-10-06,Venta,-1
8096,73,2024-10-06,Venta,-4
8097,26,2025-12-07,Venta,-2
8098,16,2025-12-07,Venta,-1
8099,33,2025-12-07,Venta,-2
8100,55,2024-12-18,Venta,-2
8101,21,2024-12-18,Venta,-1
8102,88,2024-12-18,Venta,-18
8103,54,2024-04-24,Venta,-1
8104,70,2025-05-03,Venta,-1
8105,48,2026-02-09,Venta,-2
8106,32,2026-02-09,Venta,-1
8107,46,2025-06-19,Venta,-12
8108,43,2025-06-19,Venta,-2
8109,85,2025-06-19,Venta,-1
8110,71,2025-08-12,Venta,-2
8111,46,2025-08-12,Venta,-2
8112,23,2025-08-12,Venta,-4
8113,16,2025-08-12,Venta,-1
8114,88,2025-02-18,Venta,-3
8115,97,2025-02-18,Venta,-3
8116,63,2025-02-18,Venta,-1
8117,81,2025-02-18,Venta,-1
8118,26,2025-10-14,Venta,-1
8119,51,2025-10-14,Venta,-1
8120,66,2025-09-22,Venta,-2
8121,63,2025-12-21,Venta,-1
8122,25,2025-09-23,Venta,-1
8123,83,2024-02-03,Venta,-3
8124,4,2024-02-03,Venta,-1
8125,85,2024-07-24,Venta,-2
8126,29,2024-07-24,Venta,-1
8127,71,2024-07-24,Venta,-1
8128,45,2024-07-24,Venta,-3
8129,2,2026-04-11,Venta,-1
8130,20,2026-04-11,Venta,-1
8131,71,2024-10-16,Venta,-1
8132,65,2024-10-16,Venta,-1
8133,82,2025-05-26,Venta,-1
8134,51,2025-05-26,Venta,-1
8135,86,2025-05-26,Venta,-1
8136,7,2024-01-05,Venta,-1
8137,72,2024-01-05,Venta,-1
8138,70,2024-01-29,Venta,-1
8139,20,2024-10-16,Venta,-2
8140,1,2025-07-25,Venta,-1
8141,86,2025-07-25,Venta,-1
8142,24,2026-03-21,Venta,-1
8143,7,2026-03-21,Venta,-1
8144,84,2026-03-19,Venta,-2
8145,22,2026-03-19,Venta,-1
8146,95,2026-03-19,Venta,-1
8147,71,2024-07-18,Venta,-1
8148,14,2025-04-09,Venta,-1
8149,57,2024-08-13,Venta,-1
8150,16,2024-08-13,Venta,-2
8151,59,2026-04-23,Venta,-2
8152,35,2026-06-27,Venta,-3
8153,38,2024-12-30,Venta,-1
8154,29,2024-07-12,Venta,-2
8155,65,2025-02-05,Venta,-2
8156,62,2025-02-05,Venta,-1
8157,38,2024-08-18,Venta,-2
8158,52,2024-08-18,Venta,-2
8159,38,2025-11-01,Venta,-2
8160,26,2025-11-01,Venta,-3
8161,28,2025-11-01,Venta,-3
8162,97,2025-11-01,Venta,-1
8163,56,2025-11-01,Venta,-1
8164,55,2024-01-26,Venta,-1
8165,14,2024-01-26,Venta,-4
8166,82,2024-01-26,Venta,-1
8167,74,2026-05-29,Venta,-2
8168,84,2024-07-05,Venta,-1
8169,36,2025-11-27,Venta,-2
8170,20,2024-10-04,Venta,-2
8171,36,2025-11-25,Venta,-1
8172,61,2025-10-04,Venta,-6
8173,5,2025-10-04,Venta,-1
8174,83,2024-10-07,Venta,-2
8175,42,2024-10-07,Venta,-2
8176,37,2025-04-09,Venta,-2
8177,91,2025-04-09,Venta,-3
8178,55,2025-10-21,Venta,-2
8179,42,2026-03-26,Venta,-1
8180,38,2026-07-16,Venta,-1
8181,88,2026-07-16,Venta,-2
8182,83,2026-07-16,Venta,-4
8183,54,2026-07-16,Venta,-2
8184,29,2026-07-16,Venta,-4
8185,49,2024-12-21,Venta,-1
8186,55,2024-12-21,Venta,-1
8187,44,2024-12-21,Venta,-2
8188,21,2024-12-21,Venta,-1
8189,85,2025-09-04,Venta,-12
8190,71,2025-09-04,Venta,-1
8191,61,2025-09-04,Venta,-2
8192,49,2026-04-22,Venta,-3
8193,24,2024-02-23,Venta,-1
8194,46,2024-02-23,Venta,-2
8195,21,2024-11-16,Venta,-1
8196,75,2024-11-16,Venta,-1
8197,26,2024-09-25,Venta,-1
8198,32,2024-09-25,Venta,-3
8199,61,2024-09-25,Venta,-1
8200,7,2025-12-06,Venta,-1
8201,94,2024-07-06,Venta,-3
8202,52,2024-07-06,Venta,-4
8203,84,2024-07-06,Venta,-1
8204,61,2024-06-10,Venta,-3
8205,55,2024-06-10,Venta,-2
8206,17,2024-04-03,Venta,-2
8207,33,2024-04-03,Venta,-1
8208,90,2025-07-13,Venta,-1
8209,61,2025-11-29,Venta,-1
8210,15,2024-05-26,Venta,-1
8211,36,2024-03-08,Venta,-3
8212,24,2026-07-04,Venta,-2
8213,36,2024-01-03,Venta,-1
8214,56,2024-01-03,Venta,-1
8215,63,2024-10-02,Venta,-1
8216,29,2024-10-24,Venta,-2
8217,63,2024-10-24,Venta,-2
8218,45,2024-10-24,Venta,-1
8219,52,2024-10-24,Venta,-1
8220,75,2025-07-12,Venta,-1
8221,60,2024-12-02,Venta,-2
8222,22,2024-12-02,Venta,-1
8223,33,2024-12-02,Venta,-1
8224,81,2025-11-29,Venta,-1
8225,12,2025-11-29,Venta,-1
8226,71,2025-11-29,Venta,-1
8227,26,2025-09-07,Venta,-1
8228,9,2025-09-07,Venta,-12
8229,54,2025-11-03,Venta,-1
8230,83,2024-05-07,Venta,-1
8231,82,2024-05-07,Venta,-1
8232,81,2024-05-07,Venta,-2
8233,72,2024-05-07,Venta,-1
8234,26,2026-06-07,Venta,-1
8235,71,2026-06-07,Venta,-1
8236,4,2026-06-07,Venta,-2
8237,95,2026-06-07,Venta,-2
8238,31,2025-12-21,Venta,-2
8239,75,2024-03-28,Venta,-4
8240,5,2024-03-28,Venta,-2
8241,91,2025-09-16,Venta,-1
8242,29,2025-09-16,Venta,-2
8243,28,2025-09-16,Venta,-1
8244,97,2025-09-16,Venta,-2
8245,78,2025-09-16,Venta,-1
8246,52,2025-03-02,Venta,-3
8247,27,2025-03-02,Venta,-1
8248,31,2025-03-02,Venta,-3
8249,26,2024-06-25,Venta,-1
8250,2,2026-03-07,Venta,-1
8251,52,2025-05-25,Venta,-1
8252,42,2024-04-07,Venta,-1
8253,55,2024-12-06,Venta,-1
8254,81,2024-12-06,Venta,-1
8255,13,2025-05-27,Venta,-1
8256,1,2024-03-24,Venta,-4
8257,58,2026-04-23,Venta,-1
8258,84,2026-04-23,Venta,-1
8259,29,2026-04-23,Venta,-1
8260,82,2025-02-02,Venta,-1
8261,92,2024-04-12,Venta,-1
8262,84,2024-04-12,Venta,-1
8263,31,2025-08-16,Venta,-2
8264,43,2024-12-30,Venta,-4
8265,48,2024-12-30,Venta,-2
8266,12,2026-02-20,Venta,-2
8267,15,2026-02-20,Venta,-1
8268,88,2026-02-20,Venta,-4
8269,65,2026-02-20,Venta,-24
8270,74,2025-02-25,Venta,-2
8271,84,2025-02-25,Venta,-1
8272,91,2025-02-25,Venta,-2
8273,76,2024-09-21,Venta,-1
8274,21,2024-11-20,Venta,-2
8275,76,2025-09-17,Venta,-4
8276,1,2025-12-20,Venta,-1
8277,46,2025-12-20,Venta,-2
8278,37,2024-06-04,Venta,-2
8279,2,2024-06-04,Venta,-2
8280,93,2024-06-04,Venta,-2
8281,14,2024-07-09,Venta,-4
8282,81,2024-07-09,Venta,-1
8283,80,2026-07-24,Venta,-3
8284,71,2026-07-24,Venta,-3
8285,16,2026-07-24,Venta,-1
8286,52,2026-07-24,Venta,-2
8287,28,2024-06-14,Venta,-18
8288,89,2024-06-14,Venta,-2
8289,81,2024-06-14,Venta,-2
8290,56,2024-06-12,Venta,-1
8291,49,2024-06-12,Venta,-4
8292,60,2024-06-12,Venta,-18
8293,24,2025-11-15,Venta,-1
8294,9,2025-07-27,Venta,-1
8295,47,2025-07-27,Venta,-1
8296,55,2025-07-27,Venta,-1
8297,74,2024-11-22,Venta,-3
8298,20,2024-11-22,Venta,-2
8299,17,2024-11-22,Venta,-2
8300,59,2025-03-31,Venta,-1
8301,47,2025-03-31,Venta,-1
8302,85,2024-05-31,Venta,-1
8303,33,2024-05-31,Venta,-1
8304,20,2024-05-31,Venta,-1
8305,3,2024-05-31,Venta,-12
8306,69,2024-04-24,Venta,-4
8307,34,2024-04-24,Venta,-6
8308,83,2024-11-09,Venta,-1
8309,99,2024-11-09,Venta,-2
8310,29,2026-04-10,Venta,-1
8311,2,2025-11-05,Venta,-1
8312,2,2024-12-30,Venta,-2
8313,21,2024-12-30,Venta,-1
8314,18,2024-12-31,Venta,-1
8315,27,2024-12-31,Venta,-2
8316,95,2024-12-31,Venta,-1
8317,91,2024-10-09,Venta,-1
8318,95,2024-10-09,Venta,-24
8319,84,2024-10-09,Venta,-1
8320,91,2024-12-13,Venta,-1
8321,29,2024-12-13,Venta,-1
8322,68,2024-12-13,Venta,-2
8323,34,2024-12-23,Venta,-1
8324,85,2024-12-23,Venta,-1
8325,4,2024-12-23,Venta,-1
8326,84,2024-12-23,Venta,-1
8327,63,2025-07-13,Venta,-1
8328,53,2025-07-13,Venta,-1
8329,34,2025-07-13,Venta,-2
8330,14,2026-05-23,Venta,-1
8331,43,2026-06-10,Venta,-3
8332,15,2026-06-10,Venta,-1
8333,71,2025-11-20,Venta,-1
8334,89,2025-11-20,Venta,-1
8335,55,2025-11-20,Venta,-2
8336,82,2025-11-19,Venta,-2
8337,34,2025-11-19,Venta,-2
8338,55,2026-05-12,Venta,-2
8339,64,2026-05-12,Venta,-4
8340,95,2026-08-11,Venta,-1
8341,91,2025-12-15,Venta,-1
8342,70,2026-02-13,Venta,-1
8343,81,2026-02-13,Venta,-3
8344,4,2026-02-13,Venta,-2
8345,44,2024-05-30,Venta,-1
8346,2,2024-05-30,Venta,-1
8347,76,2024-07-12,Venta,-1
8348,42,2026-05-16,Venta,-4
8349,24,2026-05-16,Venta,-1
8350,1,2026-05-16,Venta,-1
8351,18,2024-11-21,Venta,-1
8352,88,2024-11-21,Venta,-1
8353,82,2024-11-21,Venta,-2
8354,51,2026-03-18,Venta,-4
8355,30,2026-03-18,Venta,-2
8356,50,2026-03-18,Venta,-1
8357,74,2026-03-18,Venta,-1
8358,36,2024-08-17,Venta,-1
8359,43,2024-09-23,Venta,-1
8360,92,2024-09-23,Venta,-4
8361,27,2024-09-23,Venta,-1
8362,36,2024-11-06,Venta,-3
8363,4,2026-06-13,Venta,-1
8364,81,2025-06-26,Venta,-1
8365,24,2025-06-26,Venta,-1
8366,52,2025-06-26,Venta,-2
8367,61,2024-04-20,Venta,-1
8368,67,2025-05-08,Venta,-2
8369,86,2025-05-08,Venta,-2
8370,16,2024-04-18,Venta,-1
8371,11,2024-04-18,Venta,-1
8372,66,2024-04-18,Venta,-4
8373,84,2025-01-29,Venta,-1
8374,14,2025-01-29,Venta,-4
8375,61,2024-07-04,Venta,-2
8376,46,2024-07-04,Venta,-1
8377,84,2024-07-04,Venta,-2
8378,83,2025-02-21,Venta,-2
8379,29,2025-02-21,Venta,-2
8380,51,2025-02-21,Venta,-3
8381,55,2024-09-29,Venta,-1
8382,24,2024-09-29,Venta,-1
8383,29,2024-09-29,Venta,-1
8384,36,2025-05-11,Venta,-1
8385,32,2025-05-11,Venta,-2
8386,94,2025-05-02,Venta,-2
8387,85,2025-05-17,Venta,-2
8388,86,2025-03-29,Venta,-1
8389,33,2025-11-22,Venta,-3
8390,43,2026-04-10,Venta,-2
8391,75,2026-01-12,Venta,-1
8392,63,2026-01-12,Venta,-1
8393,23,2026-01-12,Venta,-1
8394,18,2026-05-02,Venta,-1
8395,62,2026-05-02,Venta,-2
8396,55,2024-03-22,Venta,-2
8397,71,2024-03-22,Venta,-1
8398,2,2025-01-06,Venta,-1
8399,70,2025-01-06,Venta,-1
8400,14,2025-01-06,Venta,-1
8401,95,2025-01-30,Venta,-4
8402,85,2024-11-30,Venta,-1
8403,16,2026-03-22,Venta,-1
8404,85,2026-03-22,Venta,-2
8405,84,2026-03-22,Venta,-1
8406,100,2026-03-22,Venta,-1
8407,16,2024-12-02,Venta,-1
8408,26,2025-01-18,Venta,-2
8409,70,2025-01-18,Venta,-1
8410,4,2024-06-06,Venta,-1
8411,88,2026-03-07,Venta,-1
8412,81,2025-03-23,Venta,-6
8413,2,2025-09-04,Venta,-2
8414,21,2025-09-04,Venta,-1
8415,54,2025-09-04,Venta,-1
8416,45,2025-09-04,Venta,-2
8417,40,2025-09-01,Venta,-1
8418,88,2024-04-30,Venta,-1
8419,1,2024-04-30,Venta,-1
8420,71,2024-04-30,Venta,-1
8421,4,2025-08-18,Venta,-2
8422,46,2025-08-18,Venta,-2
8423,29,2024-11-24,Venta,-1
8424,81,2024-11-24,Venta,-1
8425,57,2024-11-24,Venta,-1
8426,68,2025-12-06,Venta,-1
8427,51,2025-12-06,Venta,-2
8428,63,2025-12-06,Venta,-1
8429,29,2025-12-06,Venta,-1
8430,26,2026-07-26,Venta,-1
8431,92,2026-07-26,Venta,-2
8432,55,2026-07-26,Venta,-1
8433,14,2026-07-26,Venta,-1
8434,70,2026-07-26,Venta,-1
8435,42,2024-12-06,Venta,-2
8436,22,2024-12-06,Venta,-1
8437,46,2025-11-17,Venta,-1
8438,4,2025-11-17,Venta,-2
8439,23,2025-11-17,Venta,-2
8440,8,2024-04-25,Venta,-1
8441,23,2024-04-25,Venta,-2
8442,78,2024-04-25,Venta,-4
8443,55,2024-04-25,Venta,-1
8444,4,2024-04-25,Venta,-2
8445,83,2025-06-25,Venta,-1
8446,14,2025-06-25,Venta,-2
8447,55,2025-06-25,Venta,-1
8448,4,2024-04-25,Venta,-1
8449,37,2026-02-16,Venta,-1
8450,63,2026-02-16,Venta,-1
8451,85,2026-05-25,Venta,-1
8452,51,2026-05-25,Venta,-1
8453,98,2024-12-09,Venta,-1
8454,62,2024-12-09,Venta,-3
8455,94,2024-12-09,Venta,-1
8456,4,2024-12-09,Venta,-1
8457,23,2024-04-12,Venta,-1
8458,74,2024-03-21,Venta,-1
8459,92,2026-06-28,Venta,-2
8460,36,2026-06-28,Venta,-1
8461,71,2025-12-26,Venta,-1
8462,2,2025-12-26,Venta,-2
8463,34,2025-12-26,Venta,-1
8464,15,2024-09-22,Venta,-2
8465,81,2025-10-29,Venta,-1
8466,76,2025-10-29,Venta,-2
8467,31,2025-10-29,Venta,-1
8468,76,2026-03-27,Venta,-2
8469,51,2026-03-27,Venta,-1
8470,67,2024-04-25,Venta,-1
8471,34,2026-03-30,Venta,-1
8472,74,2026-03-30,Venta,-1
8473,86,2025-01-24,Venta,-4
8474,34,2025-01-24,Venta,-3
8475,20,2026-03-31,Venta,-1
8476,26,2026-03-31,Venta,-1
8477,69,2026-03-31,Venta,-1
8478,84,2024-07-19,Venta,-1
8479,6,2024-07-19,Venta,-1
8480,36,2024-07-19,Venta,-3
8481,55,2024-08-11,Venta,-1
8482,18,2024-08-11,Venta,-1
8483,89,2024-08-11,Venta,-2
8484,93,2024-08-11,Venta,-1
8485,14,2024-05-04,Venta,-1
8486,46,2024-05-04,Venta,-2
8487,36,2024-06-29,Venta,-2
8488,95,2026-07-24,Venta,-1
8489,93,2026-07-24,Venta,-2
8490,18,2026-07-24,Venta,-2
8491,85,2024-10-14,Venta,-3
8492,91,2024-10-14,Venta,-2
8493,40,2025-11-08,Venta,-1
8494,70,2026-03-20,Venta,-1
8495,31,2026-03-20,Venta,-2
8496,23,2026-03-20,Venta,-1
8497,17,2025-07-13,Venta,-1
8498,31,2025-07-13,Venta,-1
8499,34,2025-07-13,Venta,-2
8500,36,2025-07-13,Venta,-1
8501,14,2025-07-13,Venta,-1
8502,88,2024-07-29,Venta,-1
8503,55,2024-07-29,Venta,-2
8504,5,2024-07-29,Venta,-1
8505,8,2024-01-30,Venta,-1
8506,91,2024-01-30,Venta,-1
8507,46,2024-01-30,Venta,-2
8508,4,2026-01-02,Venta,-1
8509,14,2026-01-02,Venta,-1
8510,55,2024-06-24,Venta,-1
8511,11,2024-06-24,Venta,-2
8512,51,2024-06-24,Venta,-1
8513,55,2025-11-28,Venta,-2
8514,42,2025-11-28,Venta,-2
8515,65,2026-07-31,Venta,-1
8516,52,2026-07-31,Venta,-2
8517,70,2024-04-12,Venta,-2
8518,85,2024-04-12,Venta,-1
8519,85,2026-06-29,Venta,-1
8520,52,2026-06-29,Venta,-2
8521,15,2026-06-06,Venta,-3
8522,26,2026-06-06,Venta,-2
8523,61,2026-06-06,Venta,-2
8524,62,2026-06-06,Venta,-1
8525,42,2024-12-31,Venta,-12
8526,33,2024-12-31,Venta,-1
8527,30,2026-06-05,Venta,-3
8528,76,2026-06-05,Venta,-1
8529,89,2024-08-03,Venta,-1
8530,92,2024-08-03,Venta,-1
8531,66,2025-05-14,Venta,-1
8532,27,2025-10-18,Venta,-1
8533,21,2024-01-03,Venta,-18
8534,88,2026-02-06,Venta,-3
8535,58,2025-03-22,Venta,-2
8536,11,2026-04-03,Venta,-1
8537,84,2026-03-30,Venta,-2
8538,22,2024-05-10,Venta,-2
8539,93,2024-05-10,Venta,-1
8540,81,2024-06-22,Venta,-1
8541,75,2026-08-25,Venta,-2
8542,21,2026-08-25,Venta,-2
8543,33,2026-08-25,Venta,-1
8544,69,2026-08-25,Venta,-1
8545,61,2026-08-25,Venta,-1
8546,86,2025-04-01,Venta,-2
8547,94,2025-04-01,Venta,-1
8548,32,2025-04-01,Venta,-1
8549,58,2025-05-15,Venta,-3
8550,83,2025-05-15,Venta,-1
8551,85,2025-05-15,Venta,-2
8552,24,2025-05-15,Venta,-2
8553,95,2025-04-27,Venta,-1
8554,16,2025-04-27,Venta,-1
8555,84,2025-04-27,Venta,-4
8556,55,2025-01-17,Venta,-2
8557,92,2025-01-17,Venta,-3
8558,8,2025-01-17,Venta,-1
8559,67,2026-03-19,Venta,-4
8560,2,2026-03-19,Venta,-2
8561,51,2026-03-19,Venta,-1
8562,92,2026-03-19,Venta,-2
8563,80,2026-03-19,Venta,-4
8564,74,2025-12-13,Venta,-1
8565,44,2025-01-10,Venta,-2
8566,55,2024-08-26,Venta,-2
8567,75,2025-12-01,Venta,-2
8568,48,2025-12-01,Venta,-2
8569,74,2025-12-01,Venta,-1
8570,81,2025-12-01,Venta,-1
8571,63,2025-12-22,Venta,-2
8572,67,2025-05-12,Venta,-2
8573,63,2026-07-11,Venta,-2
8574,11,2026-07-11,Venta,-24
8575,76,2026-07-11,Venta,-2
8576,100,2024-11-07,Venta,-2
8577,67,2025-05-03,Venta,-1
8578,73,2026-08-20,Venta,-2
8579,1,2026-08-20,Venta,-1
8580,85,2026-08-20,Venta,-1
8581,1,2026-08-29,Venta,-1
8582,14,2026-08-29,Venta,-2
8583,81,2026-08-29,Venta,-2
8584,26,2026-08-29,Venta,-2
8585,63,2025-09-12,Venta,-3
8586,100,2025-09-12,Venta,-3
8587,22,2025-09-12,Venta,-2
8588,45,2025-09-12,Venta,-2
8589,18,2025-10-18,Venta,-1
8590,21,2025-10-18,Venta,-1
8591,2,2025-10-18,Venta,-3
8592,74,2024-08-16,Venta,-1
8593,76,2024-08-16,Venta,-1
8594,8,2024-08-16,Venta,-1
8595,63,2025-07-06,Venta,-2
8596,24,2026-03-02,Venta,-6
8597,48,2026-03-02,Venta,-1
8598,92,2026-03-02,Venta,-3
8599,37,2026-03-02,Venta,-1
8600,94,2024-06-04,Venta,-3
8601,1,2026-05-21,Venta,-1
8602,51,2026-05-21,Venta,-2
8603,38,2026-05-21,Venta,-3
8604,5,2024-03-08,Venta,-1
8605,34,2024-03-08,Venta,-1
8606,72,2026-03-08,Venta,-1
8607,48,2026-06-24,Venta,-1
8608,72,2026-06-24,Venta,-2
8609,2,2026-06-24,Venta,-1
8610,76,2026-01-15,Venta,-1
8611,94,2026-01-15,Venta,-1
8612,38,2026-01-15,Venta,-3
8613,89,2026-01-15,Venta,-2
8614,23,2024-05-16,Venta,-1
8615,71,2024-05-16,Venta,-1
8616,81,2025-12-01,Venta,-3
8617,14,2025-12-01,Venta,-1
8618,27,2025-02-05,Venta,-1
8619,67,2025-02-05,Venta,-1
8620,56,2025-12-06,Venta,-2
8621,14,2025-12-06,Venta,-1
8622,22,2025-04-19,Venta,-1
8623,4,2024-03-29,Venta,-4
8624,20,2024-03-29,Venta,-2
8625,7,2024-01-11,Venta,-1
8626,61,2026-05-02,Venta,-2
8627,88,2025-04-26,Venta,-1
8628,80,2025-04-26,Venta,-1
8629,81,2025-04-26,Venta,-1
8630,91,2024-08-07,Venta,-1
8631,83,2024-08-07,Venta,-2
8632,76,2024-05-12,Venta,-3
8633,16,2026-02-09,Venta,-2
8634,95,2025-03-30,Venta,-1
8635,45,2025-03-30,Venta,-1
8636,92,2025-03-30,Venta,-1
8637,74,2025-03-14,Venta,-2
8638,84,2025-03-14,Venta,-2
8639,29,2024-02-20,Venta,-1
8640,14,2024-02-20,Venta,-2
8641,100,2026-05-08,Venta,-1
8642,45,2026-05-08,Venta,-2
8643,34,2026-05-08,Venta,-2
8644,44,2026-05-08,Venta,-1
8645,27,2026-01-11,Venta,-1
8646,83,2026-01-11,Venta,-3
8647,38,2026-03-20,Venta,-1
8648,55,2026-03-20,Venta,-1
8649,37,2026-01-30,Venta,-1
8650,92,2025-05-17,Venta,-2
8651,85,2025-05-17,Venta,-2
8652,51,2025-05-17,Venta,-1
8653,100,2025-02-17,Venta,-2
8654,4,2025-02-17,Venta,-2
8655,55,2024-12-25,Venta,-1
8656,19,2024-12-25,Venta,-1
8657,22,2025-04-05,Venta,-1
8658,38,2025-12-30,Venta,-1
8659,1,2025-12-30,Venta,-1
8660,17,2025-03-24,Venta,-6
8661,25,2025-03-24,Venta,-2
8662,51,2025-03-24,Venta,-1
8663,69,2025-03-24,Venta,-1
8664,61,2025-12-09,Venta,-1
8665,6,2025-12-09,Venta,-1
8666,4,2024-09-04,Venta,-2
8667,59,2025-09-20,Venta,-3
8668,26,2024-07-05,Venta,-1
8669,36,2025-12-17,Venta,-2
8670,5,2024-12-29,Venta,-2
8671,71,2024-12-29,Venta,-1
8672,18,2025-12-17,Venta,-1
8673,4,2025-12-17,Venta,-1
8674,77,2025-12-17,Venta,-2
8675,1,2024-11-30,Venta,-1
8676,95,2024-11-30,Venta,-1
8677,62,2024-11-30,Venta,-1
8678,73,2024-11-30,Venta,-1
8679,14,2026-03-24,Venta,-1
8680,71,2026-03-24,Venta,-1
8681,24,2025-04-12,Venta,-1
8682,61,2024-01-11,Venta,-1
8683,76,2024-01-11,Venta,-2
8684,40,2024-01-11,Venta,-2
8685,55,2025-12-11,Venta,-1
8686,33,2025-12-11,Venta,-1
8687,66,2025-11-24,Venta,-1
8688,76,2025-11-24,Venta,-2
8689,85,2025-11-24,Venta,-3
8690,26,2025-11-24,Venta,-1
8691,65,2024-02-25,Venta,-3
8692,83,2024-11-22,Venta,-4
8693,94,2024-11-22,Venta,-1
8694,2,2025-09-21,Venta,-1
8695,49,2025-09-21,Venta,-4
8696,21,2025-09-21,Venta,-2
8697,36,2025-04-02,Venta,-2
8698,45,2025-05-08,Venta,-1
8699,23,2025-05-08,Venta,-1
8700,83,2026-04-07,Venta,-3
8701,38,2026-04-07,Venta,-1
8702,55,2026-04-07,Venta,-2
8703,95,2026-04-07,Venta,-1
8704,21,2025-12-04,Venta,-2
8705,1,2025-12-04,Venta,-1
8706,34,2025-12-04,Venta,-1
8707,25,2025-08-01,Venta,-4
8708,85,2025-01-04,Venta,-1
8709,49,2025-01-04,Venta,-1
8710,61,2025-08-07,Venta,-1
8711,91,2025-03-07,Venta,-6
8712,89,2025-06-06,Venta,-1
8713,34,2025-06-06,Venta,-2
8714,51,2026-01-14,Venta,-2
8715,51,2024-04-20,Venta,-2
8716,100,2024-04-20,Venta,-2
8717,48,2024-12-08,Venta,-1
8718,7,2025-09-24,Venta,-1
8719,85,2025-09-24,Venta,-1
8720,15,2025-08-11,Venta,-3
8721,20,2025-08-11,Venta,-1
8722,85,2024-09-29,Venta,-2
8723,29,2024-09-29,Venta,-1
8724,87,2025-08-29,Venta,-2
8725,18,2024-11-11,Venta,-1
8726,26,2024-11-11,Venta,-1
8727,40,2024-11-11,Venta,-1
8728,65,2024-11-11,Venta,-3
8729,61,2026-03-12,Venta,-6
8730,35,2026-03-12,Venta,-1
8731,29,2026-03-12,Venta,-6
8732,30,2024-01-14,Venta,-1
8733,48,2026-04-02,Venta,-1
8734,55,2026-07-31,Venta,-3
8735,37,2026-07-31,Venta,-2
8736,82,2026-07-31,Venta,-1
8737,61,2026-07-31,Venta,-1
8738,86,2026-02-10,Venta,-1
8739,4,2024-10-03,Venta,-2
8740,81,2024-10-03,Venta,-1
8741,34,2024-10-03,Venta,-2
8742,11,2026-03-29,Venta,-2
8743,67,2026-03-29,Venta,-3
8744,27,2026-07-21,Venta,-1
8745,14,2026-07-21,Venta,-4
8746,18,2026-07-21,Venta,-3
8747,61,2025-02-12,Venta,-1
8748,34,2025-02-12,Venta,-1
8749,29,2024-02-16,Venta,-2
8750,4,2024-02-16,Venta,-1
8751,3,2024-04-20,Venta,-1
8752,4,2024-04-20,Venta,-1
8753,84,2024-12-09,Venta,-1
8754,85,2024-07-20,Venta,-1
8755,4,2024-07-11,Venta,-1
8756,65,2024-07-11,Venta,-1
8757,70,2026-02-04,Venta,-1
8758,97,2026-02-04,Venta,-2
8759,84,2024-12-20,Venta,-1
8760,22,2024-12-20,Venta,-3
8761,88,2025-11-28,Venta,-1
8762,76,2025-11-28,Venta,-1
8763,1,2025-11-28,Venta,-1
8764,34,2025-05-03,Venta,-2
8765,81,2025-05-03,Venta,-1
8766,62,2025-05-03,Venta,-1
8767,94,2025-01-29,Venta,-1
8768,31,2024-11-19,Venta,-1
8769,14,2024-08-30,Venta,-1
8770,54,2025-01-24,Venta,-6
8771,81,2025-01-24,Venta,-3
8772,99,2025-01-24,Venta,-1
8773,95,2025-01-24,Venta,-1
8774,91,2026-05-13,Venta,-3
8775,83,2026-05-13,Venta,-2
8776,41,2024-03-19,Venta,-1
8777,99,2024-03-19,Venta,-1
8778,11,2024-03-31,Venta,-2
8779,35,2026-07-14,Venta,-18
8780,34,2026-07-14,Venta,-1
8781,40,2026-07-14,Venta,-1
8782,1,2026-03-04,Venta,-2
8783,88,2026-03-04,Venta,-1
8784,36,2024-11-14,Venta,-1
8785,76,2024-11-14,Venta,-1
8786,63,2024-10-09,Venta,-1
8787,57,2024-10-09,Venta,-3
8788,58,2024-10-09,Venta,-4
8789,66,2025-09-21,Venta,-2
8790,36,2025-01-21,Venta,-1
8791,41,2025-01-21,Venta,-1
8792,91,2024-11-27,Venta,-2
8793,22,2025-04-20,Venta,-1
8794,59,2025-08-26,Venta,-1
8795,18,2025-08-26,Venta,-2
8796,84,2024-12-21,Venta,-3
8797,48,2024-10-24,Venta,-2
8798,23,2024-10-24,Venta,-1
8799,22,2024-10-24,Venta,-2
8800,76,2026-02-18,Venta,-3
8801,31,2026-02-18,Venta,-3
8802,76,2025-11-05,Venta,-1
8803,86,2025-11-05,Venta,-2
8804,83,2025-11-05,Venta,-1
8805,18,2025-11-05,Venta,-1
8806,71,2024-06-08,Venta,-1
8807,16,2024-12-29,Venta,-2
8808,91,2025-03-14,Venta,-1
8809,59,2025-10-04,Venta,-3
8810,34,2024-09-25,Venta,-1
8811,58,2024-09-25,Venta,-2
8812,89,2025-04-09,Venta,-3
8813,56,2024-12-13,Venta,-2
8814,70,2024-12-13,Venta,-1
8815,73,2026-05-20,Venta,-1
8816,4,2026-05-20,Venta,-2
8817,66,2025-01-07,Venta,-3
8818,2,2025-01-07,Venta,-1
8819,54,2026-07-22,Venta,-1
8820,94,2026-07-22,Venta,-12
8821,62,2026-02-03,Venta,-1
8822,15,2026-02-03,Venta,-1
8823,72,2025-10-16,Venta,-1
8824,55,2025-12-03,Venta,-2
8825,46,2025-12-03,Venta,-3
8826,33,2024-12-28,Venta,-2
8827,3,2024-12-28,Venta,-1
8828,36,2024-12-28,Venta,-1
8829,20,2024-12-28,Venta,-1
8830,34,2026-06-18,Venta,-3
8831,91,2026-06-18,Venta,-2
8832,61,2025-09-13,Venta,-1
8833,40,2025-09-13,Venta,-2
8834,90,2025-11-09,Venta,-1
8835,81,2025-11-09,Venta,-2
8836,87,2025-11-09,Venta,-1
8837,70,2025-04-08,Venta,-2
8838,6,2025-02-15,Venta,-1
8839,12,2024-10-02,Venta,-1
8840,67,2024-11-08,Venta,-2
8841,16,2024-11-08,Venta,-1
8842,68,2024-03-21,Venta,-1
8843,30,2026-03-02,Venta,-1
8844,47,2026-03-02,Venta,-1
8845,94,2026-03-02,Venta,-1
8846,2,2025-07-15,Venta,-2
8847,70,2025-07-15,Venta,-3
8848,65,2025-07-15,Venta,-1
8849,76,2025-07-15,Venta,-1
8850,56,2025-07-15,Venta,-1
8851,67,2024-07-11,Venta,-1
8852,54,2024-07-11,Venta,-1
8853,42,2025-07-18,Venta,-2
8854,33,2025-07-18,Venta,-1
8855,12,2024-04-28,Venta,-1
8856,76,2024-04-28,Venta,-2
8857,55,2024-04-28,Venta,-1
8858,15,2024-04-28,Venta,-1
8859,76,2025-12-21,Venta,-1
8860,1,2025-12-21,Venta,-3
8861,12,2025-12-21,Venta,-1
8862,19,2025-12-21,Venta,-2
8863,81,2026-03-13,Venta,-1
8864,26,2026-03-13,Venta,-2
8865,14,2026-03-13,Venta,-1
8866,81,2024-09-16,Venta,-2
8867,76,2024-09-16,Venta,-2
8868,62,2025-10-28,Venta,-1
8869,74,2025-10-28,Venta,-1
8870,22,2025-10-28,Venta,-2
8871,75,2025-10-28,Venta,-1
8872,32,2025-08-05,Venta,-1
8873,52,2025-08-05,Venta,-2
8874,45,2025-08-05,Venta,-1
8875,14,2026-08-16,Venta,-2
8876,81,2026-08-16,Venta,-1
8877,27,2025-04-25,Venta,-1
8878,36,2025-04-25,Venta,-2
8879,92,2024-02-22,Venta,-1
8880,26,2025-05-19,Venta,-1
8881,4,2025-05-19,Venta,-1
8882,20,2025-05-19,Venta,-1
8883,3,2024-12-31,Venta,-1
8884,31,2024-12-31,Venta,-1
8885,74,2024-05-24,Venta,-1
8886,52,2024-05-24,Venta,-1
8887,1,2024-05-24,Venta,-1
8888,1,2026-08-24,Venta,-1
8889,8,2025-12-27,Venta,-4
8890,77,2024-11-28,Venta,-1
8891,25,2024-11-28,Venta,-3
8892,3,2024-11-28,Venta,-2
8893,87,2024-11-28,Venta,-4
8894,47,2026-01-12,Venta,-4
8895,38,2026-01-12,Venta,-1
8896,74,2026-01-12,Venta,-2
8897,16,2025-04-12,Venta,-1
8898,88,2025-04-12,Venta,-1
8899,21,2025-04-12,Venta,-1
8900,64,2025-11-30,Venta,-2
8901,7,2025-11-30,Venta,-2
8902,92,2025-10-18,Venta,-1
8903,1,2025-10-18,Venta,-2
8904,7,2025-10-18,Venta,-3
8905,49,2024-01-15,Venta,-1
8906,16,2024-01-15,Venta,-1
8907,31,2025-11-22,Venta,-1
8908,81,2026-01-17,Venta,-1
8909,48,2026-01-17,Venta,-1
8910,40,2026-01-17,Venta,-1
8911,9,2024-11-09,Venta,-6
8912,38,2026-03-17,Venta,-3
8913,51,2026-04-11,Venta,-2
8914,14,2025-01-29,Venta,-2
8915,22,2025-01-29,Venta,-4
8916,63,2025-01-29,Venta,-2
8917,76,2024-12-29,Venta,-2
8918,29,2024-12-29,Venta,-1
8919,81,2025-12-08,Venta,-1
8920,4,2025-12-08,Venta,-1
8921,83,2025-12-08,Venta,-3
8922,46,2024-11-16,Venta,-1
8923,5,2024-07-13,Venta,-2
8924,100,2026-06-25,Venta,-3
8925,13,2026-06-25,Venta,-2
8926,2,2024-03-21,Venta,-1
8927,22,2026-05-02,Venta,-2
8928,36,2025-04-20,Venta,-2
8929,55,2025-04-20,Venta,-1
8930,83,2025-04-20,Venta,-1
8931,69,2025-04-20,Venta,-1
8932,8,2025-01-02,Venta,-1
8933,83,2025-01-02,Venta,-1
8934,71,2024-09-06,Venta,-1
8935,22,2024-10-27,Venta,-3
8936,63,2024-10-27,Venta,-2
8937,74,2025-10-03,Venta,-2
8938,74,2025-06-14,Venta,-1
8939,72,2024-12-13,Venta,-1
8940,4,2024-12-13,Venta,-1
8941,4,2025-10-27,Venta,-2
8942,65,2026-06-03,Venta,-1
8943,19,2026-06-03,Venta,-1
8944,69,2024-10-28,Venta,-1
8945,55,2024-10-28,Venta,-1
8946,34,2024-10-28,Venta,-3
8947,66,2024-10-28,Venta,-2
8948,15,2024-05-11,Venta,-1
8949,4,2024-05-11,Venta,-1
8950,76,2025-06-13,Venta,-2
8951,95,2025-09-26,Venta,-1
8952,24,2025-09-26,Venta,-2
8953,94,2025-09-26,Venta,-2
8954,27,2025-07-18,Venta,-2
8955,66,2026-05-19,Venta,-2
8956,81,2026-05-19,Venta,-1
8957,27,2026-05-19,Venta,-2
8958,14,2025-07-23,Venta,-1
8959,95,2025-07-23,Venta,-3
8960,43,2025-07-22,Venta,-1
8961,17,2025-07-22,Venta,-1
8962,34,2025-07-22,Venta,-1
8963,91,2025-07-22,Venta,-1
8964,71,2025-06-07,Venta,-1
8965,1,2024-10-29,Venta,-1
8966,90,2026-02-17,Venta,-3
8967,70,2024-01-08,Venta,-3
8968,88,2024-01-08,Venta,-1
8969,33,2024-01-08,Venta,-1
8970,2,2024-01-08,Venta,-2
8971,86,2026-03-05,Venta,-2
8972,5,2025-06-27,Venta,-1
8973,71,2024-06-24,Venta,-1
8974,81,2025-08-19,Venta,-1
8975,54,2025-08-19,Venta,-1
8976,26,2026-06-03,Venta,-1
8977,35,2026-06-03,Venta,-2
8978,47,2026-06-03,Venta,-1
8979,24,2026-06-03,Venta,-2
8980,74,2024-05-17,Venta,-2
8981,23,2024-05-17,Venta,-2
8982,37,2025-05-07,Venta,-1
8983,67,2025-05-07,Venta,-2
8984,82,2025-05-07,Venta,-1
8985,99,2024-11-21,Venta,-3
8986,1,2024-12-09,Venta,-1
8987,55,2024-12-09,Venta,-2
8988,18,2024-12-09,Venta,-2
8989,51,2025-11-03,Venta,-1
8990,17,2025-11-03,Venta,-2
8991,24,2025-02-23,Venta,-1
8992,1,2025-02-23,Venta,-3
8993,45,2025-02-23,Venta,-1
8994,4,2026-06-17,Venta,-1
8995,23,2026-06-17,Venta,-1
8996,80,2026-06-17,Venta,-1
8997,54,2025-05-31,Venta,-4
8998,51,2025-05-31,Venta,-1
8999,61,2025-05-31,Venta,-1
9000,76,2024-07-28,Venta,-1
9001,69,2024-07-28,Venta,-1
9002,85,2025-07-11,Venta,-2
9003,14,2025-07-11,Venta,-1
9004,27,2025-07-11,Venta,-1
9005,30,2025-03-06,Venta,-3
9006,97,2025-03-06,Venta,-1
9007,70,2025-03-06,Venta,-1
9008,71,2025-03-06,Venta,-1
9009,26,2024-11-07,Venta,-2
9010,14,2024-11-07,Venta,-1
9011,88,2024-11-07,Venta,-1
9012,62,2024-11-07,Venta,-2
9013,52,2024-11-07,Venta,-2
9014,27,2025-09-17,Venta,-1
9015,1,2025-09-17,Venta,-2
9016,65,2026-06-25,Venta,-1
9017,74,2026-03-18,Venta,-2
9018,82,2026-03-18,Venta,-1
9019,91,2026-03-18,Venta,-4
9020,5,2024-09-28,Venta,-2
9021,49,2024-09-28,Venta,-1
9022,14,2024-06-15,Venta,-1
9023,84,2025-03-28,Venta,-1
9024,29,2025-03-28,Venta,-2
9025,4,2024-03-23,Venta,-4
9026,2,2024-11-13,Venta,-1
9027,47,2024-11-13,Venta,-2
9028,100,2024-01-18,Venta,-2
9029,51,2024-01-18,Venta,-1
9030,34,2024-11-13,Venta,-1
9031,95,2024-11-13,Venta,-1
9032,94,2024-11-13,Venta,-1
9033,93,2024-11-13,Venta,-6
9034,4,2024-11-25,Venta,-1
9035,4,2025-12-12,Venta,-1
9036,24,2025-12-12,Venta,-2
9037,4,2026-07-01,Venta,-1
9038,71,2026-07-01,Venta,-1
9039,76,2024-12-25,Venta,-2
9040,62,2024-12-25,Venta,-3
9041,89,2024-12-25,Venta,-1
9042,67,2024-12-25,Venta,-1
9043,58,2024-05-25,Venta,-2
9044,1,2024-05-25,Venta,-1
9045,87,2026-04-03,Venta,-1
9046,27,2026-04-03,Venta,-1
9047,74,2024-08-31,Venta,-2
9048,14,2024-08-31,Venta,-4
9049,38,2024-01-23,Venta,-1
9050,86,2024-01-23,Venta,-1
9051,44,2024-11-24,Venta,-2
9052,100,2024-07-08,Venta,-1
9053,16,2024-07-08,Venta,-1
9054,86,2024-07-08,Venta,-1
9055,72,2024-07-08,Venta,-1
9056,23,2024-05-24,Venta,-1
9057,59,2024-05-24,Venta,-1
9058,77,2024-05-24,Venta,-1
9059,24,2024-05-24,Venta,-1
9060,26,2026-08-15,Venta,-1
9061,55,2024-10-16,Venta,-2
9062,84,2024-10-16,Venta,-1
9063,63,2025-06-26,Venta,-1
9064,46,2024-07-02,Venta,-1
9065,88,2024-04-03,Venta,-4
9066,13,2025-02-06,Venta,-4
9067,70,2025-02-06,Venta,-1
9068,100,2025-02-06,Venta,-4
9069,2,2026-03-07,Venta,-1
9070,24,2026-03-07,Venta,-2
9071,93,2026-03-07,Venta,-2
9072,96,2026-04-20,Venta,-3
9073,63,2026-04-20,Venta,-1
9074,24,2026-04-20,Venta,-1
9075,96,2025-12-20,Venta,-2
9076,83,2025-02-18,Venta,-1
9077,91,2025-02-18,Venta,-1
9078,12,2026-03-17,Venta,-2
9079,16,2024-12-24,Venta,-1
9080,44,2024-12-24,Venta,-1
9081,76,2026-06-06,Venta,-1
9082,2,2026-06-06,Venta,-1
9083,29,2026-06-06,Venta,-1
9084,48,2024-04-27,Venta,-1
9085,46,2024-04-27,Venta,-3
9086,79,2024-04-27,Venta,-1
9087,49,2024-03-25,Venta,-2
9088,65,2025-06-30,Venta,-1
9089,31,2025-12-04,Venta,-1
9090,84,2024-03-08,Venta,-2
9091,12,2024-09-11,Venta,-2
9092,61,2026-02-14,Venta,-1
9093,51,2024-11-02,Venta,-6
9094,88,2024-11-02,Venta,-1
9095,11,2026-04-12,Venta,-1
9096,85,2026-04-12,Venta,-2
9097,34,2024-10-24,Venta,-1
9098,10,2024-10-24,Venta,-2
9099,40,2024-10-24,Venta,-2
9100,95,2026-03-26,Venta,-1
9101,24,2026-03-26,Venta,-2
9102,36,2024-05-26,Venta,-1
9103,40,2024-05-26,Venta,-1
9104,76,2024-05-26,Venta,-2
9105,12,2024-12-28,Venta,-3
9106,93,2025-05-15,Venta,-3
9107,74,2025-05-15,Venta,-1
9108,20,2024-02-17,Venta,-1
9109,21,2024-11-13,Venta,-1
9110,58,2024-11-13,Venta,-2
9111,76,2026-04-10,Venta,-2
9112,41,2026-04-10,Venta,-1
9113,45,2024-05-02,Venta,-1
9114,88,2024-05-02,Venta,-4
9115,22,2024-11-03,Venta,-1
9116,74,2024-11-03,Venta,-1
9117,34,2025-03-24,Venta,-1
9118,14,2025-05-13,Venta,-2
9119,68,2025-05-13,Venta,-1
9120,28,2025-12-26,Venta,-1
9121,76,2025-12-26,Venta,-1
9122,55,2025-12-26,Venta,-1
9123,21,2025-12-26,Venta,-1
9124,76,2025-05-02,Venta,-3
9125,34,2025-05-02,Venta,-1
9126,45,2025-05-02,Venta,-2
9127,41,2025-05-02,Venta,-1
9128,82,2024-06-26,Venta,-1
9129,55,2024-06-26,Venta,-2
9130,24,2024-06-26,Venta,-2
9131,94,2024-06-26,Venta,-3
9132,71,2024-09-12,Venta,-3
9133,92,2024-09-12,Venta,-1
9134,12,2026-04-24,Venta,-1
9135,24,2026-04-24,Venta,-2
9136,71,2025-12-29,Venta,-2
9137,14,2025-12-03,Venta,-1
9138,73,2025-12-03,Venta,-2
9139,26,2025-12-03,Venta,-1
9140,84,2025-12-03,Venta,-1
9141,20,2025-12-03,Venta,-3
9142,74,2026-02-06,Venta,-2
9143,72,2026-02-06,Venta,-1
9144,100,2026-02-06,Venta,-3
9145,51,2026-02-06,Venta,-1
9146,85,2025-06-25,Venta,-2
9147,81,2025-06-25,Venta,-4
9148,71,2024-07-04,Venta,-1
9149,75,2024-07-04,Venta,-1
9150,47,2026-03-20,Venta,-1
9151,84,2026-03-20,Venta,-1
9152,21,2024-07-06,Venta,-2
9153,92,2024-07-06,Venta,-1
9154,23,2024-12-14,Venta,-1
9155,7,2024-11-02,Venta,-1
9156,55,2024-11-02,Venta,-1
9157,22,2024-05-02,Venta,-1
9158,86,2024-05-02,Venta,-12
9159,65,2024-04-22,Venta,-1
9160,61,2024-04-22,Venta,-6
9161,26,2024-04-22,Venta,-2
9162,3,2024-05-30,Venta,-1
9163,95,2024-05-30,Venta,-2
9164,20,2024-10-09,Venta,-1
9165,49,2024-02-06,Venta,-2
9166,2,2024-02-06,Venta,-1
9167,55,2026-02-09,Venta,-1
9168,67,2026-02-09,Venta,-4
9169,29,2024-05-11,Venta,-1
9170,1,2025-12-17,Venta,-1
9171,85,2025-12-17,Venta,-1
9172,24,2025-12-17,Venta,-4
9173,90,2025-04-16,Venta,-1
9174,54,2026-08-18,Venta,-1
9175,34,2026-08-18,Venta,-1
9176,41,2024-01-17,Venta,-4
9177,99,2024-01-17,Venta,-2
9178,52,2026-05-23,Venta,-4
9179,95,2026-05-23,Venta,-1
9180,34,2025-04-09,Venta,-2
9181,23,2025-11-07,Venta,-1
9182,90,2025-11-07,Venta,-1
9183,33,2025-11-07,Venta,-4
9184,69,2025-11-07,Venta,-1
9185,67,2025-05-13,Venta,-1
9186,75,2025-05-13,Venta,-1
9187,14,2025-10-25,Venta,-1
9188,55,2025-10-25,Venta,-4
9189,47,2024-11-03,Venta,-1
9190,24,2024-11-03,Venta,-1
9191,78,2024-04-12,Venta,-1
9192,52,2025-05-07,Venta,-1
9193,15,2024-04-06,Venta,-1
9194,32,2024-04-06,Venta,-1
9195,22,2025-11-14,Venta,-1
9196,46,2025-11-14,Venta,-1
9197,75,2025-11-14,Venta,-1
9198,8,2024-02-25,Venta,-2
9199,62,2024-02-25,Venta,-1
9200,24,2024-02-25,Venta,-1
9201,54,2024-09-08,Venta,-1
9202,18,2024-09-08,Venta,-2
9203,74,2025-03-29,Venta,-1
9204,24,2025-03-29,Venta,-1
9205,23,2025-03-29,Venta,-1
9206,83,2025-03-29,Venta,-1
9207,81,2025-05-28,Venta,-3
9208,74,2025-05-28,Venta,-1
9209,87,2024-05-02,Venta,-1
9210,29,2024-11-14,Venta,-1
9211,61,2024-01-06,Venta,-1
9212,73,2025-12-04,Venta,-1
9213,54,2025-12-04,Venta,-1
9214,62,2024-06-14,Venta,-1
9215,95,2024-06-14,Venta,-2
9216,14,2026-08-19,Venta,-2
9217,5,2026-08-19,Venta,-1
9218,66,2026-08-19,Venta,-1
9219,22,2026-08-19,Venta,-1
9220,14,2026-06-29,Venta,-1
9221,14,2024-04-16,Venta,-1
9222,10,2024-04-16,Venta,-1
9223,2,2024-04-16,Venta,-1
9224,36,2024-04-16,Venta,-1
9225,16,2024-08-17,Venta,-1
9226,43,2026-06-27,Venta,-1
9227,52,2025-11-21,Venta,-1
9228,72,2025-11-21,Venta,-1
9229,18,2025-11-21,Venta,-1
9230,92,2026-03-21,Venta,-2
9231,39,2026-03-21,Venta,-4
9232,85,2026-03-21,Venta,-1
9233,83,2026-03-21,Venta,-1
9234,62,2025-05-17,Venta,-2
9235,23,2025-05-17,Venta,-3
9236,26,2025-05-17,Venta,-1
9237,88,2024-10-12,Venta,-1
9238,51,2026-04-15,Venta,-3
9239,71,2024-05-18,Venta,-1
9240,23,2024-05-18,Venta,-18
9241,76,2026-06-27,Venta,-1
9242,23,2026-06-27,Venta,-2
9243,85,2026-06-27,Venta,-1
9244,74,2026-06-27,Venta,-1
9245,100,2025-07-04,Venta,-2
9246,84,2025-10-26,Venta,-1
9247,3,2026-06-30,Venta,-2
9248,68,2026-06-30,Venta,-6
9249,4,2026-06-30,Venta,-2
9250,46,2024-09-02,Venta,-2
9251,4,2024-09-02,Venta,-1
9252,85,2024-09-02,Venta,-1
9253,76,2025-04-11,Venta,-1
9254,65,2025-04-11,Venta,-2
9255,7,2024-01-08,Venta,-1
9256,69,2024-01-08,Venta,-2
9257,98,2024-01-08,Venta,-2
9258,52,2024-01-08,Venta,-1
9259,24,2024-01-23,Venta,-2
9260,14,2024-01-23,Venta,-2
9261,15,2024-01-23,Venta,-1
9262,54,2026-07-29,Venta,-1
9263,100,2026-07-22,Venta,-1
9264,68,2026-02-12,Venta,-2
9265,74,2026-01-02,Venta,-1
9266,27,2026-04-02,Venta,-1
9267,32,2026-04-02,Venta,-1
9268,85,2026-04-02,Venta,-1
9269,26,2025-10-02,Venta,-3
9270,89,2024-11-19,Venta,-1
9271,36,2024-11-19,Venta,-1
9272,32,2025-09-04,Venta,-1
9273,34,2025-09-04,Venta,-1
9274,12,2025-09-04,Venta,-3
9275,14,2025-09-04,Venta,-24
9276,69,2025-04-11,Venta,-2
9277,29,2025-04-11,Venta,-2
9278,51,2025-04-11,Venta,-2
9279,12,2026-02-09,Venta,-3
9280,35,2026-02-09,Venta,-4
9281,5,2026-02-09,Venta,-1
9282,4,2026-02-09,Venta,-1
9283,23,2025-01-06,Venta,-1
9284,37,2025-11-05,Venta,-1
9285,26,2024-08-04,Venta,-1
9286,2,2024-08-04,Venta,-1
9287,73,2024-10-01,Venta,-2
9288,38,2024-10-01,Venta,-1
9289,42,2024-10-01,Venta,-2
9290,30,2024-10-01,Venta,-2
9291,92,2026-04-09,Venta,-1
9292,95,2024-11-30,Venta,-1
9293,21,2024-12-28,Venta,-3
9294,14,2024-04-16,Venta,-2
9295,1,2025-07-05,Venta,-6
9296,64,2024-07-18,Venta,-1
9297,51,2024-07-18,Venta,-1
9298,55,2024-08-24,Venta,-4
9299,70,2024-03-21,Venta,-1
9300,54,2025-07-08,Venta,-18
9301,86,2024-08-07,Venta,-2
9302,74,2024-08-07,Venta,-1
9303,76,2024-08-07,Venta,-1
9304,23,2024-08-07,Venta,-1
9305,31,2024-08-07,Venta,-3
9306,63,2024-08-10,Venta,-1
9307,1,2024-08-10,Venta,-2
9308,71,2025-04-05,Venta,-2
9309,63,2025-04-05,Venta,-1
9310,34,2025-04-06,Venta,-1
9311,55,2024-07-10,Venta,-2
9312,54,2024-07-10,Venta,-4
9313,29,2024-07-10,Venta,-2
9314,85,2024-07-10,Venta,-2
9315,91,2024-07-10,Venta,-2
9316,33,2025-03-15,Venta,-1
9317,30,2026-01-15,Venta,-1
9318,83,2026-01-15,Venta,-1
9319,51,2024-12-30,Venta,-1
9320,38,2025-11-26,Venta,-1
9321,14,2025-11-26,Venta,-2
9322,12,2025-11-26,Venta,-1
9323,34,2024-01-12,Venta,-1
9324,1,2026-03-28,Venta,-2
9325,76,2026-03-28,Venta,-1
9326,18,2024-12-06,Venta,-3
9327,22,2024-11-02,Venta,-1
9328,81,2024-11-02,Venta,-1
9329,70,2026-03-16,Venta,-1
9330,67,2026-03-16,Venta,-1
9331,72,2026-03-16,Venta,-1
9332,89,2026-03-16,Venta,-2
9333,40,2025-06-06,Venta,-2
9334,40,2026-07-29,Venta,-2
9335,61,2026-08-01,Venta,-1
9336,11,2026-08-01,Venta,-1
9337,71,2026-02-11,Venta,-1
9338,33,2026-02-11,Venta,-1
9339,84,2026-02-11,Venta,-2
9340,70,2026-02-11,Venta,-2
9341,68,2025-12-16,Venta,-2
9342,84,2025-12-16,Venta,-1
9343,91,2025-12-16,Venta,-1
9344,30,2024-12-09,Venta,-1
9345,18,2024-11-05,Venta,-3
9346,14,2024-11-05,Venta,-2
9347,19,2026-08-01,Venta,-2
9348,95,2026-08-01,Venta,-3
9349,51,2026-08-01,Venta,-2
9350,14,2024-07-25,Venta,-1
9351,36,2025-03-06,Venta,-4
9352,1,2025-03-06,Venta,-6
9353,65,2024-04-22,Venta,-1
9354,12,2024-04-22,Venta,-4
9355,73,2024-04-22,Venta,-2
9356,52,2024-12-09,Venta,-1
9357,40,2026-07-11,Venta,-12
9358,73,2024-04-20,Venta,-2
9359,2,2024-04-20,Venta,-6
9360,36,2026-03-02,Venta,-1
9361,89,2026-03-02,Venta,-1
9362,83,2025-11-10,Venta,-1
9363,40,2026-07-08,Venta,-2
9364,74,2026-07-08,Venta,-1
9365,51,2025-09-23,Venta,-1
9366,75,2025-09-23,Venta,-2
9367,3,2025-09-19,Venta,-2
9368,5,2025-04-26,Venta,-1
9369,4,2025-12-25,Venta,-6
9370,71,2025-12-25,Venta,-2
9371,71,2024-03-02,Venta,-2
9372,14,2024-11-29,Venta,-1
9373,71,2024-11-29,Venta,-1
9374,28,2024-12-28,Venta,-1
9375,86,2024-12-06,Venta,-2
9376,52,2024-12-06,Venta,-1
9377,72,2024-12-06,Venta,-1
9378,22,2024-09-01,Venta,-1
9379,46,2024-05-03,Venta,-1
9380,74,2024-05-03,Venta,-2
9381,91,2025-10-27,Venta,-1
9382,5,2024-11-14,Venta,-3
9383,63,2024-11-14,Venta,-1
9384,26,2026-08-23,Venta,-4
9385,72,2025-07-12,Venta,-1
9386,48,2025-07-12,Venta,-1
9387,55,2025-07-12,Venta,-2
9388,42,2025-09-22,Venta,-3
9389,86,2025-09-22,Venta,-1
9390,99,2025-09-22,Venta,-1
9391,51,2025-03-08,Venta,-1
9392,74,2025-03-08,Venta,-1
9393,46,2025-12-19,Venta,-2
9394,85,2026-02-14,Venta,-1
9395,23,2026-06-14,Venta,-1
9396,67,2026-06-14,Venta,-2
9397,93,2026-06-14,Venta,-3
9398,21,2026-06-14,Venta,-1
9399,70,2026-07-18,Venta,-1
9400,4,2026-03-24,Venta,-1
9401,58,2026-03-24,Venta,-2
9402,22,2024-08-06,Venta,-2
9403,61,2025-12-01,Venta,-4
9404,34,2025-12-01,Venta,-3
9405,48,2025-12-01,Venta,-1
9406,55,2025-12-01,Venta,-2
9407,1,2024-04-06,Venta,-4
9408,43,2024-04-06,Venta,-1
9409,91,2024-08-13,Venta,-2
9410,16,2024-08-13,Venta,-3
9411,81,2024-08-13,Venta,-4
9412,81,2024-09-21,Venta,-4
9413,63,2024-09-21,Venta,-1
9414,8,2026-01-05,Venta,-1
9415,54,2026-01-05,Venta,-3
9416,24,2024-12-10,Venta,-2
9417,2,2024-12-10,Venta,-1
9418,65,2024-12-10,Venta,-1
9419,49,2024-12-10,Venta,-2
9420,61,2024-07-01,Venta,-3
9421,85,2024-07-01,Venta,-1
9422,16,2025-12-27,Venta,-1
9423,84,2025-12-27,Venta,-1
9424,45,2025-12-27,Venta,-2
9425,85,2024-04-15,Venta,-1
9426,84,2024-04-15,Venta,-4
9427,7,2024-04-15,Venta,-1
9428,66,2024-10-01,Venta,-1
9429,23,2024-10-01,Venta,-1
9430,14,2024-06-25,Venta,-1
9431,90,2025-04-05,Venta,-12
9432,67,2025-12-11,Venta,-1
9433,54,2025-12-11,Venta,-1
9434,76,2025-12-11,Venta,-4
9435,81,2024-03-11,Venta,-1
9436,71,2024-03-11,Venta,-2
9437,46,2024-05-08,Venta,-1
9438,73,2024-09-08,Venta,-1
9439,41,2024-02-17,Venta,-1
9440,100,2025-09-03,Venta,-2
9441,94,2025-09-03,Venta,-1
9442,44,2024-06-19,Venta,-1
9443,55,2024-12-31,Venta,-1
9444,93,2024-12-31,Venta,-4
9445,54,2025-08-03,Venta,-1
9446,23,2026-08-29,Venta,-1
9447,45,2026-08-29,Venta,-2
9448,91,2026-08-29,Venta,-1
9449,90,2024-06-10,Venta,-1
9450,94,2024-06-10,Venta,-3
9451,46,2024-06-10,Venta,-1
9452,32,2026-03-26,Venta,-2
9453,76,2024-06-30,Venta,-12
9454,75,2024-06-30,Venta,-1
9455,14,2025-05-06,Venta,-1
9456,71,2025-05-06,Venta,-1
9457,29,2025-05-06,Venta,-1
9458,62,2024-05-15,Venta,-2
9459,45,2024-05-15,Venta,-2
9460,14,2024-05-15,Venta,-4
9461,20,2026-03-07,Venta,-1
9462,84,2024-08-06,Venta,-1
9463,70,2024-08-06,Venta,-1
9464,82,2024-07-13,Venta,-12
9465,72,2024-11-25,Venta,-2
9466,65,2024-12-07,Venta,-1
9467,92,2024-12-07,Venta,-3
9468,74,2024-11-13,Venta,-1
9469,83,2024-11-13,Venta,-1
9470,46,2024-12-25,Venta,-2
9471,20,2024-12-25,Venta,-1
9472,71,2024-08-05,Venta,-1
9473,81,2024-08-05,Venta,-2
9474,86,2024-08-05,Venta,-1
9475,55,2024-08-05,Venta,-12
9476,5,2024-08-05,Venta,-3
9477,62,2024-07-28,Venta,-2
9478,2,2024-07-28,Venta,-1
9479,31,2025-12-30,Venta,-2
9480,91,2025-12-30,Venta,-6
9481,38,2025-12-30,Venta,-1
9482,20,2025-04-04,Venta,-2
9483,72,2025-04-04,Venta,-1
9484,34,2025-04-04,Venta,-4
9485,31,2025-04-04,Venta,-2
9486,76,2025-02-23,Venta,-2
9487,39,2025-02-23,Venta,-1
9488,26,2025-02-23,Venta,-1
9489,7,2024-12-06,Venta,-2
9490,31,2024-12-06,Venta,-2
9491,52,2024-12-06,Venta,-2
9492,14,2024-12-06,Venta,-1
9493,20,2024-12-06,Venta,-1
9494,93,2024-11-01,Venta,-2
9495,78,2024-11-01,Venta,-3
9496,40,2024-07-03,Venta,-1
9497,5,2024-07-03,Venta,-1
9498,93,2024-12-26,Venta,-2
9499,85,2024-12-26,Venta,-1
9500,24,2024-12-26,Venta,-1
9501,55,2026-04-15,Venta,-2
9502,72,2026-04-15,Venta,-2
9503,38,2026-04-15,Venta,-4
9504,66,2026-04-15,Venta,-1
9505,90,2025-08-16,Venta,-1
9506,59,2024-01-15,Venta,-3
9507,85,2026-01-21,Venta,-2
9508,38,2026-01-21,Venta,-1
9509,80,2026-02-22,Venta,-3
9510,26,2026-02-22,Venta,-1
9511,14,2026-02-22,Venta,-2
9512,3,2026-02-22,Venta,-2
9513,15,2026-07-23,Venta,-1
9514,82,2026-07-23,Venta,-2
9515,19,2026-07-23,Venta,-3
9516,37,2024-02-24,Venta,-2
9517,67,2024-09-28,Venta,-2
9518,95,2024-04-16,Venta,-2
9519,3,2024-04-16,Venta,-3
9520,40,2024-03-20,Venta,-2
9521,26,2025-08-19,Venta,-1
9522,38,2025-08-19,Venta,-1
9523,83,2025-12-07,Venta,-2
9524,42,2025-12-07,Venta,-1
9525,17,2025-12-07,Venta,-1
9526,15,2024-04-12,Venta,-1
9527,99,2025-04-12,Venta,-1
9528,62,2025-12-01,Venta,-4
9529,32,2025-12-01,Venta,-3
9530,55,2025-12-01,Venta,-1
9531,7,2025-12-01,Venta,-2
9532,21,2026-04-04,Venta,-1
9533,51,2024-11-18,Venta,-2
9534,5,2024-11-18,Venta,-2
9535,14,2024-01-28,Venta,-1
9536,91,2024-01-28,Venta,-1
9537,65,2026-03-02,Venta,-1
9538,29,2026-03-02,Venta,-3
9539,33,2026-03-02,Venta,-1
9540,2,2024-11-08,Venta,-1
9541,95,2026-06-26,Venta,-1
9542,92,2026-06-26,Venta,-2
9543,51,2026-06-26,Venta,-1
9544,87,2024-06-06,Venta,-2
9545,34,2025-11-26,Venta,-4
9546,11,2025-11-26,Venta,-4
9547,89,2024-06-01,Venta,-1
9548,12,2024-06-01,Venta,-2
9549,48,2024-06-01,Venta,-2
9550,88,2024-10-10,Venta,-1
9551,85,2024-10-10,Venta,-1
9552,94,2024-11-25,Venta,-2
9553,85,2025-09-05,Venta,-1
9554,8,2026-07-04,Venta,-1
9555,38,2026-07-04,Venta,-1
9556,21,2025-06-13,Venta,-1
9557,23,2025-06-13,Venta,-1
9558,40,2025-06-13,Venta,-1
9559,86,2025-06-13,Venta,-1
9560,51,2025-10-02,Venta,-1
9561,86,2025-10-02,Venta,-4
9562,24,2024-01-22,Venta,-6
9563,99,2024-06-02,Venta,-1
9564,51,2026-05-20,Venta,-1
9565,32,2026-05-20,Venta,-1
9566,53,2025-09-01,Venta,-1
9567,7,2025-09-01,Venta,-1
9568,37,2025-09-01,Venta,-2
9569,32,2025-09-01,Venta,-1
9570,64,2024-11-04,Venta,-2
9571,36,2024-11-04,Venta,-1
9572,85,2026-05-25,Venta,-4
9573,56,2026-06-13,Venta,-2
9574,32,2026-06-13,Venta,-2
9575,2,2024-09-17,Venta,-1
9576,59,2025-06-21,Venta,-2
9577,46,2024-02-23,Venta,-3
9578,81,2024-02-23,Venta,-2
9579,51,2024-12-30,Venta,-3
9580,22,2024-12-30,Venta,-1
9581,34,2024-12-30,Venta,-1
9582,14,2024-08-27,Venta,-1
9583,25,2024-08-27,Venta,-2
9584,26,2024-08-27,Venta,-1
9585,27,2025-10-09,Venta,-1
9586,81,2025-10-09,Venta,-2
9587,12,2024-12-01,Venta,-1
9588,72,2024-12-01,Venta,-1
9589,4,2024-12-01,Venta,-1
9590,49,2026-08-23,Venta,-1
9591,4,2026-08-23,Venta,-1
9592,24,2026-08-23,Venta,-1
9593,47,2025-12-18,Venta,-3
9594,59,2024-05-18,Venta,-1
9595,4,2025-12-24,Venta,-1
9596,14,2026-08-16,Venta,-3
9597,7,2025-08-07,Venta,-1
9598,12,2025-08-07,Venta,-1
9599,23,2025-08-07,Venta,-1
9600,30,2025-08-02,Venta,-1
9601,76,2025-08-02,Venta,-1
9602,85,2025-08-02,Venta,-1
9603,36,2025-08-02,Venta,-2
9604,4,2025-08-14,Venta,-1
9605,20,2025-08-14,Venta,-1
9606,7,2026-02-25,Venta,-1
9607,23,2026-02-25,Venta,-1
9608,26,2026-02-25,Venta,-3
9609,3,2024-12-25,Venta,-2
9610,23,2024-12-25,Venta,-1
9611,12,2024-12-25,Venta,-1
9612,56,2024-12-25,Venta,-1
9613,59,2025-04-15,Venta,-1
9614,35,2024-01-17,Venta,-6
9615,4,2024-01-17,Venta,-1
9616,63,2025-01-16,Venta,-1
9617,47,2025-01-16,Venta,-1
9618,24,2025-11-13,Venta,-1
9619,88,2026-06-03,Venta,-1
9620,35,2026-06-03,Venta,-1
9621,21,2026-06-03,Venta,-1
9622,82,2026-06-03,Venta,-1
9623,55,2025-04-22,Venta,-1
9624,45,2025-04-22,Venta,-1
9625,37,2025-04-22,Venta,-2
9626,62,2025-04-22,Venta,-1
9627,56,2024-04-06,Venta,-1
9628,14,2024-04-06,Venta,-1
9629,66,2024-04-06,Venta,-1
9630,54,2024-04-06,Venta,-1
9631,40,2024-11-29,Venta,-4
9632,29,2024-01-24,Venta,-1
9633,46,2024-01-24,Venta,-1
9634,63,2024-07-27,Venta,-1
9635,55,2024-07-27,Venta,-2
9636,61,2024-11-21,Venta,-1
9637,4,2024-11-21,Venta,-1
9638,55,2024-11-21,Venta,-2
9639,1,2024-11-21,Venta,-1
9640,27,2026-06-13,Venta,-1
9641,14,2026-06-13,Venta,-1
9642,67,2026-06-13,Venta,-2
9643,37,2026-05-06,Venta,-1
9644,73,2024-11-15,Venta,-2
9645,28,2025-01-19,Venta,-1
9646,63,2025-01-19,Venta,-1
9647,22,2025-07-28,Venta,-2
9648,55,2025-07-28,Venta,-1
9649,2,2025-07-28,Venta,-2
9650,69,2025-07-28,Venta,-4
9651,12,2025-09-06,Venta,-1
9652,74,2025-09-06,Venta,-1
9653,61,2024-04-24,Venta,-1
9654,24,2024-04-24,Venta,-1
9655,85,2025-09-14,Venta,-1
9656,57,2024-05-15,Venta,-1
9657,88,2024-05-15,Venta,-1
9658,36,2024-05-15,Venta,-1
9659,83,2024-04-30,Venta,-1
9660,36,2024-04-30,Venta,-1
9661,85,2024-04-30,Venta,-3
9662,36,2024-07-30,Venta,-1
9663,27,2024-07-30,Venta,-4
9664,16,2024-07-30,Venta,-2
9665,54,2025-05-01,Venta,-1
9666,29,2025-05-01,Venta,-1
9667,12,2026-01-23,Venta,-1
9668,23,2024-06-06,Venta,-3
9669,65,2024-06-06,Venta,-1
9670,7,2024-06-06,Venta,-1
9671,24,2024-09-25,Venta,-1
9672,26,2024-06-17,Venta,-1
9673,85,2024-06-17,Venta,-2
9674,27,2024-06-27,Venta,-12
9675,19,2024-06-27,Venta,-6
9676,85,2024-06-27,Venta,-1
9677,100,2024-06-21,Venta,-2
9678,71,2025-11-28,Venta,-1
9679,55,2025-06-16,Venta,-1
9680,30,2024-07-04,Venta,-4
9681,22,2024-07-04,Venta,-6
9682,68,2025-04-15,Venta,-1
9683,14,2025-04-15,Venta,-1
9684,38,2025-04-15,Venta,-1
9685,49,2025-04-15,Venta,-1
9686,84,2024-08-10,Venta,-1
9687,27,2024-08-10,Venta,-1
9688,49,2025-09-18,Venta,-1
9689,15,2025-09-18,Venta,-1
9690,4,2025-10-16,Venta,-1
9691,99,2026-07-13,Venta,-3
9692,26,2026-07-13,Venta,-4
9693,2,2026-07-13,Venta,-3
9694,21,2026-07-13,Venta,-1
9695,47,2025-09-28,Venta,-2
9696,81,2024-09-26,Venta,-1
9697,24,2026-06-09,Venta,-1
9698,70,2025-02-10,Venta,-1
9699,88,2025-02-10,Venta,-1
9700,1,2025-02-10,Venta,-1
9701,45,2025-02-10,Venta,-2
9702,66,2026-05-09,Venta,-2
9703,91,2025-10-21,Venta,-1
9704,61,2025-10-21,Venta,-1
9705,4,2025-10-21,Venta,-2
9706,65,2024-10-27,Venta,-2
9707,56,2024-10-27,Venta,-1
9708,18,2024-10-27,Venta,-3
9709,20,2026-03-24,Venta,-1
9710,89,2026-03-24,Venta,-2
9711,94,2026-01-06,Venta,-4
9712,14,2026-01-06,Venta,-1
9713,84,2026-01-06,Venta,-1
9714,90,2026-01-06,Venta,-1
9715,80,2026-01-06,Venta,-1
9716,51,2024-11-25,Venta,-6
9717,21,2024-11-25,Venta,-6
9718,80,2025-01-27,Venta,-1
9719,85,2025-08-24,Venta,-4
9720,64,2026-08-06,Venta,-3
9721,6,2026-08-06,Venta,-1
9722,39,2025-12-12,Venta,-1
9723,76,2025-12-12,Venta,-1
9724,32,2025-06-07,Venta,-1
9725,17,2025-06-07,Venta,-1
9726,21,2025-06-07,Venta,-1
9727,52,2025-03-15,Venta,-1
9728,89,2025-03-15,Venta,-1
9729,74,2025-03-15,Venta,-1
9730,36,2024-01-22,Venta,-4
9731,76,2024-01-22,Venta,-1
9732,71,2024-01-22,Venta,-1
9733,17,2026-04-24,Venta,-1
9734,27,2025-12-12,Venta,-1
9735,60,2025-12-12,Venta,-1
9736,88,2025-12-12,Venta,-2
9737,23,2025-12-12,Venta,-2
9738,76,2024-12-28,Venta,-1
9739,19,2024-10-22,Venta,-1
9740,59,2024-09-28,Venta,-2
9741,33,2024-09-28,Venta,-1
9742,3,2024-08-15,Venta,-1
9743,94,2024-08-15,Venta,-2
9744,31,2024-10-20,Venta,-3
9745,67,2024-10-20,Venta,-2
9746,22,2026-01-24,Venta,-2
9747,52,2026-01-24,Venta,-24
9748,2,2025-02-06,Venta,-1
9749,83,2025-01-03,Venta,-2
9750,21,2025-01-03,Venta,-1
9751,14,2025-01-31,Venta,-2
9752,2,2025-01-31,Venta,-3
9753,20,2024-09-23,Venta,-1
9754,42,2024-09-23,Venta,-1
9755,16,2025-05-02,Venta,-3
9756,72,2024-03-09,Venta,-1
9757,100,2024-12-28,Venta,-4
9758,92,2024-12-28,Venta,-3
9759,34,2024-12-28,Venta,-1
9760,49,2024-12-28,Venta,-2
9761,29,2024-12-28,Venta,-2
9762,29,2026-08-22,Venta,-2
9763,86,2026-08-22,Venta,-2
9764,52,2026-08-22,Venta,-4
9765,4,2026-04-06,Venta,-2
9766,17,2026-04-06,Venta,-2
9767,91,2026-01-02,Venta,-3
9768,76,2026-01-02,Venta,-1
9769,37,2024-12-07,Venta,-6
9770,33,2024-12-07,Venta,-2
9771,89,2024-12-07,Venta,-1
9772,45,2024-11-10,Venta,-1
9773,1,2024-11-10,Venta,-6
9774,4,2024-08-01,Venta,-2
9775,87,2024-08-01,Venta,-1
9776,2,2024-08-01,Venta,-2
9777,43,2024-01-03,Venta,-1
9778,85,2024-01-03,Venta,-1
9779,24,2024-01-03,Venta,-1
9780,4,2025-06-26,Venta,-2
9781,46,2024-03-04,Venta,-2
9782,76,2024-10-03,Venta,-1
9783,2,2024-10-03,Venta,-4
9784,22,2024-10-03,Venta,-2
9785,54,2026-05-08,Venta,-1
9786,64,2024-12-01,Venta,-1
9787,46,2024-12-01,Venta,-1
9788,34,2024-12-01,Venta,-2
9789,1,2024-12-01,Venta,-4
9790,54,2024-12-01,Venta,-1
9791,51,2024-12-09,Venta,-1
9792,55,2024-12-09,Venta,-2
9793,74,2024-12-09,Venta,-1
9794,97,2024-12-15,Venta,-1
9795,87,2024-12-15,Venta,-1
9796,76,2024-12-15,Venta,-1
9797,62,2024-10-13,Venta,-2
9798,26,2024-06-27,Venta,-1
9799,55,2025-08-26,Venta,-1
9800,62,2025-08-26,Venta,-2
9801,31,2025-08-26,Venta,-2
9802,48,2025-08-26,Venta,-1
9803,55,2024-12-12,Venta,-2
9804,11,2024-12-12,Venta,-4
9805,16,2025-03-18,Venta,-2
9806,72,2025-03-18,Venta,-1
9807,4,2025-03-18,Venta,-1
9808,58,2024-12-30,Venta,-2
9809,4,2024-12-30,Venta,-2
9810,82,2025-10-17,Venta,-1
9811,3,2025-10-17,Venta,-1
9812,26,2025-10-17,Venta,-1
9813,55,2025-02-23,Venta,-2
9814,7,2026-04-02,Venta,-1
9815,85,2024-03-29,Venta,-2
9816,34,2026-04-23,Venta,-2
9817,2,2026-04-23,Venta,-1
9818,48,2026-06-13,Venta,-1
9819,38,2024-12-17,Venta,-1
9820,14,2026-06-25,Venta,-1
9821,7,2026-06-25,Venta,-2
9822,14,2024-04-17,Venta,-3
9823,69,2024-05-23,Venta,-1
9824,50,2024-05-23,Venta,-2
9825,29,2024-05-23,Venta,-1
9826,60,2025-12-30,Venta,-2
9827,12,2025-12-30,Venta,-6
9828,76,2025-12-30,Venta,-2
9829,59,2025-02-08,Venta,-1
9830,93,2025-08-02,Venta,-6
9831,42,2025-09-26,Venta,-3
9832,57,2025-05-26,Venta,-1
9833,74,2025-05-26,Venta,-2
9834,7,2025-12-09,Venta,-1
9835,71,2025-12-09,Venta,-2
9836,22,2026-04-30,Venta,-6
9837,84,2026-04-30,Venta,-3
9838,69,2026-04-30,Venta,-1
9839,74,2025-06-14,Venta,-1
9840,81,2025-06-14,Venta,-1
9841,46,2025-06-14,Venta,-3
9842,7,2025-06-14,Venta,-1
9843,56,2024-01-06,Venta,-1
9844,22,2024-01-06,Venta,-1
9845,42,2025-08-27,Venta,-2
9846,67,2026-04-03,Venta,-1
9847,4,2025-07-24,Venta,-1
9848,97,2025-07-24,Venta,-1
9849,62,2025-07-24,Venta,-1
9850,90,2025-07-24,Venta,-1
9851,74,2024-06-20,Venta,-1
9852,30,2024-12-11,Venta,-1
9853,21,2024-06-18,Venta,-2
9854,80,2025-10-17,Venta,-1
9855,29,2025-10-17,Venta,-2
9856,4,2024-12-13,Venta,-18
9857,72,2024-12-13,Venta,-1
9858,54,2024-10-14,Venta,-1
9859,85,2024-10-14,Venta,-1
9860,5,2024-10-14,Venta,-2
9861,68,2024-10-14,Venta,-1
9862,88,2024-11-04,Venta,-1
9863,58,2025-07-10,Venta,-3
9864,55,2024-11-13,Venta,-1
9865,42,2025-02-07,Venta,-1
9866,84,2025-02-07,Venta,-6
9867,22,2025-02-07,Venta,-1
9868,90,2025-09-09,Venta,-1
9869,27,2026-06-24,Venta,-3
9870,36,2026-06-24,Venta,-1
9871,75,2026-06-24,Venta,-1
9872,52,2026-06-24,Venta,-3
9873,73,2026-07-01,Venta,-1
9874,64,2026-07-01,Venta,-1
9875,55,2026-07-01,Venta,-1
9876,82,2026-07-01,Venta,-18
9877,48,2024-08-09,Venta,-2
9878,70,2024-08-09,Venta,-1
9879,34,2024-11-02,Venta,-1
9880,71,2024-11-15,Venta,-1
9881,68,2024-11-15,Venta,-1
9882,75,2026-04-06,Venta,-2
9883,51,2026-04-06,Venta,-1
9884,54,2025-09-19,Venta,-3
9885,33,2025-09-19,Venta,-2
9886,36,2025-04-06,Venta,-1
9887,26,2025-04-06,Venta,-1
9888,45,2025-11-16,Venta,-1
9889,83,2025-11-16,Venta,-1
9890,25,2025-11-16,Venta,-3
9891,2,2025-11-20,Venta,-1
9892,76,2024-11-02,Venta,-2
9893,93,2024-11-02,Venta,-2
9894,49,2024-11-02,Venta,-2
9895,42,2024-11-02,Venta,-1
9896,58,2024-10-22,Venta,-2
9897,67,2024-07-02,Venta,-4
9898,64,2025-11-14,Venta,-3
9899,52,2025-11-14,Venta,-1
9900,66,2024-02-24,Venta,-1
9901,33,2024-02-24,Venta,-1
9902,100,2024-02-24,Venta,-2
9903,22,2024-08-06,Venta,-1
9904,76,2024-08-06,Venta,-1
9905,85,2026-05-22,Venta,-2
9906,4,2026-05-22,Venta,-1
9907,58,2026-05-22,Venta,-2
9908,81,2026-05-22,Venta,-3
9909,85,2024-03-23,Venta,-1
9910,34,2024-03-23,Venta,-1
9911,26,2024-03-23,Venta,-1
9912,82,2024-03-23,Venta,-1
9913,74,2025-12-23,Venta,-2
9914,87,2024-04-01,Venta,-2
9915,65,2025-03-18,Venta,-2
9916,4,2025-03-18,Venta,-2
9917,4,2025-02-25,Venta,-1
9918,48,2025-02-25,Venta,-1
9919,51,2025-10-07,Venta,-1
9920,70,2024-12-06,Venta,-3
9921,32,2025-10-18,Venta,-2
9922,24,2025-10-18,Venta,-1
9923,76,2025-12-05,Venta,-1
9924,83,2025-07-01,Venta,-1
9925,42,2025-12-07,Venta,-1
9926,6,2025-12-07,Venta,-1
9927,63,2025-12-07,Venta,-2
9928,17,2024-08-02,Venta,-1
9929,27,2024-08-02,Venta,-1
9930,1,2024-06-27,Venta,-1
9931,18,2024-06-27,Venta,-4
9932,95,2024-06-27,Venta,-1
9933,96,2026-01-24,Venta,-1
9934,80,2026-06-28,Venta,-2
9935,48,2026-06-28,Venta,-1
9936,46,2025-07-05,Venta,-3
9937,74,2024-08-17,Venta,-3
9938,44,2024-08-17,Venta,-4
9939,11,2025-02-18,Venta,-6
9940,22,2024-04-20,Venta,-2
9941,35,2026-06-10,Venta,-3
9942,96,2025-07-26,Venta,-1
9943,91,2025-07-26,Venta,-2
9944,52,2024-05-06,Venta,-1
9945,40,2024-05-06,Venta,-2
9946,99,2024-10-25,Venta,-3
9947,74,2025-05-26,Venta,-2
9948,63,2025-05-26,Venta,-4
9949,75,2025-05-26,Venta,-1
9950,2,2025-05-26,Venta,-3
9951,61,2025-05-26,Venta,-3
9952,15,2024-01-11,Venta,-1
9953,74,2024-01-11,Venta,-1
9954,88,2026-06-04,Venta,-1
9955,81,2026-06-04,Venta,-2
9956,33,2026-06-04,Venta,-1
9957,45,2026-07-27,Venta,-3
9958,65,2026-03-13,Venta,-1
9959,54,2026-03-13,Venta,-3
9960,88,2026-03-13,Venta,-1
9961,93,2025-10-10,Venta,-1
9962,32,2025-10-10,Venta,-2
9963,54,2025-08-23,Venta,-3
9964,85,2025-08-23,Venta,-2
9965,52,2024-03-05,Venta,-3
9966,31,2024-03-05,Venta,-4
9967,95,2024-03-05,Venta,-1
9968,95,2025-01-31,Venta,-3
9969,8,2025-01-31,Venta,-1
9970,26,2025-01-31,Venta,-2
9971,76,2025-01-31,Venta,-3
9972,91,2026-05-01,Venta,-2
9973,4,2026-05-01,Venta,-2
9974,21,2026-05-01,Venta,-3
9975,59,2025-06-02,Venta,-2
9976,42,2025-06-02,Venta,-1
9977,86,2025-06-02,Venta,-1
9978,47,2025-06-02,Venta,-1
9979,12,2024-09-22,Venta,-1
9980,46,2025-01-30,Venta,-2
9981,29,2024-03-02,Venta,-1
9982,76,2024-03-02,Venta,-4
9983,14,2026-05-30,Venta,-1
9984,46,2024-09-27,Venta,-1
9985,54,2024-09-27,Venta,-4
9986,84,2025-08-09,Venta,-1
9987,2,2025-08-09,Venta,-1
9988,12,2025-08-09,Venta,-1
9989,49,2025-08-09,Venta,-2
9990,71,2026-01-10,Venta,-2
9991,74,2026-01-10,Venta,-1
9992,4,2024-12-13,Venta,-1
9993,45,2026-06-13,Venta,-1
9994,81,2026-06-13,Venta,-1
9995,91,2025-09-03,Venta,-2
9996,22,2024-08-31,Venta,-4
9997,54,2024-08-31,Venta,-1
9998,12,2024-08-31,Venta,-4
9999,85,2024-08-31,Venta,-3
10000,52,2026-07-01,Venta,-2
10001,74,2026-07-01,Venta,-2
10002,95,2025-11-21,Venta,-2
10003,84,2025-11-21,Venta,-1
10004,94,2026-01-30,Venta,-3
10005,42,2024-02-15,Venta,-3
10006,84,2024-02-15,Venta,-2
10007,52,2026-03-18,Venta,-1
10008,42,2026-03-18,Venta,-2
10009,76,2026-03-18,Venta,-2
10010,22,2026-04-04,Venta,-6
10011,89,2026-02-18,Venta,-1
10012,26,2026-04-24,Venta,-1
10013,70,2026-04-24,Venta,-1
10014,34,2026-04-24,Venta,-1
10015,67,2025-11-17,Venta,-1
10016,5,2024-08-21,Venta,-1
10017,54,2026-06-09,Venta,-1
10018,26,2025-03-20,Venta,-1
10019,22,2025-03-20,Venta,-1
10020,14,2025-03-20,Venta,-6
10021,21,2026-01-09,Venta,-1
10022,90,2024-01-06,Venta,-1
10023,27,2026-01-03,Venta,-1
10024,62,2026-01-03,Venta,-1
10025,1,2026-01-03,Venta,-1
10026,79,2025-12-08,Venta,-3
10027,100,2025-12-08,Venta,-2
10028,7,2025-12-08,Venta,-2
10029,72,2024-01-12,Venta,-1
10030,20,2024-01-12,Venta,-2
10031,23,2024-01-12,Venta,-2
10032,60,2025-09-13,Venta,-2
10033,91,2025-09-13,Venta,-3
10034,61,2025-09-13,Venta,-1
10035,67,2026-08-19,Venta,-1
10036,40,2026-08-19,Venta,-3
10037,74,2026-08-19,Venta,-1
10038,84,2026-08-19,Venta,-1
10039,37,2025-02-07,Venta,-2
10040,81,2025-02-07,Venta,-1
10041,2,2024-05-04,Venta,-3
10042,94,2024-12-27,Venta,-2
10043,59,2024-12-27,Venta,-1
10044,77,2024-12-27,Venta,-2
10045,91,2024-09-10,Venta,-1
10046,69,2024-09-10,Venta,-2
10047,24,2024-09-10,Venta,-2
10048,31,2024-09-10,Venta,-1
10049,88,2024-04-05,Venta,-1
10050,38,2025-11-03,Venta,-1
10051,100,2026-01-09,Venta,-1
10052,84,2026-01-09,Venta,-1
10053,61,2025-02-22,Venta,-1
10054,38,2025-02-22,Venta,-4
10055,64,2025-02-22,Venta,-2
10056,26,2024-12-21,Venta,-1
10057,94,2025-11-11,Venta,-1
10058,46,2025-11-11,Venta,-1
10059,21,2024-07-12,Venta,-2
10060,4,2025-08-30,Venta,-2
10061,2,2025-08-30,Venta,-1
10062,26,2025-01-17,Venta,-1
10063,38,2025-01-17,Venta,-1
10064,91,2026-06-10,Venta,-1
10065,31,2025-05-22,Venta,-1
10066,46,2025-05-22,Venta,-1
10067,8,2025-05-22,Venta,-2
10068,23,2024-12-02,Venta,-1
10069,18,2024-12-02,Venta,-1
10070,88,2024-06-01,Venta,-1
10071,61,2024-06-01,Venta,-3
10072,13,2025-11-30,Venta,-1
10073,34,2025-11-30,Venta,-3
10074,22,2025-11-30,Venta,-4
10075,2,2025-11-30,Venta,-4
10076,14,2024-09-10,Venta,-4
10077,86,2024-09-10,Venta,-1
10078,51,2025-08-22,Venta,-2
10079,36,2025-08-22,Venta,-1
10080,78,2026-08-17,Venta,-1
10081,34,2024-11-28,Venta,-3
10082,14,2024-11-28,Venta,-1
10083,86,2026-07-02,Venta,-2
10084,3,2026-07-02,Venta,-1
10085,88,2026-07-02,Venta,-1
10086,70,2026-07-02,Venta,-1
10087,4,2025-03-25,Venta,-1
10088,30,2025-03-25,Venta,-4
10089,76,2025-03-25,Venta,-4
10090,83,2024-12-23,Venta,-2
10091,74,2026-08-28,Venta,-4
10092,14,2026-08-28,Venta,-2
10093,3,2026-08-28,Venta,-1
10094,87,2026-08-28,Venta,-1
10095,74,2024-08-14,Venta,-2
10096,83,2024-08-14,Venta,-2
10097,91,2024-08-14,Venta,-1
10098,74,2024-05-25,Venta,-1
10099,90,2024-05-25,Venta,-2
10100,34,2024-08-05,Venta,-1
10101,14,2026-06-04,Venta,-4
10102,30,2025-05-16,Venta,-3
10103,14,2024-01-12,Venta,-2
10104,18,2024-01-12,Venta,-1
10105,84,2025-08-10,Venta,-1
10106,88,2025-08-10,Venta,-3
10107,86,2025-08-10,Venta,-1
10108,40,2025-09-03,Venta,-1
10109,80,2025-09-03,Venta,-1
10110,89,2025-02-15,Venta,-1
10111,88,2025-07-19,Venta,-1
10112,14,2025-03-19,Venta,-3
10113,65,2026-04-13,Venta,-1
10114,2,2026-04-13,Venta,-1
10115,16,2024-09-28,Venta,-1
10116,17,2025-03-30,Venta,-1
10117,60,2025-03-30,Venta,-3
10118,76,2025-04-12,Venta,-1
10119,38,2025-12-05,Venta,-1
10120,80,2026-08-17,Venta,-2
10121,40,2026-08-17,Venta,-2
10122,48,2026-08-17,Venta,-2
10123,55,2024-02-17,Venta,-1
10124,51,2024-02-17,Venta,-1
10125,31,2024-08-10,Venta,-2
10126,57,2024-08-10,Venta,-2
10127,83,2024-08-10,Venta,-2
10128,80,2025-11-01,Venta,-1
10129,67,2025-11-01,Venta,-2
10130,24,2025-11-01,Venta,-1
10131,29,2025-11-01,Venta,-1
10132,24,2024-04-18,Venta,-2
10133,77,2024-11-23,Venta,-1
10134,66,2025-02-21,Venta,-2
10135,71,2025-02-21,Venta,-2
10136,54,2025-02-21,Venta,-1
10137,37,2026-05-25,Venta,-1
10138,85,2026-05-25,Venta,-1
10139,74,2025-09-28,Venta,-4
10140,70,2025-09-28,Venta,-1
10141,61,2025-09-28,Venta,-2
10142,34,2025-07-14,Venta,-1
10143,84,2025-05-21,Venta,-1
10144,26,2025-06-11,Venta,-2
10145,85,2024-12-10,Venta,-1
10146,63,2024-12-15,Venta,-1
10147,65,2024-12-15,Venta,-1
10148,43,2024-12-15,Venta,-1
10149,24,2024-11-15,Venta,-2
10150,21,2026-08-19,Venta,-6
10151,82,2026-07-09,Venta,-2
10152,63,2026-07-09,Venta,-1
10153,46,2024-09-13,Venta,-2
10154,35,2024-09-13,Venta,-2
10155,31,2024-06-06,Venta,-2
10156,71,2024-06-06,Venta,-1
10157,88,2024-08-03,Venta,-1
10158,87,2024-08-03,Venta,-2
10159,68,2024-07-05,Venta,-1
10160,36,2024-07-05,Venta,-1
10161,34,2025-08-15,Venta,-1
10162,93,2025-04-20,Venta,-1
10163,35,2025-05-23,Venta,-1
10164,48,2025-05-23,Venta,-1
10165,71,2026-04-26,Venta,-1
10166,47,2026-04-26,Venta,-18
10167,94,2024-05-02,Venta,-2
10168,46,2024-05-02,Venta,-3
10169,95,2026-08-14,Venta,-1
10170,55,2026-08-14,Venta,-2
10171,42,2024-03-21,Venta,-1
10172,7,2026-02-11,Venta,-1
10173,58,2024-01-09,Venta,-1
10174,85,2024-11-23,Venta,-1
10175,40,2026-06-25,Venta,-2
10176,20,2026-06-25,Venta,-3
10177,51,2026-06-25,Venta,-1
10178,30,2026-06-25,Venta,-1
10179,5,2025-08-10,Venta,-2
10180,75,2026-06-30,Venta,-1
10181,71,2026-06-30,Venta,-1
10182,49,2026-06-30,Venta,-1
10183,67,2026-06-30,Venta,-1
10184,14,2026-06-30,Venta,-12
10185,61,2025-09-02,Venta,-1
10186,71,2026-07-25,Venta,-1
10187,74,2024-12-03,Venta,-4
10188,14,2025-07-31,Venta,-1
10189,73,2025-07-31,Venta,-1
10190,66,2025-04-04,Venta,-2
10191,84,2026-03-11,Venta,-1
10192,36,2024-06-30,Venta,-1
10193,95,2024-06-30,Venta,-2
10194,16,2025-10-29,Venta,-2
10195,37,2025-10-29,Venta,-1
10196,4,2024-03-15,Venta,-1
10197,67,2025-05-16,Venta,-1
10198,44,2025-05-16,Venta,-1
10199,40,2025-05-16,Venta,-1
10200,59,2025-02-07,Venta,-2
10201,18,2025-02-07,Venta,-1
10202,21,2026-03-18,Venta,-1
10203,51,2024-11-13,Venta,-3
10204,21,2025-03-14,Venta,-1
10205,95,2025-03-14,Venta,-12
10206,68,2025-03-14,Venta,-2
10207,54,2024-07-25,Venta,-1
10208,38,2024-07-25,Venta,-1
10209,62,2026-05-09,Venta,-1
10210,3,2026-05-09,Venta,-2
10211,74,2026-05-09,Venta,-1
10212,86,2026-04-12,Venta,-4
10213,85,2025-12-23,Venta,-1
10214,34,2025-12-23,Venta,-1
10215,73,2024-08-24,Venta,-2
10216,12,2026-01-21,Venta,-1
10217,66,2026-01-09,Venta,-1
10218,56,2026-01-09,Venta,-1
10219,61,2025-10-26,Venta,-2
10220,83,2025-10-26,Venta,-2
10221,29,2025-10-23,Venta,-1
10222,62,2025-09-24,Venta,-1
10223,20,2025-09-24,Venta,-2
10224,31,2024-07-08,Venta,-3
10225,66,2024-07-08,Venta,-1
10226,17,2024-02-29,Venta,-1
10227,74,2024-02-29,Venta,-1
10228,57,2024-02-29,Venta,-4
10229,56,2024-08-11,Venta,-6
10230,14,2026-03-11,Venta,-1
10231,88,2024-06-21,Venta,-2
10232,42,2024-04-18,Venta,-1
10233,34,2025-04-17,Venta,-1
10234,58,2024-05-04,Venta,-2
10235,18,2024-07-11,Venta,-1
10236,38,2024-07-11,Venta,-2
10237,29,2024-07-11,Venta,-2
10238,86,2024-07-11,Venta,-4
10239,75,2024-06-12,Venta,-1
10240,67,2024-06-12,Venta,-2
10241,46,2024-06-12,Venta,-2
10242,21,2024-06-12,Venta,-12
10243,75,2026-07-02,Venta,-1
10244,2,2026-07-02,Venta,-1
10245,68,2025-05-10,Venta,-1
10246,4,2025-11-10,Venta,-3
10247,22,2024-12-01,Venta,-1
10248,20,2024-12-01,Venta,-1
10249,14,2024-12-01,Venta,-2
10250,74,2025-03-01,Venta,-2
10251,85,2025-03-01,Venta,-1
10252,14,2026-05-20,Venta,-1
10253,90,2024-01-13,Venta,-2
10254,24,2025-10-03,Venta,-2
10255,88,2025-12-18,Venta,-1
10256,24,2024-11-19,Venta,-1
10257,98,2024-07-20,Venta,-2
10258,68,2024-03-07,Venta,-12
10259,48,2024-03-07,Venta,-1
10260,94,2024-03-07,Venta,-2
10261,65,2025-06-07,Venta,-1
10262,31,2025-06-07,Venta,-2
10263,65,2024-08-20,Venta,-1
10264,59,2024-01-13,Venta,-1
10265,40,2024-01-13,Venta,-2
10266,70,2024-01-13,Venta,-1
10267,91,2024-06-05,Venta,-1
10268,31,2024-06-05,Venta,-1
10269,55,2024-06-05,Venta,-4
10270,63,2024-09-29,Venta,-1
10271,14,2024-09-29,Venta,-1
10272,74,2024-10-07,Venta,-3
10273,40,2025-04-10,Venta,-1
10274,67,2025-04-10,Venta,-1
10275,69,2025-04-10,Venta,-2
10276,88,2025-10-20,Venta,-1
10277,75,2025-10-20,Venta,-3
10278,4,2025-02-16,Venta,-1
10279,61,2026-07-18,Venta,-1
10280,32,2026-07-18,Venta,-1
10281,46,2026-07-18,Venta,-1
10282,55,2026-07-18,Venta,-4
10283,36,2026-07-18,Venta,-18
10284,88,2024-08-20,Venta,-3
10285,45,2024-08-20,Venta,-4
10286,89,2024-08-20,Venta,-1
10287,4,2024-08-20,Venta,-3
10288,29,2026-05-08,Venta,-1
10289,72,2026-05-08,Venta,-2
10290,51,2026-05-08,Venta,-1
10291,83,2024-08-07,Venta,-2
10292,47,2024-08-07,Venta,-1
10293,4,2025-06-13,Venta,-1
10294,76,2025-06-13,Venta,-2
10295,82,2025-06-13,Venta,-2
10296,25,2025-03-08,Venta,-1
10297,4,2025-03-08,Venta,-2
10298,35,2025-03-08,Venta,-1
10299,74,2024-01-16,Venta,-1
10300,84,2024-01-16,Venta,-1
10301,34,2025-12-03,Venta,-1
10302,12,2025-12-03,Venta,-1
10303,45,2025-12-03,Venta,-1
10304,8,2025-12-12,Venta,-1
10305,82,2025-12-12,Venta,-1
10306,71,2024-06-02,Venta,-1
10307,40,2024-06-02,Venta,-2
10308,96,2024-06-02,Venta,-1
10309,34,2024-11-09,Venta,-3
10310,76,2024-06-26,Venta,-2
10311,2,2024-06-26,Venta,-1
10312,72,2025-02-01,Venta,-2
10313,74,2025-02-01,Venta,-2
10314,17,2025-02-01,Venta,-1
10315,100,2025-06-03,Venta,-1
10316,8,2026-01-09,Venta,-1
10317,38,2025-12-20,Venta,-1
10318,73,2025-12-20,Venta,-1
10319,35,2025-12-20,Venta,-1
10320,57,2025-12-02,Venta,-1
10321,31,2026-04-30,Venta,-1
10322,84,2026-04-30,Venta,-1
10323,88,2025-02-10,Venta,-1
10324,24,2026-05-27,Venta,-1
10325,2,2026-05-27,Venta,-1
10326,96,2025-09-06,Venta,-1
10327,2,2025-09-06,Venta,-1
10328,21,2026-04-09,Venta,-3
10329,15,2026-04-09,Venta,-1
10330,71,2025-04-15,Venta,-3
10331,17,2025-07-02,Venta,-1
10332,90,2025-07-02,Venta,-4
10333,83,2024-01-11,Venta,-18
10334,18,2024-01-11,Venta,-1
10335,75,2024-01-11,Venta,-6
10336,74,2025-05-04,Venta,-1
10337,17,2025-05-04,Venta,-1
10338,2,2024-07-09,Venta,-1
10339,82,2024-07-09,Venta,-4
10340,43,2024-07-09,Venta,-2
10341,38,2024-11-15,Venta,-1
10342,46,2024-11-15,Venta,-1
10343,22,2024-11-15,Venta,-4
10344,77,2024-07-10,Venta,-2
10345,24,2024-07-10,Venta,-2
10346,1,2025-12-18,Venta,-1
10347,3,2026-06-20,Venta,-1
10348,48,2026-06-20,Venta,-3
10349,64,2026-06-20,Venta,-3
10350,26,2026-01-23,Venta,-1
10351,22,2026-01-23,Venta,-2
10352,52,2026-01-23,Venta,-3
10353,27,2026-01-23,Venta,-1
10354,67,2026-07-29,Venta,-1
10355,35,2026-07-29,Venta,-1
10356,58,2026-07-29,Venta,-1
10357,100,2026-07-29,Venta,-3
10358,52,2026-02-03,Venta,-12
10359,36,2025-08-12,Venta,-4
10360,49,2025-08-12,Venta,-2
10361,2,2026-07-25,Venta,-1
10362,74,2025-05-01,Venta,-1
10363,82,2025-05-01,Venta,-6
10364,21,2025-05-01,Venta,-2
10365,59,2025-05-01,Venta,-1
10366,23,2024-04-09,Venta,-1
10367,34,2024-04-09,Venta,-1
10368,84,2024-04-09,Venta,-1
10369,48,2024-04-09,Venta,-1
10370,1,2024-03-29,Venta,-3
10371,84,2025-08-31,Venta,-1
10372,34,2025-08-31,Venta,-1
10373,14,2025-08-31,Venta,-1
10374,18,2025-04-17,Venta,-2
10375,26,2025-04-17,Venta,-6
10376,85,2025-04-17,Venta,-2
10377,73,2024-01-08,Venta,-1
10378,63,2025-04-18,Venta,-3
10379,12,2026-05-22,Venta,-1
10380,54,2025-10-21,Venta,-3
10381,57,2025-10-21,Venta,-1
10382,61,2024-09-23,Venta,-1
10383,81,2024-09-23,Venta,-1
10384,46,2025-09-12,Venta,-1
10385,68,2025-09-12,Venta,-1
10386,71,2025-09-12,Venta,-3
10387,69,2024-11-28,Venta,-2
10388,1,2026-04-23,Venta,-1
10389,95,2024-12-04,Venta,-2
10390,54,2024-12-04,Venta,-1
10391,82,2024-07-13,Venta,-1
10392,26,2024-07-13,Venta,-2
10393,4,2024-06-03,Venta,-2
10394,23,2024-06-03,Venta,-2
10395,87,2024-06-03,Venta,-2
10396,37,2024-06-03,Venta,-2
10397,74,2024-06-03,Venta,-1
10398,86,2025-10-09,Venta,-4
10399,88,2025-10-09,Venta,-2
10400,54,2025-10-09,Venta,-1
10401,95,2026-02-06,Venta,-3
10402,21,2026-02-06,Venta,-1
10403,34,2026-07-23,Venta,-2
10404,76,2026-07-23,Venta,-2
10405,32,2026-07-23,Venta,-2
10406,61,2024-07-27,Venta,-3
10407,81,2024-07-27,Venta,-1
10408,38,2024-07-27,Venta,-2
10409,38,2024-05-16,Venta,-1
10410,4,2024-05-16,Venta,-1
10411,34,2024-05-16,Venta,-1
10412,81,2026-03-22,Venta,-1
10413,55,2026-03-22,Venta,-1
10414,17,2025-11-26,Venta,-1
10415,8,2025-11-26,Venta,-3
10416,74,2025-11-26,Venta,-2
10417,25,2024-12-29,Venta,-1
10418,26,2025-12-11,Venta,-4
10419,88,2024-12-14,Venta,-4
10420,73,2024-12-14,Venta,-2
10421,1,2024-06-28,Venta,-1
10422,43,2024-06-28,Venta,-2
10423,69,2026-04-09,Venta,-1
10424,46,2025-11-14,Venta,-1
10425,12,2025-11-14,Venta,-1
10426,19,2025-11-14,Venta,-1
10427,88,2025-12-07,Venta,-2
10428,54,2025-06-25,Venta,-1
10429,38,2025-06-25,Venta,-1
10430,86,2025-06-25,Venta,-2
10431,74,2025-06-25,Venta,-1
10432,1,2026-07-22,Venta,-3
10433,51,2026-06-30,Venta,-1
10434,55,2026-06-30,Venta,-6
10435,76,2024-03-16,Venta,-1
10436,91,2024-03-16,Venta,-3
10437,81,2025-12-26,Venta,-1
10438,83,2025-12-26,Venta,-1
10439,65,2024-09-29,Venta,-3
10440,56,2026-01-16,Venta,-2
10441,94,2026-01-16,Venta,-2
10442,24,2024-06-29,Venta,-2
10443,5,2026-04-03,Venta,-1
10444,51,2026-04-03,Venta,-18
10445,74,2024-04-10,Venta,-1
10446,88,2024-03-24,Venta,-1
10447,14,2024-03-24,Venta,-1
10448,52,2024-03-24,Venta,-1
10449,51,2025-10-23,Venta,-1
10450,4,2024-02-28,Venta,-1
10451,87,2025-07-30,Venta,-1
10452,9,2025-01-04,Venta,-2
10453,95,2025-01-04,Venta,-2
10454,15,2025-12-15,Venta,-12
10455,88,2026-04-09,Venta,-1
10456,24,2026-04-09,Venta,-6
10457,87,2024-08-15,Venta,-2
10458,55,2025-04-19,Venta,-1
10459,63,2025-04-19,Venta,-1
10460,30,2025-04-19,Venta,-1
10461,82,2025-04-19,Venta,-1
10462,97,2025-04-12,Venta,-2
10463,100,2025-04-12,Venta,-1
10464,14,2025-04-12,Venta,-6
10465,22,2025-04-12,Venta,-1
10466,2,2025-05-24,Venta,-3
10467,26,2026-06-08,Venta,-2
10468,96,2026-06-08,Venta,-2
10469,40,2026-06-08,Venta,-1
10470,67,2026-06-08,Venta,-2
10471,12,2024-10-25,Venta,-1
10472,34,2024-10-25,Venta,-1
10473,65,2024-10-25,Venta,-1
10474,8,2024-10-25,Venta,-2
10475,100,2026-01-18,Venta,-1
10476,62,2026-01-18,Venta,-1
10477,4,2025-11-24,Venta,-1
10478,76,2025-08-09,Venta,-1
10479,63,2026-07-25,Venta,-1
10480,24,2026-07-25,Venta,-4
10481,54,2026-07-25,Venta,-1
10482,95,2026-07-25,Venta,-2
10483,52,2026-07-25,Venta,-2
10484,51,2026-06-26,Venta,-2
10485,55,2024-10-10,Venta,-1
10486,89,2024-10-10,Venta,-1
10487,12,2024-10-10,Venta,-1
10488,43,2024-10-10,Venta,-1
10489,74,2024-10-09,Venta,-1
10490,52,2024-10-09,Venta,-6
10491,72,2024-05-06,Venta,-12
10492,63,2024-05-06,Venta,-2
10493,35,2024-10-21,Venta,-3
10494,88,2026-06-06,Venta,-1
10495,96,2025-08-11,Venta,-1
10496,53,2025-08-11,Venta,-2
10497,94,2026-03-13,Venta,-1
10498,26,2024-02-11,Venta,-2
10499,72,2024-02-11,Venta,-1
10500,66,2024-02-11,Venta,-1
10501,33,2025-07-26,Venta,-1
10502,42,2025-07-26,Venta,-4
10503,66,2026-08-22,Venta,-1
10504,22,2026-08-22,Venta,-1
10505,1,2026-08-22,Venta,-3
10506,56,2025-05-17,Venta,-1
10507,7,2025-09-02,Venta,-2
10508,86,2025-09-02,Venta,-1
10509,1,2025-09-02,Venta,-1
10510,46,2025-09-02,Venta,-1
10511,38,2025-09-02,Venta,-2
10512,25,2024-10-15,Venta,-1
10513,29,2024-10-15,Venta,-3
10514,62,2024-10-15,Venta,-2
10515,55,2026-02-28,Venta,-2
10516,54,2026-05-10,Venta,-1
10517,71,2026-05-15,Venta,-1
10518,74,2025-03-05,Venta,-1
10519,89,2025-03-05,Venta,-1
10520,48,2025-03-05,Venta,-1
10521,71,2025-12-16,Venta,-1
10522,38,2025-12-16,Venta,-1
10523,68,2025-12-16,Venta,-1
10524,24,2025-09-24,Venta,-6
10525,55,2024-05-23,Venta,-2
10526,59,2025-03-28,Venta,-2
10527,18,2025-03-28,Venta,-1
10528,66,2025-03-28,Venta,-1
10529,75,2025-03-28,Venta,-4
10530,48,2026-05-18,Venta,-2
10531,8,2026-06-20,Venta,-24
10532,54,2026-06-20,Venta,-2
10533,93,2024-11-14,Venta,-1
10534,74,2024-11-14,Venta,-1
10535,88,2025-10-08,Venta,-3
10536,29,2025-10-08,Venta,-2
10537,36,2024-03-29,Venta,-2
10538,74,2024-03-29,Venta,-1
10539,38,2025-10-10,Venta,-2
10540,71,2025-10-10,Venta,-1
10541,14,2024-11-09,Venta,-2
10542,51,2024-11-09,Venta,-1
10543,75,2024-11-09,Venta,-1
10544,29,2024-11-09,Venta,-1
10545,12,2024-11-09,Venta,-2
10546,12,2025-06-10,Venta,-1
10547,74,2025-11-12,Venta,-2
10548,16,2025-11-12,Venta,-1
10549,45,2024-12-12,Venta,-2
10550,65,2024-12-12,Venta,-1
10551,38,2024-12-12,Venta,-1
10552,81,2025-08-21,Venta,-2
10553,81,2025-01-28,Venta,-3
10554,86,2025-01-28,Venta,-1
10555,96,2025-01-28,Venta,-4
10556,97,2025-12-28,Venta,-1
10557,81,2025-12-28,Venta,-1
10558,70,2025-04-25,Venta,-12
10559,94,2024-06-11,Venta,-3
10560,84,2024-08-16,Venta,-1
10561,37,2025-10-27,Venta,-2
10562,56,2025-10-27,Venta,-4
10563,20,2025-06-27,Venta,-1
10564,54,2025-06-27,Venta,-2
10565,26,2024-12-27,Venta,-2
10566,82,2024-12-27,Venta,-1
10567,94,2024-12-27,Venta,-1
10568,73,2024-12-27,Venta,-2
10569,10,2026-02-25,Venta,-1
10570,58,2026-02-25,Venta,-3
10571,39,2024-10-17,Venta,-2
10572,23,2026-03-11,Venta,-3
10573,82,2026-03-11,Venta,-3
10574,55,2025-08-28,Venta,-1
10575,12,2025-08-28,Venta,-1
10576,84,2025-08-28,Venta,-2
10577,74,2026-01-28,Venta,-1
10578,36,2025-11-22,Venta,-1
10579,12,2025-11-22,Venta,-1
10580,74,2025-11-22,Venta,-2
10581,74,2025-07-17,Venta,-2
10582,5,2025-07-17,Venta,-2
10583,1,2024-04-01,Venta,-1
10584,67,2024-04-01,Venta,-2
10585,62,2024-04-01,Venta,-1
10586,95,2024-10-05,Venta,-1
10587,24,2024-10-05,Venta,-1
10588,36,2024-10-05,Venta,-2
10589,20,2024-10-05,Venta,-2
10590,21,2024-10-05,Venta,-1
10591,92,2025-04-08,Venta,-1
10592,34,2025-07-27,Venta,-1
10593,95,2025-07-27,Venta,-1
10594,70,2025-04-20,Venta,-3
10595,19,2024-03-04,Venta,-3
10596,22,2024-03-04,Venta,-4
10597,62,2024-03-04,Venta,-2
10598,21,2025-07-04,Venta,-2
10599,3,2025-07-04,Venta,-1
10600,14,2025-07-04,Venta,-1
10601,7,2024-06-13,Venta,-1
10602,74,2024-06-13,Venta,-1
10603,70,2026-05-27,Venta,-2
10604,5,2024-01-17,Venta,-1
10605,27,2024-01-17,Venta,-3
10606,91,2024-07-27,Venta,-1
10607,4,2024-02-22,Venta,-1
10608,17,2024-02-22,Venta,-1
10609,67,2024-02-06,Venta,-3
10610,61,2024-02-06,Venta,-3
10611,59,2025-08-15,Venta,-3
10612,61,2025-08-15,Venta,-2
10613,18,2025-08-15,Venta,-1
10614,24,2024-04-06,Venta,-1
10615,70,2024-04-06,Venta,-1
10616,33,2024-04-06,Venta,-1
10617,35,2026-01-17,Venta,-4
10618,36,2026-01-17,Venta,-2
10619,43,2026-05-24,Venta,-24
10620,38,2025-10-19,Venta,-2
10621,89,2025-10-14,Venta,-1
10622,81,2025-10-14,Venta,-1
10623,57,2025-05-20,Venta,-3
10624,7,2025-05-20,Venta,-1
10625,84,2025-05-20,Venta,-4
10626,52,2024-06-23,Venta,-2
10627,19,2024-10-03,Venta,-2
10628,52,2024-10-03,Venta,-2
10629,55,2026-04-15,Venta,-1
10630,21,2026-04-15,Venta,-2
10631,47,2024-06-09,Venta,-2
10632,72,2024-06-09,Venta,-3
10633,90,2025-12-19,Venta,-1
10634,48,2026-03-11,Venta,-1
10635,62,2025-02-02,Venta,-1
10636,82,2025-02-02,Venta,-1
10637,58,2025-02-02,Venta,-1
10638,55,2025-11-14,Venta,-3
10639,89,2025-11-14,Venta,-6
10640,81,2025-11-14,Venta,-2
10641,70,2024-04-11,Venta,-1
10642,71,2024-04-11,Venta,-1
10643,81,2024-11-15,Venta,-1
10644,14,2024-11-15,Venta,-1
10645,38,2024-11-15,Venta,-2
10646,40,2026-01-14,Venta,-18
10647,57,2026-04-30,Venta,-1
10648,52,2026-04-30,Venta,-1
10649,73,2026-04-30,Venta,-3
10650,46,2026-04-30,Venta,-1
10651,26,2025-12-23,Venta,-1
10652,17,2025-12-23,Venta,-2
10653,81,2025-12-23,Venta,-1
10654,46,2025-03-15,Venta,-3
10655,22,2025-01-29,Venta,-12
10656,33,2025-01-29,Venta,-1
10657,36,2025-01-29,Venta,-4
10658,27,2024-12-30,Venta,-1
10659,71,2024-12-30,Venta,-1
10660,29,2026-01-01,Venta,-1
10661,54,2026-01-01,Venta,-3
10662,31,2026-01-01,Venta,-1
10663,74,2024-08-05,Venta,-2
10664,86,2024-08-05,Venta,-1
10665,1,2024-05-16,Venta,-1
10666,54,2024-05-16,Venta,-1
10667,63,2024-05-16,Venta,-1
10668,2,2026-05-06,Venta,-1
10669,7,2024-10-26,Venta,-1
10670,92,2024-10-26,Venta,-2
10671,4,2025-09-26,Venta,-2
10672,7,2025-09-26,Venta,-1
10673,55,2025-07-09,Venta,-1
10674,6,2025-07-09,Venta,-1
10675,38,2025-07-09,Venta,-1
10676,73,2025-07-09,Venta,-1
10677,42,2024-11-27,Venta,-2
10678,48,2024-11-27,Venta,-1
10679,58,2025-07-28,Venta,-1
10680,61,2025-07-28,Venta,-4
10681,94,2024-04-09,Venta,-1
10682,29,2024-04-09,Venta,-2
10683,1,2024-04-09,Venta,-1
10684,44,2024-04-09,Venta,-1
10685,61,2026-07-23,Venta,-1
10686,6,2026-07-23,Venta,-4
10687,59,2026-04-09,Venta,-1
10688,56,2026-04-09,Venta,-1
10689,55,2024-09-11,Venta,-12
10690,41,2024-09-11,Venta,-1
10691,74,2024-09-11,Venta,-1
10692,88,2025-12-26,Venta,-3
10693,85,2025-12-26,Venta,-1
10694,54,2025-12-26,Venta,-1
10695,91,2025-12-26,Venta,-1
10696,35,2024-07-01,Venta,-3
10697,62,2026-06-25,Venta,-2
10698,10,2024-03-31,Venta,-1
10699,40,2026-05-29,Venta,-1
10700,29,2026-05-29,Venta,-2
10701,93,2026-04-04,Venta,-1
10702,66,2024-01-03,Venta,-1
10703,7,2024-10-15,Venta,-1
10704,95,2025-01-13,Venta,-1
10705,22,2025-01-13,Venta,-1
10706,25,2025-11-20,Venta,-1
10707,12,2025-11-20,Venta,-4
10708,27,2024-12-12,Venta,-2
10709,68,2024-11-17,Venta,-1
10710,4,2024-11-17,Venta,-1
10711,65,2024-11-17,Venta,-1
10712,31,2026-02-05,Venta,-2
10713,81,2026-02-05,Venta,-3
10714,71,2026-02-05,Venta,-2
10715,75,2025-11-15,Venta,-2
10716,88,2025-11-15,Venta,-2
10717,84,2025-06-07,Venta,-3
10718,65,2026-03-04,Venta,-2
10719,4,2026-03-04,Venta,-1
10720,34,2026-03-04,Venta,-3
10721,85,2026-06-12,Venta,-1
10722,18,2026-06-12,Venta,-2
10723,65,2026-06-12,Venta,-1
10724,51,2026-06-12,Venta,-1
10725,12,2025-12-04,Venta,-1
10726,62,2025-12-04,Venta,-4
10727,55,2026-05-30,Venta,-2
10728,6,2026-05-30,Venta,-2
10729,76,2026-05-30,Venta,-2
10730,84,2026-05-30,Venta,-1
10731,62,2026-05-30,Venta,-1
10732,74,2025-08-19,Venta,-2
10733,88,2025-08-19,Venta,-1
10734,63,2024-12-21,Venta,-1
10735,85,2024-10-31,Venta,-3
10736,73,2024-10-31,Venta,-4
10737,8,2024-10-31,Venta,-1
10738,85,2024-07-22,Venta,-1
10739,74,2024-07-22,Venta,-4
10740,17,2024-07-22,Venta,-1
10741,1,2026-05-16,Venta,-6
10742,74,2026-05-16,Venta,-2
10743,85,2026-05-16,Venta,-3
10744,18,2026-05-16,Venta,-2
10745,89,2025-08-01,Venta,-2
10746,95,2025-08-01,Venta,-1
10747,24,2025-08-01,Venta,-2
10748,13,2025-08-01,Venta,-2
10749,29,2026-07-22,Venta,-1
10750,49,2026-05-22,Venta,-1
10751,81,2026-05-22,Venta,-1
10752,59,2026-02-20,Venta,-2
10753,60,2026-02-20,Venta,-2
10754,93,2026-02-20,Venta,-1
10755,2,2026-03-10,Venta,-2
10756,22,2026-03-10,Venta,-1
10757,7,2025-12-20,Venta,-1
10758,92,2025-01-01,Venta,-1
10759,35,2025-01-01,Venta,-1
10760,38,2025-01-01,Venta,-2
10761,92,2026-05-12,Venta,-1
10762,4,2024-04-23,Venta,-1
10763,8,2026-02-03,Venta,-1
10764,70,2024-07-12,Venta,-1
10765,17,2025-12-08,Venta,-2
10766,91,2025-12-08,Venta,-2
10767,66,2025-05-18,Venta,-1
10768,19,2024-02-25,Venta,-3
10769,76,2024-02-25,Venta,-2
10770,99,2026-02-22,Venta,-2
10771,17,2025-04-01,Venta,-2
10772,70,2026-04-03,Venta,-1
10773,29,2025-12-10,Venta,-1
10774,59,2025-12-10,Venta,-1
10775,34,2025-12-10,Venta,-1
10776,35,2024-09-21,Venta,-2
10777,17,2024-09-21,Venta,-2
10778,86,2024-04-18,Venta,-2
10779,27,2024-04-18,Venta,-1
10780,31,2026-01-14,Venta,-4
10781,2,2026-01-14,Venta,-1
10782,34,2026-07-04,Venta,-1
10783,97,2026-07-04,Venta,-1
10784,86,2026-04-08,Venta,-2
10785,71,2026-04-08,Venta,-2
10786,74,2026-04-08,Venta,-2
10787,2,2026-05-29,Venta,-2
10788,48,2026-05-29,Venta,-1
10789,34,2026-06-16,Venta,-3
10790,30,2026-06-16,Venta,-4
10791,20,2026-02-02,Venta,-1
10792,22,2026-04-16,Venta,-2
10793,29,2025-11-16,Venta,-2
10794,18,2025-11-16,Venta,-1
10795,84,2024-04-16,Venta,-1
10796,37,2025-04-28,Venta,-1
10797,90,2025-04-28,Venta,-1
10798,24,2025-02-21,Venta,-3
10799,90,2026-05-18,Venta,-2
10800,61,2026-05-18,Venta,-1
10801,63,2026-05-18,Venta,-1
10802,2,2026-05-18,Venta,-3
10803,85,2025-08-01,Venta,-1
10804,62,2025-08-01,Venta,-1
10805,83,2025-12-12,Venta,-1
10806,74,2025-12-12,Venta,-1
10807,56,2026-04-04,Venta,-2
10808,55,2025-11-02,Venta,-1
10809,66,2025-11-02,Venta,-1
10810,54,2025-11-02,Venta,-1
10811,24,2026-05-09,Venta,-1
10812,29,2026-05-09,Venta,-1
10813,26,2025-07-06,Venta,-1
10814,37,2025-07-06,Venta,-1
10815,1,2025-07-06,Venta,-1
10816,54,2025-07-06,Venta,-6
10817,36,2024-10-01,Venta,-1
10818,13,2024-12-23,Venta,-1
10819,32,2024-12-23,Venta,-1
10820,63,2024-12-23,Venta,-1
10821,34,2026-06-21,Venta,-1
10822,74,2026-06-21,Venta,-1
10823,90,2024-05-15,Venta,-1
10824,2,2024-05-15,Venta,-1
10825,2,2024-01-01,Venta,-2
10826,63,2024-01-01,Venta,-1
10827,23,2024-11-11,Venta,-1
10828,59,2025-12-02,Venta,-1
10829,88,2025-12-02,Venta,-2
10830,26,2024-07-24,Venta,-2
10831,24,2024-03-31,Venta,-2
10832,85,2024-03-31,Venta,-2
10833,42,2024-03-31,Venta,-1
10834,36,2024-03-31,Venta,-1
10835,84,2025-08-17,Venta,-1
10836,92,2025-08-11,Venta,-1
10837,74,2025-08-11,Venta,-1
10838,74,2025-05-31,Venta,-1
10839,45,2025-05-31,Venta,-1
10840,4,2025-12-04,Venta,-2
10841,77,2024-09-12,Venta,-1
10842,93,2024-09-12,Venta,-4
10843,3,2024-09-12,Venta,-1
10844,21,2024-09-12,Venta,-1
10845,18,2024-01-08,Venta,-2
10846,38,2024-01-08,Venta,-1
10847,22,2024-01-08,Venta,-1
10848,7,2024-06-08,Venta,-4
10849,93,2024-06-08,Venta,-1
10850,92,2026-07-07,Venta,-2
10851,1,2024-10-25,Venta,-1
10852,3,2024-10-25,Venta,-1
10853,34,2025-08-11,Venta,-2
10854,4,2025-08-11,Venta,-2
10855,83,2025-08-11,Venta,-1
10856,18,2026-01-28,Venta,-1
10857,85,2026-01-28,Venta,-24
10858,78,2025-03-02,Venta,-1
10859,34,2026-07-09,Venta,-1
10860,85,2026-07-09,Venta,-2
10861,65,2026-07-09,Venta,-2
10862,70,2025-05-13,Venta,-1
10863,24,2025-05-13,Venta,-4
10864,92,2025-08-18,Venta,-1
10865,22,2025-08-18,Venta,-1
10866,2,2025-08-18,Venta,-2
10867,39,2026-08-31,Venta,-4
10868,30,2025-09-04,Venta,-1
10869,71,2025-09-04,Venta,-3
10870,37,2026-01-01,Venta,-1
10871,30,2026-01-01,Venta,-1
10872,40,2026-01-01,Venta,-1
10873,93,2026-01-01,Venta,-1
10874,34,2026-01-01,Venta,-3
10875,14,2026-05-22,Venta,-1
10876,61,2025-04-30,Venta,-1
10877,33,2025-04-18,Venta,-1
10878,33,2024-08-21,Venta,-1
10879,18,2025-08-03,Venta,-1
10880,4,2025-08-03,Venta,-3
10881,36,2024-01-04,Venta,-2
10882,63,2025-12-20,Venta,-2
10883,55,2025-12-20,Venta,-2
10884,7,2025-12-20,Venta,-1
10885,83,2024-11-02,Venta,-1
10886,66,2024-10-18,Venta,-1
10887,60,2024-05-13,Venta,-2
10888,7,2024-07-30,Venta,-2
10889,56,2024-07-30,Venta,-1
10890,54,2025-12-11,Venta,-1
10891,4,2026-05-27,Venta,-1
10892,27,2026-05-27,Venta,-2
10893,37,2026-05-27,Venta,-6
10894,74,2025-12-11,Venta,-2
10895,34,2025-12-11,Venta,-3
10896,74,2024-11-23,Venta,-1
10897,89,2024-11-23,Venta,-2
10898,65,2026-04-08,Venta,-1
10899,86,2026-04-08,Venta,-1
10900,34,2026-04-08,Venta,-6
10901,31,2026-01-24,Venta,-1
10902,46,2026-01-24,Venta,-2
10903,51,2026-01-24,Venta,-1
10904,81,2024-09-06,Venta,-3
10905,67,2025-06-07,Venta,-3
10906,42,2025-06-07,Venta,-2
10907,16,2024-06-04,Venta,-2
10908,48,2024-06-04,Venta,-3
10909,72,2024-06-04,Venta,-2
10910,52,2026-06-25,Venta,-1
10911,86,2024-01-22,Venta,-1
10912,10,2024-09-29,Venta,-3
10913,67,2024-09-29,Venta,-1
10914,100,2025-07-09,Venta,-3
10915,85,2025-07-09,Venta,-2
10916,68,2025-05-27,Venta,-1
10917,72,2026-08-08,Venta,-3
10918,14,2026-08-08,Venta,-1
10919,57,2025-04-28,Venta,-1
10920,21,2025-04-28,Venta,-1
10921,48,2025-04-28,Venta,-1
10922,26,2026-08-08,Venta,-2
10923,38,2026-04-24,Venta,-2
10924,2,2026-04-24,Venta,-1
10925,3,2026-04-24,Venta,-1
10926,49,2024-04-19,Venta,-1
10927,22,2024-04-19,Venta,-1
10928,90,2025-11-16,Venta,-1
10929,32,2025-12-21,Venta,-1
10930,62,2025-12-21,Venta,-2
10931,88,2025-12-30,Venta,-1
10932,7,2024-12-26,Venta,-2
10933,32,2024-12-26,Venta,-1
10934,51,2025-12-20,Venta,-1
10935,7,2025-12-20,Venta,-2
10936,5,2025-12-20,Venta,-1
10937,56,2025-03-27,Venta,-2
10938,5,2024-02-18,Venta,-1
10939,76,2024-08-08,Venta,-2
10940,74,2024-08-08,Venta,-1
10941,31,2024-08-08,Venta,-1
10942,64,2024-07-30,Venta,-1
10943,81,2024-07-30,Venta,-3
10944,4,2024-07-30,Venta,-1
10945,14,2024-07-30,Venta,-3
10946,65,2025-12-01,Venta,-1
10947,76,2025-12-01,Venta,-1
10948,54,2025-12-01,Venta,-1
10949,74,2025-12-01,Venta,-2
10950,36,2026-02-20,Venta,-1
10951,66,2026-02-20,Venta,-1
10952,84,2026-06-10,Venta,-1
10953,56,2026-06-10,Venta,-4
10954,58,2026-07-27,Venta,-2
10955,56,2026-07-27,Venta,-2
10956,74,2026-07-27,Venta,-1
10957,36,2026-07-27,Venta,-2
10958,67,2024-05-17,Venta,-2
10959,53,2024-02-17,Venta,-2
10960,36,2026-06-05,Venta,-1
10961,81,2026-06-05,Venta,-3
10962,36,2025-06-22,Venta,-1
10963,86,2025-06-22,Venta,-3
10964,43,2024-09-26,Venta,-1
10965,34,2024-09-26,Venta,-2
10966,6,2024-09-26,Venta,-1
10967,11,2026-02-16,Venta,-2
10968,4,2025-04-04,Venta,-3
10969,34,2025-07-06,Venta,-1
10970,52,2024-12-05,Venta,-1
10971,81,2024-12-05,Venta,-1
10972,26,2026-08-20,Venta,-1
10973,42,2026-08-20,Venta,-1
10974,11,2024-03-26,Venta,-2
10975,18,2024-03-26,Venta,-1
10976,12,2024-09-05,Venta,-1
10977,14,2024-09-05,Venta,-1
10978,22,2024-09-05,Venta,-4
10979,29,2024-09-05,Venta,-1
10980,55,2024-09-05,Venta,-1
10981,99,2024-10-16,Venta,-3
10982,88,2024-10-16,Venta,-1
10983,100,2025-06-14,Venta,-1
10984,81,2025-06-14,Venta,-2
10985,30,2025-08-09,Venta,-4
10986,85,2026-01-01,Venta,-2
10987,69,2026-04-12,Venta,-2
10988,87,2026-04-12,Venta,-1
10989,16,2026-04-12,Venta,-1
10990,4,2026-04-12,Venta,-1
10991,26,2026-04-12,Venta,-1
10992,14,2024-07-12,Venta,-2
10993,16,2024-07-12,Venta,-1
10994,83,2024-07-12,Venta,-4
10995,37,2024-07-12,Venta,-2
10996,34,2025-01-22,Venta,-2
10997,19,2025-01-22,Venta,-1
10998,64,2025-01-22,Venta,-1
10999,33,2025-01-22,Venta,-12
11000,43,2026-04-24,Venta,-1
11001,34,2026-01-23,Venta,-3
11002,22,2026-01-23,Venta,-1
11003,1,2024-10-18,Venta,-2
11004,34,2025-09-14,Venta,-2
11005,74,2025-03-05,Venta,-1
11006,73,2026-08-11,Venta,-2
11007,55,2026-08-11,Venta,-2
11008,85,2025-12-07,Venta,-1
11009,11,2025-12-07,Venta,-1
11010,66,2025-12-07,Venta,-1
11011,34,2025-07-04,Venta,-1
11012,8,2025-07-04,Venta,-1
11013,32,2026-05-21,Venta,-1
11014,62,2025-11-04,Venta,-1
11015,18,2025-11-04,Venta,-2
11016,18,2026-05-13,Venta,-6
11017,59,2024-09-17,Venta,-1
11018,4,2024-09-17,Venta,-2
11019,61,2024-09-17,Venta,-1
11020,85,2025-06-05,Venta,-2
11021,46,2025-06-05,Venta,-1
11022,94,2025-06-05,Venta,-3
11023,74,2024-03-04,Venta,-1
11024,62,2024-05-03,Venta,-2
11025,100,2024-04-04,Venta,-2
11026,83,2024-04-04,Venta,-18
11027,14,2026-05-10,Venta,-1
11028,2,2026-05-10,Venta,-1
11029,71,2026-05-10,Venta,-18
11030,63,2026-06-08,Venta,-1
11031,61,2026-06-08,Venta,-2
11032,80,2026-06-08,Venta,-1
11033,61,2024-04-15,Venta,-2
11034,49,2024-04-15,Venta,-3
11035,86,2025-06-18,Venta,-2
11036,8,2025-12-23,Venta,-6
11037,69,2025-12-23,Venta,-1
11038,3,2025-12-23,Venta,-2
11039,34,2024-05-09,Venta,-3
11040,95,2025-04-06,Venta,-2
11041,89,2025-08-11,Venta,-2
11042,94,2025-08-11,Venta,-1
11043,22,2025-12-19,Venta,-1
11044,45,2025-12-19,Venta,-2
11045,32,2025-12-19,Venta,-3
11046,99,2024-11-23,Venta,-2
11047,2,2025-06-14,Venta,-2
11048,55,2025-06-14,Venta,-1
11049,29,2025-06-09,Venta,-1
11050,62,2024-08-01,Venta,-1
11051,74,2024-08-01,Venta,-1
11052,55,2024-08-01,Venta,-2
11053,52,2024-08-01,Venta,-1
11054,94,2025-12-30,Venta,-2
11055,4,2024-12-12,Venta,-2
11056,65,2025-01-08,Venta,-1
11057,54,2025-01-08,Venta,-2
11058,26,2025-01-08,Venta,-2
11059,19,2025-12-03,Venta,-1
11060,14,2025-12-03,Venta,-2
11061,24,2025-12-03,Venta,-3
11062,48,2025-12-03,Venta,-1
11063,51,2025-12-03,Venta,-1
11064,69,2025-08-20,Venta,-1
11065,88,2026-01-29,Venta,-2
11066,34,2026-01-29,Venta,-2
11067,26,2026-06-10,Venta,-1
11068,91,2026-06-10,Venta,-1
11069,74,2026-06-10,Venta,-1
11070,15,2024-03-06,Venta,-2
11071,2,2026-06-15,Venta,-1
11072,61,2026-06-15,Venta,-1
11073,76,2026-06-15,Venta,-3
11074,40,2025-08-03,Venta,-1
11075,76,2026-06-27,Venta,-1
11076,14,2026-06-27,Venta,-1
11077,80,2025-02-10,Venta,-1
11078,14,2026-04-23,Venta,-1
11079,70,2026-04-23,Venta,-6
11080,82,2026-04-23,Venta,-3
11081,88,2026-04-23,Venta,-1
11082,14,2024-08-20,Venta,-3
11083,51,2024-08-20,Venta,-1
11084,46,2025-12-31,Venta,-3
11085,35,2024-08-08,Venta,-4
11086,38,2025-01-11,Venta,-2
11087,8,2025-01-11,Venta,-1
11088,1,2025-01-11,Venta,-1
11089,69,2024-04-12,Venta,-2
11090,97,2024-11-15,Venta,-1
11091,62,2024-11-15,Venta,-1
11092,85,2024-11-09,Venta,-3
11093,73,2024-11-09,Venta,-1
11094,51,2024-11-09,Venta,-1
11095,24,2024-11-09,Venta,-2
11096,81,2025-10-04,Venta,-2
11097,24,2025-10-04,Venta,-2
11098,77,2025-10-04,Venta,-1
11099,74,2025-09-13,Venta,-1
11100,71,2025-09-13,Venta,-1
11101,7,2025-09-13,Venta,-2
11102,62,2025-09-13,Venta,-1
11103,61,2026-02-14,Venta,-1
11104,43,2025-12-16,Venta,-4
11105,71,2025-12-16,Venta,-2
11106,76,2025-12-16,Venta,-1
11107,22,2026-07-08,Venta,-1
11108,65,2026-07-08,Venta,-1
11109,5,2026-07-25,Venta,-1
11110,25,2026-07-25,Venta,-3
11111,59,2026-07-25,Venta,-2
11112,67,2024-03-30,Venta,-1
11113,52,2025-07-29,Venta,-1
11114,41,2024-12-25,Venta,-1
11115,68,2024-12-02,Venta,-2
11116,18,2025-09-11,Venta,-1
11117,99,2026-08-13,Venta,-1
11118,78,2026-08-13,Venta,-2
11119,22,2025-11-22,Venta,-1
11120,37,2025-11-22,Venta,-2
11121,88,2025-11-22,Venta,-12
11122,49,2025-11-22,Venta,-1
11123,29,2026-08-13,Venta,-1
11124,38,2026-07-05,Venta,-2
11125,8,2024-02-24,Venta,-6
11126,72,2024-02-24,Venta,-1
11127,22,2024-02-24,Venta,-1
11128,37,2024-05-25,Venta,-3
11129,54,2025-09-06,Venta,-2
11130,18,2025-09-06,Venta,-1
11131,4,2025-09-06,Venta,-1
11132,47,2025-09-06,Venta,-2
11133,37,2025-09-06,Venta,-2
11134,91,2026-04-29,Venta,-1
11135,4,2026-07-27,Venta,-3
11136,74,2026-07-27,Venta,-3
11137,47,2026-07-27,Venta,-2
11138,21,2026-07-27,Venta,-1
11139,22,2024-09-12,Venta,-1
11140,91,2024-10-03,Venta,-1
11141,43,2026-05-23,Venta,-1
11142,29,2026-05-23,Venta,-1
11143,88,2026-05-23,Venta,-1
11144,85,2025-09-23,Venta,-2
11145,69,2025-09-23,Venta,-1
11146,38,2025-09-23,Venta,-3
11147,52,2026-02-23,Venta,-1
11148,14,2025-03-22,Venta,-1
11149,35,2025-03-22,Venta,-1
11150,78,2026-07-31,Venta,-1
11151,22,2026-07-31,Venta,-2
11152,34,2024-03-24,Venta,-1
11153,23,2025-05-23,Venta,-3
11154,4,2025-05-23,Venta,-2
11155,9,2024-02-13,Venta,-1
11156,63,2024-02-13,Venta,-1
11157,94,2025-09-16,Venta,-2
11158,81,2025-09-16,Venta,-1
11159,1,2025-09-16,Venta,-1
11160,74,2025-09-16,Venta,-3
11161,90,2026-07-21,Venta,-3
11162,22,2026-07-21,Venta,-2
11163,55,2026-03-19,Venta,-2
11164,93,2026-03-19,Venta,-2
11165,12,2026-03-19,Venta,-2
11166,29,2024-09-27,Venta,-1
11167,74,2025-04-28,Venta,-12
11168,55,2025-04-28,Venta,-4
11169,61,2025-04-28,Venta,-1
11170,76,2024-12-15,Venta,-1
11171,100,2024-12-15,Venta,-1
11172,58,2024-12-15,Venta,-1
11173,18,2024-09-16,Venta,-2
11174,75,2024-09-16,Venta,-1
11175,74,2025-08-18,Venta,-1
11176,96,2025-08-18,Venta,-1
11177,51,2025-06-07,Venta,-1
11178,2,2026-03-13,Venta,-2
11179,71,2026-03-13,Venta,-2
11180,67,2026-03-13,Venta,-1
11181,37,2024-12-09,Venta,-2
11182,76,2026-02-08,Venta,-3
11183,7,2026-02-08,Venta,-1
11184,61,2026-02-08,Venta,-1
11185,83,2024-08-24,Venta,-2
11186,21,2024-08-24,Venta,-1
11187,72,2024-08-24,Venta,-4
11188,100,2025-07-21,Venta,-1
11189,36,2025-07-21,Venta,-1
11190,74,2025-07-21,Venta,-2
11191,29,2025-07-21,Venta,-1
11192,48,2025-06-11,Venta,-1
11193,7,2025-08-09,Venta,-2
11194,71,2026-04-02,Venta,-1
11195,81,2026-04-02,Venta,-1
11196,23,2025-11-08,Venta,-2
11197,58,2025-11-08,Venta,-1
11198,54,2025-11-08,Venta,-1
11199,22,2024-11-30,Venta,-3
11200,5,2024-12-09,Venta,-2
11201,67,2024-12-09,Venta,-1
11202,12,2026-01-04,Venta,-1
11203,85,2026-01-04,Venta,-1
11204,74,2026-01-04,Venta,-1
11205,69,2026-07-09,Venta,-1
11206,85,2025-06-07,Venta,-2
11207,7,2025-06-07,Venta,-3
11208,11,2024-05-11,Venta,-2
11209,1,2024-12-18,Venta,-2
11210,75,2024-03-13,Venta,-2
11211,27,2026-03-10,Venta,-1
11212,57,2026-03-10,Venta,-4
11213,43,2025-12-01,Venta,-2
11214,59,2024-12-06,Venta,-3
11215,75,2024-12-06,Venta,-2
11216,51,2024-11-08,Venta,-6
11217,100,2024-11-08,Venta,-12
11218,4,2024-11-08,Venta,-12
11219,63,2025-11-16,Venta,-18
11220,65,2025-11-16,Venta,-2
11221,91,2026-04-25,Venta,-1
11222,64,2024-07-27,Venta,-1
11223,28,2024-07-27,Venta,-2
11224,64,2024-11-13,Venta,-1
11225,67,2024-11-13,Venta,-1
11226,83,2025-08-18,Venta,-4
11227,85,2025-12-22,Venta,-1
11228,88,2024-11-16,Venta,-2
11229,4,2025-01-16,Venta,-1
11230,70,2025-01-16,Venta,-2
11231,88,2024-10-24,Venta,-1
11232,21,2024-10-24,Venta,-1
11233,34,2024-10-24,Venta,-2
11234,4,2024-09-23,Venta,-1
11235,71,2024-12-27,Venta,-1
11236,54,2024-12-27,Venta,-1
11237,61,2025-04-14,Venta,-3
11238,97,2024-03-23,Venta,-1
11239,94,2024-03-23,Venta,-2
11240,55,2024-03-23,Venta,-4
11241,64,2025-04-19,Venta,-3
11242,2,2025-04-19,Venta,-2
11243,76,2025-04-19,Venta,-1
11244,26,2026-04-28,Venta,-1
11245,32,2026-04-28,Venta,-1
11246,81,2025-06-12,Venta,-1
11247,85,2025-06-12,Venta,-3
11248,6,2025-06-12,Venta,-1
11249,5,2025-06-12,Venta,-2
11250,2,2026-06-15,Venta,-2
11251,95,2026-06-15,Venta,-3
11252,22,2026-06-15,Venta,-2
11253,97,2025-10-10,Venta,-1
11254,95,2025-10-10,Venta,-1
11255,61,2025-10-10,Venta,-1
11256,91,2025-10-10,Venta,-3
11257,88,2024-08-30,Venta,-1
11258,40,2024-08-30,Venta,-1
11259,94,2025-12-19,Venta,-12
11260,8,2024-08-25,Venta,-3
11261,65,2024-08-25,Venta,-2
11262,88,2025-08-29,Venta,-2
11263,8,2025-08-29,Venta,-1
11264,76,2025-08-29,Venta,-3
11265,26,2025-12-05,Venta,-6
11266,55,2025-03-14,Venta,-1
11267,38,2025-03-14,Venta,-2
11268,66,2025-08-04,Venta,-1
11269,70,2024-11-09,Venta,-2
11270,45,2024-11-09,Venta,-1
11271,55,2024-11-09,Venta,-1
11272,85,2025-12-06,Venta,-1
11273,91,2025-12-06,Venta,-2
11274,26,2025-09-26,Venta,-1
11275,69,2026-06-04,Venta,-1
11276,34,2026-06-04,Venta,-2
11277,74,2026-06-04,Venta,-1
11278,37,2024-12-16,Venta,-2
11279,90,2025-12-05,Venta,-1
11280,36,2024-02-17,Venta,-1
11281,7,2024-02-17,Venta,-1
11282,55,2026-07-22,Venta,-1
11283,36,2026-07-22,Venta,-1
11284,44,2024-02-05,Venta,-3
11285,45,2024-02-05,Venta,-2
11286,56,2024-02-05,Venta,-1
11287,61,2025-09-15,Venta,-1
11288,70,2025-09-15,Venta,-1
11289,17,2026-03-06,Venta,-1
11290,48,2024-12-07,Venta,-2
11291,90,2024-12-07,Venta,-3
11292,63,2024-12-07,Venta,-1
11293,91,2024-12-07,Venta,-1
11294,69,2024-06-14,Venta,-2
11295,5,2024-09-07,Venta,-1
11296,14,2024-09-07,Venta,-1
11297,36,2025-06-21,Venta,-1
11298,27,2025-06-21,Venta,-1
11299,68,2025-06-21,Venta,-3
11300,23,2025-06-21,Venta,-4
11301,91,2026-05-29,Venta,-1
11302,26,2026-05-29,Venta,-2
11303,26,2025-06-25,Venta,-2
11304,59,2025-07-15,Venta,-1
11305,81,2025-07-15,Venta,-2
11306,90,2025-07-15,Venta,-1
11307,12,2025-07-15,Venta,-1
11308,14,2025-07-15,Venta,-18
11309,70,2026-04-22,Venta,-1
11310,92,2026-04-22,Venta,-1
11311,64,2026-04-22,Venta,-1
11312,33,2026-04-22,Venta,-1
11313,40,2026-04-22,Venta,-1
11314,71,2025-01-23,Venta,-1
11315,20,2025-01-23,Venta,-1
11316,58,2024-06-17,Venta,-2
11317,94,2024-06-17,Venta,-3
11318,14,2024-06-17,Venta,-2
11319,85,2024-06-17,Venta,-2
11320,15,2024-06-17,Venta,-2
11321,49,2025-12-19,Venta,-2
11322,38,2025-04-18,Venta,-1
11323,34,2025-04-18,Venta,-2
11324,74,2025-04-18,Venta,-4
11325,40,2025-06-27,Venta,-1
11326,2,2025-06-27,Venta,-1
11327,3,2025-11-04,Venta,-1
11328,34,2025-11-04,Venta,-1
11329,11,2025-11-04,Venta,-1
11330,74,2025-11-04,Venta,-1
11331,90,2026-08-24,Venta,-1
11332,31,2026-08-24,Venta,-1
11333,50,2026-06-03,Venta,-1
11334,19,2026-06-03,Venta,-3
11335,91,2026-06-03,Venta,-2
11336,83,2026-06-03,Venta,-1
11337,66,2025-04-17,Venta,-1
11338,29,2025-04-17,Venta,-1
11339,83,2025-04-17,Venta,-1
11340,72,2026-06-17,Venta,-4
11341,1,2024-03-18,Venta,-6
11342,33,2024-03-18,Venta,-1
11343,61,2024-02-12,Venta,-1
11344,67,2024-02-12,Venta,-4
11345,40,2025-09-06,Venta,-4
11346,26,2024-03-06,Venta,-2
11347,5,2025-04-23,Venta,-3
11348,85,2025-04-23,Venta,-1
11349,38,2025-04-23,Venta,-1
11350,13,2025-04-23,Venta,-1
11351,86,2025-04-23,Venta,-1
11352,36,2026-01-31,Venta,-2
11353,74,2026-01-31,Venta,-2
11354,74,2026-05-21,Venta,-1
11355,82,2026-05-21,Venta,-1
11356,28,2026-05-21,Venta,-1
11357,35,2025-11-16,Venta,-2
11358,2,2025-11-16,Venta,-1
11359,94,2025-11-16,Venta,-1
11360,76,2025-04-17,Venta,-1
11361,20,2025-04-17,Venta,-1
11362,27,2025-04-17,Venta,-1
11363,5,2025-04-17,Venta,-3
11364,32,2024-09-12,Venta,-1
11365,83,2024-09-12,Venta,-1
11366,54,2024-09-12,Venta,-2
11367,88,2024-03-08,Venta,-2
11368,62,2024-11-18,Venta,-1
11369,63,2024-09-25,Venta,-1
11370,81,2024-09-25,Venta,-1
11371,88,2024-09-25,Venta,-2
11372,3,2025-12-14,Venta,-2
11373,99,2025-12-14,Venta,-2
11374,100,2025-12-14,Venta,-1
11375,100,2025-04-09,Venta,-1
11376,38,2025-04-09,Venta,-2
11377,23,2025-04-09,Venta,-2
11378,69,2024-01-24,Venta,-1
11379,24,2025-12-26,Venta,-1
11380,80,2025-04-28,Venta,-1
11381,70,2025-04-28,Venta,-4
11382,58,2025-04-28,Venta,-4
11383,93,2026-08-24,Venta,-1
11384,46,2026-08-24,Venta,-1
11385,5,2026-08-24,Venta,-1
11386,74,2026-06-05,Venta,-1
11387,11,2024-09-26,Venta,-2
11388,84,2024-05-19,Venta,-1
11389,86,2024-06-13,Venta,-2
11390,22,2024-06-13,Venta,-1
11391,74,2024-06-13,Venta,-2
11392,8,2026-03-06,Venta,-3
11393,1,2025-12-27,Venta,-1
11394,49,2025-03-22,Venta,-2
11395,92,2025-03-22,Venta,-1
11396,36,2024-06-26,Venta,-1
11397,27,2024-06-26,Venta,-2
11398,96,2024-11-16,Venta,-1
11399,51,2024-11-16,Venta,-2
11400,14,2025-04-22,Venta,-1
11401,27,2025-04-22,Venta,-2
11402,2,2025-04-22,Venta,-1
11403,42,2025-12-14,Venta,-1
11404,72,2025-12-14,Venta,-3
11405,88,2025-10-10,Venta,-2
11406,36,2025-09-25,Venta,-2
11407,92,2025-09-25,Venta,-1
11408,29,2025-09-25,Venta,-2
11409,71,2025-09-25,Venta,-1
11410,84,2026-04-19,Venta,-18
11411,90,2024-12-29,Venta,-1
11412,2,2026-07-02,Venta,-2
11413,89,2024-10-08,Venta,-2
11414,14,2024-10-08,Venta,-1
11415,54,2024-10-08,Venta,-1
11416,59,2025-04-08,Venta,-1
11417,29,2025-04-08,Venta,-1
11418,43,2025-04-08,Venta,-1
11419,55,2025-06-03,Venta,-6
11420,60,2025-06-03,Venta,-1
11421,76,2025-06-03,Venta,-2
11422,63,2024-04-18,Venta,-1
11423,85,2024-04-18,Venta,-1
11424,96,2024-04-18,Venta,-2
11425,13,2024-08-12,Venta,-1
11426,99,2025-03-14,Venta,-1
11427,67,2024-12-09,Venta,-2
11428,7,2024-12-09,Venta,-1
11429,73,2026-05-29,Venta,-2
11430,52,2024-03-04,Venta,-1
11431,75,2024-03-16,Venta,-1
11432,67,2024-03-16,Venta,-1
11433,16,2024-11-04,Venta,-1
11434,95,2024-11-04,Venta,-1
11435,49,2024-11-04,Venta,-1
11436,86,2024-03-26,Venta,-1
11437,22,2024-03-26,Venta,-1
11438,42,2024-06-29,Venta,-1
11439,67,2025-12-29,Venta,-2
11440,74,2025-12-29,Venta,-1
11441,78,2024-10-12,Venta,-1
11442,94,2024-10-12,Venta,-1
11443,97,2026-05-29,Venta,-2
11444,66,2024-02-13,Venta,-2
11445,34,2024-10-05,Venta,-2
11446,67,2024-10-05,Venta,-3
11447,54,2024-11-13,Venta,-1
11448,59,2024-11-13,Venta,-1
11449,4,2024-11-13,Venta,-2
11450,65,2024-11-13,Venta,-6
11451,24,2024-06-18,Venta,-1
11452,94,2025-07-28,Venta,-2
11453,94,2024-11-23,Venta,-1
11454,76,2024-12-14,Venta,-2
11455,81,2024-12-14,Venta,-4
11456,36,2025-12-20,Venta,-2
11457,14,2025-12-20,Venta,-1
11458,74,2026-05-19,Venta,-2
11459,63,2025-02-13,Venta,-1
11460,91,2025-05-02,Venta,-2
11461,86,2025-05-02,Venta,-1
11462,55,2024-10-26,Venta,-2
11463,74,2024-10-26,Venta,-3
11464,46,2024-10-26,Venta,-1
11465,34,2024-01-25,Venta,-2
11466,81,2024-01-25,Venta,-1
11467,88,2025-11-08,Venta,-1
11468,90,2025-11-08,Venta,-1
11469,85,2025-05-17,Venta,-2
11470,88,2025-10-07,Venta,-2
11471,63,2025-10-07,Venta,-3
11472,22,2024-11-23,Venta,-1
11473,70,2024-05-21,Venta,-1
11474,2,2026-02-03,Venta,-2
11475,49,2025-11-05,Venta,-1
11476,58,2025-11-05,Venta,-1
11477,12,2025-11-05,Venta,-1
11478,86,2025-11-29,Venta,-3
11479,21,2025-11-29,Venta,-1
11480,76,2025-12-13,Venta,-4
11481,53,2025-12-13,Venta,-1
11482,10,2025-11-06,Venta,-1
11483,84,2025-01-14,Venta,-2
11484,55,2025-01-14,Venta,-6
11485,1,2024-03-25,Venta,-1
11486,38,2024-03-25,Venta,-1
11487,81,2024-03-25,Venta,-6
11488,61,2024-03-25,Venta,-2
11489,82,2026-08-01,Venta,-1
11490,30,2026-08-01,Venta,-1
11491,69,2026-08-01,Venta,-2
11492,2,2026-08-01,Venta,-2
11493,46,2024-08-06,Venta,-1
11494,84,2024-04-04,Venta,-1
11495,86,2024-04-26,Venta,-2
11496,26,2025-05-05,Venta,-1
11497,76,2025-05-05,Venta,-1
11498,85,2025-05-05,Venta,-1
11499,34,2025-05-05,Venta,-1
11500,62,2026-03-27,Venta,-1
11501,46,2026-03-27,Venta,-1
11502,55,2026-01-17,Venta,-1
11503,21,2026-01-17,Venta,-2
11504,23,2025-11-08,Venta,-1
11505,28,2024-08-23,Venta,-2
11506,56,2024-08-23,Venta,-1
11507,23,2024-08-23,Venta,-1
11508,81,2024-08-23,Venta,-1
11509,56,2026-04-01,Venta,-2
11510,53,2026-04-01,Venta,-1
11511,29,2025-08-12,Venta,-1
11512,84,2025-08-12,Venta,-1
11513,34,2024-11-23,Venta,-2
11514,59,2024-05-08,Venta,-2
11515,36,2024-05-08,Venta,-2
11516,82,2024-05-08,Venta,-1
11517,21,2024-05-08,Venta,-1
11518,4,2026-03-10,Venta,-1
11519,99,2026-03-10,Venta,-2
11520,18,2026-03-10,Venta,-18
11521,20,2024-12-13,Venta,-1
11522,1,2024-12-13,Venta,-2
11523,33,2024-12-13,Venta,-1
11524,44,2024-12-13,Venta,-3
11525,71,2024-12-07,Venta,-1
11526,24,2024-12-07,Venta,-3
11527,88,2024-12-07,Venta,-2
11528,54,2024-01-04,Venta,-1
11529,64,2024-03-23,Venta,-1
11530,5,2024-03-23,Venta,-1
11531,41,2024-03-23,Venta,-1
11532,92,2025-09-06,Venta,-1
11533,88,2024-05-28,Venta,-1
11534,74,2024-05-28,Venta,-2
11535,68,2024-05-28,Venta,-1
11536,84,2025-12-30,Venta,-1
11537,74,2025-12-30,Venta,-2
11538,55,2024-04-11,Venta,-1
11539,22,2025-11-23,Venta,-1
11540,74,2024-11-13,Venta,-2
11541,8,2024-12-20,Venta,-1
11542,99,2024-12-20,Venta,-1
11543,70,2025-03-01,Venta,-1
11544,38,2025-12-29,Venta,-1
11545,70,2025-12-29,Venta,-2
11546,61,2025-12-29,Venta,-1
11547,14,2025-02-16,Venta,-2
11548,91,2025-02-16,Venta,-2
11549,18,2024-04-14,Venta,-12
11550,5,2024-04-14,Venta,-2
11551,37,2024-04-14,Venta,-2
11552,63,2024-04-14,Venta,-1
11553,82,2024-08-07,Venta,-1
11554,46,2024-08-07,Venta,-1
11555,24,2024-11-05,Venta,-1
11556,12,2026-04-22,Venta,-1
11557,20,2026-04-22,Venta,-1
11558,81,2026-04-22,Venta,-1
11559,26,2024-08-31,Venta,-1
11560,34,2024-08-31,Venta,-1
11561,7,2024-08-31,Venta,-1
11562,68,2026-06-23,Venta,-3
11563,14,2024-04-27,Venta,-2
11564,2,2024-04-27,Venta,-1
11565,51,2025-12-08,Venta,-24
11566,48,2024-02-11,Venta,-2
11567,26,2025-07-11,Venta,-1
11568,9,2025-07-11,Venta,-1
11569,61,2024-02-11,Venta,-1
11570,23,2024-02-11,Venta,-3
11571,75,2024-02-11,Venta,-2
11572,32,2024-02-11,Venta,-1
11573,100,2025-06-18,Venta,-1
11574,94,2025-06-18,Venta,-2
11575,75,2025-01-10,Venta,-1
11576,58,2025-01-10,Venta,-2
11577,22,2025-01-10,Venta,-2
11578,76,2026-04-25,Venta,-1
11579,37,2026-04-25,Venta,-2
11580,34,2024-02-20,Venta,-1
11581,64,2024-07-18,Venta,-1
11582,62,2024-07-18,Venta,-1
11583,27,2024-06-14,Venta,-2
11584,86,2024-11-26,Venta,-2
11585,85,2024-11-26,Venta,-4
11586,61,2024-07-20,Venta,-1
11587,16,2024-07-20,Venta,-12
11588,85,2024-07-20,Venta,-24
11589,4,2025-04-05,Venta,-2
11590,66,2025-09-03,Venta,-1
11591,5,2025-09-03,Venta,-3
11592,36,2026-05-01,Venta,-1
11593,26,2026-05-01,Venta,-1
11594,72,2026-05-01,Venta,-2
11595,63,2024-01-06,Venta,-1
11596,21,2024-01-06,Venta,-1
11597,75,2025-04-26,Venta,-2
11598,81,2025-03-21,Venta,-1
11599,29,2025-03-21,Venta,-3
11600,14,2025-03-21,Venta,-1
11601,95,2026-01-27,Venta,-1
11602,96,2026-01-27,Venta,-1
11603,15,2024-03-28,Venta,-1
11604,89,2024-03-28,Venta,-24
11605,26,2024-03-28,Venta,-2
11606,40,2025-09-19,Venta,-2
11607,63,2025-09-19,Venta,-1
11608,26,2024-07-12,Venta,-1
11609,62,2024-07-12,Venta,-3
11610,93,2024-07-12,Venta,-1
11611,12,2024-07-12,Venta,-4
11612,67,2026-03-20,Venta,-1
11613,32,2026-03-20,Venta,-2
11614,98,2024-04-11,Venta,-1
11615,71,2026-04-15,Venta,-1
11616,65,2025-09-27,Venta,-1
11617,62,2025-07-24,Venta,-1
11618,91,2024-12-21,Venta,-1
11619,70,2024-06-28,Venta,-1
11620,30,2024-06-28,Venta,-1
11621,40,2024-06-28,Venta,-1
11622,97,2025-11-09,Venta,-2
11623,72,2025-11-09,Venta,-4
11624,79,2025-12-03,Venta,-2
11625,11,2025-04-02,Venta,-1
11626,56,2025-05-30,Venta,-1
11627,43,2025-05-30,Venta,-3
11628,81,2024-08-03,Venta,-1
11629,69,2024-12-16,Venta,-1
11630,46,2024-03-22,Venta,-1
11631,15,2024-03-22,Venta,-3
11632,87,2026-04-24,Venta,-2
11633,74,2026-04-24,Venta,-2
11634,95,2026-04-24,Venta,-1
11635,26,2026-04-24,Venta,-2
11636,62,2026-04-24,Venta,-3
11637,71,2024-08-21,Venta,-1
11638,1,2024-08-21,Venta,-1
11639,8,2025-07-31,Venta,-1
11640,78,2026-07-08,Venta,-2
11641,85,2024-04-13,Venta,-1
11642,12,2024-04-13,Venta,-6
11643,19,2024-04-13,Venta,-1
11644,88,2024-07-20,Venta,-2
11645,26,2024-01-21,Venta,-3
11646,2,2026-01-08,Venta,-2
11647,1,2026-01-08,Venta,-1
11648,8,2025-10-20,Venta,-6
11649,74,2026-03-28,Venta,-1
11650,67,2026-03-28,Venta,-2
11651,7,2026-03-28,Venta,-12
11652,90,2024-12-04,Venta,-1
11653,63,2024-12-04,Venta,-2
11654,75,2024-12-04,Venta,-1
11655,14,2024-12-04,Venta,-1
11656,40,2025-08-13,Venta,-1
11657,67,2025-04-24,Venta,-3
11658,81,2025-04-24,Venta,-1
11659,96,2024-02-20,Venta,-1
11660,46,2024-02-20,Venta,-6
11661,88,2024-02-20,Venta,-1
11662,94,2025-02-15,Venta,-2
11663,3,2024-07-14,Venta,-1
11664,40,2024-07-14,Venta,-2
11665,13,2024-07-14,Venta,-1
11666,59,2025-10-28,Venta,-1
11667,28,2025-10-28,Venta,-4
11668,85,2025-10-28,Venta,-2
11669,7,2025-10-28,Venta,-1
11670,34,2026-08-23,Venta,-1
11671,27,2026-08-23,Venta,-1
11672,24,2024-02-17,Venta,-2
11673,51,2024-02-17,Venta,-1
11674,23,2024-02-17,Venta,-1
11675,19,2026-04-14,Venta,-1
11676,96,2026-04-14,Venta,-2
11677,55,2026-04-14,Venta,-1
11678,21,2025-12-05,Venta,-1
11679,55,2025-12-05,Venta,-1
11680,22,2025-12-05,Venta,-1
11681,38,2025-08-17,Venta,-2
11682,93,2024-09-12,Venta,-1
11683,99,2024-09-12,Venta,-2
11684,86,2024-09-12,Venta,-1
11685,76,2024-09-12,Venta,-1
11686,56,2025-11-26,Venta,-1
11687,52,2024-12-18,Venta,-1
11688,37,2024-12-18,Venta,-1
11689,30,2024-12-18,Venta,-2
11690,38,2024-12-18,Venta,-2
11691,34,2024-08-19,Venta,-2
11692,38,2024-08-19,Venta,-1
11693,76,2025-04-03,Venta,-4
11694,83,2025-07-26,Venta,-1
11695,47,2024-12-24,Venta,-24
11696,81,2024-12-24,Venta,-1
11697,47,2025-04-07,Venta,-1
11698,23,2025-04-07,Venta,-1
11699,37,2025-04-07,Venta,-3
11700,65,2026-04-15,Venta,-1
11701,4,2026-04-13,Venta,-3
11702,56,2026-01-08,Venta,-1
11703,14,2026-01-08,Venta,-1
11704,26,2026-01-08,Venta,-1
11705,82,2026-01-08,Venta,-4
11706,34,2024-04-19,Venta,-2
11707,94,2024-04-19,Venta,-3
11708,32,2024-04-19,Venta,-1
11709,26,2025-08-26,Venta,-2
11710,22,2025-08-26,Venta,-2
11711,85,2025-08-03,Venta,-3
11712,85,2025-09-29,Venta,-1
11713,45,2025-02-28,Venta,-2
11714,36,2025-02-28,Venta,-1
11715,22,2025-12-18,Venta,-6
11716,76,2025-12-18,Venta,-1
11717,95,2025-12-18,Venta,-1
11718,84,2025-02-06,Venta,-1
11719,51,2025-02-06,Venta,-2
11720,38,2025-02-06,Venta,-2
11721,65,2025-02-06,Venta,-2
11722,85,2024-04-09,Venta,-1
11723,17,2024-11-23,Venta,-1
11724,38,2024-11-23,Venta,-4
11725,23,2024-10-26,Venta,-18
11726,86,2024-10-26,Venta,-2
11727,21,2024-10-26,Venta,-2
11728,24,2025-05-09,Venta,-1
11729,38,2025-03-11,Venta,-1
11730,10,2026-05-09,Venta,-4
11731,72,2026-06-06,Venta,-2
11732,82,2026-06-06,Venta,-1
11733,4,2026-06-06,Venta,-1
11734,54,2025-12-22,Venta,-1
11735,76,2025-12-22,Venta,-1
11736,90,2025-12-22,Venta,-2
11737,32,2025-12-22,Venta,-2
11738,74,2025-06-20,Venta,-1
11739,82,2024-02-12,Venta,-1
11740,1,2024-02-12,Venta,-2
11741,35,2024-02-12,Venta,-1
11742,31,2024-02-12,Venta,-2
11743,84,2024-05-23,Venta,-1
11744,30,2024-05-23,Venta,-2
11745,85,2025-04-14,Venta,-1
11746,94,2024-09-22,Venta,-2
11747,61,2024-04-25,Venta,-1
11748,76,2024-04-18,Venta,-6
11749,67,2024-04-18,Venta,-2
11750,46,2025-02-04,Venta,-1
11751,49,2025-02-04,Venta,-1
11752,38,2024-12-25,Venta,-3
11753,24,2024-12-25,Venta,-1
11754,18,2024-06-14,Venta,-24
11755,14,2024-06-14,Venta,-1
11756,55,2024-06-14,Venta,-12
11757,40,2024-06-14,Venta,-1
11758,2,2024-12-14,Venta,-1
11759,47,2025-10-18,Venta,-2
11760,41,2025-10-18,Venta,-1
11761,36,2025-10-18,Venta,-1
11762,100,2025-10-18,Venta,-2
11763,30,2026-03-08,Venta,-2
11764,24,2025-02-24,Venta,-1
11765,43,2025-12-04,Venta,-1
11766,76,2025-12-04,Venta,-1
11767,18,2025-12-04,Venta,-2
11768,46,2025-05-01,Venta,-6
11769,42,2026-07-08,Venta,-4
11770,81,2026-07-08,Venta,-2
11771,74,2026-07-08,Venta,-1
11772,43,2025-06-21,Venta,-1
11773,41,2025-06-21,Venta,-4
11774,22,2026-02-06,Venta,-2
11775,45,2025-11-20,Venta,-1
11776,5,2025-11-20,Venta,-2
11777,23,2025-10-20,Venta,-2
11778,30,2025-08-09,Venta,-1
11779,43,2025-08-09,Venta,-1
11780,29,2026-02-23,Venta,-2
11781,47,2024-02-21,Venta,-2
11782,69,2024-02-21,Venta,-1
11783,9,2024-02-21,Venta,-1
11784,14,2025-09-25,Venta,-24
11785,40,2025-09-25,Venta,-3
11786,32,2025-11-04,Venta,-2
11787,68,2025-11-04,Venta,-2
11788,88,2025-07-25,Venta,-2
11789,22,2025-07-05,Venta,-2
11790,55,2025-07-05,Venta,-1
11791,74,2025-07-05,Venta,-4
11792,15,2025-07-05,Venta,-1
11793,7,2025-05-12,Venta,-1
11794,66,2025-05-12,Venta,-2
11795,70,2024-03-06,Venta,-1
11796,65,2024-03-06,Venta,-1
11797,56,2026-01-01,Venta,-1
11798,84,2026-01-01,Venta,-2
11799,56,2026-08-04,Venta,-2
11800,86,2026-08-04,Venta,-2
11801,26,2026-08-04,Venta,-4
11802,49,2024-12-09,Venta,-2
11803,14,2024-12-09,Venta,-1
11804,2,2025-11-03,Venta,-1
11805,59,2025-11-03,Venta,-2
11806,68,2025-11-03,Venta,-3
11807,41,2025-12-26,Venta,-4
11808,66,2025-12-26,Venta,-1
11809,48,2024-01-30,Venta,-3
11810,16,2024-01-30,Venta,-1
11811,22,2024-01-30,Venta,-1
11812,20,2024-01-30,Venta,-4
11813,95,2025-12-08,Venta,-1
11814,72,2025-12-08,Venta,-1
11815,26,2025-12-08,Venta,-1
11816,40,2025-12-08,Venta,-2
11817,74,2025-02-20,Venta,-1
11818,52,2025-12-11,Venta,-1
11819,34,2025-12-11,Venta,-1
11820,95,2026-05-01,Venta,-1
11821,22,2026-05-01,Venta,-2
11822,26,2026-05-01,Venta,-3
11823,43,2026-05-01,Venta,-2
11824,34,2024-04-19,Venta,-1
11825,90,2024-04-19,Venta,-2
11826,3,2025-05-31,Venta,-1
11827,2,2025-05-31,Venta,-1
11828,5,2025-05-31,Venta,-2
11829,22,2025-05-31,Venta,-1
11830,67,2025-05-31,Venta,-2
11831,38,2024-12-20,Venta,-1
11832,94,2025-12-24,Venta,-3
11833,1,2024-11-30,Venta,-24
11834,89,2024-07-27,Venta,-6
11835,95,2024-07-27,Venta,-1
11836,90,2024-07-27,Venta,-4
11837,14,2025-01-30,Venta,-1
11838,84,2025-01-30,Venta,-2
11839,27,2025-01-29,Venta,-1
11840,22,2026-01-24,Venta,-1
11841,84,2026-01-24,Venta,-1
11842,100,2026-01-24,Venta,-1
11843,49,2026-04-21,Venta,-1
11844,52,2026-04-21,Venta,-4
11845,89,2026-04-21,Venta,-1
11846,37,2026-04-21,Venta,-2
11847,31,2026-04-21,Venta,-2
11848,82,2024-02-26,Venta,-1
11849,70,2026-08-29,Venta,-2
11850,52,2026-08-29,Venta,-1
11851,29,2026-08-29,Venta,-1
11852,83,2026-01-19,Venta,-1
11853,100,2026-01-19,Venta,-2
11854,51,2025-05-22,Venta,-1
11855,22,2025-05-22,Venta,-1
11856,3,2026-08-19,Venta,-1
11857,21,2024-02-24,Venta,-12
11858,26,2024-02-24,Venta,-1
11859,92,2025-10-30,Venta,-1
11860,74,2025-10-30,Venta,-3
11861,45,2025-10-30,Venta,-1
11862,71,2025-10-30,Venta,-1
11863,4,2025-05-17,Venta,-2
11864,41,2025-05-17,Venta,-3
11865,43,2025-12-06,Venta,-1
11866,54,2026-04-06,Venta,-4
11867,90,2026-04-06,Venta,-1
11868,11,2026-05-12,Venta,-1
11869,46,2026-05-12,Venta,-1
11870,32,2026-05-12,Venta,-6
11871,84,2025-07-25,Venta,-6
11872,71,2025-07-25,Venta,-2
11873,1,2025-10-11,Venta,-4
11874,46,2025-12-21,Venta,-2
11875,99,2024-04-16,Venta,-1
11876,18,2024-04-16,Venta,-1
11877,91,2024-04-16,Venta,-1
11878,63,2024-04-16,Venta,-1
11879,31,2024-04-16,Venta,-6
11880,33,2025-03-05,Venta,-3
11881,38,2024-04-05,Venta,-1
11882,26,2024-04-05,Venta,-1
11883,51,2024-07-18,Venta,-2
11884,30,2025-04-05,Venta,-2
11885,46,2025-04-05,Venta,-3
11886,83,2025-01-10,Venta,-1
11887,58,2024-11-03,Venta,-2
11888,84,2024-04-15,Venta,-1
11889,86,2024-04-15,Venta,-1
11890,63,2024-04-15,Venta,-2
11891,49,2024-04-15,Venta,-1
11892,17,2026-07-11,Venta,-3
11893,100,2026-07-11,Venta,-1
11894,74,2025-01-29,Venta,-1
11895,86,2025-01-29,Venta,-3
11896,98,2024-10-19,Venta,-3
11897,87,2024-10-19,Venta,-1
11898,16,2024-10-19,Venta,-3
11899,22,2024-10-19,Venta,-1
11900,1,2024-10-19,Venta,-6
11901,23,2026-04-06,Venta,-1
11902,98,2026-04-06,Venta,-4
11903,68,2026-04-06,Venta,-1
11904,84,2024-02-12,Venta,-1
11905,81,2024-02-12,Venta,-4
11906,36,2024-02-12,Venta,-12
11907,14,2026-02-12,Venta,-1
11908,71,2026-02-12,Venta,-4
11909,85,2026-02-12,Venta,-3
11910,55,2025-11-17,Venta,-1
11911,31,2025-11-17,Venta,-1
11912,14,2025-11-17,Venta,-1
11913,22,2025-11-18,Venta,-2
11914,87,2025-08-21,Venta,-2
11915,54,2025-08-21,Venta,-2
11916,86,2026-03-05,Venta,-1
11917,95,2026-03-05,Venta,-1
11918,81,2024-05-04,Venta,-1
11919,86,2024-05-04,Venta,-1
11920,62,2024-12-29,Venta,-1
11921,88,2026-08-13,Venta,-3
11922,41,2026-08-13,Venta,-1
11923,26,2026-08-13,Venta,-2
11924,54,2024-04-17,Venta,-2
11925,55,2025-03-05,Venta,-2
11926,5,2025-07-05,Venta,-2
11927,77,2025-07-05,Venta,-3
11928,40,2025-07-05,Venta,-1
11929,19,2024-02-24,Venta,-1
11930,45,2025-09-29,Venta,-2
11931,26,2025-09-29,Venta,-1
11932,70,2024-08-03,Venta,-2
11933,62,2024-08-03,Venta,-1
11934,36,2024-08-03,Venta,-1
11935,91,2025-01-05,Venta,-2
11936,56,2025-11-29,Venta,-1
11937,77,2025-10-28,Venta,-2
11938,80,2025-09-23,Venta,-2
11939,7,2025-09-23,Venta,-1
11940,84,2024-07-29,Venta,-1
11941,14,2026-07-19,Venta,-4
11942,38,2026-07-19,Venta,-1
11943,30,2024-07-26,Venta,-3
11944,19,2024-07-26,Venta,-1
11945,16,2024-07-26,Venta,-1
11946,69,2024-03-31,Venta,-2
11947,88,2024-11-09,Venta,-3
11948,86,2024-11-09,Venta,-1
11949,49,2024-11-09,Venta,-1
11950,91,2024-12-12,Venta,-1
11951,55,2024-07-16,Venta,-1
11952,2,2026-04-14,Venta,-1
11953,86,2025-12-06,Venta,-1
11954,1,2025-12-06,Venta,-3
11955,11,2025-06-14,Venta,-1
11956,29,2025-06-14,Venta,-2
11957,92,2025-06-14,Venta,-1
11958,33,2026-03-02,Venta,-1
11959,56,2025-01-28,Venta,-12
11960,55,2025-10-26,Venta,-1
11961,23,2025-10-26,Venta,-1
11962,54,2025-11-21,Venta,-1
11963,27,2025-11-21,Venta,-3
11964,92,2026-03-08,Venta,-6
11965,43,2025-07-19,Venta,-1
11966,57,2025-07-19,Venta,-3
11967,61,2025-07-19,Venta,-1
11968,21,2024-08-31,Venta,-1
11969,69,2024-08-31,Venta,-1
11970,74,2024-02-05,Venta,-1
11971,18,2025-11-09,Venta,-1
11972,7,2025-11-09,Venta,-1
11973,38,2025-11-09,Venta,-6
11974,71,2025-11-09,Venta,-1
11975,11,2024-07-21,Venta,-1
11976,14,2024-07-21,Venta,-1
11977,68,2024-07-21,Venta,-1
11978,52,2025-03-01,Venta,-1
11979,15,2025-05-23,Venta,-1
11980,1,2025-12-02,Venta,-2
11981,38,2025-12-02,Venta,-1
11982,47,2025-12-02,Venta,-3
11983,55,2025-12-02,Venta,-3
11984,95,2024-03-30,Venta,-1
11985,88,2024-03-30,Venta,-4
11986,85,2024-02-26,Venta,-1
11987,83,2024-02-26,Venta,-1
11988,74,2024-02-26,Venta,-1
11989,54,2024-09-12,Venta,-2
11990,23,2025-11-06,Venta,-12
11991,59,2025-11-06,Venta,-2
11992,22,2024-12-12,Venta,-1
11993,88,2024-12-12,Venta,-1
11994,51,2024-12-12,Venta,-1
11995,55,2024-11-16,Venta,-1
11996,22,2024-11-16,Venta,-2
11997,52,2024-11-25,Venta,-1
11998,75,2024-11-25,Venta,-1
11999,72,2024-11-25,Venta,-3
12000,90,2024-11-25,Venta,-1
12001,43,2024-10-03,Venta,-4
12002,22,2025-11-15,Venta,-1
12003,86,2025-11-15,Venta,-2
12004,69,2026-05-09,Venta,-1
12005,5,2026-05-09,Venta,-2
12006,7,2026-05-09,Venta,-1
12007,71,2026-05-09,Venta,-1
12008,71,2026-06-06,Venta,-4
12009,43,2024-05-03,Venta,-2
12010,19,2024-07-27,Venta,-1
12011,4,2026-04-29,Venta,-1
12012,90,2026-04-29,Venta,-1
12013,27,2026-04-29,Venta,-3
12014,5,2024-01-05,Venta,-3
12015,29,2024-01-05,Venta,-1
12016,97,2025-12-22,Venta,-1
12017,34,2025-12-22,Venta,-1
12018,2,2024-11-07,Venta,-1
12019,74,2025-05-14,Venta,-1
12020,82,2025-05-14,Venta,-2
12021,72,2025-05-14,Venta,-6
12022,5,2024-06-05,Venta,-1
12023,95,2024-06-05,Venta,-1
12024,32,2025-02-01,Venta,-2
12025,74,2025-02-01,Venta,-2
12026,88,2025-02-01,Venta,-1
12027,4,2024-01-21,Venta,-1
12028,26,2024-01-21,Venta,-2
12029,52,2024-01-21,Venta,-3
12030,62,2024-01-21,Venta,-2
12031,14,2025-03-31,Venta,-3
12032,85,2025-03-31,Venta,-1
12033,2,2025-03-31,Venta,-1
12034,95,2025-03-31,Venta,-3
12035,24,2025-12-23,Venta,-1
12036,100,2025-12-23,Venta,-1
12037,82,2025-12-23,Venta,-2
12038,14,2026-03-07,Venta,-1
12039,62,2026-03-07,Venta,-1
12040,84,2024-08-22,Venta,-2
12041,88,2024-12-13,Venta,-2
12042,26,2025-09-02,Venta,-1
12043,56,2025-09-02,Venta,-3
12044,89,2025-09-02,Venta,-1
12045,1,2024-06-29,Venta,-1
12046,61,2026-07-01,Venta,-2
12047,78,2025-03-31,Venta,-1
12048,59,2025-05-23,Venta,-1
12049,93,2025-05-23,Venta,-1
12050,4,2025-03-15,Venta,-1
12051,23,2025-03-15,Venta,-2
12052,2,2025-03-15,Venta,-1
12053,54,2024-12-21,Venta,-1
12054,10,2024-12-21,Venta,-1
12055,24,2024-12-21,Venta,-1
12056,11,2024-12-21,Venta,-2
12057,86,2025-06-10,Venta,-1
12058,4,2025-06-10,Venta,-2
12059,54,2024-11-20,Venta,-1
12060,81,2024-11-20,Venta,-1
12061,100,2024-11-20,Venta,-1
12062,26,2025-06-27,Venta,-1
12063,18,2025-06-27,Venta,-1
12064,56,2025-06-27,Venta,-1
12065,12,2024-10-19,Venta,-2
12066,7,2024-01-13,Venta,-1
12067,26,2024-01-13,Venta,-1
12068,29,2024-01-13,Venta,-1
12069,7,2026-04-09,Venta,-18
12070,63,2025-10-04,Venta,-3
12071,59,2025-10-04,Venta,-1
12072,66,2025-10-04,Venta,-1
12073,94,2026-06-16,Venta,-1
12074,21,2026-06-16,Venta,-1
12075,89,2024-12-02,Venta,-2
12076,4,2025-07-11,Venta,-1
12077,85,2025-07-16,Venta,-1
12078,92,2025-07-16,Venta,-2
12079,64,2024-03-10,Venta,-1
12080,37,2026-06-18,Venta,-1
12081,59,2026-06-18,Venta,-2
12082,69,2026-06-18,Venta,-3
12083,91,2025-05-05,Venta,-1
12084,71,2025-09-16,Venta,-1
12085,37,2024-04-26,Venta,-2
12086,38,2026-07-06,Venta,-1
12087,36,2026-07-06,Venta,-1
12088,5,2026-07-06,Venta,-3
12089,63,2025-04-03,Venta,-4
12090,55,2024-10-16,Venta,-2
12091,63,2026-06-20,Venta,-1
12092,12,2026-06-20,Venta,-1
12093,2,2026-02-25,Venta,-1
12094,72,2026-02-25,Venta,-1
12095,10,2026-02-25,Venta,-2
12096,86,2026-03-25,Venta,-1
12097,2,2026-03-25,Venta,-1
12098,2,2024-11-12,Venta,-2
12099,55,2024-11-12,Venta,-1
12100,74,2026-08-26,Venta,-2
12101,38,2026-08-26,Venta,-2
12102,45,2026-08-26,Venta,-2
12103,56,2026-08-26,Venta,-1
12104,49,2024-08-25,Venta,-1
12105,1,2024-08-25,Venta,-1
12106,89,2024-06-21,Venta,-3
12107,17,2024-06-21,Venta,-1
12108,49,2024-05-14,Venta,-1
12109,1,2024-05-14,Venta,-1
12110,87,2025-03-08,Venta,-2
12111,23,2025-03-08,Venta,-1
12112,95,2025-03-08,Venta,-1
12113,34,2025-03-08,Venta,-4
12114,34,2024-12-13,Venta,-2
12115,12,2024-12-13,Venta,-1
12116,99,2024-01-13,Venta,-1
12117,1,2025-02-08,Venta,-4
12118,4,2025-02-08,Venta,-1
12119,34,2024-11-06,Venta,-1
12120,84,2024-11-06,Venta,-1
12121,24,2025-04-22,Venta,-2
12122,89,2025-04-22,Venta,-1
12123,43,2024-01-27,Venta,-1
12124,79,2024-07-24,Venta,-6
12125,18,2024-07-24,Venta,-1
12126,72,2025-06-24,Venta,-1
12127,58,2025-06-24,Venta,-2
12128,67,2024-08-19,Venta,-3
12129,76,2024-08-19,Venta,-1
12130,51,2024-05-17,Venta,-2
12131,84,2024-05-17,Venta,-2
12132,11,2024-05-17,Venta,-4
12133,65,2024-05-17,Venta,-1
12134,51,2024-09-13,Venta,-2
12135,74,2024-09-13,Venta,-1
12136,16,2024-03-03,Venta,-2
12137,42,2024-03-03,Venta,-1
12138,68,2024-03-03,Venta,-1
12139,39,2024-03-03,Venta,-2
12140,60,2025-06-11,Venta,-2
12141,30,2025-06-11,Venta,-1
12142,76,2025-07-27,Venta,-1
12143,74,2025-12-19,Venta,-1
12144,14,2025-12-19,Venta,-1
12145,75,2024-07-28,Venta,-1
12146,84,2025-02-21,Venta,-1
12147,76,2025-02-21,Venta,-1
12148,60,2024-11-08,Venta,-2
12149,55,2024-11-08,Venta,-2
12150,81,2025-05-30,Venta,-1
12151,2,2025-09-05,Venta,-4
12152,34,2025-09-05,Venta,-1
12153,94,2025-09-05,Venta,-1
12154,63,2025-09-05,Venta,-1
12155,18,2025-12-12,Venta,-1
12156,74,2025-12-12,Venta,-1
12157,66,2025-12-12,Venta,-2
12158,30,2026-06-11,Venta,-3
12159,21,2025-06-21,Venta,-1
12160,55,2025-06-21,Venta,-1
12161,17,2024-02-01,Venta,-1
12162,85,2025-04-18,Venta,-1
12163,83,2025-04-18,Venta,-1
12164,74,2025-04-18,Venta,-2
12165,74,2024-05-28,Venta,-2
12166,72,2024-05-28,Venta,-1
12167,19,2024-08-16,Venta,-2
12168,1,2024-08-16,Venta,-2
12169,34,2024-08-16,Venta,-1
12170,14,2025-06-19,Venta,-2
12171,29,2025-06-19,Venta,-1
12172,88,2025-06-19,Venta,-1
12173,2,2026-07-27,Venta,-1
12174,94,2026-07-27,Venta,-3
12175,36,2025-09-10,Venta,-1
12176,29,2025-09-10,Venta,-1
12177,14,2025-08-18,Venta,-1
12178,38,2025-08-18,Venta,-1
12179,41,2025-08-18,Venta,-3
12180,61,2024-03-18,Venta,-2
12181,74,2024-03-18,Venta,-4
12182,45,2026-06-10,Venta,-1
12183,88,2026-07-19,Venta,-2
12184,66,2026-07-19,Venta,-1
12185,3,2025-05-10,Venta,-1
12186,20,2025-05-10,Venta,-2
12187,34,2025-05-10,Venta,-1
12188,37,2025-12-05,Venta,-1
12189,17,2024-12-13,Venta,-2
12190,78,2025-02-03,Venta,-2
12191,31,2025-02-03,Venta,-2
12192,4,2025-02-03,Venta,-1
12193,75,2025-02-03,Venta,-1
12194,77,2025-02-03,Venta,-1
12195,85,2024-09-17,Venta,-2
12196,81,2024-09-17,Venta,-2
12197,36,2024-01-12,Venta,-2
12198,85,2024-07-18,Venta,-2
12199,24,2024-07-18,Venta,-2
12200,91,2024-07-18,Venta,-2
12201,23,2024-12-26,Venta,-2
12202,76,2024-12-26,Venta,-2
12203,12,2025-11-28,Venta,-2
12204,1,2025-11-28,Venta,-1
12205,41,2024-12-23,Venta,-4
12206,35,2024-12-23,Venta,-1
12207,88,2026-02-03,Venta,-2
12208,62,2026-02-03,Venta,-1
12209,23,2026-02-03,Venta,-1
12210,34,2025-03-13,Venta,-1
12211,99,2025-03-13,Venta,-1
12212,55,2026-03-15,Venta,-2
12213,36,2024-06-19,Venta,-1
12214,84,2024-06-19,Venta,-1
12215,16,2024-06-19,Venta,-2
12216,53,2025-03-15,Venta,-24
12217,18,2025-03-15,Venta,-2
12218,97,2025-03-15,Venta,-2
12219,10,2024-07-13,Venta,-4
12220,51,2024-07-13,Venta,-1
12221,58,2025-07-23,Venta,-1
12222,4,2025-07-23,Venta,-1
12223,27,2025-01-29,Venta,-2
12224,81,2025-01-29,Venta,-1
12225,62,2025-01-29,Venta,-2
12226,73,2025-01-29,Venta,-1
12227,37,2025-12-06,Venta,-2
12228,4,2025-12-06,Venta,-1
12229,24,2026-07-11,Venta,-3
12230,43,2025-03-01,Venta,-3
12231,2,2024-01-10,Venta,-2
12232,48,2024-01-10,Venta,-1
12233,32,2024-01-10,Venta,-1
12234,77,2024-01-10,Venta,-2
12235,85,2024-01-10,Venta,-6
12236,76,2026-01-10,Venta,-2
12237,31,2026-01-10,Venta,-1
12238,81,2024-12-27,Venta,-2
12239,94,2024-12-27,Venta,-1
12240,38,2024-11-04,Venta,-1
12241,96,2024-09-27,Venta,-1
12242,8,2024-06-28,Venta,-1
12243,35,2024-06-07,Venta,-4
12244,8,2024-06-07,Venta,-1
12245,24,2024-01-11,Venta,-1
12246,1,2024-01-11,Venta,-1
12247,44,2024-01-11,Venta,-2
12248,54,2024-01-11,Venta,-1
12249,16,2025-06-15,Venta,-2
12250,55,2025-06-15,Venta,-1
12251,1,2025-07-05,Venta,-1
12252,37,2025-07-05,Venta,-3
12253,94,2025-11-21,Venta,-1
12254,37,2025-11-21,Venta,-1
12255,52,2025-11-21,Venta,-4
12256,88,2025-02-21,Venta,-1
12257,81,2025-02-21,Venta,-1
12258,92,2024-09-26,Venta,-1
12259,68,2024-09-26,Venta,-1
12260,51,2024-09-26,Venta,-1
12261,56,2024-12-18,Venta,-3
12262,11,2024-12-18,Venta,-2
12263,87,2025-07-22,Venta,-1
12264,49,2025-10-22,Venta,-1
12265,87,2025-12-05,Venta,-1
12266,61,2025-12-05,Venta,-2
12267,72,2025-03-22,Venta,-4
12268,51,2025-03-22,Venta,-1
12269,38,2025-10-27,Venta,-2
12270,29,2024-01-05,Venta,-2
12271,26,2024-01-05,Venta,-1
12272,45,2025-06-19,Venta,-1
12273,87,2025-06-19,Venta,-3
12274,46,2025-07-05,Venta,-1
12275,76,2025-07-05,Venta,-1
12276,2,2025-09-22,Venta,-2
12277,86,2026-03-26,Venta,-1
12278,66,2026-03-26,Venta,-1
12279,100,2026-03-26,Venta,-1
12280,30,2026-03-26,Venta,-1
12281,40,2026-08-02,Venta,-2
12282,95,2024-05-02,Venta,-2
12283,4,2024-05-02,Venta,-1
12284,46,2025-05-15,Venta,-1
12285,59,2025-05-15,Venta,-1
12286,72,2025-05-15,Venta,-1
12287,92,2024-10-24,Venta,-4
12288,79,2024-10-24,Venta,-1
12289,1,2024-10-24,Venta,-1
12290,2,2024-10-24,Venta,-3
12291,76,2026-04-19,Venta,-4
12292,22,2024-03-27,Venta,-2
12293,38,2025-02-23,Venta,-3
12294,85,2025-02-23,Venta,-1
12295,67,2025-02-23,Venta,-1
12296,22,2025-02-23,Venta,-1
12297,93,2024-09-11,Venta,-1
12298,24,2025-10-08,Venta,-1
12299,2,2025-10-08,Venta,-1
12300,14,2024-12-10,Venta,-1
12301,82,2024-12-10,Venta,-3
12302,10,2024-08-18,Venta,-1
12303,21,2024-08-18,Venta,-2
12304,85,2024-08-18,Venta,-4
12305,36,2024-08-18,Venta,-1
12306,20,2024-04-17,Venta,-1
12307,49,2024-04-17,Venta,-1
12308,54,2026-05-20,Venta,-1
12309,89,2025-11-11,Venta,-1
12310,45,2024-11-02,Venta,-2
12311,86,2026-06-19,Venta,-2
12312,26,2026-06-19,Venta,-3
12313,24,2024-05-28,Venta,-1
12314,23,2024-05-28,Venta,-12
12315,94,2026-05-19,Venta,-1
12316,4,2025-12-07,Venta,-3
12317,83,2025-12-07,Venta,-1
12318,76,2024-07-28,Venta,-1
12319,3,2024-11-04,Venta,-1
12320,36,2024-11-04,Venta,-2
12321,21,2024-11-04,Venta,-1
12322,14,2024-12-27,Venta,-4
12323,71,2024-12-27,Venta,-2
12324,86,2024-12-06,Venta,-6
12325,81,2024-12-06,Venta,-1
12326,30,2025-04-25,Venta,-2
12327,52,2026-05-18,Venta,-1
12328,56,2026-05-18,Venta,-2
12329,59,2026-05-18,Venta,-2
12330,76,2026-01-18,Venta,-1
12331,36,2026-01-18,Venta,-1
12332,7,2026-01-18,Venta,-2
12333,62,2025-12-25,Venta,-3
12334,22,2025-12-25,Venta,-1
12335,48,2025-01-18,Venta,-2
12336,52,2025-01-18,Venta,-1
12337,72,2026-07-11,Venta,-2
12338,85,2026-07-11,Venta,-6
12339,94,2026-07-11,Venta,-1
12340,64,2026-07-24,Venta,-1
12341,80,2025-05-29,Venta,-1
12342,85,2024-02-10,Venta,-2
12343,24,2024-02-10,Venta,-1
12344,51,2024-02-10,Venta,-2
12345,80,2025-11-17,Venta,-4
12346,52,2025-10-27,Venta,-24
12347,73,2025-05-02,Venta,-1
12348,38,2025-05-02,Venta,-1
12349,81,2025-05-02,Venta,-2
12350,55,2025-05-02,Venta,-1
12351,89,2024-10-21,Venta,-2
12352,30,2024-10-21,Venta,-1
12353,76,2026-04-23,Venta,-1
12354,90,2024-09-20,Venta,-2
12355,81,2024-06-03,Venta,-2
12356,67,2025-03-18,Venta,-1
12357,68,2025-03-18,Venta,-1
12358,85,2025-03-11,Venta,-2
12359,91,2025-03-11,Venta,-1
12360,42,2024-10-28,Venta,-1
12361,46,2024-10-28,Venta,-4
12362,94,2026-07-04,Venta,-2
12363,73,2026-07-04,Venta,-1
12364,31,2026-07-04,Venta,-1
12365,51,2026-03-25,Venta,-1
12366,83,2026-03-25,Venta,-1
12367,59,2026-03-25,Venta,-1
12368,61,2026-03-25,Venta,-1
12369,86,2026-03-25,Venta,-1
12370,76,2024-08-12,Venta,-1
12371,12,2024-08-12,Venta,-1
12372,88,2024-08-12,Venta,-1
12373,63,2025-04-12,Venta,-1
12374,22,2024-07-13,Venta,-1
12375,3,2025-12-03,Venta,-1
12376,81,2025-12-03,Venta,-1
12377,24,2025-12-03,Venta,-2
12378,54,2024-11-14,Venta,-1
12379,51,2024-11-14,Venta,-2
12380,30,2024-03-09,Venta,-3
12381,51,2024-03-09,Venta,-2
12382,36,2024-03-09,Venta,-3
12383,85,2024-03-09,Venta,-2
12384,4,2025-08-12,Venta,-1
12385,13,2026-04-17,Venta,-3
12386,23,2026-04-17,Venta,-1
12387,72,2025-05-12,Venta,-1
12388,3,2025-09-24,Venta,-2
12389,33,2025-09-24,Venta,-1
12390,69,2025-09-24,Venta,-1
12391,63,2024-06-15,Venta,-4
12392,31,2024-06-15,Venta,-1
12393,84,2024-06-15,Venta,-4
12394,30,2026-04-10,Venta,-2
12395,1,2026-05-27,Venta,-1
12396,37,2026-05-27,Venta,-2
12397,2,2025-11-07,Venta,-1
12398,32,2025-11-07,Venta,-2
12399,23,2026-07-18,Venta,-3
12400,59,2026-07-18,Venta,-1
12401,7,2026-05-09,Venta,-1
12402,40,2026-06-07,Venta,-4
12403,69,2026-06-07,Venta,-2
12404,62,2025-04-26,Venta,-1
12405,38,2025-04-26,Venta,-6
12406,24,2025-07-13,Venta,-1
12407,90,2025-07-13,Venta,-2
12408,29,2024-08-09,Venta,-3
12409,44,2025-05-06,Venta,-1
12410,73,2025-05-06,Venta,-2
12411,52,2024-10-01,Venta,-1
12412,36,2024-10-01,Venta,-2
12413,68,2024-10-01,Venta,-1
12414,17,2026-06-20,Venta,-1
12415,29,2026-06-20,Venta,-1
12416,54,2026-06-20,Venta,-2
12417,22,2026-06-20,Venta,-1
12418,37,2025-08-18,Venta,-1
12419,85,2025-11-18,Venta,-2
12420,55,2026-02-22,Venta,-1
12421,54,2026-07-16,Venta,-3
12422,55,2026-07-16,Venta,-1
12423,92,2024-08-24,Venta,-1
12424,56,2024-08-24,Venta,-4
12425,15,2024-05-13,Venta,-1
12426,69,2024-05-13,Venta,-1
12427,52,2025-11-24,Venta,-1
12428,99,2025-11-24,Venta,-1
12429,84,2024-11-22,Venta,-1
12430,45,2024-11-22,Venta,-2
12431,88,2024-11-22,Venta,-2
12432,91,2025-10-26,Venta,-1
12433,93,2025-10-26,Venta,-1
12434,47,2024-03-12,Venta,-1
12435,55,2024-08-24,Venta,-1
12436,7,2024-08-24,Venta,-1
12437,1,2025-04-27,Venta,-2
12438,18,2025-03-04,Venta,-1
12439,55,2025-03-04,Venta,-1
12440,70,2025-02-13,Venta,-1
12441,3,2025-02-13,Venta,-2
12442,91,2025-04-28,Venta,-1
12443,43,2025-04-28,Venta,-1
12444,38,2025-05-07,Venta,-2
12445,32,2025-05-07,Venta,-2
12446,81,2025-05-07,Venta,-1
12447,66,2025-11-05,Venta,-2
12448,55,2025-11-05,Venta,-1
12449,26,2025-11-05,Venta,-1
12450,14,2025-11-05,Venta,-1
12451,76,2026-08-20,Venta,-3
12452,54,2026-08-20,Venta,-2
12453,88,2026-07-21,Venta,-1
12454,67,2026-07-21,Venta,-1
12455,17,2024-05-29,Venta,-1
12456,48,2024-05-29,Venta,-1
12457,75,2025-01-25,Venta,-4
12458,3,2025-01-25,Venta,-1
12459,76,2025-08-28,Venta,-2
12460,23,2025-04-09,Venta,-1
12461,3,2024-07-23,Venta,-1
12462,10,2024-07-23,Venta,-1
12463,88,2024-10-05,Venta,-1
12464,95,2024-10-05,Venta,-3
12465,22,2024-08-30,Venta,-2
12466,74,2024-08-30,Venta,-2
12467,2,2025-07-24,Venta,-1
12468,67,2025-07-24,Venta,-2
12469,85,2025-07-24,Venta,-1
12470,43,2025-07-24,Venta,-1
12471,51,2025-07-24,Venta,-3
12472,95,2024-02-23,Venta,-1
12473,81,2026-05-02,Venta,-2
12474,14,2026-05-02,Venta,-1
12475,49,2024-09-07,Venta,-1
12476,4,2024-09-07,Venta,-3
12477,15,2024-09-07,Venta,-1
12478,21,2024-09-07,Venta,-6
12479,61,2024-09-07,Venta,-4
12480,26,2024-01-26,Venta,-2
12481,4,2024-01-26,Venta,-1
12482,34,2026-04-18,Venta,-2
12483,36,2026-07-15,Venta,-1
12484,92,2026-07-15,Venta,-3
12485,40,2025-12-26,Venta,-1
12486,74,2025-12-26,Venta,-3
12487,29,2025-12-26,Venta,-4
12488,45,2024-08-30,Venta,-1
12489,42,2024-08-30,Venta,-1
12490,32,2024-08-30,Venta,-2
12491,86,2024-08-30,Venta,-2
12492,33,2025-05-23,Venta,-1
12493,31,2026-05-19,Venta,-1
12494,22,2026-05-19,Venta,-1
12495,24,2026-05-19,Venta,-2
12496,40,2025-10-07,Venta,-1
12497,38,2025-07-19,Venta,-1
12498,92,2025-02-08,Venta,-1
12499,71,2025-02-08,Venta,-2
12500,16,2025-02-08,Venta,-1
12501,6,2025-02-08,Venta,-1
12502,19,2025-12-27,Venta,-4
12503,26,2025-12-27,Venta,-1
12504,49,2024-12-20,Venta,-3
12505,1,2025-11-07,Venta,-1
12506,83,2026-03-25,Venta,-1
12507,61,2026-03-25,Venta,-1
12508,32,2026-03-25,Venta,-1
12509,71,2026-03-25,Venta,-6
12510,38,2024-01-27,Venta,-1
12511,65,2024-01-27,Venta,-1
12512,89,2024-01-27,Venta,-12
12513,56,2024-01-30,Venta,-2
12514,74,2024-01-30,Venta,-1
12515,85,2024-01-30,Venta,-1
12516,88,2025-03-01,Venta,-1
12517,70,2025-10-16,Venta,-1
12518,32,2025-10-16,Venta,-1
12519,29,2025-10-16,Venta,-1
12520,91,2024-09-06,Venta,-1
12521,69,2025-04-08,Venta,-1
12522,97,2025-03-18,Venta,-1
12523,65,2025-03-18,Venta,-6
12524,21,2024-02-02,Venta,-1
12525,9,2025-08-15,Venta,-1
12526,5,2025-08-15,Venta,-1
12527,58,2025-08-15,Venta,-1
12528,54,2025-11-10,Venta,-1
12529,83,2025-11-10,Venta,-1
12530,39,2025-11-10,Venta,-1
12531,68,2026-03-12,Venta,-3
12532,22,2026-03-12,Venta,-1
12533,81,2026-03-12,Venta,-1
12534,90,2024-07-26,Venta,-2
12535,55,2026-07-01,Venta,-4
12536,36,2026-07-01,Venta,-2
12537,85,2024-08-23,Venta,-2
12538,70,2024-08-23,Venta,-1
12539,69,2025-07-25,Venta,-1
12540,34,2025-07-25,Venta,-3
12541,2,2025-10-28,Venta,-3
12542,34,2025-10-28,Venta,-1
12543,63,2025-10-28,Venta,-2
12544,24,2025-11-26,Venta,-1
12545,65,2025-11-26,Venta,-2
12546,85,2025-02-05,Venta,-2
12547,64,2026-03-26,Venta,-3
12548,62,2026-03-26,Venta,-2
12549,88,2026-03-26,Venta,-2
12550,81,2026-07-30,Venta,-1
12551,7,2024-06-21,Venta,-1
12552,87,2024-06-21,Venta,-2
12553,92,2025-04-20,Venta,-1
12554,29,2025-04-20,Venta,-3
12555,4,2026-07-05,Venta,-1
12556,37,2026-07-05,Venta,-2
12557,95,2025-11-06,Venta,-4
12558,27,2025-11-06,Venta,-3
12559,71,2025-11-06,Venta,-3
12560,54,2026-03-14,Venta,-3
12561,5,2026-03-14,Venta,-24
12562,42,2026-02-22,Venta,-1
12563,22,2026-02-22,Venta,-2
12564,2,2026-02-22,Venta,-1
12565,61,2026-02-22,Venta,-6
12566,51,2025-09-02,Venta,-3
12567,67,2025-09-02,Venta,-1
12568,21,2025-09-02,Venta,-2
12569,70,2025-09-02,Venta,-1
12570,88,2025-04-08,Venta,-1
12571,20,2025-03-18,Venta,-1
12572,57,2024-11-04,Venta,-1
12573,84,2024-11-04,Venta,-1
12574,94,2025-02-27,Venta,-1
12575,36,2025-02-27,Venta,-4
12576,29,2024-07-09,Venta,-6
12577,4,2024-07-09,Venta,-1
12578,80,2025-07-15,Venta,-2
12579,7,2024-11-13,Venta,-2
12580,55,2024-11-13,Venta,-1
12581,60,2025-12-16,Venta,-1
12582,1,2025-12-16,Venta,-2
12583,59,2026-02-09,Venta,-1
12584,1,2026-02-09,Venta,-1
12585,14,2025-11-20,Venta,-2
12586,66,2025-11-20,Venta,-1
12587,21,2025-11-20,Venta,-24
12588,29,2025-11-20,Venta,-6
12589,81,2025-11-20,Venta,-1
12590,85,2026-04-24,Venta,-1
12591,4,2026-07-15,Venta,-2
12592,5,2026-07-15,Venta,-1
12593,17,2025-06-14,Venta,-1
12594,95,2025-06-13,Venta,-1
12595,79,2025-06-13,Venta,-1
12596,58,2025-06-13,Venta,-1
12597,81,2025-12-11,Venta,-1
12598,3,2025-12-11,Venta,-2
12599,17,2026-05-31,Venta,-2
12600,76,2026-05-31,Venta,-2
12601,42,2026-05-31,Venta,-1
12602,6,2026-05-31,Venta,-1
12603,77,2024-08-22,Venta,-6
12604,78,2024-08-22,Venta,-2
12605,67,2024-08-22,Venta,-2
12606,12,2025-11-29,Venta,-1
12607,51,2025-11-29,Venta,-1
12608,54,2025-11-29,Venta,-1
12609,36,2025-04-05,Venta,-2
12610,59,2025-04-05,Venta,-1
12611,17,2025-04-05,Venta,-1
12612,14,2025-04-05,Venta,-1
12613,34,2025-12-13,Venta,-1
12614,63,2026-07-23,Venta,-4
12615,75,2026-07-23,Venta,-1
12616,94,2024-07-18,Venta,-1
12617,40,2024-07-18,Venta,-2
12618,36,2024-01-17,Venta,-1
12619,46,2024-11-14,Venta,-1
12620,28,2024-11-14,Venta,-2
12621,4,2024-03-01,Venta,-1
12622,12,2025-12-05,Venta,-2
12623,29,2025-12-05,Venta,-2
12624,93,2025-05-09,Venta,-1
12625,4,2025-04-05,Venta,-1
12626,42,2026-07-16,Venta,-4
12627,16,2026-07-16,Venta,-1
12628,66,2026-07-16,Venta,-1
12629,1,2024-07-22,Venta,-6
12630,88,2024-07-22,Venta,-1
12631,2,2024-05-16,Venta,-2
12632,91,2024-05-16,Venta,-2
12633,42,2024-05-16,Venta,-3
12634,69,2024-05-16,Venta,-6
12635,96,2025-05-08,Venta,-2
12636,36,2025-05-08,Venta,-1
12637,81,2025-05-08,Venta,-1
12638,81,2024-10-13,Venta,-1
12639,93,2024-10-13,Venta,-2
12640,7,2024-03-26,Venta,-2
12641,13,2024-03-26,Venta,-4
12642,38,2024-03-26,Venta,-2
12643,61,2024-03-26,Venta,-1
12644,64,2026-04-02,Venta,-1
12645,43,2026-04-02,Venta,-1
12646,73,2026-04-02,Venta,-3
12647,51,2026-04-02,Venta,-2
12648,72,2026-04-02,Venta,-4
12649,55,2025-08-25,Venta,-2
12650,7,2026-02-19,Venta,-1
12651,16,2026-02-19,Venta,-3
12652,95,2025-03-29,Venta,-1
12653,27,2025-03-29,Venta,-2
12654,30,2025-03-29,Venta,-3
12655,26,2025-03-29,Venta,-1
12656,62,2024-10-25,Venta,-2
12657,20,2024-10-25,Venta,-1
12658,52,2024-10-25,Venta,-2
12659,12,2024-05-14,Venta,-1
12660,51,2024-05-14,Venta,-1
12661,82,2024-05-14,Venta,-3
12662,38,2024-05-14,Venta,-1
12663,89,2026-02-28,Venta,-1
12664,34,2026-02-28,Venta,-3
12665,88,2026-02-28,Venta,-2
12666,76,2025-02-06,Venta,-1
12667,65,2025-02-06,Venta,-1
12668,54,2025-02-06,Venta,-2
12669,14,2026-07-17,Venta,-1
12670,27,2026-07-17,Venta,-1
12671,20,2026-07-17,Venta,-2
12672,12,2024-04-29,Venta,-2
12673,5,2024-04-02,Venta,-2
12674,49,2024-04-02,Venta,-1
12675,86,2024-12-12,Venta,-1
12676,37,2024-12-12,Venta,-2
12677,41,2026-04-19,Venta,-1
12678,63,2026-04-19,Venta,-1
12679,17,2026-04-19,Venta,-2
12680,74,2024-10-22,Venta,-1
12681,34,2024-10-22,Venta,-3
12682,86,2025-08-15,Venta,-24
12683,40,2024-01-02,Venta,-1
12684,54,2024-01-02,Venta,-1
12685,90,2024-01-02,Venta,-1
12686,7,2026-02-16,Venta,-4
12687,54,2024-08-08,Venta,-1
12688,18,2024-08-08,Venta,-4
12689,48,2024-09-28,Venta,-1
12690,1,2024-09-28,Venta,-2
12691,16,2024-09-28,Venta,-1
12692,34,2025-10-26,Venta,-1
12693,36,2025-10-26,Venta,-2
12694,5,2026-02-23,Venta,-1
12695,91,2026-02-23,Venta,-1
12696,50,2026-07-24,Venta,-2
12697,54,2026-07-24,Venta,-1
12698,69,2026-07-24,Venta,-3
12699,75,2025-02-16,Venta,-1
12700,1,2024-03-01,Venta,-1
12701,26,2024-03-01,Venta,-3
12702,29,2024-03-01,Venta,-1
12703,66,2024-03-01,Venta,-2
12704,14,2024-02-24,Venta,-2
12705,67,2024-02-24,Venta,-1
12706,36,2024-02-24,Venta,-1
12707,65,2024-02-24,Venta,-1
12708,69,2024-02-24,Venta,-1
12709,29,2025-09-19,Venta,-2
12710,1,2025-09-19,Venta,-3
12711,94,2025-12-25,Venta,-3
12712,76,2024-11-20,Venta,-1
12713,26,2026-03-21,Venta,-1
12714,36,2024-05-05,Venta,-4
12715,21,2026-07-27,Venta,-3
12716,81,2024-12-28,Venta,-1
12717,83,2024-12-28,Venta,-2
12718,55,2025-10-16,Venta,-3
12719,14,2025-10-16,Venta,-2
12720,60,2025-10-16,Venta,-1
12721,89,2025-06-20,Venta,-2
12722,14,2024-12-28,Venta,-2
12723,10,2025-11-17,Venta,-1
12724,93,2024-03-11,Venta,-1
12725,81,2025-02-03,Venta,-2
12726,82,2025-02-03,Venta,-2
12727,33,2025-12-13,Venta,-1
12728,24,2025-12-13,Venta,-1
12729,40,2025-03-13,Venta,-1
12730,23,2025-03-13,Venta,-1
12731,91,2025-11-22,Venta,-2
12732,2,2025-11-22,Venta,-1
12733,79,2025-11-22,Venta,-1
12734,16,2025-06-05,Venta,-1
12735,21,2025-06-05,Venta,-1
12736,46,2026-03-18,Venta,-1
12737,18,2026-03-18,Venta,-2
12738,54,2025-07-24,Venta,-1
12739,24,2025-07-24,Venta,-3
12740,3,2025-03-21,Venta,-1
12741,31,2025-03-21,Venta,-1
12742,90,2025-03-21,Venta,-1
12743,64,2024-12-10,Venta,-1
12744,61,2024-12-10,Venta,-1
12745,82,2024-12-10,Venta,-1
12746,48,2026-02-21,Venta,-1
12747,81,2026-02-21,Venta,-1
12748,20,2026-02-21,Venta,-3
12749,60,2026-02-21,Venta,-2
12750,76,2024-01-19,Venta,-1
12751,30,2024-01-19,Venta,-1
12752,55,2024-01-19,Venta,-24
12753,70,2024-01-19,Venta,-1
12754,62,2025-03-30,Venta,-6
12755,84,2024-12-29,Venta,-2
12756,71,2024-12-29,Venta,-1
12757,4,2024-12-29,Venta,-2
12758,54,2024-12-29,Venta,-1
12759,8,2026-04-18,Venta,-4
12760,37,2026-04-18,Venta,-1
12761,81,2026-04-18,Venta,-1
12762,76,2025-04-27,Venta,-2
12763,58,2025-04-27,Venta,-2
12764,22,2025-04-27,Venta,-4
12765,67,2025-04-27,Venta,-1
12766,30,2025-04-27,Venta,-2
12767,16,2024-07-17,Venta,-1
12768,18,2024-07-17,Venta,-1
12769,95,2026-07-09,Venta,-2
12770,54,2026-07-09,Venta,-2
12771,65,2024-04-13,Venta,-1
12772,15,2024-04-13,Venta,-1
12773,7,2024-04-13,Venta,-1
12774,81,2024-04-13,Venta,-3
12775,38,2025-06-06,Venta,-1
12776,3,2025-06-06,Venta,-4
12777,74,2025-06-06,Venta,-1
12778,69,2024-12-20,Venta,-1
12779,37,2025-03-03,Venta,-1
12780,84,2024-08-22,Venta,-1
12781,21,2024-08-22,Venta,-2
12782,95,2024-08-22,Venta,-1
12783,5,2026-02-02,Venta,-1
12784,94,2026-05-30,Venta,-2
12785,14,2026-05-30,Venta,-1
12786,1,2024-11-02,Venta,-1
12787,1,2024-02-15,Venta,-1
12788,7,2024-02-15,Venta,-2
12789,49,2024-02-15,Venta,-1
12790,14,2025-08-30,Venta,-1
12791,31,2025-08-30,Venta,-2
12792,22,2025-08-30,Venta,-1
12793,22,2025-12-18,Venta,-2
12794,46,2025-12-18,Venta,-1
12795,35,2025-12-18,Venta,-4
12796,4,2024-11-24,Venta,-1
12797,91,2024-04-07,Venta,-2
12798,100,2024-04-07,Venta,-1
12799,83,2026-03-20,Venta,-1
12800,81,2024-09-06,Venta,-6
12801,63,2024-09-06,Venta,-1
12802,90,2024-09-06,Venta,-4
12803,2,2024-09-06,Venta,-1
12804,4,2024-09-06,Venta,-1
12805,42,2025-10-02,Venta,-1
12806,48,2025-10-02,Venta,-2
12807,88,2025-10-02,Venta,-1
12808,70,2026-04-18,Venta,-2
12809,14,2024-05-31,Venta,-1
12810,80,2024-05-31,Venta,-1
12811,84,2024-05-31,Venta,-1
12812,85,2025-06-06,Venta,-2
12813,29,2025-06-06,Venta,-1
12814,1,2025-06-06,Venta,-1
12815,54,2026-06-05,Venta,-1
12816,27,2026-06-05,Venta,-4
12817,75,2026-06-05,Venta,-3
12818,64,2026-06-05,Venta,-2
12819,30,2024-04-25,Venta,-1
12820,5,2024-04-25,Venta,-1
12821,18,2024-04-25,Venta,-1
12822,55,2024-10-31,Venta,-2
12823,31,2024-01-21,Venta,-2
12824,14,2024-01-21,Venta,-1
12825,43,2026-05-23,Venta,-1
12826,94,2026-05-23,Venta,-1
12827,32,2026-05-23,Venta,-2
12828,2,2024-01-16,Venta,-1
12829,22,2026-05-01,Venta,-2
12830,9,2026-06-12,Venta,-1
12831,84,2026-06-12,Venta,-3
12832,34,2026-06-12,Venta,-1
12833,91,2026-06-12,Venta,-1
12834,1,2026-07-24,Venta,-1
12835,84,2026-06-19,Venta,-2
12836,41,2026-06-19,Venta,-1
12837,26,2024-05-16,Venta,-3
12838,63,2024-05-16,Venta,-1
12839,74,2024-05-16,Venta,-1
12840,44,2024-05-16,Venta,-1
12841,18,2024-05-16,Venta,-1
12842,65,2024-01-13,Venta,-2
12843,48,2024-01-13,Venta,-4
12844,2,2024-10-22,Venta,-1
12845,40,2025-06-07,Venta,-2
12846,51,2025-09-03,Venta,-3
12847,61,2025-09-03,Venta,-1
12848,7,2024-07-25,Venta,-2
12849,74,2024-07-25,Venta,-2
12850,40,2024-07-25,Venta,-2
12851,65,2026-08-13,Venta,-2
12852,32,2026-08-13,Venta,-2
12853,84,2025-05-30,Venta,-1
12854,2,2024-12-06,Venta,-2
12855,51,2024-12-06,Venta,-4
12856,76,2024-06-15,Venta,-1
12857,41,2024-06-15,Venta,-1
12858,34,2025-12-15,Venta,-1
12859,69,2025-04-12,Venta,-1
12860,90,2025-04-12,Venta,-2
12861,2,2024-06-07,Venta,-3
12862,34,2024-06-07,Venta,-4
12863,38,2024-06-07,Venta,-2
12864,22,2026-05-08,Venta,-1
12865,62,2026-05-08,Venta,-1
12866,59,2024-07-07,Venta,-2
12867,54,2026-03-13,Venta,-3
12868,29,2026-03-13,Venta,-1
12869,27,2026-03-13,Venta,-1
12870,21,2024-07-12,Venta,-1
12871,51,2024-07-21,Venta,-2
12872,74,2024-07-21,Venta,-3
12873,97,2024-07-21,Venta,-1
12874,96,2024-07-21,Venta,-1
12875,69,2024-12-30,Venta,-1
12876,76,2024-12-30,Venta,-1
12877,14,2024-12-30,Venta,-1
12878,95,2024-06-29,Venta,-1
12879,17,2024-06-29,Venta,-1
12880,35,2024-06-29,Venta,-3
12881,63,2024-06-29,Venta,-1
12882,26,2024-08-17,Venta,-1
12883,14,2024-08-17,Venta,-1
12884,8,2024-08-17,Venta,-1
12885,76,2024-08-17,Venta,-2
12886,4,2024-06-08,Venta,-1
12887,24,2024-06-08,Venta,-2
12888,1,2026-08-10,Venta,-1
12889,82,2024-12-25,Venta,-2
12890,85,2024-12-25,Venta,-2
12891,91,2024-12-25,Venta,-1
12892,36,2024-12-25,Venta,-1
12893,49,2024-12-25,Venta,-1
12894,32,2025-07-02,Venta,-2
12895,94,2025-07-02,Venta,-1
12896,4,2025-10-30,Venta,-1
12897,55,2025-08-29,Venta,-1
12898,63,2025-08-29,Venta,-2
12899,2,2025-08-29,Venta,-2
12900,36,2025-02-16,Venta,-1
12901,29,2024-06-01,Venta,-2
12902,23,2024-06-01,Venta,-2
12903,2,2024-05-02,Venta,-1
12904,35,2024-05-02,Venta,-2
12905,4,2025-05-02,Venta,-2
12906,11,2025-05-02,Venta,-1
12907,89,2026-07-27,Venta,-1
12908,21,2025-03-09,Venta,-2
12909,20,2025-03-09,Venta,-1
12910,89,2024-09-19,Venta,-1
12911,35,2024-09-19,Venta,-3
12912,76,2024-09-19,Venta,-2
12913,71,2024-09-19,Venta,-2
12914,83,2025-10-30,Venta,-1
12915,4,2025-06-07,Venta,-2
12916,100,2026-06-24,Venta,-1
12917,68,2026-06-24,Venta,-2
12918,77,2025-01-12,Venta,-1
12919,46,2025-01-12,Venta,-3
12920,93,2024-03-21,Venta,-2
12921,98,2024-08-07,Venta,-4
12922,27,2024-08-07,Venta,-2
12923,24,2024-03-05,Venta,-18
12924,34,2024-03-05,Venta,-2
12925,60,2024-03-05,Venta,-1
12926,88,2024-11-05,Venta,-1
12927,53,2026-07-21,Venta,-2
12928,54,2026-07-21,Venta,-2
12929,34,2026-07-21,Venta,-3
12930,46,2025-06-02,Venta,-4
12931,83,2025-06-02,Venta,-1
12932,91,2024-09-21,Venta,-24
12933,86,2025-10-07,Venta,-1
12934,4,2025-10-07,Venta,-2
12935,100,2025-10-07,Venta,-2
12936,89,2025-10-07,Venta,-2
12937,55,2025-03-21,Venta,-2
12938,17,2025-03-21,Venta,-1
12939,88,2024-07-17,Venta,-1
12940,74,2025-03-19,Venta,-1
12941,74,2024-03-13,Venta,-6
12942,47,2024-03-13,Venta,-1
12943,70,2024-03-13,Venta,-2
12944,22,2024-03-13,Venta,-1
12945,64,2025-12-15,Venta,-1
12946,83,2025-12-15,Venta,-1
12947,27,2024-07-08,Venta,-1
12948,74,2024-07-23,Venta,-1
12949,1,2024-07-23,Venta,-1
12950,38,2024-07-23,Venta,-1
12951,27,2026-06-14,Venta,-1
12952,16,2026-06-14,Venta,-4
12953,61,2026-06-14,Venta,-18
12954,26,2024-05-31,Venta,-1
12955,92,2024-03-16,Venta,-1
12956,14,2024-03-16,Venta,-1
12957,34,2024-03-16,Venta,-3
12958,3,2024-03-16,Venta,-2
12959,62,2025-06-21,Venta,-2
12960,83,2024-04-05,Venta,-1
12961,31,2024-04-05,Venta,-6
12962,68,2026-06-27,Venta,-1
12963,62,2026-06-27,Venta,-1
12964,40,2024-05-31,Venta,-1
12965,1,2025-10-20,Venta,-2
12966,96,2025-10-20,Venta,-1
12967,37,2024-08-29,Venta,-1
12968,78,2024-08-29,Venta,-1
12969,81,2026-08-11,Venta,-1
12970,74,2026-08-11,Venta,-1
12971,49,2024-12-14,Venta,-1
12972,61,2024-12-14,Venta,-6
12973,69,2024-10-08,Venta,-1
12974,62,2024-10-08,Venta,-1
12975,17,2024-10-08,Venta,-1
12976,2,2025-03-24,Venta,-2
12977,29,2025-03-24,Venta,-2
12978,38,2024-05-08,Venta,-1
12979,94,2024-05-08,Venta,-1
12980,70,2024-05-08,Venta,-3
12981,73,2024-05-08,Venta,-2
12982,18,2025-09-23,Venta,-2
12983,18,2025-04-26,Venta,-1
12984,61,2024-03-07,Venta,-2
12985,51,2025-05-10,Venta,-1
12986,36,2024-05-03,Venta,-1
12987,75,2024-05-03,Venta,-1
12988,26,2024-08-01,Venta,-1
12989,45,2024-08-01,Venta,-1
12990,22,2024-08-01,Venta,-1
12991,20,2024-12-25,Venta,-1
12992,10,2024-12-25,Venta,-2
12993,55,2024-09-21,Venta,-1
12994,87,2024-09-21,Venta,-1
12995,88,2026-08-20,Venta,-4
12996,67,2026-08-20,Venta,-3
12997,74,2025-07-24,Venta,-1
12998,67,2024-05-26,Venta,-24
12999,81,2024-05-26,Venta,-1
13000,70,2024-05-26,Venta,-3
13001,63,2024-05-26,Venta,-1
13002,84,2024-09-06,Venta,-1
13003,14,2024-09-06,Venta,-1
13004,64,2024-08-17,Venta,-2
13005,38,2024-02-07,Venta,-1
13006,46,2024-06-23,Venta,-1
13007,45,2025-11-05,Venta,-4
13008,60,2025-11-13,Venta,-1
13009,63,2025-11-13,Venta,-2
13010,83,2025-11-13,Venta,-2
13011,38,2025-11-13,Venta,-1
13012,94,2026-03-13,Venta,-4
13013,85,2026-03-13,Venta,-1
13014,2,2025-05-20,Venta,-2
13015,5,2026-07-19,Venta,-2
13016,47,2026-07-19,Venta,-3
13017,32,2026-03-12,Venta,-1
13018,58,2024-01-31,Venta,-1
13019,64,2024-01-31,Venta,-1
13020,4,2024-01-31,Venta,-12
13021,95,2024-01-31,Venta,-2
13022,62,2024-01-31,Venta,-1
13023,14,2025-10-09,Venta,-1
13024,31,2025-10-09,Venta,-4
13025,65,2025-10-09,Venta,-1
13026,76,2025-10-09,Venta,-2
13027,48,2025-08-11,Venta,-2
13028,55,2025-08-11,Venta,-1
13029,93,2025-08-11,Venta,-3
13030,23,2026-06-14,Venta,-1
13031,10,2026-06-14,Venta,-1
13032,76,2026-06-14,Venta,-2
13033,16,2026-06-14,Venta,-2
13034,29,2026-06-14,Venta,-3
13035,59,2024-09-30,Venta,-1
13036,86,2024-10-10,Venta,-1
13037,33,2024-10-10,Venta,-1
13038,36,2024-06-22,Venta,-1
13039,91,2024-03-21,Venta,-1
13040,32,2024-03-21,Venta,-1
13041,46,2024-03-21,Venta,-1
13042,29,2024-03-21,Venta,-1
13043,91,2024-09-15,Venta,-2
13044,64,2024-09-15,Venta,-3
13045,46,2024-09-15,Venta,-1
13046,58,2026-03-08,Venta,-1
13047,95,2025-03-15,Venta,-2
13048,40,2026-08-10,Venta,-1
13049,72,2026-08-10,Venta,-1
13050,2,2025-11-08,Venta,-2
13051,56,2025-11-08,Venta,-3
13052,71,2024-07-27,Venta,-1
13053,70,2024-07-05,Venta,-1
13054,26,2024-07-05,Venta,-2
13055,14,2024-07-05,Venta,-1
13056,26,2024-07-25,Venta,-1
13057,79,2024-07-25,Venta,-2
13058,99,2025-08-07,Venta,-2
13059,18,2025-08-07,Venta,-1
13060,67,2024-11-14,Venta,-1
13061,18,2024-11-14,Venta,-1
13062,1,2024-02-21,Venta,-3
13063,4,2024-02-21,Venta,-2
13064,70,2024-02-21,Venta,-3
13065,58,2025-07-03,Venta,-2
13066,67,2025-07-03,Venta,-1
13067,34,2024-10-01,Venta,-2
13068,76,2025-09-03,Venta,-1
13069,4,2025-09-03,Venta,-1
13070,46,2026-03-25,Venta,-12
13071,62,2024-11-19,Venta,-18
13072,94,2024-11-19,Venta,-1
13073,24,2024-11-16,Venta,-1
13074,29,2024-11-16,Venta,-2
13075,40,2024-11-16,Venta,-1
13076,11,2024-11-16,Venta,-1
13077,27,2024-03-06,Venta,-1
13078,78,2024-03-06,Venta,-1
13079,90,2024-03-06,Venta,-1
13080,85,2025-06-14,Venta,-1
13081,55,2025-06-14,Venta,-4
13082,29,2026-03-27,Venta,-2
13083,37,2026-03-27,Venta,-2
13084,34,2026-03-27,Venta,-1
13085,32,2026-03-27,Venta,-1
13086,4,2026-04-22,Venta,-3
13087,54,2026-04-22,Venta,-1
13088,55,2026-04-22,Venta,-1
13089,76,2025-01-02,Venta,-2
13090,26,2025-01-02,Venta,-4
13091,14,2024-03-22,Venta,-2
13092,41,2025-03-04,Venta,-3
13093,63,2025-03-04,Venta,-1
13094,92,2025-05-06,Venta,-2
13095,14,2025-05-06,Venta,-2
13096,64,2025-05-06,Venta,-1
13097,93,2024-03-22,Venta,-3
13098,99,2024-03-22,Venta,-12
13099,26,2024-03-22,Venta,-1
13100,76,2024-03-22,Venta,-2
13101,26,2026-03-28,Venta,-1
13102,3,2026-08-26,Venta,-1
13103,99,2025-06-07,Venta,-2
13104,2,2025-06-07,Venta,-1
13105,14,2026-06-26,Venta,-2
13106,11,2024-01-17,Venta,-2
13107,10,2026-04-05,Venta,-1
13108,16,2026-04-05,Venta,-3
13109,99,2026-04-05,Venta,-6
13110,31,2026-04-05,Venta,-1
13111,1,2024-06-12,Venta,-1
13112,31,2024-06-12,Venta,-2
13113,94,2024-06-12,Venta,-1
13114,92,2024-12-09,Venta,-1
13115,74,2025-02-08,Venta,-2
13116,26,2026-01-06,Venta,-1
13117,4,2026-01-06,Venta,-1
13118,74,2024-01-05,Venta,-1
13119,100,2024-01-05,Venta,-2
13120,43,2024-01-05,Venta,-3
13121,76,2024-01-05,Venta,-2
13122,85,2026-04-23,Venta,-3
13123,4,2024-06-07,Venta,-24
13124,48,2024-06-07,Venta,-1
13125,18,2024-06-07,Venta,-2
13126,7,2024-06-07,Venta,-1
13127,100,2025-09-10,Venta,-3
13128,85,2025-09-10,Venta,-1
13129,46,2025-09-10,Venta,-1
13130,25,2025-03-02,Venta,-1
13131,27,2025-03-02,Venta,-1
13132,42,2025-03-02,Venta,-1
13133,63,2025-03-02,Venta,-1
13134,84,2025-03-02,Venta,-12
13135,70,2025-08-18,Venta,-1
13136,88,2025-08-18,Venta,-1
13137,2,2025-08-18,Venta,-2
13138,96,2025-08-18,Venta,-12
13139,37,2025-08-18,Venta,-1
13140,55,2026-06-02,Venta,-1
13141,36,2026-06-02,Venta,-1
13142,48,2025-06-05,Venta,-2
13143,24,2025-06-05,Venta,-3
13144,4,2024-03-08,Venta,-2
13145,36,2025-07-24,Venta,-2
13146,16,2024-08-09,Venta,-2
13147,12,2026-01-08,Venta,-2
13148,38,2026-01-08,Venta,-12
13149,31,2025-12-14,Venta,-2
13150,10,2024-07-21,Venta,-1
13151,74,2024-07-21,Venta,-2
13152,22,2024-07-21,Venta,-1
13153,82,2024-07-21,Venta,-1
13154,62,2026-04-18,Venta,-2
13155,48,2024-10-08,Venta,-4
13156,3,2024-10-08,Venta,-2
13157,48,2025-05-24,Venta,-1
13158,52,2025-05-24,Venta,-1
13159,2,2025-05-24,Venta,-2
13160,83,2025-05-24,Venta,-1
13161,34,2024-05-29,Venta,-1
13162,48,2026-08-28,Venta,-2
13163,44,2026-08-28,Venta,-1
13164,37,2026-08-28,Venta,-2
13165,51,2026-08-06,Venta,-1
13166,99,2026-08-06,Venta,-1
13167,44,2026-03-19,Venta,-1
13168,34,2026-03-19,Venta,-18
13169,87,2025-11-30,Venta,-3
13170,49,2025-11-05,Venta,-3
13171,7,2025-01-05,Venta,-1
13172,12,2025-01-05,Venta,-1
13173,58,2025-10-31,Venta,-2
13174,34,2025-10-31,Venta,-1
13175,4,2025-10-31,Venta,-4
13176,38,2026-06-03,Venta,-3
13177,55,2025-02-07,Venta,-4
13178,2,2025-05-23,Venta,-1
13179,8,2025-05-23,Venta,-1
13180,26,2024-12-08,Venta,-1
13181,94,2024-12-08,Venta,-4
13182,64,2024-12-08,Venta,-1
13183,8,2024-11-09,Venta,-1
13184,36,2024-11-09,Venta,-1
13185,71,2024-11-09,Venta,-1
13186,34,2025-06-11,Venta,-3
13187,86,2025-06-11,Venta,-2
13188,52,2024-04-21,Venta,-1
13189,14,2024-04-21,Venta,-2
13190,85,2024-04-21,Venta,-4
13191,29,2025-02-12,Venta,-2
13192,38,2025-07-24,Venta,-2
13193,88,2025-07-24,Venta,-1
13194,31,2025-01-27,Venta,-1
13195,86,2025-01-27,Venta,-1
13196,90,2025-01-27,Venta,-1
13197,3,2025-08-21,Venta,-12
13198,99,2026-01-10,Venta,-1
13199,4,2026-01-10,Venta,-4
13200,2,2026-01-10,Venta,-3
13201,71,2026-01-10,Venta,-1
13202,84,2025-02-13,Venta,-2
13203,85,2025-02-13,Venta,-4
13204,24,2025-02-11,Venta,-1
13205,85,2025-04-23,Venta,-1
13206,47,2025-04-23,Venta,-1
13207,29,2025-04-23,Venta,-12
13208,71,2026-03-10,Venta,-1
13209,23,2026-07-23,Venta,-2
13210,55,2024-10-07,Venta,-1
13211,74,2025-07-10,Venta,-2
13212,67,2025-07-10,Venta,-3
13213,58,2025-07-10,Venta,-24
13214,5,2025-07-10,Venta,-1
13215,74,2026-05-15,Venta,-2
13216,33,2025-02-23,Venta,-1
13217,2,2025-02-23,Venta,-1
13218,31,2025-02-23,Venta,-1
13219,96,2026-02-01,Venta,-2
13220,51,2024-12-21,Venta,-1
13221,92,2026-03-31,Venta,-2
13222,46,2026-03-31,Venta,-1
13223,33,2025-02-07,Venta,-1
13224,69,2025-02-07,Venta,-1
13225,8,2025-02-07,Venta,-2
13226,71,2024-09-17,Venta,-1
13227,4,2024-09-17,Venta,-1
13228,85,2026-05-09,Venta,-2
13229,33,2026-05-09,Venta,-3
13230,97,2026-05-09,Venta,-2
13231,27,2024-08-15,Venta,-2
13232,22,2026-01-28,Venta,-1
13233,51,2026-01-28,Venta,-1
13234,69,2026-01-28,Venta,-1
13235,76,2026-01-28,Venta,-1
13236,19,2024-01-19,Venta,-1
13237,73,2024-01-19,Venta,-1
13238,74,2024-01-19,Venta,-1
13239,5,2024-09-20,Venta,-2
13240,67,2026-05-09,Venta,-2
13241,3,2026-05-09,Venta,-2
13242,42,2024-06-07,Venta,-2
13243,61,2024-06-07,Venta,-1
13244,54,2024-06-07,Venta,-1
13245,71,2024-06-07,Venta,-2
13246,35,2026-03-06,Venta,-2
13247,80,2025-09-03,Venta,-3
13248,49,2025-09-03,Venta,-3
13249,100,2025-11-17,Venta,-1
13250,92,2025-12-12,Venta,-1
13251,51,2025-12-24,Venta,-1
13252,34,2025-12-24,Venta,-1
13253,8,2024-07-08,Venta,-2
13254,23,2024-07-08,Venta,-1
13255,26,2024-07-08,Venta,-4
13256,86,2025-01-03,Venta,-1
13257,36,2024-02-27,Venta,-1
13258,74,2024-02-27,Venta,-1
13259,65,2024-02-27,Venta,-1
13260,64,2025-08-19,Venta,-2
13261,27,2025-08-19,Venta,-1
13262,49,2024-07-13,Venta,-1
13263,54,2024-07-13,Venta,-1
13264,71,2024-07-13,Venta,-4
13265,37,2024-02-14,Venta,-1
13266,88,2024-07-03,Venta,-1
13267,3,2024-07-03,Venta,-1
13268,74,2024-04-16,Venta,-1
13269,8,2024-02-07,Venta,-3
13270,34,2024-02-07,Venta,-1
13271,45,2024-06-26,Venta,-1
13272,55,2024-06-26,Venta,-1
13273,22,2024-12-01,Venta,-24
13274,34,2024-12-01,Venta,-1
13275,14,2025-09-06,Venta,-2
13276,23,2025-09-06,Venta,-1
13277,21,2025-06-23,Venta,-4
13278,85,2025-06-23,Venta,-1
13279,22,2024-02-10,Venta,-2
13280,55,2026-02-20,Venta,-1
13281,85,2026-02-20,Venta,-3
13282,91,2024-09-07,Venta,-1
13283,81,2024-09-07,Venta,-1
13284,66,2025-08-09,Venta,-1
13285,1,2025-08-09,Venta,-4
13286,46,2025-08-09,Venta,-1
13287,55,2025-11-23,Venta,-2
13288,74,2025-11-23,Venta,-1
13289,58,2024-06-01,Venta,-2
13290,34,2025-02-25,Venta,-1
13291,4,2026-03-05,Venta,-1
13292,8,2026-03-05,Venta,-2
13293,100,2026-03-05,Venta,-1
13294,43,2024-01-21,Venta,-2
13295,83,2026-03-20,Venta,-1
13296,90,2026-03-20,Venta,-1
13297,4,2024-04-05,Venta,-1
13298,66,2024-04-05,Venta,-1
13299,4,2025-08-07,Venta,-1
13300,81,2025-08-07,Venta,-1
13301,51,2024-05-11,Venta,-1
13302,84,2024-10-19,Venta,-1
13303,1,2025-01-29,Venta,-1
13304,97,2025-01-29,Venta,-2
13305,18,2025-11-04,Venta,-4
13306,87,2024-03-01,Venta,-1
13307,4,2024-03-01,Venta,-3
13308,52,2024-05-12,Venta,-2
13309,48,2024-05-12,Venta,-2
13310,31,2024-05-12,Venta,-1
13311,30,2024-05-12,Venta,-1
13312,100,2026-08-19,Venta,-1
13313,21,2024-04-16,Venta,-2
13314,49,2026-01-19,Venta,-1
13315,12,2026-01-19,Venta,-1
13316,76,2024-08-02,Venta,-1
13317,48,2024-08-02,Venta,-1
13318,14,2024-08-02,Venta,-1
13319,84,2025-12-13,Venta,-1
13320,14,2025-12-13,Venta,-3
13321,76,2025-12-13,Venta,-1
13322,1,2025-10-18,Venta,-1
13323,55,2025-10-18,Venta,-1
13324,20,2025-10-18,Venta,-1
13325,88,2025-12-28,Venta,-3
13326,82,2024-09-07,Venta,-3
13327,11,2024-10-19,Venta,-1
13328,12,2024-10-19,Venta,-3
13329,24,2024-10-19,Venta,-1
13330,91,2024-10-19,Venta,-1
13331,67,2024-11-22,Venta,-1
13332,19,2024-11-22,Venta,-1
13333,29,2024-11-22,Venta,-1
13334,68,2024-04-01,Venta,-1
13335,3,2025-08-10,Venta,-1
13336,48,2025-08-10,Venta,-2
13337,85,2024-04-23,Venta,-1
13338,95,2025-05-28,Venta,-1
13339,82,2025-05-28,Venta,-1
13340,89,2025-05-28,Venta,-2
13341,14,2024-06-09,Venta,-2
13342,12,2024-04-17,Venta,-1
13343,71,2024-10-13,Venta,-1
13344,2,2024-10-13,Venta,-1
13345,40,2026-06-03,Venta,-2
13346,29,2026-06-03,Venta,-1
13347,14,2026-08-06,Venta,-1
13348,61,2025-12-28,Venta,-3
13349,24,2025-12-28,Venta,-1
13350,82,2025-12-28,Venta,-1
13351,89,2026-04-11,Venta,-2
13352,61,2026-01-10,Venta,-3
13353,48,2026-01-10,Venta,-3
13354,70,2024-10-22,Venta,-1
13355,20,2024-10-22,Venta,-1
13356,100,2025-09-27,Venta,-3
13357,84,2025-10-07,Venta,-1
13358,74,2025-10-07,Venta,-1
13359,24,2025-08-15,Venta,-2
13360,59,2025-08-15,Venta,-1
13361,5,2025-08-15,Venta,-1
13362,94,2025-08-15,Venta,-2
13363,41,2024-07-22,Venta,-1
13364,87,2024-04-12,Venta,-1
13365,51,2025-11-12,Venta,-3
13366,75,2025-11-12,Venta,-2
13367,74,2025-11-12,Venta,-2
13368,52,2026-02-25,Venta,-1
13369,33,2026-02-25,Venta,-1
13370,29,2025-07-04,Venta,-12
13371,66,2025-07-04,Venta,-2
13372,16,2024-02-03,Venta,-2
13373,34,2024-02-03,Venta,-4
13374,1,2024-09-12,Venta,-1
13375,67,2026-06-05,Venta,-1
13376,72,2026-06-05,Venta,-1
13377,14,2026-06-05,Venta,-1
13378,51,2025-02-02,Venta,-1
13379,29,2025-02-02,Venta,-3
13380,81,2025-02-02,Venta,-3
13381,2,2025-03-24,Venta,-1
13382,88,2025-03-24,Venta,-2
13383,31,2025-06-24,Venta,-2
13384,51,2025-06-24,Venta,-4
13385,74,2026-07-17,Venta,-1
13386,99,2026-07-17,Venta,-1
13387,90,2024-09-26,Venta,-2
13388,46,2024-09-26,Venta,-2
13389,51,2024-09-26,Venta,-2
13390,61,2024-09-26,Venta,-1
13391,43,2025-12-11,Venta,-1
13392,22,2025-08-02,Venta,-2
13393,20,2025-08-02,Venta,-1
13394,82,2025-08-02,Venta,-3
13395,2,2026-07-23,Venta,-1
13396,21,2026-07-23,Venta,-1
13397,42,2024-12-19,Venta,-1
13398,38,2025-12-03,Venta,-2
13399,4,2025-12-03,Venta,-1
13400,14,2025-12-03,Venta,-1
13401,85,2026-04-12,Venta,-1
13402,85,2026-08-25,Venta,-2
13403,22,2026-08-25,Venta,-4
13404,37,2025-11-20,Venta,-1
13405,53,2025-11-20,Venta,-1
13406,76,2025-11-20,Venta,-1
13407,21,2025-11-20,Venta,-3
13408,81,2024-08-23,Venta,-18
13409,74,2024-08-23,Venta,-2
13410,27,2025-10-09,Venta,-1
13411,87,2024-11-23,Venta,-1
13412,29,2025-07-21,Venta,-1
13413,4,2025-07-21,Venta,-1
13414,12,2026-07-21,Venta,-2
13415,10,2026-07-08,Venta,-2
13416,81,2026-07-08,Venta,-1
13417,26,2026-07-08,Venta,-1
13418,62,2025-10-24,Venta,-3
13419,54,2025-12-06,Venta,-2
13420,58,2025-12-06,Venta,-1
13421,60,2026-03-27,Venta,-2
13422,76,2026-03-27,Venta,-2
13423,82,2025-02-14,Venta,-1
13424,1,2024-05-08,Venta,-2
13425,4,2024-05-08,Venta,-1
13426,81,2024-12-17,Venta,-2
13427,54,2025-12-06,Venta,-3
13428,34,2025-12-06,Venta,-1
13429,18,2025-12-06,Venta,-1
13430,61,2025-12-06,Venta,-2
13431,22,2025-03-09,Venta,-3
13432,82,2025-03-09,Venta,-1
13433,37,2025-03-09,Venta,-1
13434,29,2025-03-09,Venta,-2
13435,81,2025-03-09,Venta,-1
13436,71,2024-03-22,Venta,-4
13437,69,2024-03-22,Venta,-2
13438,1,2024-03-22,Venta,-1
13439,14,2025-11-16,Venta,-1
13440,5,2025-11-16,Venta,-3
13441,29,2025-11-16,Venta,-1
13442,20,2024-01-13,Venta,-2
13443,14,2024-01-13,Venta,-2
13444,94,2024-04-02,Venta,-1
13445,59,2024-04-02,Venta,-2
13446,10,2024-04-02,Venta,-1
13447,35,2024-12-03,Venta,-1
13448,38,2024-12-21,Venta,-1
13449,85,2024-12-21,Venta,-1
13450,88,2025-08-18,Venta,-1
13451,14,2025-08-18,Venta,-1
13452,36,2025-12-06,Venta,-1
13453,91,2024-09-06,Venta,-3
13454,27,2024-09-06,Venta,-2
13455,24,2025-03-03,Venta,-4
13456,51,2024-11-22,Venta,-2
13457,63,2024-11-22,Venta,-2
13458,31,2024-05-03,Venta,-1
13459,55,2026-07-12,Venta,-2
13460,72,2026-07-12,Venta,-2
13461,29,2024-04-21,Venta,-2
13462,55,2024-04-21,Venta,-1
13463,81,2024-04-21,Venta,-1
13464,75,2024-04-21,Venta,-2
13465,63,2024-09-28,Venta,-4
13466,48,2024-09-28,Venta,-6
13467,85,2025-12-25,Venta,-1
13468,18,2025-12-25,Venta,-1
13469,36,2025-06-22,Venta,-2
13470,91,2025-06-22,Venta,-2
13471,78,2025-05-01,Venta,-24
13472,24,2026-07-06,Venta,-4
13473,63,2026-07-06,Venta,-2
13474,65,2026-07-06,Venta,-4
13475,14,2025-10-06,Venta,-2
13476,74,2025-10-06,Venta,-2
13477,21,2024-08-02,Venta,-3
13478,14,2024-08-02,Venta,-1
13479,86,2025-01-24,Venta,-1
13480,27,2025-01-24,Venta,-1
13481,76,2025-01-24,Venta,-3
13482,94,2025-01-24,Venta,-6
13483,68,2025-09-16,Venta,-1
13484,38,2025-12-25,Venta,-1
13485,49,2025-12-25,Venta,-1
13486,28,2025-12-25,Venta,-1
13487,14,2025-12-25,Venta,-1
13488,52,2024-12-04,Venta,-1
13489,70,2024-12-04,Venta,-2
13490,56,2024-10-18,Venta,-1
13491,40,2025-10-29,Venta,-1
13492,14,2024-03-26,Venta,-6
13493,27,2024-02-26,Venta,-1
13494,16,2024-02-26,Venta,-1
13495,4,2024-08-01,Venta,-2
13496,34,2024-08-01,Venta,-3
13497,36,2024-08-01,Venta,-1
13498,3,2024-08-01,Venta,-2
13499,2,2025-10-21,Venta,-1
13500,38,2025-10-21,Venta,-1
13501,51,2025-03-15,Venta,-1
13502,35,2025-03-15,Venta,-2
13503,92,2025-03-15,Venta,-2
13504,34,2025-04-09,Venta,-1
13505,69,2025-04-09,Venta,-2
13506,45,2026-07-19,Venta,-1
13507,2,2024-05-10,Venta,-1
13508,30,2024-05-10,Venta,-1
13509,71,2024-05-10,Venta,-2
13510,21,2024-05-10,Venta,-1
13511,74,2025-02-08,Venta,-2
13512,82,2025-08-05,Venta,-1
13513,18,2024-03-05,Venta,-1
13514,15,2024-03-05,Venta,-2
13515,55,2025-10-31,Venta,-2
13516,97,2026-07-14,Venta,-2
13517,95,2026-07-14,Venta,-1
13518,86,2024-02-06,Venta,-1
13519,32,2024-02-06,Venta,-3
13520,70,2024-02-06,Venta,-3
13521,7,2024-12-18,Venta,-6
13522,22,2024-12-18,Venta,-1
13523,76,2024-06-11,Venta,-2
13524,37,2024-06-11,Venta,-6
13525,7,2024-04-14,Venta,-6
13526,54,2024-04-14,Venta,-1
13527,21,2024-04-14,Venta,-1
13528,22,2024-04-14,Venta,-3
13529,34,2024-04-14,Venta,-1
13530,97,2025-11-10,Venta,-1
13531,46,2025-11-10,Venta,-1
13532,76,2025-11-10,Venta,-1
13533,72,2025-11-10,Venta,-1
13534,55,2025-11-10,Venta,-1
13535,42,2024-01-15,Venta,-1
13536,87,2026-06-21,Venta,-1
13537,16,2024-09-13,Venta,-24
13538,85,2025-09-21,Venta,-1
13539,24,2025-09-21,Venta,-2
13540,49,2025-09-21,Venta,-2
13541,23,2025-11-10,Venta,-1
13542,83,2024-11-27,Venta,-2
13543,45,2024-11-27,Venta,-1
13544,2,2024-11-27,Venta,-1
13545,31,2024-11-27,Venta,-1
13546,21,2025-05-08,Venta,-1
13547,23,2025-01-03,Venta,-3
13548,18,2025-01-03,Venta,-1
13549,81,2025-01-03,Venta,-1
13550,51,2025-05-21,Venta,-2
13551,47,2025-05-21,Venta,-2
13552,100,2025-05-21,Venta,-1
13553,87,2025-07-29,Venta,-1
13554,10,2025-05-24,Venta,-1
13555,42,2026-03-12,Venta,-2
13556,74,2026-03-12,Venta,-1
13557,27,2026-03-12,Venta,-1
13558,85,2026-07-25,Venta,-1
13559,5,2026-07-25,Venta,-3
13560,70,2026-07-25,Venta,-2
13561,52,2025-05-16,Venta,-1
13562,55,2025-05-16,Venta,-1
13563,41,2025-05-16,Venta,-1
13564,47,2025-05-16,Venta,-1
13565,29,2025-05-16,Venta,-1
13566,84,2026-07-10,Venta,-1
13567,3,2024-05-06,Venta,-1
13568,24,2024-12-02,Venta,-1
13569,52,2026-04-03,Venta,-4
13570,75,2026-04-03,Venta,-2
13571,68,2024-06-20,Venta,-1
13572,26,2024-06-20,Venta,-3
13573,90,2024-06-20,Venta,-4
13574,29,2025-12-25,Venta,-1
13575,23,2025-12-25,Venta,-2
13576,2,2024-02-23,Venta,-3
13577,4,2024-02-23,Venta,-2
13578,71,2025-05-20,Venta,-1
13579,99,2025-05-20,Venta,-1
13580,62,2025-05-20,Venta,-1
13581,16,2025-05-20,Venta,-1
13582,95,2025-05-20,Venta,-2
13583,23,2025-05-17,Venta,-1
13584,34,2025-05-17,Venta,-3
13585,62,2024-02-13,Venta,-1
13586,6,2024-02-13,Venta,-6
13587,86,2024-07-31,Venta,-4
13588,4,2025-12-09,Venta,-2
13589,92,2026-05-16,Venta,-4
13590,2,2026-05-16,Venta,-24
13591,37,2026-02-12,Venta,-1
13592,65,2026-05-19,Venta,-1
13593,100,2026-07-28,Venta,-2
13594,87,2026-05-29,Venta,-1
13595,5,2026-05-29,Venta,-1
13596,22,2024-07-12,Venta,-2
13597,75,2024-07-12,Venta,-1
13598,70,2024-07-12,Venta,-2
13599,84,2025-10-30,Venta,-1
13600,22,2026-03-21,Venta,-2
13601,34,2026-03-21,Venta,-1
13602,26,2025-01-28,Venta,-4
13603,51,2025-11-03,Venta,-3
13604,4,2025-11-03,Venta,-2
13605,42,2025-11-22,Venta,-3
13606,55,2025-11-22,Venta,-1
13607,12,2024-06-29,Venta,-4
13608,36,2025-11-29,Venta,-2
13609,40,2026-04-10,Venta,-1
13610,51,2026-04-10,Venta,-1
13611,71,2025-02-23,Venta,-3
13612,26,2025-02-23,Venta,-3
13613,38,2025-10-03,Venta,-3
13614,31,2025-10-03,Venta,-2
13615,34,2025-10-03,Venta,-1
13616,6,2024-02-12,Venta,-1
13617,79,2025-03-04,Venta,-1
13618,21,2025-03-04,Venta,-1
13619,80,2024-01-08,Venta,-1
13620,1,2025-05-28,Venta,-1
13621,24,2026-07-10,Venta,-2
13622,40,2025-12-09,Venta,-1
13623,34,2024-03-12,Venta,-2
13624,81,2024-03-12,Venta,-1
13625,2,2024-03-12,Venta,-1
13626,33,2024-03-12,Venta,-1
13627,36,2024-03-12,Venta,-1
13628,5,2025-09-20,Venta,-2
13629,61,2025-09-20,Venta,-2
13630,85,2025-09-20,Venta,-1
13631,34,2025-09-20,Venta,-1
13632,22,2025-11-22,Venta,-1
13633,12,2025-11-22,Venta,-1
13634,8,2025-11-22,Venta,-1
13635,79,2025-11-22,Venta,-1
13636,11,2024-12-14,Venta,-1
13637,22,2024-12-14,Venta,-1
13638,14,2024-10-29,Venta,-1
13639,37,2024-10-29,Venta,-3
13640,5,2024-10-29,Venta,-1
13641,51,2026-04-24,Venta,-2
13642,37,2025-04-17,Venta,-3
13643,4,2024-01-14,Venta,-1
13644,51,2024-01-14,Venta,-1
13645,76,2024-06-24,Venta,-1
13646,61,2024-06-24,Venta,-2
13647,71,2024-06-24,Venta,-2
13648,49,2026-08-13,Venta,-2
13649,59,2026-04-09,Venta,-2
13650,14,2024-05-13,Venta,-1
13651,36,2024-05-13,Venta,-1
13652,84,2024-05-13,Venta,-1
13653,26,2024-05-13,Venta,-2
13654,14,2024-09-13,Venta,-1
13655,16,2024-09-13,Venta,-1
13656,91,2024-09-13,Venta,-3
13657,24,2024-09-13,Venta,-1
13658,88,2025-04-19,Venta,-2
13659,27,2025-04-19,Venta,-1
13660,51,2025-04-19,Venta,-18
13661,1,2024-12-05,Venta,-1
13662,48,2024-12-05,Venta,-1
13663,88,2024-12-05,Venta,-1
13664,59,2026-02-03,Venta,-2
13665,19,2026-02-03,Venta,-1
13666,49,2026-02-03,Venta,-1
13667,44,2024-10-26,Venta,-3
13668,74,2024-12-11,Venta,-2
13669,59,2024-12-11,Venta,-1
13670,76,2025-03-22,Venta,-1
13671,22,2025-03-22,Venta,-1
13672,91,2025-04-17,Venta,-1
13673,67,2025-04-17,Venta,-1
13674,15,2024-09-14,Venta,-2
13675,4,2024-04-26,Venta,-3
13676,20,2024-04-26,Venta,-2
13677,34,2025-09-16,Venta,-1
13678,49,2025-09-16,Venta,-1
13679,21,2025-09-16,Venta,-1
13680,68,2025-01-03,Venta,-2
13681,26,2024-03-01,Venta,-1
13682,81,2024-03-01,Venta,-3
13683,85,2026-04-18,Venta,-2
13684,31,2026-04-18,Venta,-3
13685,70,2026-04-18,Venta,-1
13686,86,2026-04-18,Venta,-2
13687,61,2024-04-17,Venta,-1
13688,14,2024-04-17,Venta,-2
13689,92,2024-04-17,Venta,-1
13690,35,2024-04-17,Venta,-1
13691,15,2025-02-07,Venta,-2
13692,76,2025-06-06,Venta,-1
13693,45,2025-06-06,Venta,-1
13694,70,2025-06-06,Venta,-1
13695,89,2026-05-30,Venta,-1
13696,24,2026-08-15,Venta,-1
13697,78,2026-08-15,Venta,-2
13698,99,2024-11-15,Venta,-1
13699,59,2024-11-15,Venta,-1
13700,29,2026-01-14,Venta,-1
13701,76,2026-01-14,Venta,-1
13702,41,2026-04-11,Venta,-2
13703,58,2026-04-11,Venta,-1
13704,88,2026-06-28,Venta,-4
13705,80,2024-11-29,Venta,-1
13706,15,2025-05-09,Venta,-2
13707,27,2025-05-09,Venta,-3
13708,37,2025-05-09,Venta,-4
13709,63,2025-02-01,Venta,-2
13710,2,2025-02-01,Venta,-1
13711,76,2025-12-20,Venta,-2
13712,75,2024-11-23,Venta,-4
13713,3,2026-07-22,Venta,-2
13714,99,2026-06-05,Venta,-1
13715,56,2026-06-05,Venta,-1
13716,88,2025-07-30,Venta,-3
13717,79,2025-07-30,Venta,-2
13718,42,2026-04-01,Venta,-1
13719,34,2026-04-01,Venta,-3
13720,61,2024-12-30,Venta,-4
13721,96,2024-12-30,Venta,-2
13722,54,2024-07-18,Venta,-4
13723,51,2026-08-27,Venta,-1
13724,36,2026-08-27,Venta,-3
13725,54,2024-09-09,Venta,-1
13726,62,2024-09-09,Venta,-1
13727,55,2024-09-09,Venta,-1
13728,37,2024-04-15,Venta,-3
13729,85,2024-04-15,Venta,-1
13730,27,2024-04-15,Venta,-4
13731,30,2025-02-17,Venta,-4
13732,91,2025-02-17,Venta,-1
13733,76,2025-02-17,Venta,-1
13734,29,2024-11-30,Venta,-3
13735,83,2024-11-30,Venta,-3
13736,21,2024-11-30,Venta,-1
13737,91,2024-12-21,Venta,-1
13738,52,2025-04-17,Venta,-1
13739,66,2025-12-10,Venta,-1
13740,31,2024-08-02,Venta,-1
13741,63,2024-08-02,Venta,-1
13742,46,2024-08-02,Venta,-2
13743,66,2024-04-20,Venta,-2
13744,34,2024-04-20,Venta,-1
13745,67,2024-04-16,Venta,-2
13746,4,2025-01-25,Venta,-1
13747,31,2025-01-25,Venta,-1
13748,34,2025-01-25,Venta,-1
13749,63,2024-06-11,Venta,-3
13750,36,2024-06-11,Venta,-1
13751,21,2026-05-26,Venta,-4
13752,32,2024-10-07,Venta,-2
13753,2,2025-10-02,Venta,-1
13754,85,2024-01-15,Venta,-1
13755,66,2025-06-03,Venta,-2
13756,63,2025-06-03,Venta,-1
13757,83,2024-03-28,Venta,-1
13758,58,2026-01-16,Venta,-1
13759,31,2026-01-16,Venta,-1
13760,4,2025-09-27,Venta,-2
13761,52,2024-08-08,Venta,-2
13762,43,2024-08-08,Venta,-1
13763,41,2024-02-09,Venta,-1
13764,26,2024-02-09,Venta,-3
13765,83,2024-03-23,Venta,-1
13766,56,2024-03-23,Venta,-2
13767,66,2024-03-23,Venta,-2
13768,4,2024-03-23,Venta,-1
13769,7,2025-05-01,Venta,-1
13770,13,2025-05-01,Venta,-1
13771,100,2025-05-01,Venta,-3
13772,42,2024-12-31,Venta,-4
13773,68,2024-03-22,Venta,-1
13774,48,2024-03-22,Venta,-1
13775,86,2026-04-25,Venta,-2
13776,66,2026-04-25,Venta,-1
13777,7,2025-11-15,Venta,-1
13778,34,2024-01-16,Venta,-1
13779,17,2024-01-16,Venta,-4
13780,94,2024-06-27,Venta,-1
13781,2,2024-06-27,Venta,-3
13782,21,2024-06-27,Venta,-2
13783,62,2025-09-14,Venta,-1
13784,37,2026-03-21,Venta,-1
13785,92,2026-03-01,Venta,-3
13786,18,2026-03-01,Venta,-1
13787,88,2024-05-12,Venta,-1
13788,38,2024-05-12,Venta,-1
13789,7,2024-05-12,Venta,-4
13790,76,2024-02-01,Venta,-1
13791,58,2024-02-01,Venta,-3
13792,55,2024-02-01,Venta,-1
13793,65,2025-08-29,Venta,-1
13794,4,2025-02-06,Venta,-4
13795,52,2026-06-18,Venta,-2
13796,7,2026-06-18,Venta,-2
13797,83,2026-06-18,Venta,-1
13798,76,2025-12-09,Venta,-1
13799,26,2025-09-25,Venta,-1
13800,92,2025-09-25,Venta,-2
13801,66,2025-09-25,Venta,-1
13802,23,2024-02-21,Venta,-1
13803,93,2025-02-05,Venta,-2
13804,36,2025-02-05,Venta,-1
13805,17,2025-02-05,Venta,-1
13806,88,2025-07-15,Venta,-1
13807,70,2025-07-15,Venta,-1
13808,2,2025-07-15,Venta,-1
13809,14,2025-10-07,Venta,-1
13810,74,2024-04-02,Venta,-1
13811,30,2024-04-02,Venta,-1
13812,36,2024-04-02,Venta,-2
13813,82,2025-08-17,Venta,-1
13814,55,2025-08-17,Venta,-1
13815,73,2025-08-17,Venta,-2
13816,52,2025-11-14,Venta,-1
13817,7,2024-08-25,Venta,-2
13818,59,2024-08-25,Venta,-1
13819,14,2026-01-17,Venta,-1
13820,3,2026-01-17,Venta,-2
13821,54,2025-10-15,Venta,-1
13822,84,2025-10-15,Venta,-3
13823,29,2025-09-21,Venta,-2
13824,62,2025-09-21,Venta,-2
13825,67,2025-09-21,Venta,-1
13826,29,2024-05-08,Venta,-2
13827,23,2025-10-06,Venta,-2
13828,4,2025-10-06,Venta,-1
13829,4,2025-03-10,Venta,-1
13830,38,2025-10-23,Venta,-1
13831,89,2024-08-16,Venta,-2
13832,36,2025-12-06,Venta,-1
13833,69,2024-07-10,Venta,-2
13834,24,2024-07-10,Venta,-1
13835,51,2024-09-20,Venta,-2
13836,71,2024-03-30,Venta,-1
13837,37,2025-05-28,Venta,-1
13838,1,2026-06-21,Venta,-1
13839,63,2026-06-21,Venta,-2
13840,91,2025-04-13,Venta,-1
13841,1,2025-04-13,Venta,-2
13842,16,2025-04-13,Venta,-3
13843,54,2026-08-08,Venta,-1
13844,96,2025-03-28,Venta,-1
13845,66,2026-05-26,Venta,-1
13846,83,2024-07-02,Venta,-1
13847,45,2024-10-25,Venta,-1
13848,61,2024-10-25,Venta,-1
13849,34,2024-09-05,Venta,-6
13850,81,2024-09-05,Venta,-1
13851,20,2024-04-28,Venta,-2
13852,29,2024-04-28,Venta,-1
13853,84,2026-01-02,Venta,-2
13854,74,2026-01-02,Venta,-2
13855,67,2026-01-02,Venta,-1
13856,27,2026-01-02,Venta,-1
13857,83,2026-01-02,Venta,-1
13858,56,2024-02-03,Venta,-1
13859,7,2024-02-03,Venta,-2
13860,99,2026-07-31,Venta,-1
13861,1,2026-07-31,Venta,-1
13862,4,2024-02-10,Venta,-4
13863,83,2024-02-10,Venta,-1
13864,33,2024-07-22,Venta,-1
13865,40,2024-07-22,Venta,-2
13866,87,2025-01-14,Venta,-1
13867,4,2025-01-14,Venta,-1
13868,88,2025-01-14,Venta,-1
13869,37,2025-12-26,Venta,-6
13870,16,2026-07-23,Venta,-6
13871,98,2024-03-02,Venta,-1
13872,2,2026-08-21,Venta,-1
13873,26,2025-11-20,Venta,-2
13874,78,2025-11-20,Venta,-1
13875,72,2024-09-12,Venta,-1
13876,21,2024-03-25,Venta,-1
13877,29,2024-03-25,Venta,-1
13878,18,2025-10-24,Venta,-18
13879,52,2026-07-14,Venta,-2
13880,96,2026-07-14,Venta,-1
13881,38,2026-07-14,Venta,-3
13882,55,2024-12-05,Venta,-1
13883,96,2026-01-03,Venta,-1
13884,24,2026-06-30,Venta,-1
13885,43,2026-06-30,Venta,-1
13886,95,2026-06-30,Venta,-1
13887,53,2026-06-30,Venta,-1
13888,68,2026-06-30,Venta,-2
13889,3,2026-04-28,Venta,-3
13890,56,2026-04-28,Venta,-3
13891,54,2026-04-28,Venta,-1
13892,12,2025-07-16,Venta,-1
13893,34,2025-07-13,Venta,-1
13894,37,2024-03-01,Venta,-4
13895,14,2024-03-01,Venta,-2
13896,54,2024-03-01,Venta,-2
13897,95,2026-07-28,Venta,-1
13898,96,2026-03-27,Venta,-1
13899,38,2026-03-27,Venta,-1
13900,94,2026-03-27,Venta,-2
13901,74,2026-03-27,Venta,-2
13902,40,2025-06-02,Venta,-1
13903,21,2025-06-02,Venta,-1
13904,35,2024-09-30,Venta,-1
13905,14,2024-09-30,Venta,-2
13906,71,2025-02-18,Venta,-1
13907,15,2025-02-18,Venta,-2
13908,5,2025-02-18,Venta,-1
13909,69,2024-10-19,Venta,-2
13910,27,2024-10-19,Venta,-1
13911,54,2025-12-20,Venta,-2
13912,49,2025-12-20,Venta,-1
13913,70,2025-01-08,Venta,-1
13914,61,2025-01-08,Venta,-4
13915,71,2024-03-30,Venta,-1
13916,12,2024-10-23,Venta,-1
13917,52,2024-10-23,Venta,-1
13918,26,2024-10-23,Venta,-1
13919,17,2025-04-10,Venta,-1
13920,43,2025-04-10,Venta,-1
13921,36,2025-04-10,Venta,-1
13922,4,2025-04-10,Venta,-1
13923,49,2024-06-07,Venta,-1
13924,81,2026-06-16,Venta,-1
13925,37,2026-06-16,Venta,-1
13926,74,2024-04-27,Venta,-3
13927,47,2026-03-26,Venta,-1
13928,36,2026-03-26,Venta,-2
13929,4,2025-06-27,Venta,-1
13930,95,2025-06-27,Venta,-1
13931,26,2025-06-27,Venta,-1
13932,52,2026-07-15,Venta,-24
13933,65,2026-07-15,Venta,-1
13934,1,2026-07-15,Venta,-1
13935,4,2026-07-15,Venta,-1
13936,74,2024-09-17,Venta,-1
13937,86,2024-09-17,Venta,-1
13938,1,2024-09-17,Venta,-2
13939,61,2026-01-02,Venta,-1
13940,74,2026-01-02,Venta,-1
13941,52,2025-04-17,Venta,-2
13942,47,2025-04-17,Venta,-4
13943,69,2025-04-17,Venta,-4
13944,83,2025-04-17,Venta,-1
13945,20,2025-07-26,Venta,-1
13946,52,2025-07-26,Venta,-2
13947,78,2025-11-04,Venta,-1
13948,100,2025-11-04,Venta,-2
13949,14,2026-01-03,Venta,-2
13950,75,2026-01-03,Venta,-2
13951,12,2026-01-03,Venta,-1
13952,55,2024-06-11,Venta,-1
13953,38,2024-06-11,Venta,-3
13954,14,2025-08-04,Venta,-1
13955,30,2025-08-04,Venta,-1
13956,76,2025-12-20,Venta,-2
13957,2,2024-07-30,Venta,-1
13958,86,2024-07-30,Venta,-1
13959,82,2024-07-30,Venta,-4
13960,89,2025-12-27,Venta,-1
13961,61,2024-07-08,Venta,-2
13962,88,2024-07-08,Venta,-1
13963,45,2024-07-08,Venta,-1
13964,59,2024-07-08,Venta,-24
13965,72,2026-03-12,Venta,-1
13966,83,2026-03-12,Venta,-1
13967,70,2026-03-12,Venta,-2
13968,12,2026-03-12,Venta,-2
13969,99,2026-01-23,Venta,-2
13970,71,2026-01-23,Venta,-4
13971,85,2026-01-23,Venta,-1
13972,76,2026-01-23,Venta,-1
13973,86,2024-12-30,Venta,-1
13974,40,2024-12-30,Venta,-2
13975,49,2024-07-31,Venta,-2
13976,88,2025-07-25,Venta,-6
13977,66,2025-07-25,Venta,-2
13978,14,2025-07-25,Venta,-1
13979,82,2025-07-25,Venta,-3
13980,7,2025-11-17,Venta,-1
13981,24,2025-11-17,Venta,-1
13982,100,2025-11-17,Venta,-1
13983,65,2025-11-17,Venta,-1
13984,89,2025-11-17,Venta,-2
13985,18,2024-01-03,Venta,-3
13986,23,2025-07-05,Venta,-1
13987,14,2025-07-05,Venta,-4
13988,91,2025-07-05,Venta,-1
13989,21,2025-01-21,Venta,-1
13990,22,2025-01-21,Venta,-1
13991,52,2025-01-21,Venta,-2
13992,95,2024-02-15,Venta,-1
13993,51,2024-02-15,Venta,-1
13994,21,2024-02-22,Venta,-2
13995,74,2025-07-19,Venta,-12
13996,38,2025-07-19,Venta,-1
13997,42,2025-07-19,Venta,-2
13998,78,2026-07-25,Venta,-2
13999,81,2026-07-25,Venta,-1
14000,4,2026-07-25,Venta,-2
14001,71,2026-07-25,Venta,-2
14002,84,2024-04-02,Venta,-1
14003,14,2024-11-30,Venta,-1
14004,51,2024-11-30,Venta,-1
14005,75,2024-11-30,Venta,-2
14006,36,2024-08-25,Venta,-1
14007,30,2024-08-25,Venta,-2
14008,11,2024-08-25,Venta,-4
14009,72,2024-08-25,Venta,-3
14010,60,2025-10-08,Venta,-1
14011,69,2025-10-08,Venta,-1
14012,26,2026-07-31,Venta,-1
14013,40,2026-07-31,Venta,-1
14014,48,2026-07-31,Venta,-1
14015,61,2024-04-29,Venta,-1
14016,66,2024-04-06,Venta,-1
14017,34,2024-04-06,Venta,-2
14018,71,2024-04-06,Venta,-1
14019,85,2024-12-13,Venta,-1
14020,34,2025-01-18,Venta,-1
14021,88,2025-01-18,Venta,-3
14022,8,2025-01-18,Venta,-1
14023,72,2025-01-18,Venta,-1
14024,1,2026-01-24,Venta,-1
14025,90,2026-01-24,Venta,-1
14026,42,2026-01-24,Venta,-1
14027,25,2026-01-24,Venta,-1
14028,86,2024-03-11,Venta,-1
14029,34,2024-03-11,Venta,-2
14030,15,2025-10-23,Venta,-1
14031,82,2025-10-23,Venta,-1
14032,38,2026-04-10,Venta,-1
14033,94,2026-04-10,Venta,-1
14034,40,2026-04-10,Venta,-2
14035,13,2026-07-06,Venta,-1
14036,83,2026-07-06,Venta,-1
14037,71,2026-07-06,Venta,-1
14038,99,2026-07-06,Venta,-3
14039,38,2024-08-17,Venta,-1
14040,40,2024-08-17,Venta,-2
14041,9,2024-03-30,Venta,-2
14042,66,2024-03-30,Venta,-2
14043,17,2025-12-12,Venta,-3
14044,99,2025-12-12,Venta,-1
14045,31,2025-12-12,Venta,-1
14046,67,2026-03-18,Venta,-2
14047,24,2026-03-28,Venta,-1
14048,37,2026-07-22,Venta,-18
14049,40,2026-07-22,Venta,-1
14050,96,2026-07-22,Venta,-1
14051,36,2026-07-22,Venta,-1
14052,70,2025-06-30,Venta,-1
14053,40,2025-06-30,Venta,-1
14054,68,2024-10-04,Venta,-2
14055,39,2025-01-12,Venta,-1
14056,4,2025-09-17,Venta,-2
14057,36,2025-09-17,Venta,-2
14058,84,2025-12-20,Venta,-1
14059,5,2025-12-20,Venta,-1
14060,24,2024-01-13,Venta,-1
14061,31,2025-12-09,Venta,-2
14062,95,2025-12-09,Venta,-1
14063,51,2025-12-09,Venta,-2
14064,88,2025-12-09,Venta,-1
14065,86,2026-02-13,Venta,-2
14066,22,2024-07-10,Venta,-1
14067,36,2024-07-10,Venta,-2
14068,33,2024-03-31,Venta,-1
14069,2,2024-03-31,Venta,-1
14070,11,2025-07-09,Venta,-1
14071,4,2024-02-16,Venta,-1
14072,45,2024-02-16,Venta,-1
14073,20,2024-02-16,Venta,-1
14074,22,2024-02-16,Venta,-1
14075,76,2024-02-16,Venta,-2
14076,8,2026-06-20,Venta,-2
14077,73,2026-06-20,Venta,-1
14078,55,2025-12-19,Venta,-1
14079,54,2025-12-19,Venta,-1
14080,9,2025-03-05,Venta,-2
14081,75,2025-03-05,Venta,-3
14082,74,2024-12-04,Venta,-3
14083,72,2026-06-05,Venta,-1
14084,56,2026-06-05,Venta,-1
14085,17,2026-07-13,Venta,-1
14086,14,2026-07-13,Venta,-2
14087,78,2026-07-13,Venta,-2
14088,26,2024-07-13,Venta,-1
14089,34,2024-07-13,Venta,-1
14090,17,2024-07-13,Venta,-1
14091,67,2024-01-09,Venta,-1
14092,51,2024-01-26,Venta,-1
14093,70,2025-05-27,Venta,-1
14094,56,2024-01-22,Venta,-1
14095,52,2024-01-22,Venta,-1
14096,82,2024-01-22,Venta,-12
14097,68,2024-01-22,Venta,-1
14098,74,2025-05-23,Venta,-3
14099,12,2025-05-23,Venta,-1
14100,40,2026-08-16,Venta,-1
14101,24,2025-10-25,Venta,-1
14102,82,2025-10-25,Venta,-2
14103,68,2026-07-14,Venta,-1
14104,23,2024-12-07,Venta,-6
14105,77,2024-12-07,Venta,-2
14106,26,2024-11-16,Venta,-2
14107,40,2024-11-16,Venta,-2
14108,83,2024-08-19,Venta,-1
14109,14,2024-11-01,Venta,-1
14110,81,2024-08-16,Venta,-1
14111,70,2025-04-17,Venta,-1
14112,20,2025-04-17,Venta,-3
14113,14,2025-04-17,Venta,-2
14114,86,2024-03-28,Venta,-1
14115,5,2025-03-27,Venta,-1
14116,51,2024-11-13,Venta,-2
14117,41,2024-11-13,Venta,-1
14118,57,2024-11-13,Venta,-2
14119,66,2024-11-13,Venta,-4
14120,45,2024-11-13,Venta,-6
14121,34,2024-03-06,Venta,-1
14122,37,2024-03-06,Venta,-1
14123,94,2024-03-06,Venta,-2
14124,69,2024-03-06,Venta,-1
14125,10,2025-12-19,Venta,-1
14126,24,2025-12-19,Venta,-1
14127,38,2026-03-19,Venta,-1
14128,63,2026-03-19,Venta,-2
14129,33,2026-03-19,Venta,-4
14130,2,2026-03-19,Venta,-1
14131,23,2025-11-11,Venta,-12
14132,79,2025-11-11,Venta,-2
14133,67,2025-11-11,Venta,-3
14134,37,2024-07-18,Venta,-2
14135,54,2024-07-18,Venta,-2
14136,34,2024-07-18,Venta,-2
14137,26,2024-07-18,Venta,-3
14138,100,2024-05-03,Venta,-1
14139,61,2025-12-08,Venta,-1
14140,26,2025-12-18,Venta,-2
14141,56,2025-12-18,Venta,-4
14142,95,2026-01-29,Venta,-2
14143,100,2025-10-22,Venta,-1
14144,88,2025-10-22,Venta,-1
14145,4,2024-02-15,Venta,-2
14146,24,2024-02-15,Venta,-1
14147,11,2024-02-01,Venta,-3
14148,92,2025-12-12,Venta,-4
14149,69,2024-09-14,Venta,-2
14150,63,2024-09-14,Venta,-1
14151,96,2024-09-14,Venta,-1
14152,7,2026-08-31,Venta,-2
14153,61,2026-08-07,Venta,-1
14154,62,2026-05-05,Venta,-1
14155,100,2026-05-05,Venta,-4
14156,76,2026-05-05,Venta,-1
14157,54,2025-10-09,Venta,-2
14158,64,2025-10-09,Venta,-2
14159,46,2025-10-09,Venta,-2
14160,81,2024-08-09,Venta,-1
14161,34,2024-08-09,Venta,-1
14162,59,2026-04-26,Venta,-1
14163,34,2026-04-26,Venta,-4
14164,21,2026-04-26,Venta,-1
14165,52,2026-04-26,Venta,-1
14166,76,2024-08-16,Venta,-1
14167,60,2024-08-16,Venta,-2
14168,85,2024-08-16,Venta,-2
14169,79,2026-03-15,Venta,-3
14170,98,2026-03-15,Venta,-24
14171,31,2026-03-15,Venta,-3
14172,25,2026-02-26,Venta,-2
14173,70,2026-02-26,Venta,-1
14174,55,2024-11-29,Venta,-1
14175,54,2024-06-26,Venta,-1
14176,42,2025-10-22,Venta,-1
14177,81,2025-10-22,Venta,-2
14178,37,2024-07-17,Venta,-2
14179,10,2024-01-08,Venta,-1
14180,62,2024-01-08,Venta,-1
14181,61,2024-06-09,Venta,-4
14182,14,2024-06-09,Venta,-2
14183,8,2024-06-09,Venta,-1
14184,61,2026-04-03,Venta,-1
14185,33,2026-04-03,Venta,-2
14186,42,2026-04-03,Venta,-1
14187,43,2024-03-25,Venta,-3
14188,24,2024-10-09,Venta,-2
14189,86,2024-10-09,Venta,-1
14190,7,2024-10-09,Venta,-2
14191,76,2024-10-09,Venta,-1
14192,86,2024-12-12,Venta,-1
14193,2,2024-09-06,Venta,-1
14194,23,2024-09-06,Venta,-1
14195,4,2024-09-06,Venta,-2
14196,62,2025-09-12,Venta,-1
14197,4,2024-04-28,Venta,-2
14198,21,2024-04-28,Venta,-2
14199,34,2025-07-17,Venta,-2
14200,82,2025-07-17,Venta,-1
14201,85,2025-07-17,Venta,-2
14202,37,2025-08-10,Venta,-2
14203,90,2025-07-23,Venta,-1
14204,95,2025-07-23,Venta,-3
14205,86,2024-09-22,Venta,-2
14206,96,2025-11-13,Venta,-1
14207,62,2024-01-10,Venta,-2
14208,5,2025-03-21,Venta,-1
14209,21,2025-03-21,Venta,-6
14210,6,2025-03-21,Venta,-2
14211,2,2024-07-21,Venta,-1
14212,82,2024-07-21,Venta,-4
14213,29,2024-07-21,Venta,-1
14214,74,2024-12-12,Venta,-1
14215,94,2024-12-09,Venta,-1
14216,22,2024-12-09,Venta,-1
14217,1,2025-05-31,Venta,-1
14218,32,2025-05-31,Venta,-1
14219,23,2025-05-31,Venta,-2
14220,41,2025-05-31,Venta,-3
14221,90,2024-04-12,Venta,-2
14222,63,2024-04-12,Venta,-1
14223,47,2024-04-12,Venta,-4
14224,51,2026-06-01,Venta,-3
14225,31,2026-06-01,Venta,-1
14226,76,2025-04-26,Venta,-1
14227,36,2025-04-26,Venta,-2
14228,21,2025-08-15,Venta,-1
14229,12,2025-08-15,Venta,-2
14230,22,2024-10-04,Venta,-1
14231,34,2025-08-23,Venta,-2
14232,98,2024-12-02,Venta,-3
14233,4,2024-12-02,Venta,-18
14234,51,2024-12-02,Venta,-2
14235,55,2025-05-13,Venta,-6
14236,61,2025-05-13,Venta,-1
14237,36,2025-05-13,Venta,-18
14238,83,2024-12-22,Venta,-1
14239,30,2024-12-22,Venta,-1
14240,33,2024-11-08,Venta,-1
14241,51,2025-04-04,Venta,-1
14242,37,2025-04-04,Venta,-1
14243,82,2025-04-04,Venta,-1
14244,48,2025-04-04,Venta,-1
14245,71,2024-04-24,Venta,-1
14246,11,2025-05-13,Venta,-1
14247,49,2025-05-13,Venta,-1
14248,29,2024-05-10,Venta,-2
14249,1,2024-05-10,Venta,-1
14250,23,2024-05-10,Venta,-1
14251,2,2024-09-29,Venta,-12
14252,54,2024-10-30,Venta,-1
14253,89,2024-07-04,Venta,-1
14254,55,2024-07-04,Venta,-2
14255,78,2024-07-04,Venta,-1
14256,81,2024-07-04,Venta,-24
14257,30,2024-12-06,Venta,-2
14258,82,2024-12-06,Venta,-2
14259,87,2025-09-19,Venta,-1
14260,63,2026-05-21,Venta,-2
14261,76,2024-08-19,Venta,-2
14262,36,2024-08-19,Venta,-2
14263,41,2024-08-19,Venta,-4
14264,84,2024-08-19,Venta,-1
14265,22,2025-10-22,Venta,-2
14266,1,2025-10-22,Venta,-2
14267,63,2024-09-13,Venta,-1
14268,16,2025-03-15,Venta,-1
14269,16,2026-05-21,Venta,-3
14270,20,2026-05-21,Venta,-2
14271,26,2026-05-21,Venta,-1
14272,45,2026-05-21,Venta,-1
14273,17,2025-12-11,Venta,-1
14274,84,2025-09-04,Venta,-2
14275,21,2025-09-04,Venta,-2
14276,26,2025-11-21,Venta,-2
14277,52,2025-11-21,Venta,-1
14278,34,2024-11-23,Venta,-1
14279,26,2024-11-23,Venta,-4
14280,20,2026-04-15,Venta,-6
14281,37,2024-03-09,Venta,-1
14282,73,2024-03-09,Venta,-3
14283,33,2024-03-09,Venta,-1
14284,88,2024-03-09,Venta,-4
14285,6,2024-03-09,Venta,-1
14286,91,2025-12-03,Venta,-12
14287,88,2025-12-03,Venta,-1
14288,14,2025-12-11,Venta,-2
14289,66,2025-12-11,Venta,-1
14290,65,2025-12-11,Venta,-4
14291,29,2025-12-27,Venta,-3
14292,76,2025-07-30,Venta,-1
14293,14,2025-07-30,Venta,-2
14294,31,2025-07-30,Venta,-1
14295,66,2024-11-17,Venta,-2
14296,4,2024-07-18,Venta,-1
14297,35,2024-07-18,Venta,-1
14298,74,2025-08-21,Venta,-2
14299,84,2024-07-04,Venta,-1
14300,54,2024-07-04,Venta,-1
14301,34,2024-12-10,Venta,-1
14302,67,2024-12-10,Venta,-1
14303,70,2025-06-22,Venta,-1
14304,9,2024-11-29,Venta,-2
14305,100,2025-09-14,Venta,-3
14306,21,2025-09-14,Venta,-1
14307,42,2025-09-14,Venta,-1
14308,59,2025-09-14,Venta,-1
14309,34,2024-03-21,Venta,-1
14310,35,2024-03-21,Venta,-1
14311,37,2024-03-21,Venta,-1
14312,21,2026-03-15,Venta,-1
14313,30,2026-03-15,Venta,-1
14314,71,2026-03-15,Venta,-4
14315,51,2026-03-15,Venta,-3
14316,75,2024-01-05,Venta,-1
14317,1,2024-04-07,Venta,-2
14318,42,2024-04-07,Venta,-1
14319,95,2025-05-12,Venta,-2
14320,20,2025-05-12,Venta,-1
14321,74,2025-05-12,Venta,-2
14322,7,2025-12-04,Venta,-6
14323,84,2025-12-04,Venta,-1
14324,88,2025-04-01,Venta,-2
14325,19,2025-04-01,Venta,-1
14326,24,2025-04-01,Venta,-1
14327,8,2026-06-29,Venta,-3
14328,90,2026-06-29,Venta,-1
14329,75,2025-11-17,Venta,-6
14330,54,2026-03-06,Venta,-2
14331,91,2025-12-17,Venta,-1
14332,46,2025-12-17,Venta,-1
14333,3,2026-06-04,Venta,-1
14334,61,2026-06-04,Venta,-2
14335,36,2026-06-04,Venta,-1
14336,85,2026-06-04,Venta,-2
14337,76,2025-06-20,Venta,-4
14338,69,2026-04-08,Venta,-1
14339,21,2026-04-08,Venta,-1
14340,2,2025-03-11,Venta,-1
14341,3,2024-10-08,Venta,-1
14342,61,2025-11-19,Venta,-1
14343,16,2024-02-17,Venta,-3
14344,31,2024-02-17,Venta,-2
14345,47,2024-11-23,Venta,-1
14346,86,2024-11-23,Venta,-2
14347,45,2024-11-23,Venta,-3
14348,99,2025-12-28,Venta,-2
14349,34,2025-12-28,Venta,-2
14350,74,2025-12-28,Venta,-4
14351,65,2024-03-12,Venta,-3
14352,40,2025-04-30,Venta,-2
14353,41,2024-07-25,Venta,-2
14354,3,2026-02-01,Venta,-2
14355,63,2026-02-01,Venta,-1
14356,83,2024-02-27,Venta,-2
14357,60,2024-02-27,Venta,-2
14358,71,2026-05-27,Venta,-2
14359,21,2026-05-27,Venta,-2
14360,63,2026-05-27,Venta,-1
14361,41,2026-05-27,Venta,-1
14362,51,2026-05-27,Venta,-2
14363,22,2026-06-30,Venta,-1
14364,66,2026-06-30,Venta,-1
14365,86,2025-12-02,Venta,-2
14366,24,2025-12-02,Venta,-1
14367,38,2024-03-13,Venta,-1
14368,23,2024-08-31,Venta,-1
14369,86,2024-08-08,Venta,-3
14370,52,2025-01-07,Venta,-2
14371,40,2025-11-26,Venta,-4
14372,34,2025-11-26,Venta,-3
14373,71,2025-11-26,Venta,-4
14374,38,2025-05-26,Venta,-18
14375,87,2025-05-26,Venta,-4
14376,85,2024-06-30,Venta,-1
14377,2,2024-06-30,Venta,-2
14378,60,2024-06-30,Venta,-1
14379,21,2024-06-02,Venta,-1
14380,64,2024-06-02,Venta,-1
14381,29,2024-06-02,Venta,-1
14382,53,2024-08-29,Venta,-1
14383,48,2024-08-18,Venta,-1
14384,55,2024-08-18,Venta,-3
14385,40,2026-05-02,Venta,-2
14386,48,2026-05-02,Venta,-1
14387,30,2026-05-02,Venta,-2
14388,24,2026-05-02,Venta,-2
14389,88,2025-11-21,Venta,-1
14390,96,2025-11-21,Venta,-2
14391,58,2024-02-12,Venta,-1
14392,6,2024-02-12,Venta,-1
14393,15,2024-11-30,Venta,-1
14394,49,2024-11-30,Venta,-1
14395,85,2024-11-30,Venta,-2
14396,22,2026-03-05,Venta,-4
14397,81,2026-03-05,Venta,-1
14398,4,2024-08-04,Venta,-2
14399,96,2024-08-04,Venta,-1
14400,12,2024-08-04,Venta,-4
14401,76,2025-03-29,Venta,-1
14402,74,2025-03-29,Venta,-1
14403,12,2025-03-29,Venta,-2
14404,38,2025-06-12,Venta,-1
14405,36,2025-06-12,Venta,-1
14406,95,2025-06-12,Venta,-2
14407,86,2025-09-05,Venta,-1
14408,44,2025-01-01,Venta,-2
14409,72,2026-04-27,Venta,-1
14410,74,2026-04-27,Venta,-3
14411,36,2026-04-27,Venta,-1
14412,27,2026-04-27,Venta,-1
14413,70,2025-12-11,Venta,-1
14414,61,2025-12-11,Venta,-3
14415,68,2025-12-11,Venta,-2
14416,74,2025-12-11,Venta,-1
14417,31,2025-09-04,Venta,-12
14418,3,2025-10-31,Venta,-3
14419,75,2025-10-31,Venta,-1
14420,55,2024-06-22,Venta,-1
14421,97,2025-12-31,Venta,-3
14422,5,2025-12-31,Venta,-2
14423,40,2025-12-31,Venta,-1
14424,90,2025-12-31,Venta,-1
14425,11,2026-01-31,Venta,-1
14426,4,2024-01-08,Venta,-1
14427,85,2024-01-08,Venta,-4
14428,36,2024-01-08,Venta,-1
14429,24,2024-09-24,Venta,-2
14430,88,2025-05-10,Venta,-1
14431,96,2025-01-20,Venta,-2
14432,14,2026-07-15,Venta,-1
14433,31,2024-05-19,Venta,-1
14434,75,2024-05-19,Venta,-1
14435,67,2024-03-31,Venta,-1
14436,55,2026-04-28,Venta,-1
14437,33,2026-04-28,Venta,-1
14438,90,2025-11-29,Venta,-24
14439,95,2025-07-04,Venta,-1
14440,8,2025-07-04,Venta,-2
14441,62,2025-07-04,Venta,-1
14442,35,2026-01-08,Venta,-1
14443,54,2026-08-22,Venta,-1
14444,76,2026-07-17,Venta,-1
14445,65,2026-07-17,Venta,-1
14446,24,2024-07-13,Venta,-1
14447,94,2024-08-19,Venta,-1
14448,100,2024-08-19,Venta,-1
14449,67,2024-08-19,Venta,-1
14450,92,2024-03-28,Venta,-1
14451,86,2024-11-22,Venta,-1
14452,14,2024-11-22,Venta,-1
14453,78,2024-11-22,Venta,-1
14454,14,2026-08-21,Venta,-3
14455,4,2024-03-22,Venta,-1
14456,49,2024-03-22,Venta,-1
14457,1,2025-09-12,Venta,-2
14458,71,2025-09-12,Venta,-4
14459,56,2025-09-12,Venta,-1
14460,14,2025-11-19,Venta,-1
14461,94,2025-10-03,Venta,-2
14462,91,2024-11-27,Venta,-1
14463,82,2024-11-27,Venta,-1
14464,2,2024-11-27,Venta,-1
14465,93,2026-05-29,Venta,-1
14466,91,2025-10-03,Venta,-1
14467,17,2025-10-03,Venta,-1
14468,85,2025-10-03,Venta,-4
14469,2,2025-10-03,Venta,-1
14470,36,2025-10-03,Venta,-1
14471,14,2024-07-19,Venta,-2
14472,100,2024-07-19,Venta,-3
14473,55,2024-02-10,Venta,-2
14474,16,2024-05-21,Venta,-2
14475,76,2024-05-21,Venta,-2
14476,70,2024-05-21,Venta,-3
14477,26,2025-09-12,Venta,-1
14478,94,2025-09-12,Venta,-1
14479,11,2025-09-12,Venta,-2
14480,22,2025-09-06,Venta,-12
14481,92,2025-09-06,Venta,-1
14482,96,2025-09-06,Venta,-2
14483,9,2024-09-05,Venta,-4
14484,26,2024-09-05,Venta,-1
14485,40,2025-07-19,Venta,-1
14486,34,2024-05-20,Venta,-2
14487,2,2024-05-20,Venta,-4
14488,22,2025-01-20,Venta,-1
14489,71,2025-01-20,Venta,-2
14490,46,2025-07-31,Venta,-1
14491,51,2025-07-31,Venta,-1
14492,42,2025-07-31,Venta,-2
14493,29,2025-07-31,Venta,-1
14494,99,2026-02-05,Venta,-1
14495,88,2025-12-18,Venta,-4
14496,81,2025-12-18,Venta,-1
14497,73,2025-12-18,Venta,-2
14498,61,2024-05-31,Venta,-1
14499,34,2024-05-31,Venta,-12
14500,24,2024-05-31,Venta,-2
14501,69,2024-05-31,Venta,-1
14502,85,2026-03-05,Venta,-1
14503,73,2026-03-05,Venta,-4
14504,60,2024-12-13,Venta,-1
14505,91,2024-12-13,Venta,-3
14506,38,2025-03-29,Venta,-4
14507,83,2025-03-29,Venta,-1
14508,48,2025-03-29,Venta,-1
14509,18,2025-11-28,Venta,-2
14510,30,2025-11-28,Venta,-1
14511,42,2025-11-28,Venta,-1
14512,32,2026-08-14,Venta,-1
14513,46,2026-08-14,Venta,-1
14514,78,2024-10-07,Venta,-1
14515,1,2024-10-07,Venta,-1
14516,38,2024-10-07,Venta,-1
14517,37,2025-04-03,Venta,-1
14518,99,2026-05-18,Venta,-1
14519,68,2026-05-18,Venta,-1
14520,93,2026-05-18,Venta,-2
14521,66,2026-06-30,Venta,-2
14522,18,2026-06-30,Venta,-2
14523,77,2025-12-30,Venta,-2
14524,81,2025-12-30,Venta,-1
14525,80,2025-08-23,Venta,-1
14526,73,2025-08-23,Venta,-1
14527,71,2024-03-03,Venta,-1
14528,16,2025-12-05,Venta,-1
14529,9,2025-12-05,Venta,-1
14530,38,2025-12-05,Venta,-1
14531,61,2025-01-11,Venta,-2
14532,4,2025-01-11,Venta,-2
14533,1,2026-08-29,Venta,-2
14534,65,2026-08-29,Venta,-1
14535,71,2024-08-07,Venta,-2
14536,69,2024-08-07,Venta,-1
14537,47,2024-09-07,Venta,-2
14538,93,2025-03-04,Venta,-2
14539,16,2025-12-22,Venta,-1
14540,86,2025-12-22,Venta,-1
14541,74,2024-07-03,Venta,-3
14542,72,2024-07-03,Venta,-4
14543,93,2024-07-03,Venta,-2
14544,12,2025-09-19,Venta,-4
14545,54,2026-08-29,Venta,-1
14546,42,2024-12-13,Venta,-1
14547,83,2024-12-13,Venta,-1
14548,29,2026-07-25,Venta,-2
14549,92,2026-07-25,Venta,-1
14550,76,2025-11-06,Venta,-1
14551,18,2025-11-06,Venta,-1
14552,20,2025-11-06,Venta,-2
14553,69,2025-11-06,Venta,-1
14554,95,2025-10-24,Venta,-1
14555,62,2025-10-24,Venta,-2
14556,17,2025-10-24,Venta,-2
14557,14,2025-10-24,Venta,-2
14558,71,2026-07-18,Venta,-1
14559,88,2026-07-18,Venta,-1
14560,92,2024-10-23,Venta,-1
14561,29,2024-10-23,Venta,-1
14562,65,2024-10-23,Venta,-2
14563,26,2024-10-23,Venta,-2
14564,88,2025-12-20,Venta,-2
14565,55,2025-12-20,Venta,-1
14566,81,2025-12-20,Venta,-2
14567,5,2025-12-20,Venta,-1
14568,84,2024-08-26,Venta,-3
14569,70,2024-08-26,Venta,-1
14570,83,2024-08-26,Venta,-1
14571,31,2024-08-26,Venta,-4
14572,96,2024-08-26,Venta,-1
14573,51,2024-04-03,Venta,-2
14574,81,2024-04-03,Venta,-1
14575,63,2024-04-03,Venta,-1
14576,85,2024-11-13,Venta,-1
14577,76,2024-11-13,Venta,-2
14578,18,2025-11-13,Venta,-1
14579,51,2025-11-13,Venta,-3
14580,61,2025-11-13,Venta,-1
14581,19,2025-11-13,Venta,-1
14582,27,2025-11-13,Venta,-1
14583,53,2026-07-12,Venta,-1
14584,87,2026-07-12,Venta,-1
14585,31,2026-07-12,Venta,-1
14586,81,2025-10-13,Venta,-1
14587,64,2025-10-13,Venta,-1
14588,2,2025-10-13,Venta,-1
14589,42,2025-10-13,Venta,-4
14590,92,2025-10-13,Venta,-1
14591,34,2026-05-28,Venta,-1
14592,61,2024-01-10,Venta,-4
14593,88,2026-08-16,Venta,-2
14594,85,2026-08-16,Venta,-1
14595,4,2026-08-16,Venta,-2
14596,51,2026-08-16,Venta,-1
14597,34,2025-07-17,Venta,-1
14598,29,2024-05-28,Venta,-1
14599,60,2025-11-18,Venta,-1
14600,27,2025-11-18,Venta,-1
14601,1,2025-12-17,Venta,-1
14602,14,2025-12-17,Venta,-6
14603,91,2025-12-17,Venta,-2
14604,5,2025-12-17,Venta,-1
14605,29,2025-05-03,Venta,-3
14606,15,2025-05-03,Venta,-2
14607,89,2025-09-20,Venta,-1
14608,34,2026-03-14,Venta,-2
14609,4,2026-03-14,Venta,-2
14610,70,2026-03-14,Venta,-1
14611,46,2024-12-06,Venta,-1
14612,83,2025-09-28,Venta,-2
14613,38,2024-11-09,Venta,-1
14614,85,2024-11-09,Venta,-4
14615,41,2024-11-09,Venta,-2
14616,17,2024-11-09,Venta,-1
14617,81,2024-11-09,Venta,-2
14618,85,2024-12-01,Venta,-3
14619,94,2024-12-01,Venta,-1
14620,36,2025-12-10,Venta,-2
14621,40,2025-12-10,Venta,-4
14622,94,2025-12-10,Venta,-2
14623,26,2025-12-10,Venta,-1
14624,61,2024-07-27,Venta,-1
14625,55,2026-05-05,Venta,-3
14626,75,2026-05-05,Venta,-2
14627,84,2026-05-05,Venta,-12
14628,26,2026-05-05,Venta,-1
14629,58,2026-05-05,Venta,-1
14630,2,2025-12-03,Venta,-1
14631,1,2025-12-03,Venta,-3
14632,94,2025-07-16,Venta,-1
14633,82,2025-04-12,Venta,-1
14634,87,2025-04-12,Venta,-6
14635,66,2025-04-12,Venta,-1
14636,90,2024-02-16,Venta,-2
14637,14,2025-03-19,Venta,-2
14638,49,2025-04-24,Venta,-1
14639,33,2026-04-16,Venta,-1
14640,78,2026-04-16,Venta,-1
14641,10,2025-11-29,Venta,-1
14642,86,2025-06-29,Venta,-1
14643,22,2025-06-01,Venta,-1
14644,76,2025-06-03,Venta,-2
14645,84,2025-06-03,Venta,-12
14646,1,2024-10-10,Venta,-1
14647,53,2026-06-10,Venta,-1
14648,14,2026-06-10,Venta,-1
14649,91,2024-02-15,Venta,-2
14650,24,2024-02-15,Venta,-1
14651,95,2024-02-15,Venta,-12
14652,46,2024-02-15,Venta,-3
14653,27,2026-07-17,Venta,-1
14654,94,2025-01-30,Venta,-2
14655,34,2024-05-07,Venta,-4
14656,27,2026-05-28,Venta,-2
14657,8,2026-05-28,Venta,-1
14658,46,2026-05-28,Venta,-1
14659,14,2025-05-20,Venta,-2
14660,78,2025-05-20,Venta,-1
14661,72,2025-05-20,Venta,-1
14662,89,2025-05-20,Venta,-1
14663,52,2024-09-20,Venta,-1
14664,62,2024-09-20,Venta,-1
14665,33,2026-02-13,Venta,-1
14666,14,2026-08-15,Venta,-1
14667,2,2025-07-18,Venta,-6
14668,65,2025-04-06,Venta,-1
14669,58,2025-04-06,Venta,-2
14670,88,2025-04-06,Venta,-1
14671,18,2024-11-02,Venta,-3
14672,56,2026-08-25,Venta,-1
14673,27,2026-08-25,Venta,-1
14674,84,2026-08-25,Venta,-2
14675,81,2024-06-18,Venta,-2
14676,22,2025-10-21,Venta,-2
14677,74,2025-10-21,Venta,-1
14678,89,2026-05-05,Venta,-1
14679,99,2024-01-05,Venta,-1
14680,52,2024-01-05,Venta,-2
14681,89,2024-01-05,Venta,-1
14682,61,2024-01-05,Venta,-1
14683,31,2024-06-03,Venta,-1
14684,27,2024-10-14,Venta,-1
14685,54,2024-10-14,Venta,-1
14686,24,2025-09-20,Venta,-1
14687,61,2025-09-20,Venta,-1
14688,57,2025-09-20,Venta,-2
14689,66,2024-12-02,Venta,-4
14690,70,2024-09-13,Venta,-2
14691,51,2024-10-23,Venta,-2
14692,37,2024-10-23,Venta,-2
14693,16,2024-08-04,Venta,-1
14694,85,2024-11-22,Venta,-3
14695,55,2024-11-22,Venta,-1
14696,91,2024-02-03,Venta,-2
14697,40,2024-02-03,Venta,-1
14698,67,2024-02-16,Venta,-2
14699,58,2026-03-19,Venta,-2
14700,76,2026-03-19,Venta,-1
14701,64,2024-03-09,Venta,-4
14702,83,2024-03-09,Venta,-2
14703,34,2025-07-14,Venta,-3
14704,27,2024-10-20,Venta,-1
14705,37,2024-09-16,Venta,-1
14706,92,2024-09-16,Venta,-1
14707,29,2024-09-16,Venta,-1
14708,43,2025-03-30,Venta,-1
14709,90,2025-03-30,Venta,-2
14710,17,2025-03-30,Venta,-4
14711,2,2025-03-30,Venta,-1
14712,71,2025-08-01,Venta,-1
14713,81,2024-08-24,Venta,-1
14714,33,2025-12-25,Venta,-2
14715,82,2026-03-19,Venta,-4
14716,61,2026-03-19,Venta,-1
14717,78,2026-03-19,Venta,-1
14718,2,2026-03-19,Venta,-1
14719,88,2024-05-20,Venta,-1
14720,68,2024-05-20,Venta,-1
14721,21,2024-05-20,Venta,-1
14722,63,2024-05-20,Venta,-1
14723,7,2024-05-20,Venta,-1
14724,1,2026-06-03,Venta,-6
14725,13,2026-06-03,Venta,-1
14726,21,2025-09-09,Venta,-1
14727,96,2025-09-09,Venta,-1
14728,85,2025-09-09,Venta,-3
14729,63,2024-06-21,Venta,-1
14730,71,2024-06-21,Venta,-2
14731,98,2024-08-19,Venta,-1
14732,3,2024-08-19,Venta,-1
14733,12,2026-07-15,Venta,-4
14734,82,2024-07-28,Venta,-4
14735,4,2024-07-28,Venta,-4
14736,51,2024-07-28,Venta,-2
14737,72,2025-09-10,Venta,-1
14738,71,2025-01-10,Venta,-1
14739,92,2025-09-06,Venta,-2
14740,97,2025-09-06,Venta,-1
14741,62,2025-09-08,Venta,-3
14742,8,2025-07-11,Venta,-2
14743,18,2025-12-13,Venta,-1
14744,69,2025-12-13,Venta,-1
14745,76,2024-11-26,Venta,-1
14746,80,2024-04-28,Venta,-2
14747,95,2024-10-02,Venta,-1
14748,52,2025-08-06,Venta,-1
14749,40,2025-01-25,Venta,-1
14750,55,2024-06-06,Venta,-2
14751,31,2024-06-06,Venta,-2
14752,24,2025-04-05,Venta,-1
14753,91,2025-04-05,Venta,-1
14754,55,2025-07-18,Venta,-1
14755,2,2025-07-18,Venta,-2
14756,67,2025-07-18,Venta,-1
14757,72,2026-03-25,Venta,-1
14758,8,2024-01-19,Venta,-2
14759,22,2026-03-07,Venta,-1
14760,76,2026-03-07,Venta,-2
14761,2,2026-03-07,Venta,-2
14762,29,2026-04-14,Venta,-1
14763,86,2026-04-14,Venta,-1
14764,21,2026-04-14,Venta,-1
14765,74,2025-04-19,Venta,-1
14766,28,2024-05-17,Venta,-1
14767,55,2024-05-17,Venta,-4
14768,4,2024-05-17,Venta,-2
14769,49,2024-05-17,Venta,-4
14770,87,2026-08-07,Venta,-2
14771,90,2026-08-07,Venta,-1
14772,76,2024-09-28,Venta,-1
14773,62,2024-09-28,Venta,-1
14774,68,2024-09-28,Venta,-2
14775,70,2024-09-28,Venta,-2
14776,86,2024-09-28,Venta,-1
14777,16,2025-12-06,Venta,-1
14778,74,2025-10-23,Venta,-3
14779,63,2026-03-07,Venta,-4
14780,82,2026-03-07,Venta,-2
14781,21,2026-03-07,Venta,-2
14782,88,2026-03-07,Venta,-1
14783,38,2026-07-18,Venta,-1
14784,62,2025-05-14,Venta,-1
14785,71,2025-05-14,Venta,-1
14786,82,2024-12-25,Venta,-1
14787,16,2025-05-16,Venta,-1
14788,97,2025-05-16,Venta,-1
14789,18,2025-05-16,Venta,-3
14790,96,2025-10-07,Venta,-1
14791,76,2025-10-07,Venta,-6
14792,60,2025-07-28,Venta,-3
14793,27,2025-07-28,Venta,-1
14794,55,2025-07-28,Venta,-1
14795,19,2024-11-16,Venta,-1
14796,1,2024-11-16,Venta,-2
14797,47,2024-11-16,Venta,-1
14798,4,2024-02-18,Venta,-1
14799,15,2024-02-18,Venta,-1
14800,86,2026-04-16,Venta,-4
14801,4,2025-04-21,Venta,-3
14802,5,2024-08-29,Venta,-1
14803,74,2024-08-29,Venta,-3
14804,26,2024-08-29,Venta,-1
14805,72,2025-04-19,Venta,-2
14806,55,2025-04-19,Venta,-2
14807,14,2025-04-19,Venta,-3
14808,85,2025-04-19,Venta,-2
14809,11,2026-07-31,Venta,-3
14810,67,2025-08-12,Venta,-1
14811,27,2025-08-31,Venta,-1
14812,14,2024-02-09,Venta,-2
14813,1,2024-09-19,Venta,-1
14814,67,2025-07-02,Venta,-1
14815,66,2025-07-02,Venta,-1
14816,54,2026-01-22,Venta,-1
14817,72,2024-10-31,Venta,-2
14818,16,2024-07-20,Venta,-2
14819,58,2024-07-20,Venta,-1
14820,84,2024-07-20,Venta,-1
14821,62,2024-07-20,Venta,-1
14822,1,2024-03-27,Venta,-1
14823,59,2024-03-27,Venta,-1
14824,52,2025-04-27,Venta,-1
14825,88,2025-07-24,Venta,-1
14826,14,2024-03-28,Venta,-2
14827,86,2024-03-28,Venta,-12
14828,49,2025-07-02,Venta,-1
14829,46,2025-07-02,Venta,-1
14830,86,2025-07-02,Venta,-1
14831,15,2025-12-12,Venta,-1
14832,56,2025-12-12,Venta,-1
14833,51,2025-12-12,Venta,-1
14834,74,2025-12-12,Venta,-12
14835,100,2025-07-12,Venta,-1
14836,22,2025-07-12,Venta,-1
14837,58,2026-03-14,Venta,-3
14838,65,2026-03-14,Venta,-1
14839,54,2026-03-14,Venta,-3
14840,37,2026-01-29,Venta,-4
14841,7,2024-04-28,Venta,-3
14842,92,2025-09-12,Venta,-1
14843,29,2025-09-12,Venta,-2
14844,14,2025-09-12,Venta,-1
14845,37,2024-04-12,Venta,-1
14846,52,2024-04-12,Venta,-3
14847,71,2024-04-12,Venta,-1
14848,85,2024-10-26,Venta,-18
14849,59,2024-10-26,Venta,-2
14850,4,2024-10-23,Venta,-1
14851,34,2024-10-23,Venta,-2
14852,74,2025-09-05,Venta,-3
14853,55,2025-09-05,Venta,-3
14854,73,2025-09-05,Venta,-1
14855,59,2025-09-05,Venta,-2
14856,69,2025-09-05,Venta,-2
14857,3,2026-07-08,Venta,-2
14858,59,2026-07-08,Venta,-1
14859,4,2024-08-17,Venta,-2
14860,90,2024-08-17,Venta,-1
14861,71,2024-08-17,Venta,-1
14862,52,2026-05-03,Venta,-1
14863,83,2026-05-03,Venta,-4
14864,40,2025-12-02,Venta,-1
14865,61,2025-12-02,Venta,-1
14866,48,2024-03-31,Venta,-1
14867,84,2024-03-31,Venta,-2
14868,55,2024-03-31,Venta,-1
14869,83,2024-03-31,Venta,-1
14870,91,2026-05-01,Venta,-2
14871,55,2026-05-01,Venta,-1
14872,21,2026-05-01,Venta,-6
14873,35,2025-12-19,Venta,-3
14874,69,2025-12-19,Venta,-2
14875,55,2025-12-19,Venta,-6
14876,12,2025-02-28,Venta,-18
14877,34,2025-02-28,Venta,-1
14878,61,2024-12-11,Venta,-1
14879,14,2024-12-11,Venta,-2
14880,63,2024-12-11,Venta,-1
14881,38,2024-12-11,Venta,-2
14882,7,2024-12-11,Venta,-1
14883,51,2025-11-04,Venta,-1
14884,26,2025-11-04,Venta,-1
14885,85,2025-11-04,Venta,-2
14886,45,2026-02-02,Venta,-1
14887,38,2025-12-20,Venta,-2
14888,74,2025-12-20,Venta,-2
14889,81,2025-12-20,Venta,-1
14890,69,2025-11-15,Venta,-2
14891,88,2025-11-15,Venta,-1
14892,12,2024-12-27,Venta,-1
14893,7,2024-12-27,Venta,-4
14894,74,2025-05-24,Venta,-1
14895,29,2026-03-06,Venta,-1
14896,4,2026-03-06,Venta,-2
14897,73,2026-03-06,Venta,-4
14898,14,2024-03-25,Venta,-1
14899,72,2024-01-05,Venta,-3
14900,74,2024-04-16,Venta,-1
14901,14,2024-04-16,Venta,-1
14902,94,2025-05-27,Venta,-1
14903,93,2025-11-22,Venta,-3
14904,69,2025-11-22,Venta,-4
14905,14,2026-01-16,Venta,-1
14906,51,2024-01-02,Venta,-1
14907,4,2025-01-02,Venta,-2
14908,94,2025-03-05,Venta,-2
14909,51,2026-08-28,Venta,-3
14910,49,2026-08-28,Venta,-1
14911,84,2026-01-15,Venta,-1
14912,95,2024-05-17,Venta,-1
14913,30,2024-05-17,Venta,-1
14914,48,2026-05-06,Venta,-2
14915,76,2026-05-06,Venta,-1
14916,49,2024-05-22,Venta,-2
14917,87,2024-05-22,Venta,-1
14918,90,2024-03-26,Venta,-1
14919,84,2024-03-26,Venta,-1
14920,22,2024-03-26,Venta,-18
14921,3,2024-04-02,Venta,-2
14922,34,2024-04-02,Venta,-1
14923,85,2024-04-02,Venta,-2
14924,4,2025-04-20,Venta,-2
14925,37,2025-04-20,Venta,-1
14926,62,2025-04-20,Venta,-1
14927,58,2025-04-20,Venta,-1
14928,24,2024-09-22,Venta,-1
14929,76,2024-09-22,Venta,-1
14930,22,2024-03-20,Venta,-3
14931,51,2024-03-20,Venta,-4
14932,12,2024-08-13,Venta,-1
14933,46,2024-08-13,Venta,-1
14934,24,2024-08-13,Venta,-3
14935,34,2025-01-26,Venta,-1
14936,21,2025-01-26,Venta,-6
14937,10,2025-12-12,Venta,-1
14938,26,2025-12-12,Venta,-4
14939,43,2024-06-24,Venta,-1
14940,56,2024-06-24,Venta,-3
14941,34,2024-02-04,Venta,-1
14942,86,2024-02-04,Venta,-1
14943,24,2025-06-09,Venta,-1
14944,54,2025-06-09,Venta,-2
14945,36,2025-03-07,Venta,-1
14946,88,2024-08-27,Venta,-1
14947,73,2024-08-03,Venta,-1
14948,26,2024-12-16,Venta,-1
14949,37,2026-05-04,Venta,-4
14950,84,2025-03-04,Venta,-1
14951,95,2025-03-04,Venta,-1
14952,3,2025-03-04,Venta,-2
14953,23,2024-11-26,Venta,-1
14954,26,2024-11-26,Venta,-1
14955,4,2024-11-26,Venta,-1
14956,71,2024-11-26,Venta,-1
14957,99,2024-12-19,Venta,-1
14958,26,2024-12-19,Venta,-1
14959,84,2024-10-11,Venta,-1
14960,91,2024-10-11,Venta,-3
14961,27,2024-10-11,Venta,-12
14962,83,2025-05-25,Venta,-2
14963,92,2025-01-29,Venta,-1
14964,1,2025-01-29,Venta,-1
14965,81,2026-05-10,Venta,-4
14966,16,2024-07-01,Venta,-24
14967,4,2024-07-01,Venta,-1
14968,67,2026-03-29,Venta,-2
14969,34,2024-08-17,Venta,-2
14970,85,2025-11-29,Venta,-2
14971,22,2024-09-14,Venta,-1
14972,85,2024-09-14,Venta,-1
14973,14,2024-09-14,Venta,-3
14974,83,2024-01-14,Venta,-12
14975,6,2025-05-25,Venta,-6
14976,16,2025-11-29,Venta,-1
14977,23,2025-11-29,Venta,-1
14978,58,2024-06-13,Venta,-4
14979,33,2024-06-13,Venta,-1
14980,31,2025-01-05,Venta,-1
14981,38,2024-07-26,Venta,-1
14982,36,2026-05-29,Venta,-1
14983,65,2025-10-14,Venta,-1
14984,71,2025-10-14,Venta,-2
14985,47,2025-05-17,Venta,-1
14986,21,2025-05-17,Venta,-3
14987,95,2024-07-14,Venta,-1
14988,10,2026-08-08,Venta,-1
14989,34,2024-07-27,Venta,-1
14990,49,2024-07-27,Venta,-4
14991,91,2024-07-27,Venta,-1
14992,14,2024-07-27,Venta,-2
14993,26,2024-07-27,Venta,-1
14994,93,2024-06-06,Venta,-1
14995,38,2024-06-06,Venta,-1
14996,97,2025-08-19,Venta,-1
14997,83,2025-12-30,Venta,-1
14998,1,2025-12-30,Venta,-1
14999,2,2025-12-30,Venta,-1
15000,27,2025-05-31,Venta,-3
15001,95,2026-04-16,Venta,-1
15002,85,2026-04-28,Venta,-1
15003,33,2024-09-27,Venta,-2
15004,28,2025-12-27,Venta,-1
15005,88,2025-12-27,Venta,-1
15006,47,2025-12-27,Venta,-1
15007,74,2025-12-31,Venta,-1
15008,4,2025-08-07,Venta,-1
15009,61,2025-04-13,Venta,-1
15010,38,2025-04-13,Venta,-2
15011,12,2025-04-13,Venta,-1
15012,4,2026-01-28,Venta,-2
15013,32,2026-01-28,Venta,-2
15014,86,2025-08-21,Venta,-1
15015,61,2025-12-23,Venta,-2
15016,11,2025-12-23,Venta,-2
15017,64,2026-04-15,Venta,-3
15018,81,2026-04-15,Venta,-2
15019,21,2025-11-01,Venta,-2
15020,89,2024-05-12,Venta,-2
15021,24,2026-08-04,Venta,-1
15022,86,2026-08-04,Venta,-2
15023,83,2026-08-04,Venta,-2
15024,7,2026-08-04,Venta,-2
15025,76,2025-02-07,Venta,-1
15026,86,2024-11-14,Venta,-2
15027,14,2024-11-14,Venta,-1
15028,61,2025-08-28,Venta,-1
15029,76,2025-08-28,Venta,-1
15030,6,2025-08-28,Venta,-4
15031,49,2025-06-21,Venta,-3
15032,94,2025-06-21,Venta,-2
15033,48,2026-01-08,Venta,-1
15034,76,2026-01-08,Venta,-1
15035,23,2026-01-08,Venta,-1
15036,16,2026-01-08,Venta,-1
15037,100,2024-05-15,Venta,-1
15038,12,2024-05-15,Venta,-1
15039,52,2025-12-29,Venta,-2
15040,35,2025-12-29,Venta,-1
15041,88,2025-08-18,Venta,-1
15042,58,2024-05-14,Venta,-1
15043,86,2024-05-14,Venta,-4
15044,52,2024-05-14,Venta,-1
15045,2,2025-10-27,Venta,-4
15046,81,2025-10-27,Venta,-1
15047,37,2025-10-27,Venta,-1
15048,71,2026-04-21,Venta,-1
15049,11,2025-08-01,Venta,-2
15050,95,2025-06-03,Venta,-1
15051,86,2024-10-17,Venta,-1
15052,22,2024-10-17,Venta,-1
15053,81,2024-10-17,Venta,-1
15054,62,2024-12-08,Venta,-1
15055,100,2024-10-15,Venta,-4
15056,56,2024-10-15,Venta,-1
15057,30,2024-10-15,Venta,-1
15058,84,2025-04-24,Venta,-1
15059,66,2025-04-24,Venta,-2
15060,60,2025-04-24,Venta,-1
15061,56,2026-06-05,Venta,-1
15062,71,2025-09-18,Venta,-1
15063,22,2025-05-20,Venta,-1
15064,4,2025-05-20,Venta,-1
15065,36,2025-05-20,Venta,-2
15066,54,2025-05-20,Venta,-2
15067,29,2024-12-13,Venta,-2
15068,14,2024-12-13,Venta,-1
15069,26,2026-06-12,Venta,-1
15070,79,2026-06-12,Venta,-2
15071,55,2026-06-12,Venta,-1
15072,5,2024-08-14,Venta,-1
15073,56,2024-08-14,Venta,-1
15074,85,2024-08-14,Venta,-2
15075,32,2024-12-06,Venta,-1
15076,2,2024-12-06,Venta,-1
15077,88,2026-05-15,Venta,-1
15078,45,2026-05-15,Venta,-4
15079,93,2026-04-04,Venta,-1
15080,1,2024-06-07,Venta,-1
15081,45,2024-06-07,Venta,-1
15082,21,2026-01-06,Venta,-4
15083,74,2024-07-17,Venta,-1
15084,14,2025-06-11,Venta,-1
15085,94,2025-06-11,Venta,-1
15086,40,2025-06-11,Venta,-1
15087,11,2025-06-11,Venta,-1
15088,83,2024-11-02,Venta,-2
15089,61,2024-11-02,Venta,-2
15090,82,2024-11-02,Venta,-3
15091,86,2024-06-22,Venta,-1
15092,88,2024-06-22,Venta,-1
15093,54,2026-07-08,Venta,-1
15094,70,2026-07-08,Venta,-1
15095,87,2024-07-26,Venta,-1
15096,74,2024-07-26,Venta,-1
15097,22,2024-03-09,Venta,-3
15098,29,2024-03-09,Venta,-18
15099,29,2024-02-08,Venta,-2
15100,82,2024-02-08,Venta,-3
15101,42,2026-05-15,Venta,-2
15102,83,2025-11-14,Venta,-2
15103,94,2025-11-14,Venta,-1
15104,63,2025-11-14,Venta,-1
15105,80,2025-01-27,Venta,-1
15106,99,2025-01-27,Venta,-2
15107,58,2026-05-09,Venta,-1
15108,32,2024-03-20,Venta,-1
15109,18,2024-03-20,Venta,-4
15110,52,2024-03-20,Venta,-3
15111,90,2025-07-16,Venta,-4
15112,14,2025-07-16,Venta,-2
15113,37,2025-07-16,Venta,-1
15114,36,2025-03-01,Venta,-1
15115,8,2025-03-01,Venta,-1
15116,51,2026-04-05,Venta,-1
15117,43,2026-04-05,Venta,-2
15118,94,2025-12-29,Venta,-1
15119,1,2024-10-29,Venta,-1
15120,6,2024-10-29,Venta,-1
15121,90,2024-11-10,Venta,-2
15122,89,2024-02-05,Venta,-2
15123,38,2024-02-05,Venta,-1
15124,92,2024-11-06,Venta,-1
15125,46,2026-01-10,Venta,-2
15126,12,2024-05-15,Venta,-2
15127,56,2024-09-10,Venta,-1
15128,36,2024-09-10,Venta,-2
15129,62,2024-09-10,Venta,-24
15130,18,2025-10-07,Venta,-1
15131,27,2025-10-07,Venta,-2
15132,88,2025-10-07,Venta,-1
15133,16,2025-10-07,Venta,-1
15134,96,2026-05-14,Venta,-1
15135,54,2025-09-24,Venta,-2
15136,8,2025-09-24,Venta,-3
15137,14,2025-09-24,Venta,-6
15138,85,2026-03-07,Venta,-1
15139,14,2024-11-01,Venta,-1
15140,76,2024-11-01,Venta,-1
15141,2,2024-11-29,Venta,-4
15142,34,2026-01-08,Venta,-2
15143,14,2026-01-08,Venta,-2
15144,97,2025-07-11,Venta,-1
15145,4,2025-03-23,Venta,-2
15146,56,2025-01-31,Venta,-3
15147,54,2024-07-02,Venta,-1
15148,94,2024-10-12,Venta,-1
15149,74,2024-10-12,Venta,-2
15150,63,2024-10-12,Venta,-1
15151,4,2024-10-12,Venta,-1
15152,73,2025-09-15,Venta,-3
15153,3,2025-07-05,Venta,-2
15154,38,2025-06-26,Venta,-2
15155,96,2025-06-26,Venta,-1
15156,4,2025-06-26,Venta,-2
15157,62,2025-06-26,Venta,-1
15158,14,2025-06-26,Venta,-2
15159,91,2025-03-07,Venta,-3
15160,51,2025-03-07,Venta,-2
15161,100,2025-11-08,Venta,-2
15162,94,2025-11-08,Venta,-1
15163,23,2024-04-04,Venta,-1
15164,54,2024-04-04,Venta,-2
15165,21,2024-04-04,Venta,-1
15166,84,2025-10-25,Venta,-2
15167,27,2024-10-27,Venta,-2
15168,74,2024-03-02,Venta,-3
15169,81,2024-03-02,Venta,-1
15170,24,2024-03-02,Venta,-1
15171,20,2024-03-02,Venta,-1
15172,34,2024-09-21,Venta,-1
15173,86,2024-09-21,Venta,-2
15174,2,2025-06-25,Venta,-1
15175,4,2025-06-25,Venta,-1
15176,18,2024-05-01,Venta,-1
15177,8,2024-02-21,Venta,-1
15178,69,2024-02-21,Venta,-1
15179,96,2024-02-21,Venta,-2
15180,70,2024-02-21,Venta,-1
15181,22,2025-08-26,Venta,-2
15182,91,2024-05-29,Venta,-1
15183,63,2024-05-29,Venta,-2
15184,41,2024-05-29,Venta,-3
15185,14,2024-05-29,Venta,-1
15186,52,2024-03-05,Venta,-1
15187,22,2025-10-07,Venta,-1
15188,2,2025-10-07,Venta,-2
15189,74,2024-10-29,Venta,-2
15190,59,2024-10-29,Venta,-2
15191,51,2024-10-29,Venta,-2
15192,26,2024-10-29,Venta,-1
15193,76,2026-01-18,Venta,-1
15194,74,2026-01-18,Venta,-1
15195,65,2026-01-18,Venta,-1
15196,33,2024-02-11,Venta,-1
15197,26,2024-02-11,Venta,-2
15198,68,2025-11-26,Venta,-1
15199,29,2025-11-26,Venta,-1
15200,75,2026-08-14,Venta,-1
15201,85,2025-01-07,Venta,-1
15202,22,2025-01-07,Venta,-1
15203,27,2024-12-31,Venta,-1
15204,100,2025-08-28,Venta,-1
15205,66,2025-08-28,Venta,-1
15206,76,2025-08-28,Venta,-1
15207,60,2024-09-20,Venta,-3
15208,14,2024-09-20,Venta,-1
15209,69,2024-09-20,Venta,-2
15210,86,2024-09-20,Venta,-1
15211,4,2024-12-18,Venta,-2
15212,26,2024-12-18,Venta,-1
15213,34,2024-12-18,Venta,-1
15214,37,2024-12-18,Venta,-2
15215,22,2026-06-06,Venta,-4
15216,91,2026-06-06,Venta,-1
15217,18,2024-11-26,Venta,-1
15218,1,2024-11-26,Venta,-1
15219,67,2025-12-08,Venta,-12
15220,85,2025-01-18,Venta,-1
15221,74,2025-01-18,Venta,-12
15222,22,2025-05-21,Venta,-2
15223,4,2025-05-21,Venta,-1
15224,87,2025-05-21,Venta,-1
15225,29,2024-11-08,Venta,-1
15226,42,2024-11-08,Venta,-1
15227,49,2024-07-23,Venta,-1
15228,22,2025-11-19,Venta,-1
15229,85,2025-11-19,Venta,-1
15230,52,2025-11-19,Venta,-1
15231,14,2024-03-08,Venta,-3
15232,5,2024-03-08,Venta,-3
15233,74,2024-10-17,Venta,-1
15234,76,2024-10-17,Venta,-3
15235,72,2024-10-17,Venta,-2
15236,26,2025-02-09,Venta,-1
15237,36,2025-02-09,Venta,-1
15238,46,2025-02-09,Venta,-1
15239,96,2024-11-17,Venta,-1
15240,4,2024-11-17,Venta,-12
15241,48,2024-11-17,Venta,-1
15242,55,2024-11-29,Venta,-2
15243,83,2026-03-11,Venta,-1
15244,95,2026-03-11,Venta,-1
15245,2,2024-11-01,Venta,-2
15246,26,2025-06-02,Venta,-2
15247,74,2024-05-18,Venta,-1
15248,14,2024-05-18,Venta,-1
15249,30,2024-05-18,Venta,-1
15250,83,2024-05-18,Venta,-2
15251,54,2025-11-08,Venta,-1
15252,76,2025-11-08,Venta,-1
15253,24,2025-11-08,Venta,-1
15254,76,2025-12-17,Venta,-1
15255,85,2025-11-05,Venta,-1
15256,38,2025-11-05,Venta,-2
15257,91,2026-02-03,Venta,-1
15258,81,2026-08-02,Venta,-1
15259,85,2026-08-02,Venta,-1
15260,31,2025-08-28,Venta,-1
15261,36,2025-08-28,Venta,-1
15262,16,2025-08-28,Venta,-1
15263,14,2024-08-29,Venta,-1
15264,18,2024-08-29,Venta,-4
15265,26,2024-08-29,Venta,-2
15266,67,2024-08-29,Venta,-3
15267,85,2025-12-08,Venta,-3
15268,43,2024-12-22,Venta,-2
15269,26,2026-07-13,Venta,-1
15270,94,2026-08-02,Venta,-1
15271,38,2026-08-02,Venta,-2
15272,14,2026-08-02,Venta,-1
15273,74,2025-10-28,Venta,-1
15274,51,2025-10-28,Venta,-3
15275,91,2025-10-28,Venta,-2
15276,84,2025-07-12,Venta,-1
15277,90,2025-07-12,Venta,-1
15278,85,2025-07-12,Venta,-1
15279,91,2024-03-16,Venta,-2
15280,31,2024-03-16,Venta,-1
15281,4,2025-07-02,Venta,-1
15282,10,2025-07-02,Venta,-2
15283,26,2026-07-14,Venta,-1
15284,12,2026-07-14,Venta,-1
15285,2,2025-07-20,Venta,-1
15286,76,2024-06-07,Venta,-24
15287,71,2024-06-07,Venta,-1
15288,63,2026-05-19,Venta,-1
15289,18,2026-06-19,Venta,-3
15290,86,2026-03-24,Venta,-1
15291,30,2024-09-10,Venta,-1
15292,37,2025-11-10,Venta,-1
15293,14,2024-09-05,Venta,-3
15294,6,2026-06-17,Venta,-1
15295,50,2026-06-17,Venta,-1
15296,76,2026-05-23,Venta,-1
15297,19,2026-05-23,Venta,-1
15298,17,2026-05-23,Venta,-1
15299,59,2026-07-24,Venta,-1
15300,3,2026-04-13,Venta,-2
15301,85,2026-04-13,Venta,-3
15302,98,2026-03-10,Venta,-1
15303,22,2026-03-10,Venta,-1
15304,21,2024-12-07,Venta,-2
15305,12,2024-12-07,Venta,-1
15306,10,2025-10-24,Venta,-1
15307,33,2025-10-24,Venta,-1
15308,16,2025-10-24,Venta,-1
15309,61,2025-10-24,Venta,-1
15310,38,2024-10-02,Venta,-1
15311,16,2025-12-31,Venta,-1
15312,49,2025-12-28,Venta,-1
15313,81,2025-12-28,Venta,-1
15314,71,2025-04-17,Venta,-2
15315,52,2024-04-04,Venta,-1
15316,26,2024-04-04,Venta,-2
15317,11,2024-10-05,Venta,-1
15318,64,2024-10-05,Venta,-1
15319,30,2025-11-22,Venta,-3
15320,76,2024-03-19,Venta,-1
15321,74,2024-03-19,Venta,-1
15322,26,2024-03-19,Venta,-6
15323,34,2024-02-23,Venta,-1
15324,46,2024-02-23,Venta,-1
15325,55,2025-02-17,Venta,-2
15326,61,2025-02-17,Venta,-1
15327,4,2024-11-21,Venta,-4
15328,73,2024-11-21,Venta,-1
15329,31,2024-11-21,Venta,-1
15330,96,2024-11-21,Venta,-1
15331,95,2024-11-21,Venta,-1
15332,23,2024-07-23,Venta,-1
15333,71,2024-06-09,Venta,-2
15334,61,2024-06-09,Venta,-1
15335,94,2026-01-14,Venta,-1
15336,63,2026-01-14,Venta,-1
15337,38,2025-10-23,Venta,-1
15338,62,2024-11-24,Venta,-2
15339,36,2024-06-10,Venta,-3
15340,27,2024-06-10,Venta,-2
15341,26,2024-06-10,Venta,-1
15342,74,2024-06-10,Venta,-1
15343,4,2024-06-10,Venta,-2
15344,1,2024-11-14,Venta,-2
15345,4,2024-11-14,Venta,-12
15346,14,2024-11-14,Venta,-1
15347,84,2025-09-15,Venta,-3
15348,4,2025-09-15,Venta,-1
15349,49,2025-09-15,Venta,-1
15350,15,2024-04-25,Venta,-1
15351,46,2025-01-26,Venta,-3
15352,91,2025-04-21,Venta,-1
15353,61,2025-04-21,Venta,-24
15354,2,2025-12-06,Venta,-1
15355,38,2026-08-14,Venta,-4
15356,83,2026-08-14,Venta,-1
15357,21,2024-07-05,Venta,-1
15358,15,2024-07-05,Venta,-1
15359,87,2026-04-20,Venta,-1
15360,49,2024-12-06,Venta,-1
15361,14,2024-12-06,Venta,-2
15362,14,2025-08-09,Venta,-2
15363,96,2025-08-09,Venta,-1
15364,94,2025-08-09,Venta,-3
15365,61,2025-08-09,Venta,-3
15366,74,2025-08-09,Venta,-1
15367,66,2025-03-17,Venta,-1
15368,20,2025-09-29,Venta,-2
15369,75,2024-08-05,Venta,-1
15370,88,2024-08-05,Venta,-2
15371,34,2024-07-19,Venta,-1
15372,90,2024-09-19,Venta,-1
15373,77,2024-09-19,Venta,-1
15374,34,2024-09-19,Venta,-3
15375,86,2024-09-19,Venta,-1
15376,71,2025-06-07,Venta,-1
15377,92,2025-06-07,Venta,-1
15378,43,2025-12-05,Venta,-1
15379,82,2025-12-05,Venta,-3
15380,34,2025-12-05,Venta,-1
15381,74,2026-02-19,Venta,-1
15382,1,2024-12-06,Venta,-3
15383,32,2024-12-06,Venta,-1
15384,12,2026-04-18,Venta,-2
15385,22,2025-09-18,Venta,-1
15386,27,2026-04-23,Venta,-1
15387,1,2026-04-23,Venta,-1
15388,69,2025-06-29,Venta,-2
15389,83,2025-06-29,Venta,-2
15390,22,2025-06-29,Venta,-1
15391,40,2026-06-16,Venta,-1
15392,61,2025-07-26,Venta,-1
15393,88,2025-07-26,Venta,-1
15394,92,2025-07-26,Venta,-1
15395,26,2024-04-12,Venta,-4
15396,34,2024-04-12,Venta,-1
15397,38,2024-07-20,Venta,-1
15398,71,2026-08-22,Venta,-2
15399,33,2026-08-22,Venta,-1
15400,89,2026-08-22,Venta,-1
15401,5,2026-08-22,Venta,-2
15402,22,2025-01-03,Venta,-2
15403,88,2025-01-03,Venta,-1
15404,81,2024-12-07,Venta,-4
15405,55,2024-12-07,Venta,-1
15406,92,2024-12-07,Venta,-1
15407,38,2024-09-26,Venta,-2
15408,81,2026-05-10,Venta,-24
15409,70,2024-12-07,Venta,-2
15410,21,2025-10-23,Venta,-2
15411,74,2025-10-23,Venta,-1
15412,64,2025-10-23,Venta,-1
15413,58,2025-10-23,Venta,-2
15414,82,2025-10-23,Venta,-3
15415,37,2025-05-10,Venta,-1
15416,94,2024-12-18,Venta,-1
15417,23,2024-12-18,Venta,-1
15418,51,2026-04-30,Venta,-3
15419,34,2026-02-14,Venta,-2
15420,21,2025-12-31,Venta,-3
15421,100,2026-06-13,Venta,-1
15422,22,2026-06-13,Venta,-1
15423,49,2025-02-24,Venta,-2
15424,51,2025-02-24,Venta,-6
15425,85,2025-02-24,Venta,-4
15426,29,2025-02-24,Venta,-1
15427,71,2025-02-24,Venta,-2
15428,99,2024-08-25,Venta,-1
15429,85,2025-03-25,Venta,-3
15430,81,2025-03-25,Venta,-1
15431,74,2024-12-07,Venta,-1
15432,76,2024-12-07,Venta,-1
15433,33,2025-09-19,Venta,-3
15434,55,2024-06-20,Venta,-12
15435,76,2024-12-07,Venta,-2
15436,76,2025-10-04,Venta,-2
15437,42,2026-04-08,Venta,-1
15438,36,2026-04-08,Venta,-1
15439,63,2026-04-08,Venta,-1
15440,90,2025-03-19,Venta,-2
15441,88,2025-03-19,Venta,-1
15442,71,2024-12-15,Venta,-3
15443,51,2024-12-15,Venta,-1
15444,14,2025-01-24,Venta,-1
15445,91,2025-01-24,Venta,-1
15446,13,2025-11-27,Venta,-1
15447,14,2025-11-27,Venta,-2
15448,15,2025-11-24,Venta,-3
15449,14,2025-11-24,Venta,-1
15450,7,2025-11-24,Venta,-2
15451,67,2026-03-10,Venta,-1
15452,100,2026-06-21,Venta,-2
15453,41,2026-06-21,Venta,-2
15454,91,2026-06-21,Venta,-2
15455,76,2026-06-21,Venta,-1
15456,63,2026-06-21,Venta,-1
15457,96,2024-05-20,Venta,-2
15458,18,2026-03-02,Venta,-2
15459,65,2026-03-02,Venta,-2
15460,48,2026-03-02,Venta,-1
15461,20,2026-03-02,Venta,-2
15462,26,2026-01-13,Venta,-1
15463,51,2026-01-13,Venta,-1
15464,84,2026-01-13,Venta,-1
15465,20,2025-12-13,Venta,-1
15466,71,2025-12-13,Venta,-3
15467,36,2024-04-09,Venta,-3
15468,13,2025-07-21,Venta,-1
15469,71,2025-01-25,Venta,-3
15470,100,2024-11-30,Venta,-2
15471,51,2024-07-30,Venta,-3
15472,26,2026-08-28,Venta,-2
15473,20,2025-05-30,Venta,-2
15474,4,2025-05-30,Venta,-1
15475,61,2024-06-21,Venta,-1
15476,74,2024-06-21,Venta,-3
15477,2,2024-11-15,Venta,-2
15478,95,2024-11-15,Venta,-1
15479,69,2024-11-15,Venta,-2
15480,79,2024-11-15,Venta,-2
15481,71,2024-07-05,Venta,-2
15482,76,2024-07-05,Venta,-1
15483,88,2024-07-05,Venta,-4
15484,96,2024-07-05,Venta,-3
15485,46,2024-12-26,Venta,-1
15486,36,2024-12-26,Venta,-2
15487,91,2024-12-26,Venta,-1
15488,42,2024-12-26,Venta,-1
15489,32,2025-06-26,Venta,-1
15490,81,2025-06-26,Venta,-4
15491,52,2025-03-28,Venta,-2
15492,61,2025-03-28,Venta,-1
15493,55,2024-12-10,Venta,-2
15494,54,2024-12-10,Venta,-1
15495,24,2024-12-10,Venta,-4
15496,76,2024-12-10,Venta,-1
15497,5,2026-03-30,Venta,-2
15498,88,2026-03-30,Venta,-2
15499,7,2026-03-30,Venta,-1
15500,93,2025-10-17,Venta,-2
15501,2,2024-12-23,Venta,-1
15502,54,2024-12-23,Venta,-1
15503,4,2026-01-09,Venta,-1
15504,34,2026-01-09,Venta,-2
15505,59,2026-01-09,Venta,-1
15506,76,2024-01-06,Venta,-1
15507,1,2024-01-06,Venta,-1
15508,63,2024-01-06,Venta,-2
15509,22,2025-05-08,Venta,-1
15510,68,2025-05-08,Venta,-1
15511,69,2025-05-08,Venta,-2
15512,83,2025-05-08,Venta,-1
15513,81,2025-01-11,Venta,-2
15514,40,2025-09-24,Venta,-3
15515,24,2025-09-24,Venta,-1
15516,21,2024-02-01,Venta,-2
15517,25,2024-02-01,Venta,-1
15518,45,2024-02-01,Venta,-4
15519,22,2025-07-30,Venta,-1
15520,7,2025-07-30,Venta,-2
15521,46,2025-11-08,Venta,-1
15522,2,2026-03-28,Venta,-1
15523,46,2026-03-28,Venta,-2
15524,63,2026-03-28,Venta,-1
15525,2,2025-12-12,Venta,-3
15526,80,2024-02-23,Venta,-1
15527,29,2024-02-23,Venta,-1
15528,95,2024-03-08,Venta,-2
15529,27,2024-03-08,Venta,-6
15530,61,2024-12-24,Venta,-1
15531,33,2024-12-24,Venta,-1
15532,88,2024-03-15,Venta,-2
15533,12,2026-04-10,Venta,-2
15534,64,2026-04-10,Venta,-1
15535,81,2026-04-10,Venta,-1
15536,5,2026-04-10,Venta,-2
15537,31,2024-02-08,Venta,-1
15538,46,2024-02-08,Venta,-1
15539,78,2026-08-13,Venta,-1
15540,76,2026-08-13,Venta,-3
15541,4,2026-08-13,Venta,-2
15542,81,2026-07-10,Venta,-1
15543,21,2026-07-10,Venta,-24
15544,17,2025-10-16,Venta,-1
15545,40,2025-07-15,Venta,-2
15546,76,2025-07-15,Venta,-4
15547,58,2025-07-15,Venta,-2
15548,4,2024-06-23,Venta,-2
15549,88,2024-06-23,Venta,-2
15550,84,2024-12-15,Venta,-2
15551,3,2024-07-02,Venta,-1
15552,33,2024-07-02,Venta,-1
15553,85,2024-05-23,Venta,-1
15554,59,2024-05-23,Venta,-1
15555,94,2024-05-23,Venta,-2
15556,12,2024-03-14,Venta,-1
15557,51,2026-08-29,Venta,-1
15558,91,2026-07-12,Venta,-2
15559,44,2025-01-02,Venta,-2
15560,76,2025-03-22,Venta,-3
15561,14,2025-03-22,Venta,-1
15562,65,2025-03-22,Venta,-1
15563,15,2025-11-24,Venta,-6
15564,14,2025-08-28,Venta,-1
15565,30,2025-08-28,Venta,-1
15566,26,2025-08-28,Venta,-1
15567,92,2025-12-17,Venta,-4
15568,23,2025-12-17,Venta,-1
15569,30,2024-08-24,Venta,-2
15570,22,2024-08-24,Venta,-1
15571,88,2025-05-31,Venta,-2
15572,26,2024-11-15,Venta,-1
15573,83,2024-11-15,Venta,-1
15574,38,2026-04-29,Venta,-2
15575,22,2026-04-29,Venta,-1
15576,17,2026-03-23,Venta,-2
15577,21,2024-10-18,Venta,-2
15578,7,2024-06-29,Venta,-1
15579,16,2024-06-29,Venta,-12
15580,5,2024-06-29,Venta,-2
15581,34,2024-06-29,Venta,-2
15582,66,2024-06-10,Venta,-1
15583,69,2026-05-06,Venta,-1
15584,76,2026-05-06,Venta,-1
15585,59,2024-07-13,Venta,-2
15586,18,2024-07-13,Venta,-3
15587,64,2024-07-13,Venta,-12
15588,12,2024-07-13,Venta,-1
15589,72,2025-12-13,Venta,-2
15590,38,2025-12-13,Venta,-3
15591,23,2025-12-13,Venta,-1
15592,22,2026-03-05,Venta,-1
15593,88,2026-03-05,Venta,-1
15594,91,2024-10-04,Venta,-2
15595,34,2024-10-04,Venta,-2
15596,31,2024-10-04,Venta,-2
15597,26,2024-10-04,Venta,-1
15598,87,2025-07-26,Venta,-1
15599,38,2026-08-22,Venta,-2
15600,14,2025-01-10,Venta,-12
15601,7,2025-12-06,Venta,-1
15602,65,2024-11-13,Venta,-2
15603,86,2025-11-21,Venta,-1
15604,23,2025-04-30,Venta,-1
15605,49,2025-04-30,Venta,-1
15606,48,2025-10-26,Venta,-1
15607,91,2025-10-26,Venta,-4
15608,90,2025-10-26,Venta,-2
15609,70,2025-04-21,Venta,-1
15610,70,2024-04-13,Venta,-2
15611,89,2024-04-13,Venta,-1
15612,74,2024-04-13,Venta,-2
15613,51,2024-09-21,Venta,-1
15614,55,2025-05-06,Venta,-1
15615,91,2025-05-06,Venta,-1
15616,66,2025-05-06,Venta,-1
15617,67,2026-08-22,Venta,-2
15618,85,2026-08-22,Venta,-1
15619,47,2026-08-22,Venta,-2
15620,80,2026-08-22,Venta,-1
15621,14,2026-04-09,Venta,-1
15622,8,2024-05-19,Venta,-1
15623,62,2024-05-19,Venta,-1
15624,85,2024-05-19,Venta,-2
15625,74,2026-05-18,Venta,-2
15626,2,2024-03-17,Venta,-1
15627,85,2024-03-23,Venta,-2
15628,100,2025-06-20,Venta,-1
15629,27,2025-06-20,Venta,-1
15630,61,2025-11-21,Venta,-1
15631,17,2025-11-21,Venta,-1
15632,100,2025-11-21,Venta,-3
15633,86,2024-03-28,Venta,-4
15634,46,2026-01-09,Venta,-1
15635,40,2026-01-09,Venta,-2
15636,74,2026-01-09,Venta,-1
15637,26,2025-07-18,Venta,-4
15638,64,2025-10-18,Venta,-24
15639,2,2025-10-18,Venta,-2
15640,16,2025-10-18,Venta,-2
15641,68,2025-10-18,Venta,-1
15642,34,2025-09-22,Venta,-1
15643,14,2025-09-22,Venta,-1
15644,3,2025-09-22,Venta,-3
15645,1,2026-04-09,Venta,-1
15646,20,2026-04-09,Venta,-1
15647,24,2026-04-09,Venta,-2
15648,31,2026-04-09,Venta,-3
15649,80,2024-05-29,Venta,-1
15650,22,2024-05-29,Venta,-3
15651,34,2024-05-29,Venta,-1
15652,16,2024-05-29,Venta,-1
15653,54,2024-06-08,Venta,-1
15654,27,2024-06-08,Venta,-1
15655,26,2025-12-13,Venta,-3
15656,50,2025-12-13,Venta,-1
15657,67,2025-12-13,Venta,-1
15658,86,2025-12-13,Venta,-1
15659,8,2024-01-09,Venta,-1
15660,29,2025-03-14,Venta,-6
15661,13,2025-03-14,Venta,-1
15662,38,2025-03-14,Venta,-1
15663,4,2025-03-14,Venta,-1
15664,65,2026-01-07,Venta,-4
15665,14,2026-01-07,Venta,-1
15666,51,2026-01-07,Venta,-1
15667,43,2024-12-28,Venta,-2
15668,46,2025-08-05,Venta,-1
15669,16,2025-09-05,Venta,-1
15670,72,2025-07-27,Venta,-1
15671,33,2025-07-27,Venta,-1
15672,18,2026-05-23,Venta,-2
15673,26,2025-07-02,Venta,-2
15674,60,2025-07-02,Venta,-1
15675,4,2024-03-01,Venta,-3
15676,68,2024-02-10,Venta,-1
15677,74,2024-11-12,Venta,-1
15678,4,2024-11-12,Venta,-1
15679,59,2024-11-12,Venta,-2
15680,4,2025-11-08,Venta,-3
15681,34,2025-11-08,Venta,-1
15682,3,2025-09-24,Venta,-1
15683,81,2025-10-31,Venta,-1
15684,4,2025-10-31,Venta,-1
15685,80,2025-10-31,Venta,-2
15686,18,2025-12-15,Venta,-2
15687,85,2024-12-21,Venta,-1
15688,58,2024-12-21,Venta,-3
15689,65,2024-09-08,Venta,-1
15690,40,2024-09-08,Venta,-4
15691,84,2024-09-08,Venta,-12
15692,58,2024-09-08,Venta,-1
15693,24,2024-09-08,Venta,-1
15694,69,2025-06-09,Venta,-2
15695,91,2025-06-09,Venta,-2
15696,87,2025-06-09,Venta,-3
15697,92,2025-03-28,Venta,-3
15698,18,2024-12-01,Venta,-1
15699,65,2026-08-31,Venta,-2
15700,65,2026-07-21,Venta,-1
15701,26,2026-07-21,Venta,-2
15702,76,2026-07-21,Venta,-1
15703,48,2024-04-09,Venta,-1
15704,77,2024-04-09,Venta,-2
15705,83,2024-03-09,Venta,-1
15706,26,2024-02-16,Venta,-1
15707,36,2024-09-09,Venta,-1
15708,18,2024-09-09,Venta,-2
15709,72,2024-09-09,Venta,-1
15710,27,2026-05-06,Venta,-2
15711,89,2026-05-06,Venta,-1
15712,85,2026-05-06,Venta,-1
15713,42,2025-03-12,Venta,-1
15714,58,2025-03-12,Venta,-4
15715,55,2024-08-10,Venta,-1
15716,7,2024-11-22,Venta,-1
15717,31,2024-11-22,Venta,-2
15718,4,2024-11-22,Venta,-1
15719,90,2024-06-13,Venta,-1
15720,61,2024-06-13,Venta,-1
15721,74,2024-06-13,Venta,-2
15722,19,2026-03-03,Venta,-1
15723,55,2026-03-03,Venta,-1
15724,71,2026-03-03,Venta,-2
15725,50,2026-03-03,Venta,-1
15726,46,2025-05-10,Venta,-2
15727,29,2025-12-02,Venta,-1
15728,50,2025-10-25,Venta,-1
15729,51,2025-11-20,Venta,-4
15730,7,2025-11-20,Venta,-1
15731,39,2025-11-20,Venta,-1
15732,4,2025-07-30,Venta,-1
15733,97,2025-02-05,Venta,-3
15734,17,2025-02-05,Venta,-2
15735,85,2025-02-05,Venta,-3
15736,16,2025-02-05,Venta,-1
15737,55,2025-05-02,Venta,-1
15738,36,2025-05-02,Venta,-1
15739,88,2024-06-05,Venta,-4
15740,74,2024-06-05,Venta,-3
15741,14,2025-12-31,Venta,-1
15742,27,2025-12-31,Venta,-4
15743,46,2025-12-31,Venta,-2
15744,76,2025-12-31,Venta,-1
15745,41,2025-01-15,Venta,-2
15746,69,2025-01-15,Venta,-1
15747,26,2025-12-22,Venta,-2
15748,57,2025-12-22,Venta,-1
15749,82,2025-04-11,Venta,-1
15750,38,2024-02-07,Venta,-3
15751,17,2024-02-07,Venta,-6
15752,21,2024-02-07,Venta,-2
15753,83,2024-02-07,Venta,-1
15754,43,2024-03-18,Venta,-3
15755,51,2025-05-19,Venta,-2
15756,43,2025-05-19,Venta,-2
15757,18,2025-05-19,Venta,-2
15758,46,2025-05-19,Venta,-1
15759,14,2024-10-04,Venta,-1
15760,31,2024-02-26,Venta,-1
15761,82,2024-02-26,Venta,-1
15762,74,2024-05-20,Venta,-2
15763,14,2024-03-26,Venta,-2
15764,49,2024-03-26,Venta,-1
15765,66,2025-03-27,Venta,-1
15766,85,2025-03-27,Venta,-2
15767,14,2025-03-27,Venta,-1
15768,5,2026-02-14,Venta,-1
15769,54,2024-03-27,Venta,-2
15770,41,2024-03-27,Venta,-1
15771,58,2024-03-27,Venta,-1
15772,82,2024-03-27,Venta,-1
15773,97,2025-04-03,Venta,-1
15774,21,2025-11-21,Venta,-1
15775,4,2026-08-06,Venta,-1
15776,62,2026-08-06,Venta,-4
15777,40,2026-01-17,Venta,-1
15778,43,2026-01-17,Venta,-1
15779,3,2026-01-17,Venta,-1
15780,18,2026-01-17,Venta,-6
15781,18,2025-11-02,Venta,-1
15782,38,2025-11-02,Venta,-4
15783,21,2025-11-02,Venta,-1
15784,29,2025-11-02,Venta,-1
15785,14,2025-11-02,Venta,-1
15786,46,2024-09-01,Venta,-6
15787,87,2024-09-01,Venta,-1
15788,58,2026-02-12,Venta,-1
15789,85,2026-02-12,Venta,-2
15790,62,2026-02-12,Venta,-1
15791,98,2026-02-12,Venta,-1
15792,5,2025-06-12,Venta,-1
15793,81,2025-06-12,Venta,-1
15794,26,2024-12-13,Venta,-1
15795,86,2025-11-19,Venta,-1
15796,26,2025-11-19,Venta,-2
15797,83,2025-09-08,Venta,-1
15798,94,2025-09-08,Venta,-2
15799,68,2025-08-24,Venta,-2
15800,83,2025-08-24,Venta,-1
15801,36,2025-08-24,Venta,-1
15802,14,2026-07-02,Venta,-1
15803,92,2026-07-02,Venta,-3
15804,81,2026-05-16,Venta,-1
15805,78,2024-08-08,Venta,-1
15806,38,2024-08-08,Venta,-1
15807,90,2024-08-08,Venta,-3
15808,72,2025-11-13,Venta,-1
15809,54,2025-11-13,Venta,-2
15810,82,2025-11-13,Venta,-4
15811,8,2024-06-22,Venta,-1
15812,38,2024-06-22,Venta,-1
15813,81,2024-09-11,Venta,-1
15814,56,2024-09-11,Venta,-3
15815,87,2024-09-11,Venta,-2
15816,42,2024-09-11,Venta,-1
15817,20,2024-09-16,Venta,-1
15818,35,2024-09-16,Venta,-1
15819,71,2024-09-16,Venta,-2
15820,99,2025-05-06,Venta,-6
15821,1,2025-05-06,Venta,-1
15822,54,2025-05-06,Venta,-1
15823,78,2025-05-06,Venta,-2
15824,10,2025-05-06,Venta,-1
15825,86,2024-12-20,Venta,-2
15826,26,2024-12-20,Venta,-2
15827,27,2024-12-20,Venta,-1
15828,59,2024-12-20,Venta,-1
15829,7,2024-01-19,Venta,-2
15830,52,2024-01-19,Venta,-1
15831,94,2024-01-19,Venta,-2
15832,26,2025-11-22,Venta,-1
15833,63,2026-07-31,Venta,-1
15834,48,2026-03-09,Venta,-2
15835,69,2026-03-09,Venta,-1
15836,95,2026-03-09,Venta,-1
15837,42,2026-03-09,Venta,-1
15838,3,2024-07-22,Venta,-1
15839,14,2024-07-22,Venta,-2
15840,94,2024-05-21,Venta,-1
15841,2,2025-09-25,Venta,-1
15842,88,2025-02-06,Venta,-1
15843,92,2026-03-18,Venta,-2
15844,48,2026-03-18,Venta,-1
15845,49,2026-03-18,Venta,-1
15846,46,2025-10-15,Venta,-1
15847,7,2025-07-17,Venta,-1
15848,80,2025-07-17,Venta,-1
15849,82,2026-05-07,Venta,-1
15850,88,2026-05-07,Venta,-3
15851,15,2026-05-07,Venta,-1
15852,65,2024-12-27,Venta,-1
15853,1,2025-12-03,Venta,-1
15854,87,2025-12-03,Venta,-1
15855,76,2026-08-14,Venta,-3
15856,54,2026-08-14,Venta,-1
15857,91,2024-06-08,Venta,-1
15858,74,2026-05-30,Venta,-2
15859,55,2026-05-30,Venta,-1
15860,5,2026-05-30,Venta,-1
15861,32,2024-01-26,Venta,-1
15862,20,2024-12-19,Venta,-3
15863,84,2024-12-19,Venta,-1
15864,22,2025-05-05,Venta,-4
15865,78,2024-10-06,Venta,-1
15866,65,2024-10-06,Venta,-1
15867,67,2024-10-06,Venta,-1
15868,34,2024-10-06,Venta,-4
15869,68,2025-01-05,Venta,-3
15870,82,2025-01-05,Venta,-2
15871,5,2024-09-05,Venta,-1
15872,81,2025-04-24,Venta,-1
15873,96,2025-04-24,Venta,-2
15874,29,2025-04-24,Venta,-2
15875,59,2025-04-24,Venta,-4
15876,15,2024-10-12,Venta,-1
15877,21,2024-10-12,Venta,-1
15878,74,2024-10-12,Venta,-2
15879,5,2024-10-13,Venta,-1
15880,54,2025-07-03,Venta,-2
15881,59,2025-07-03,Venta,-1
15882,4,2024-08-03,Venta,-1
15883,92,2025-10-16,Venta,-2
15884,21,2025-10-16,Venta,-3
15885,26,2025-10-16,Venta,-1
15886,89,2024-06-08,Venta,-2
15887,37,2024-06-08,Venta,-1
15888,52,2024-06-08,Venta,-2
15889,83,2024-12-22,Venta,-1
15890,43,2024-12-22,Venta,-1
15891,79,2024-12-22,Venta,-2
15892,76,2024-12-22,Venta,-2
15893,81,2024-12-22,Venta,-1
15894,91,2025-10-10,Venta,-1
15895,85,2025-10-10,Venta,-2
15896,35,2025-10-10,Venta,-1
15897,81,2026-05-24,Venta,-4
15898,86,2026-05-24,Venta,-1
15899,1,2024-12-31,Venta,-1
15900,14,2025-08-05,Venta,-1
15901,38,2026-07-05,Venta,-4
15902,60,2025-11-16,Venta,-1
15903,42,2024-07-26,Venta,-1
15904,37,2024-07-26,Venta,-1
15905,22,2026-05-28,Venta,-1
15906,100,2026-05-28,Venta,-2
15907,42,2026-05-28,Venta,-4
15908,1,2024-07-15,Venta,-1
15909,74,2024-01-30,Venta,-3
15910,81,2024-01-30,Venta,-1
15911,4,2024-01-30,Venta,-2
15912,69,2025-12-18,Venta,-1
15913,89,2025-12-18,Venta,-2
15914,38,2025-05-05,Venta,-1
15915,70,2025-05-05,Venta,-6
15916,4,2025-12-31,Venta,-1
15917,56,2025-12-10,Venta,-1
15918,65,2024-11-02,Venta,-1
15919,34,2024-11-02,Venta,-2
15920,82,2025-07-23,Venta,-3
15921,55,2025-07-23,Venta,-3
15922,27,2025-06-22,Venta,-2
15923,33,2024-04-01,Venta,-1
15924,38,2025-04-18,Venta,-3
15925,66,2025-04-18,Venta,-1
15926,61,2025-04-18,Venta,-1
15927,69,2025-10-10,Venta,-1
15928,45,2025-10-10,Venta,-2
15929,8,2025-10-10,Venta,-1
15930,2,2024-11-28,Venta,-1
15931,11,2024-11-28,Venta,-3
15932,1,2025-08-14,Venta,-1
15933,27,2025-08-14,Venta,-2
15934,86,2025-08-14,Venta,-1
15935,30,2025-08-14,Venta,-1
15936,83,2025-08-14,Venta,-3
15937,61,2025-07-01,Venta,-1
15938,30,2025-07-01,Venta,-4
15939,5,2024-12-21,Venta,-1
15940,68,2024-01-06,Venta,-1
15941,44,2024-01-06,Venta,-1
15942,23,2026-07-14,Venta,-2
15943,71,2025-06-23,Venta,-1
15944,31,2025-06-23,Venta,-2
15945,66,2025-06-23,Venta,-1
15946,92,2026-01-16,Venta,-1
15947,72,2025-01-31,Venta,-4
15948,93,2024-08-20,Venta,-2
15949,49,2025-01-09,Venta,-2
15950,71,2025-08-03,Venta,-2
15951,65,2025-08-03,Venta,-1
15952,65,2024-08-26,Venta,-1
15953,91,2025-01-08,Venta,-2
15954,92,2024-11-15,Venta,-2
15955,90,2026-02-09,Venta,-2
15956,67,2026-02-09,Venta,-1
15957,2,2026-02-21,Venta,-2
15958,29,2026-06-27,Venta,-1
15959,22,2026-06-27,Venta,-12
15960,67,2026-06-27,Venta,-1
15961,1,2025-10-25,Ingreso proveedor,45
15962,1,2025-05-09,Ingreso proveedor,46
15963,1,2024-02-16,Ajuste inventario,-3
15964,1,2025-02-20,Ingreso proveedor,59
15965,1,2024-04-12,Ajuste inventario,-1
15966,2,2024-04-15,Ingreso proveedor,14
15967,2,2026-06-01,Ingreso proveedor,64
15968,2,2025-05-04,Ingreso proveedor,49
15969,3,2024-06-02,Ajuste inventario,-3
15970,3,2025-11-12,Ingreso proveedor,53
15971,3,2025-08-11,Ingreso proveedor,60
15972,3,2026-08-19,Ingreso proveedor,12
15973,4,2024-05-19,Ingreso proveedor,64
15974,4,2026-08-06,Ingreso proveedor,34
15975,4,2026-05-18,Ajuste inventario,3
15976,4,2024-12-31,Ingreso proveedor,22
15977,5,2026-05-29,Ingreso proveedor,69
15978,5,2026-06-08,Ingreso proveedor,12
15979,5,2026-01-17,Ingreso proveedor,55
15980,5,2026-01-01,Ingreso proveedor,60
15981,5,2026-02-16,Ingreso proveedor,56
15982,6,2024-12-09,Ingreso proveedor,72
15983,6,2024-08-03,Ingreso proveedor,42
15984,7,2024-12-24,Ingreso proveedor,66
15985,7,2025-12-20,Ingreso proveedor,87
15986,7,2026-08-26,Ingreso proveedor,39
15987,7,2025-08-29,Ingreso proveedor,45
15988,8,2024-05-04,Ingreso proveedor,59
15989,8,2025-12-10,Ingreso proveedor,63
15990,8,2026-01-25,Ingreso proveedor,67
15991,8,2025-07-03,Ingreso proveedor,72
15992,8,2025-04-22,Ingreso proveedor,41
15993,9,2026-08-25,Ingreso proveedor,84
15994,9,2025-07-25,Ingreso proveedor,70
15995,9,2025-09-17,Ingreso proveedor,63
15996,9,2025-09-18,Ingreso proveedor,15
15997,9,2026-08-16,Ingreso proveedor,81
15998,10,2026-08-19,Ingreso proveedor,73
15999,10,2025-10-25,Ingreso proveedor,75
16000,11,2025-08-27,Ingreso proveedor,50
16001,11,2024-03-12,Ingreso proveedor,80
16002,11,2024-09-03,Ingreso proveedor,85
16003,11,2024-02-11,Ingreso proveedor,43
16004,12,2025-07-04,Ingreso proveedor,48
16005,12,2025-07-04,Ingreso proveedor,29
16006,13,2024-08-06,Ingreso proveedor,73
16007,13,2024-02-10,Ingreso proveedor,33
16008,14,2025-08-04,Ingreso proveedor,89
16009,14,2026-05-12,Ingreso proveedor,25
16010,14,2024-03-09,Ingreso proveedor,69
16011,14,2024-11-15,Ingreso proveedor,80
16012,14,2025-04-09,Ingreso proveedor,36
16013,15,2024-04-20,Ingreso proveedor,57
16014,15,2026-05-17,Ajuste inventario,2
16015,15,2025-05-10,Ajuste inventario,-1
16016,15,2026-04-24,Ingreso proveedor,42
16017,15,2026-04-04,Ingreso proveedor,38
16018,16,2026-04-25,Ingreso proveedor,48
16019,16,2026-03-11,Ingreso proveedor,66
16020,16,2025-10-04,Ingreso proveedor,82
16021,16,2026-01-11,Ingreso proveedor,68
16022,17,2026-01-29,Ingreso proveedor,61
16023,17,2024-03-17,Ingreso proveedor,25
16024,17,2026-05-09,Ingreso proveedor,20
16025,17,2024-08-22,Ajuste inventario,-3
16026,17,2025-02-19,Ingreso proveedor,25
16027,18,2025-12-25,Ingreso proveedor,67
16028,18,2024-08-31,Ingreso proveedor,14
16029,19,2024-05-05,Ingreso proveedor,31
16030,19,2025-03-06,Ajuste inventario,3
16031,19,2024-08-21,Ajuste inventario,-3
16032,19,2024-07-21,Ingreso proveedor,33
16033,19,2026-03-11,Ingreso proveedor,46
16034,20,2026-04-26,Ingreso proveedor,49
16035,20,2024-06-22,Ingreso proveedor,64
16036,20,2024-04-27,Ingreso proveedor,53
16037,20,2025-02-11,Ingreso proveedor,62
16038,21,2024-09-16,Ingreso proveedor,25
16039,21,2024-10-08,Ingreso proveedor,88
16040,21,2025-06-07,Ingreso proveedor,90
16041,22,2026-08-22,Ingreso proveedor,62
16042,22,2024-12-22,Ingreso proveedor,87
16043,22,2026-05-18,Ingreso proveedor,68
16044,22,2026-07-09,Ingreso proveedor,63
16045,23,2024-12-05,Ingreso proveedor,35
16046,23,2025-05-28,Ingreso proveedor,81
16047,23,2024-04-18,Ingreso proveedor,61
16048,23,2025-03-11,Ingreso proveedor,25
16049,24,2025-02-02,Ingreso proveedor,71
16050,24,2026-05-16,Ingreso proveedor,67
16051,24,2024-11-28,Ingreso proveedor,77
16052,24,2024-12-28,Ingreso proveedor,58
16053,25,2024-09-05,Ingreso proveedor,84
16054,25,2025-10-11,Ingreso proveedor,78
16055,25,2026-02-17,Ajuste inventario,2
16056,26,2025-03-15,Ingreso proveedor,62
16057,26,2026-01-16,Ingreso proveedor,81
16058,27,2024-03-16,Ingreso proveedor,82
16059,27,2026-06-24,Ajuste inventario,2
16060,28,2026-02-20,Ingreso proveedor,75
16061,28,2025-04-13,Ingreso proveedor,14
16062,28,2024-05-25,Ingreso proveedor,22
16063,29,2026-05-27,Ajuste inventario,-1
16064,29,2025-07-19,Ingreso proveedor,18
16065,29,2024-04-01,Ingreso proveedor,35
16066,29,2025-05-28,Ingreso proveedor,80
16067,30,2025-10-13,Ingreso proveedor,37
16068,30,2025-06-14,Ajuste inventario,2
16069,30,2024-10-02,Ingreso proveedor,43
16070,31,2025-06-22,Ingreso proveedor,34
16071,31,2024-08-02,Ingreso proveedor,64
16072,32,2026-04-01,Ingreso proveedor,51
16073,32,2025-01-26,Ingreso proveedor,82
16074,32,2026-06-20,Ingreso proveedor,24
16075,32,2025-10-11,Ingreso proveedor,74
16076,33,2024-09-27,Ingreso proveedor,13
16077,33,2024-11-01,Ajuste inventario,3
16078,33,2024-08-17,Ajuste inventario,2
16079,33,2026-06-22,Ingreso proveedor,34
16080,34,2024-08-07,Ingreso proveedor,25
16081,34,2025-01-10,Ingreso proveedor,69
16082,34,2024-07-15,Ingreso proveedor,19
16083,35,2026-06-08,Ajuste inventario,3
16084,35,2025-05-31,Ingreso proveedor,38
16085,36,2026-06-24,Ingreso proveedor,77
16086,36,2026-03-25,Ingreso proveedor,37
16087,36,2025-07-07,Ingreso proveedor,31
16088,36,2025-06-29,Ajuste inventario,-3
16089,36,2024-12-28,Ingreso proveedor,21
16090,37,2025-07-27,Ingreso proveedor,23
16091,37,2025-09-22,Ingreso proveedor,26
16092,37,2026-03-17,Ingreso proveedor,12
16093,37,2025-12-25,Ingreso proveedor,17
16094,38,2026-05-12,Ingreso proveedor,15
16095,38,2025-12-12,Ingreso proveedor,88
16096,38,2025-04-19,Ingreso proveedor,65
16097,38,2024-06-20,Ingreso proveedor,37
16098,38,2024-04-01,Ingreso proveedor,71
16099,39,2024-06-06,Ajuste inventario,1
16100,39,2025-04-21,Ingreso proveedor,49
16101,40,2026-05-19,Ingreso proveedor,68
16102,40,2024-06-29,Ingreso proveedor,25
16103,41,2024-11-10,Ingreso proveedor,63
16104,41,2026-08-03,Ingreso proveedor,52
16105,41,2024-12-18,Ajuste inventario,3
16106,41,2026-05-14,Ingreso proveedor,22
16107,41,2024-04-15,Ingreso proveedor,33
16108,42,2026-03-20,Ajuste inventario,1
16109,42,2026-07-16,Ajuste inventario,3
16110,42,2026-02-01,Ingreso proveedor,65
16111,42,2025-07-27,Ingreso proveedor,73
16112,42,2024-05-06,Ingreso proveedor,33
16113,43,2024-07-07,Ingreso proveedor,13
16114,43,2026-02-28,Ingreso proveedor,85
16115,43,2025-01-26,Ingreso proveedor,43
16116,43,2026-02-14,Ingreso proveedor,44
16117,44,2024-01-31,Ingreso proveedor,33
16118,44,2024-09-07,Ingreso proveedor,62
16119,44,2025-06-16,Ingreso proveedor,46
16120,45,2024-09-03,Ingreso proveedor,34
16121,45,2024-05-05,Ingreso proveedor,55
16122,45,2024-06-20,Ingreso proveedor,78
16123,45,2024-03-08,Ingreso proveedor,20
16124,45,2026-03-05,Ingreso proveedor,66
16125,46,2026-02-06,Ingreso proveedor,81
16126,46,2024-02-16,Ingreso proveedor,73
16127,46,2025-12-26,Ajuste inventario,-2
16128,46,2024-09-27,Ingreso proveedor,67
16129,47,2026-06-13,Ajuste inventario,-3
16130,47,2024-06-10,Ingreso proveedor,46
16131,48,2024-04-13,Ajuste inventario,-1
16132,48,2024-04-08,Ingreso proveedor,81
16133,48,2025-01-12,Ingreso proveedor,84
16134,48,2025-11-11,Ingreso proveedor,44
16135,49,2024-05-27,Ingreso proveedor,19
16136,49,2025-12-21,Ingreso proveedor,38
16137,50,2025-02-07,Ingreso proveedor,45
16138,50,2024-03-22,Ajuste inventario,1
16139,50,2024-12-10,Ingreso proveedor,70
16140,51,2025-08-04,Ingreso proveedor,48
16141,51,2025-08-01,Ingreso proveedor,67
16142,51,2025-04-05,Ingreso proveedor,64
16143,52,2025-05-15,Ingreso proveedor,30
16144,52,2024-03-11,Ingreso proveedor,41
16145,53,2025-07-05,Ingreso proveedor,27
16146,53,2025-11-25,Ingreso proveedor,50
16147,53,2026-02-14,Ingreso proveedor,22
16148,54,2024-06-28,Ingreso proveedor,19
16149,54,2026-08-22,Ingreso proveedor,72
16150,54,2025-03-27,Ingreso proveedor,24
16151,54,2024-01-26,Ingreso proveedor,70
16152,55,2026-06-24,Ajuste inventario,-1
16153,55,2024-06-19,Ingreso proveedor,40
16154,55,2025-12-23,Ingreso proveedor,49
16155,55,2026-01-07,Ingreso proveedor,14
16156,55,2025-01-22,Ingreso proveedor,87
16157,56,2026-07-27,Ingreso proveedor,78
16158,56,2025-02-16,Ingreso proveedor,69
16159,56,2025-03-10,Ajuste inventario,3
16160,56,2024-02-19,Ingreso proveedor,69
16161,56,2024-02-22,Ingreso proveedor,20
16162,57,2026-06-08,Ingreso proveedor,54
16163,57,2024-09-13,Ajuste inventario,-3
16164,57,2025-07-19,Ajuste inventario,-1
16165,57,2024-04-14,Ingreso proveedor,44
16166,58,2026-08-05,Ajuste inventario,1
16167,58,2024-06-26,Ingreso proveedor,76
16168,58,2024-06-11,Ingreso proveedor,43
16169,58,2024-07-15,Ingreso proveedor,20
16170,58,2024-07-24,Ingreso proveedor,29
16171,59,2026-07-31,Ajuste inventario,3
16172,59,2024-09-22,Ingreso proveedor,39
16173,59,2024-01-09,Ingreso proveedor,65
16174,59,2026-07-13,Ingreso proveedor,45
16175,60,2025-06-17,Ingreso proveedor,54
16176,60,2025-06-26,Ajuste inventario,3
16177,60,2026-08-31,Ingreso proveedor,54
16178,60,2025-07-18,Ingreso proveedor,76
16179,60,2025-02-19,Ingreso proveedor,36
16180,61,2026-08-23,Ajuste inventario,3
16181,61,2024-03-12,Ingreso proveedor,13
16182,61,2024-10-04,Ajuste inventario,-3
16183,61,2025-11-22,Ingreso proveedor,42
16184,62,2025-04-29,Ingreso proveedor,75
16185,62,2024-03-12,Ingreso proveedor,81
16186,62,2026-08-01,Ajuste inventario,3
16187,63,2025-05-02,Ingreso proveedor,13
16188,63,2024-02-07,Ajuste inventario,-1
16189,64,2025-03-21,Ingreso proveedor,78
16190,64,2025-05-15,Ingreso proveedor,43
16191,64,2025-01-25,Ingreso proveedor,78
16192,65,2024-06-28,Ingreso proveedor,78
16193,65,2025-12-03,Ingreso proveedor,39
16194,65,2025-11-08,Ingreso proveedor,23
16195,65,2024-07-18,Ajuste inventario,-2
16196,65,2026-04-17,Ingreso proveedor,37
16197,66,2024-09-03,Ingreso proveedor,62
16198,66,2025-06-18,Ingreso proveedor,58
16199,66,2025-07-22,Ingreso proveedor,13
16200,66,2025-10-18,Ingreso proveedor,46
16201,67,2025-12-12,Ingreso proveedor,26
16202,67,2025-12-04,Ingreso proveedor,82
16203,67,2026-02-08,Ingreso proveedor,25
16204,67,2025-03-03,Ingreso proveedor,28
16205,68,2025-07-14,Ingreso proveedor,38
16206,68,2026-03-08,Ingreso proveedor,57
16207,69,2026-07-01,Ingreso proveedor,16
16208,69,2026-04-19,Ingreso proveedor,19
16209,69,2026-02-28,Ingreso proveedor,21
16210,70,2025-11-07,Ajuste inventario,-1
16211,70,2025-04-26,Ingreso proveedor,84
16212,70,2025-11-15,Ingreso proveedor,13
16213,70,2026-07-25,Ajuste inventario,2
16214,70,2024-05-26,Ingreso proveedor,29
16215,71,2024-12-27,Ingreso proveedor,39
16216,71,2026-08-03,Ingreso proveedor,75
16217,71,2024-09-07,Ajuste inventario,-1
16218,72,2025-10-02,Ajuste inventario,1
16219,72,2026-05-23,Ingreso proveedor,44
16220,72,2026-06-07,Ingreso proveedor,88
16221,72,2025-11-27,Ingreso proveedor,89
16222,73,2025-12-26,Ingreso proveedor,27
16223,73,2026-01-18,Ingreso proveedor,30
16224,73,2026-06-02,Ingreso proveedor,61
16225,74,2024-02-04,Ingreso proveedor,69
16226,74,2026-01-23,Ajuste inventario,3
16227,74,2025-09-16,Ingreso proveedor,41
16228,74,2026-07-29,Ingreso proveedor,26
16229,75,2026-04-21,Ingreso proveedor,21
16230,75,2024-03-15,Ingreso proveedor,53
16231,76,2024-09-17,Ajuste inventario,-2
16232,76,2025-04-11,Ingreso proveedor,38
16233,76,2026-07-20,Ingreso proveedor,86
16234,77,2024-01-28,Ingreso proveedor,58
16235,77,2024-12-15,Ingreso proveedor,40
16236,78,2026-03-08,Ingreso proveedor,81
16237,78,2025-03-11,Ingreso proveedor,82
16238,78,2026-06-20,Ingreso proveedor,13
16239,78,2024-03-22,Ingreso proveedor,61
16240,79,2024-12-21,Ajuste inventario,-3
16241,79,2024-12-28,Ingreso proveedor,35
16242,80,2026-06-07,Ingreso proveedor,12
16243,80,2024-12-16,Ingreso proveedor,26
16244,80,2025-01-19,Ingreso proveedor,44
16245,80,2024-04-06,Ingreso proveedor,86
16246,81,2026-06-07,Ingreso proveedor,17
16247,81,2025-08-03,Ingreso proveedor,40
16248,81,2024-09-01,Ajuste inventario,-1
16249,81,2025-06-09,Ingreso proveedor,20
16250,82,2025-01-16,Ingreso proveedor,60
16251,82,2024-12-26,Ingreso proveedor,23
16252,82,2026-07-10,Ingreso proveedor,66
16253,83,2024-11-12,Ingreso proveedor,51
16254,83,2024-11-22,Ajuste inventario,-3
16255,83,2024-07-25,Ingreso proveedor,66
16256,83,2024-03-12,Ingreso proveedor,68
16257,83,2024-09-01,Ajuste inventario,-2
16258,84,2025-12-26,Ingreso proveedor,16
16259,84,2024-03-02,Ajuste inventario,1
16260,84,2024-07-04,Ingreso proveedor,21
16261,84,2024-03-09,Ingreso proveedor,69
16262,85,2024-05-27,Ajuste inventario,-1
16263,85,2024-07-26,Ingreso proveedor,24
16264,86,2026-01-29,Ajuste inventario,3
16265,86,2024-05-06,Ingreso proveedor,35
16266,87,2025-11-03,Ingreso proveedor,65
16267,87,2025-09-27,Ingreso proveedor,53
16268,87,2025-07-31,Ingreso proveedor,46
16269,88,2024-06-11,Ingreso proveedor,17
16270,88,2025-11-11,Ajuste inventario,2
16271,89,2026-08-20,Ajuste inventario,2
16272,89,2024-04-26,Ajuste inventario,-2
16273,89,2024-11-10,Ingreso proveedor,86
16274,89,2026-06-29,Ajuste inventario,-1
16275,89,2026-07-29,Ingreso proveedor,84
16276,90,2025-08-04,Ingreso proveedor,68
16277,90,2024-02-13,Ingreso proveedor,36
16278,90,2024-03-13,Ingreso proveedor,18
16279,91,2024-01-03,Ingreso proveedor,62
16280,91,2026-04-15,Ingreso proveedor,14
16281,91,2024-11-10,Ingreso proveedor,69
16282,91,2025-06-12,Ingreso proveedor,53
16283,92,2025-12-01,Ingreso proveedor,70
16284,92,2024-05-04,Ingreso proveedor,44
16285,92,2024-05-10,Ingreso proveedor,70
16286,92,2024-03-21,Ingreso proveedor,82
16287,92,2025-02-25,Ajuste inventario,3
16288,93,2026-04-24,Ingreso proveedor,70
16289,93,2026-05-09,Ajuste inventario,3
16290,93,2024-12-17,Ingreso proveedor,15
16291,93,2026-08-19,Ingreso proveedor,18
16292,93,2024-04-08,Ingreso proveedor,38
16293,94,2026-05-15,Ingreso proveedor,46
16294,94,2024-10-15,Ingreso proveedor,67
16295,94,2025-01-15,Ingreso proveedor,18
16296,95,2026-02-03,Ingreso proveedor,69
16297,95,2024-01-03,Ajuste inventario,2
16298,95,2026-01-15,Ingreso proveedor,34
16299,95,2025-07-04,Ajuste inventario,-3
16300,96,2026-05-16,Ajuste inventario,-2
16301,96,2026-04-04,Ingreso proveedor,73
16302,96,2024-04-01,Ingreso proveedor,58
16303,96,2024-09-27,Ingreso proveedor,33
16304,96,2025-11-08,Ingreso proveedor,84
16305,97,2025-07-26,Ajuste inventario,-3
16306,97,2024-12-05,Ingreso proveedor,81
16307,97,2024-04-09,Ingreso proveedor,24
16308,97,2025-01-10,Ingreso proveedor,81
16309,98,2024-08-26,Ingreso proveedor,74
16310,98,2024-09-26,Ingreso proveedor,88
16311,98,2026-04-15,Ingreso proveedor,32
16312,99,2024-05-29,Ingreso proveedor,46
16313,99,2025-05-23,Ingreso proveedor,22
16314,99,2024-08-23,Ingreso proveedor,16
16315,100,2024-02-04,Ingreso proveedor,82
16316,100,2026-07-04,Ingreso proveedor,15
16317,100,2024-08-25,Ajuste inventario,-2
16318,100,2024-03-10,Ingreso proveedor,18
16319,100,2025-05-21,Ingreso proveedor,51
