pago_id,pedido_id,fecha_pago,monto,metodo_pago,estado
1,1,2024-03-07,14824.44,Mercado Pago,Aprobado
2,2,2024-07-13,49917.77,Tarjeta credito,Aprobado
3,3,2024-11-19,112044.54,Tarjeta credito,Aprobado
4,4,2026-06-25,300176.07,Mercado Pago,Aprobado
5,5,2025-09-09,8461.35,Tarjeta credito,Aprobado
6,6,2025-11-14,53542.64,Tarjeta debito,Aprobado
7,7,2024-01-14,0.0,Efectivo,Rechazado
8,8,2024-03-02,7934.02,Tarjeta credito,Aprobado
9,9,2026-06-18,99167.77,Tarjeta credito,Aprobado
10,10,2024-12-07,0.0,Efectivo,Rechazado
11,11,2024-07-08,0.0,Tarjeta credito,Rechazado
12,12,2024-07-28,96719.42,Mercado Pago,Aprobado
13,13,2025-04-23,37842.87,Transferencia,Aprobado
14,14,2025-10-15,11200.74,Transferencia,Aprobado
15,15,2025-03-11,35765.16,Mercado Pago,Aprobado
16,16,2026-05-24,72254.3,Tarjeta debito,Aprobado
17,17,2024-11-12,23250.38,Tarjeta credito,Aprobado
18,18,2024-07-16,148220.2,Tarjeta debito,Aprobado
19,19,2026-01-30,296081.06,Transferencia,Aprobado
20,20,2024-06-17,63981.17,Tarjeta debito,Aprobado
21,21,2025-12-06,60569.88,Mercado Pago,Aprobado
22,22,2025-11-23,47923.09,Tarjeta credito,Aprobado
23,23,2026-05-14,0.0,Tarjeta credito,Rechazado
24,24,2024-03-23,75917.42,Transferencia,Aprobado
25,25,2025-08-26,53736.77,Transferencia,Aprobado
26,26,2025-12-18,7040.88,Efectivo,Aprobado
27,27,2025-11-04,21938.91,Mercado Pago,Aprobado
28,28,2026-04-13,105204.86,Mercado Pago,Aprobado
29,29,2025-10-02,26317.56,Tarjeta credito,Aprobado
30,30,2024-01-10,26905.87,Efectivo,Aprobado
31,31,2026-02-18,336852.88,Tarjeta debito,Aprobado
32,32,2026-08-21,44096.17,Mercado Pago,Aprobado
33,33,2026-08-05,0.0,Tarjeta credito,Rechazado
34,34,2026-06-13,335199.44,Efectivo,Aprobado
35,35,2026-07-15,16958.83,Efectivo,Aprobado
36,36,2024-05-10,90112.44,tarjeta credito,Aprobado
37,37,2025-07-08,9758.24,Tarjeta credito,Aprobado
38,38,2026-01-08,0.0,Transferencia,Rechazado
39,39,2024-12-08,40655.52,Mercado Pago,Aprobado
40,40,2024-08-16,56538.81,Tarjeta credito,Aprobado
41,41,2025-08-10,31065.41,Transferencia,Pendiente
42,42,2025-08-29,23017.62,Efectivo,Aprobado
43,43,2025-12-20,9287.45,Transferencia,Aprobado
44,44,2025-05-21,8895.75,Tarjeta credito,Aprobado
45,45,2026-05-21,104043.52,Tarjeta credito,Aprobado
46,46,2024-10-17,9325.74,Tarjeta credito,Aprobado
47,47,2024-11-09,17013.96,Mercado Pago,Aprobado
48,48,2026-02-05,42493.26,Mercado Pago,Aprobado
49,49,2024-04-10,15944.65,Mercado Pago,Pendiente
50,50,2025-02-17,0.0,Transferencia,Rechazado
51,51,2025-10-31,107756.37,Tarjeta credito,Aprobado
52,52,2025-08-10,63975.69,Mercado Pago,Aprobado
53,53,2024-11-01,24485.65,Efectivo,Aprobado
54,54,2026-04-17,29427.11,Transferencia,Aprobado
55,55,2026-07-08,19926.24,Tarjeta debito,Aprobado
56,56,2025-08-11,56307.51,Tarjeta credito,Aprobado
57,57,2024-09-11,150032.31,Mercado Pago,Aprobado
58,58,2025-12-12,1763154.94,Mercado Pago,Aprobado
59,59,2024-02-18,30277.28,Tarjeta credito,Aprobado
60,60,2025-01-03,115361.44,Tarjeta debito,Aprobado
61,61,2025-04-12,49878.94,Tarjeta credito,Aprobado
62,62,2024-06-07,102032.85,Tarjeta credito,Aprobado
63,63,2025-12-01,24638.43,Mercado Pago,Aprobado
64,64,2024-08-19,15138.98,Transferencia,Aprobado
65,65,2024-11-10,63932.86,Tarjeta credito,Aprobado
66,66,2024-09-24,80843.97,Tarjeta credito,Aprobado
67,67,2024-07-09,24259.22,Tarjeta credito,Aprobado
68,68,2024-11-08,96763.14,Efectivo,Aprobado
69,69,2026-08-31,22956.36,Tarjeta credito,Aprobado
70,70,2025-12-17,0.0,Tarjeta debito,Rechazado
71,71,2024-12-19,31956.84,Tarjeta credito,Pendiente
72,72,2025-09-13,16140.36,Tarjeta credito,Pendiente
73,73,2025-01-23,24801.74,Transferencia,Aprobado
74,74,2024-10-24,49672.27,Tarjeta credito,Aprobado
75,75,2025-05-14,9045.23,Mercado Pago,Aprobado
76,76,2025-02-16,52237.3,Tarjeta credito,Aprobado
77,77,2025-05-16,93638.62,Transferencia,Aprobado
78,78,2024-06-16,0.0,Mercado Pago,Rechazado
79,79,2024-05-16,0.0,Tarjeta credito,Rechazado
80,80,2024-09-30,22978.62,Tarjeta credito,Aprobado
81,81,2026-04-25,66530.61,Tarjeta debito,Aprobado
82,82,2024-08-31,29935.34,mercado pago,Aprobado
83,83,2024-09-15,77748.63,Mercado Pago,Aprobado
84,84,2025-12-21,20581.12,Efectivo,Aprobado
85,85,2025-02-17,0.0,Mercado Pago,Rechazado
86,86,2025-12-17,16984.64,Tarjeta debito,Aprobado
87,87,2024-10-02,32161.82,Tarjeta debito,Aprobado
88,88,2024-08-05,23877.81,Tarjeta credito,Aprobado
89,89,2024-04-27,73591.85,Transferencia,Aprobado
90,90,2025-09-13,102508.11,Tarjeta credito,Aprobado
91,91,2024-05-06,62636.52,Tarjeta credito,Pendiente
92,92,2026-08-23,77593.37,Tarjeta credito,Aprobado
93,93,2025-12-29,228174.9,Tarjeta debito,Aprobado
94,94,2026-01-05,64327.88,Tarjeta credito,Aprobado
95,95,2025-08-02,71052.14,Tarjeta credito,Aprobado
96,96,2024-03-17,53973.09,Tarjeta credito,Aprobado
97,97,2025-12-25,213462.0,Transferencia,Aprobado
98,98,2025-07-02,12697.82,Tarjeta debito,Aprobado
99,99,2026-04-23,41543.91,Transferencia,Aprobado
100,100,2026-01-09,0.0,Efectivo,Rechazado
101,101,2024-07-01,14138.4,Mercado Pago,Aprobado
102,102,2025-12-05,0.0,Tarjeta credito,Rechazado
103,103,2024-10-02,112492.05,Mercado Pago,Aprobado
104,104,2024-04-05,0.0,Mercado Pago,Rechazado
105,105,2024-10-17,34772.52,Mercado Pago,Aprobado
106,106,2026-04-07,138918.6,Transferencia,Aprobado
107,107,2024-05-18,19975.92,Tarjeta credito,Aprobado
108,108,2026-04-17,105886.08,Tarjeta credito,Aprobado
109,109,2024-12-05,104060.74,Transferencia,Aprobado
110,110,2025-07-14,39591.74,Tarjeta debito,Aprobado
111,111,2024-05-30,33379.0,Mercado Pago,Pendiente
112,112,2025-05-21,88397.68,Transferencia,Aprobado
113,113,2025-09-14,224413.6,Transferencia,Aprobado
114,114,2025-11-10,65200.86,Tarjeta credito,Pendiente
115,115,2024-11-23,40655.72,Mercado Pago,Aprobado
116,116,2026-01-15,36434.84,Tarjeta debito,Aprobado
117,117,2024-12-08,195542.76,Tarjeta credito,Aprobado
118,118,2025-01-30,182176.32,Transferencia,Aprobado
119,119,2025-01-07,66069.28,Efectivo,Aprobado
120,120,2024-12-24,191122.92,Tarjeta credito,Aprobado
121,121,2024-09-07,29187.36,Tarjeta credito,Aprobado
122,122,2025-01-15,18277.7,Tarjeta credito,Pendiente
123,123,2024-05-24,117161.76,Tarjeta credito,Aprobado
124,124,2026-08-31,72827.4,Transferencia,Aprobado
125,125,2025-06-01,33420.35,Transferencia,Aprobado
126,126,2025-08-10,13777.5,Tarjeta credito,Aprobado
127,127,2025-07-28,92284.43,Tarjeta credito,Aprobado
128,128,2025-10-26,41868.24,Tarjeta credito,Aprobado
129,129,2024-03-08,11483.52,Mercado Pago,Pendiente
130,130,2025-08-01,5447.33,Tarjeta debito,Aprobado
131,131,2024-04-12,132889.6,Tarjeta debito,Aprobado
132,132,2026-05-24,12796.79,Mercado Pago,Aprobado
133,133,2025-11-01,0.0,Mercado Pago,Rechazado
134,134,2026-03-17,41780.13,Tarjeta credito,Aprobado
135,135,2024-09-04,4302.09,Transferencia,Aprobado
136,136,2024-04-01,18290.24,Transferencia,Aprobado
137,137,2024-03-14,63628.64,Tarjeta credito,Aprobado
138,138,2025-02-14,0.0,Mercado Pago,Rechazado
139,139,2025-11-30,78626.35,Tarjeta credito,Aprobado
140,140,2024-04-18,216474.38,Mercado Pago,Pendiente
141,141,2025-04-21,93272.42,Transferencia,Aprobado
142,142,2024-03-08,304687.21,Tarjeta credito,Aprobado
143,143,2024-11-23,0.0,Tarjeta debito,Rechazado
144,144,2024-08-08,0.0,Tarjeta debito,Rechazado
145,145,2024-03-12,0.0,Tarjeta credito,Rechazado
146,146,2025-03-15,150358.56,Efectivo,Aprobado
147,147,2025-12-13,131018.95,Transferencia,Aprobado
148,148,2024-05-29,34748.34,Mercado Pago,Aprobado
149,149,2025-11-21,55852.4,Tarjeta credito,Aprobado
150,150,2025-08-18,47176.87,Mercado Pago,Aprobado
151,151,2024-12-25,0.0,Tarjeta credito,Rechazado
152,152,2026-06-07,51683.8,Tarjeta credito,Aprobado
153,153,2026-08-06,29121.0,Tarjeta credito,Pendiente
154,154,2025-12-09,171516.6,Tarjeta credito,Aprobado
155,155,2026-05-10,0.0,Tarjeta credito,Rechazado
156,156,2026-05-22,167696.2,Efectivo,Aprobado
157,157,2026-08-21,60480.47,tarjeta credito,Aprobado
158,158,2025-02-28,13091.49,Tarjeta credito,Aprobado
159,159,2025-03-18,17344.56,Efectivo,Aprobado
160,160,2024-11-21,109200.84,Tarjeta debito,Aprobado
161,161,2026-07-28,103252.04,Tarjeta credito,Pendiente
162,162,2025-08-30,143956.99,Transferencia,Aprobado
163,163,2026-03-07,13418.98,Tarjeta credito,Aprobado
164,164,2024-10-11,65028.29,Tarjeta debito,Aprobado
165,165,2024-05-07,0.0,Tarjeta credito,Rechazado
166,166,2025-02-04,19557.29,Mercado Pago,Aprobado
167,167,2026-07-01,0.0,Mercado Pago,Rechazado
168,168,2024-12-21,33213.97,Tarjeta credito,Aprobado
169,169,2025-06-16,0.0,Mercado Pago,Rechazado
170,170,2024-05-11,56140.86,Tarjeta debito,Pendiente
171,171,2026-08-27,50147.77,Tarjeta debito,Aprobado
172,172,2026-03-24,139118.86,Tarjeta credito,Aprobado
173,173,2024-04-23,6957.67,Transferencia,Aprobado
174,174,2025-06-30,167816.26,Mercado Pago,Aprobado
175,175,2025-11-06,68520.54,Transferencia,Aprobado
176,176,2026-07-11,21424.85,Tarjeta debito,Aprobado
177,177,2025-03-21,495435.45,Tarjeta credito,Aprobado
178,178,2025-01-27,0.0,Tarjeta credito,Rechazado
179,179,2025-02-19,48028.84,Tarjeta credito,Aprobado
180,180,2024-10-09,31024.29,Efectivo,Aprobado
181,181,2024-02-01,59189.47,Tarjeta credito,Aprobado
182,182,2024-04-02,8923.55,Mercado Pago,Aprobado
183,183,2024-02-14,16945.3,Tarjeta credito,Aprobado
184,184,2024-05-12,94532.24,Tarjeta debito,Aprobado
185,185,2025-05-09,37761.67,Mercado Pago,Aprobado
186,186,2025-12-13,40896.42,Tarjeta credito,Pendiente
187,187,2024-04-17,10994.4,Mercado Pago,Aprobado
188,188,2025-11-03,0.0,Mercado Pago,Rechazado
189,189,2025-06-10,13639.18,Mercado Pago,Aprobado
190,190,2024-04-14,40759.5,Tarjeta credito,Aprobado
191,191,2025-11-09,246915.39,Tarjeta credito,Aprobado
192,192,2025-01-13,57012.39,Tarjeta credito,Aprobado
193,193,2025-11-29,40498.72,Mercado Pago,Aprobado
194,194,2025-06-29,90702.01,Tarjeta debito,Aprobado
195,195,2025-05-24,50273.62,Tarjeta debito,Aprobado
196,196,2025-12-05,470515.59,Tarjeta credito,Aprobado
197,197,2024-01-22,34707.42,Tarjeta credito,Aprobado
198,198,2025-08-20,21605.64,Transferencia,Aprobado
199,199,2026-03-04,25045.3,Tarjeta credito,Aprobado
200,200,2025-05-13,111826.47,Mercado Pago,Aprobado
201,201,2026-05-26,8763.39,Mercado Pago,Aprobado
202,202,2026-07-23,7553.09,Mercado Pago,Aprobado
203,203,2024-10-09,233983.24,Mercado Pago,Aprobado
204,204,2024-10-22,41806.43,Tarjeta debito,Pendiente
205,205,2024-11-06,35635.8,Mercado Pago,Aprobado
206,206,2025-05-15,99200.47,Tarjeta credito,Aprobado
207,207,2026-05-30,5161.27,Efectivo,Aprobado
208,208,2024-03-23,60778.24,Tarjeta credito,Pendiente
209,209,2026-07-14,37464.96,Transferencia,Aprobado
210,210,2025-08-16,237231.94,Tarjeta debito,Aprobado
211,211,2025-07-12,70236.77,Transferencia,Aprobado
212,212,2025-04-24,31684.22,Tarjeta credito,Pendiente
213,213,2026-03-16,9527.91,Transferencia,Aprobado
214,214,2025-02-06,63033.31,Tarjeta credito,Aprobado
215,215,2025-10-27,23556.27,Tarjeta credito,Aprobado
216,216,2025-12-19,80965.02,Transferencia,Aprobado
217,217,2024-04-28,0.0,transferencia,Rechazado
218,218,2025-12-01,17699.59,Transferencia,Aprobado
219,219,2024-09-05,66887.22,Transferencia,Aprobado
220,220,2024-10-08,0.0,Tarjeta credito,Rechazado
221,221,2025-07-31,97331.37,Mercado Pago,Aprobado
222,222,2025-04-16,649637.13,Efectivo,Aprobado
223,223,2024-12-26,128301.57,Tarjeta credito,Aprobado
224,224,2025-05-10,6244.81,Tarjeta debito,Aprobado
225,225,2026-04-30,0.0,Efectivo,Rechazado
226,226,2025-05-02,70213.09,Mercado Pago,Aprobado
227,227,2026-08-05,43324.6,Tarjeta credito,Aprobado
228,228,2026-05-12,28985.7,Efectivo,Aprobado
229,229,2024-07-19,137424.25,Tarjeta debito,Aprobado
230,230,2024-07-15,409846.21,Tarjeta credito,Aprobado
231,231,2024-12-14,64226.53,Mercado Pago,Pendiente
232,232,2026-04-01,18210.6,Mercado Pago,Aprobado
233,233,2024-12-06,106801.79,Mercado Pago,Aprobado
234,234,2024-11-18,38743.65,Transferencia,Aprobado
235,235,2024-02-02,47929.12,Mercado Pago,Aprobado
236,236,2024-03-05,23624.6,Tarjeta debito,Pendiente
237,237,2026-08-12,88188.48,Transferencia,Pendiente
238,238,2025-10-29,10301.12,Tarjeta credito,Aprobado
239,239,2026-01-27,109874.97,Tarjeta credito,Aprobado
240,240,2026-07-16,29308.66,Mercado Pago,Aprobado
241,241,2025-08-04,0.0,Tarjeta credito,Rechazado
242,242,2024-10-16,55686.03,Tarjeta debito,Pendiente
243,243,2024-03-21,16228.89,Mercado Pago,Aprobado
244,244,2026-01-02,141764.19,Transferencia,Aprobado
245,245,2024-03-22,8277.6,Transferencia,Pendiente
246,246,2025-12-19,83252.92,Tarjeta debito,Pendiente
247,247,2024-03-29,30979.46,Tarjeta credito,Aprobado
248,248,2025-01-26,0.0,Tarjeta debito,Rechazado
249,249,2026-07-19,14798.38,Mercado Pago,Aprobado
250,250,2026-04-07,0.0,Tarjeta debito,Rechazado
251,251,2026-08-07,46324.61,Mercado Pago,Aprobado
252,252,2024-10-30,66883.87,mercado pago,Aprobado
253,253,2025-09-14,107309.64,Mercado Pago,Aprobado
254,254,2025-02-22,23218.56,Tarjeta credito,Aprobado
255,255,2024-05-12,0.0,Tarjeta credito,Rechazado
256,256,2025-08-16,32742.2,Tarjeta debito,Aprobado
257,257,2024-12-27,8084.68,Transferencia,Aprobado
258,258,2024-07-29,122146.92,Efectivo,Aprobado
259,259,2024-12-02,57691.34,Efectivo,Aprobado
260,260,2024-02-04,69776.55,Tarjeta credito,Pendiente
261,261,2026-08-20,29473.43,Tarjeta credito,Aprobado
262,262,2026-01-20,160606.4,Mercado Pago,Aprobado
263,263,2024-12-03,54134.95,Mercado Pago,Aprobado
264,264,2024-12-26,12053.87,Efectivo,Aprobado
265,265,2025-11-12,0.0,Mercado Pago,Rechazado
266,266,2026-07-12,34725.94,Transferencia,Pendiente
267,267,2024-04-13,66800.39,Tarjeta credito,Aprobado
268,268,2026-08-01,122989.08,Tarjeta debito,Aprobado
269,269,2024-02-18,0.0,Mercado Pago,Rechazado
270,270,2025-06-05,0.0,Tarjeta debito,Rechazado
271,271,2024-04-09,10710.84,Efectivo,Aprobado
272,272,2024-10-19,17872.7,Transferencia,Aprobado
273,273,2024-08-03,0.0,Tarjeta debito,Rechazado
274,274,2026-06-25,8653.05,Transferencia,Aprobado
275,275,2024-04-08,68872.51,Transferencia,Aprobado
276,276,2026-03-29,11192.72,Mercado Pago,Aprobado
277,277,2026-05-03,106260.28,Transferencia,Aprobado
278,278,2026-04-03,180540.09,Mercado Pago,Aprobado
279,279,2025-06-17,26815.34,Transferencia,Aprobado
280,280,2025-11-20,28581.08,Mercado Pago,Aprobado
281,281,2024-08-08,27125.82,Mercado Pago,Aprobado
282,282,2025-05-11,0.0,Efectivo,Rechazado
283,283,2025-10-10,52796.01,Tarjeta credito,Aprobado
284,284,2025-04-02,115793.01,Transferencia,Aprobado
285,285,2025-12-22,25048.25,Transferencia,Aprobado
286,286,2025-02-25,25320.24,Tarjeta credito,Aprobado
287,287,2026-07-26,2102184.44,Tarjeta credito,Aprobado
288,288,2026-06-15,125383.45,Mercado Pago,Aprobado
289,289,2024-12-08,36280.33,Mercado Pago,Aprobado
290,290,2024-08-22,36654.74,Tarjeta credito,Aprobado
291,291,2026-05-18,259244.04,Efectivo,Aprobado
292,292,2025-12-05,53465.06,Tarjeta credito,Aprobado
293,293,2024-03-19,99346.39,Mercado Pago,Pendiente
294,294,2024-06-05,95895.51,Tarjeta credito,Aprobado
295,295,2026-01-31,428159.76,Transferencia,Aprobado
296,296,2024-04-07,0.0,Tarjeta credito,Rechazado
297,297,2026-01-01,15689.77,Tarjeta debito,Aprobado
298,298,2025-10-20,32148.68,Tarjeta credito,Aprobado
299,299,2025-09-02,60738.29,Mercado Pago,Aprobado
300,300,2026-06-12,13970.69,Mercado Pago,Aprobado
301,301,2026-01-20,54456.51,Efectivo,Aprobado
302,302,2024-06-19,14804.41,Mercado Pago,Aprobado
303,303,2024-01-13,129410.8,Tarjeta credito,Aprobado
304,304,2024-06-20,51568.5,Tarjeta credito,Aprobado
305,305,2025-04-19,168000.61,Tarjeta credito,Aprobado
306,306,2025-05-02,20145.65,Tarjeta credito,Aprobado
307,307,2025-12-11,174211.5,Efectivo,Aprobado
308,308,2026-06-25,21405.54,Mercado Pago,Pendiente
309,309,2024-11-09,8137.25,Efectivo,Pendiente
310,310,2024-10-14,35101.68,Mercado Pago,Aprobado
311,311,2024-08-02,9421.72,Mercado Pago,Aprobado
312,312,2026-06-14,63111.98,Mercado Pago,Pendiente
313,313,2024-04-30,71085.51,Tarjeta debito,Aprobado
314,314,2026-05-12,23549.25,Efectivo,Aprobado
315,315,2025-12-14,222047.09,Transferencia,Aprobado
316,316,2024-12-20,41798.52,Transferencia,Aprobado
317,317,2024-07-22,83135.04,Efectivo,Aprobado
318,318,2026-08-01,96685.86,Tarjeta credito,Aprobado
319,319,2025-10-11,0.0,Mercado Pago,Rechazado
320,320,2024-05-14,25786.88,Efectivo,Aprobado
321,321,2026-01-25,11279.48,Tarjeta credito,Aprobado
322,322,2025-11-14,33780.45,Tarjeta credito,Aprobado
323,323,2025-12-06,10236.82,Tarjeta credito,Aprobado
324,324,2024-12-15,191157.67,Transferencia,Aprobado
325,325,2024-03-30,269848.58,Efectivo,Aprobado
326,326,2026-08-24,129766.47,Tarjeta credito,Aprobado
327,327,2024-02-27,40868.01,Tarjeta credito,Aprobado
328,328,2024-07-23,0.0,Tarjeta credito,Rechazado
329,329,2026-05-02,69546.33,Transferencia,Aprobado
330,330,2026-03-26,29106.02,Mercado Pago,Pendiente
331,331,2024-08-06,23131.66,Tarjeta debito,Aprobado
332,332,2025-08-26,7667.68,Tarjeta credito,Aprobado
333,333,2026-07-13,66030.22,Tarjeta debito,Aprobado
334,334,2026-02-09,103259.12,Tarjeta credito,Aprobado
335,335,2025-11-25,203842.48,Tarjeta debito,Aprobado
336,336,2025-08-14,40229.89,Tarjeta credito,Aprobado
337,337,2024-04-03,18267.43,Tarjeta credito,Aprobado
338,338,2026-06-26,21986.32,Tarjeta credito,Aprobado
339,339,2025-01-21,9520.14,Tarjeta credito,Aprobado
340,340,2025-12-24,20480.92,Tarjeta debito,Aprobado
341,341,2025-09-03,38203.17,Tarjeta credito,Aprobado
342,342,2026-02-25,41304.04,Tarjeta credito,Aprobado
343,343,2024-08-23,0.0,Tarjeta credito,Rechazado
344,344,2024-10-21,0.0,Mercado Pago,Rechazado
345,345,2024-12-22,0.0,Tarjeta credito,Rechazado
346,346,2025-11-17,83323.13,Mercado Pago,Aprobado
347,347,2025-01-08,65287.49,Tarjeta debito,Aprobado
348,348,2025-08-27,69170.37,Tarjeta credito,Aprobado
349,349,2025-01-11,49790.21,Transferencia,Aprobado
350,350,2024-09-30,91342.21,Mercado Pago,Aprobado
351,351,2025-10-13,6016.99,Efectivo,Aprobado
352,352,2024-02-11,0.0,Transferencia,Rechazado
353,353,2026-01-12,145591.21,Efectivo,Aprobado
354,354,2026-03-23,6604.32,Tarjeta debito,Aprobado
355,355,2025-03-25,53094.64,Efectivo,Aprobado
356,356,2024-10-18,70662.96,Tarjeta credito,Aprobado
357,357,2025-10-12,51296.28,Mercado Pago,Aprobado
358,358,2024-12-04,23783.73,Transferencia,Aprobado
359,359,2024-08-05,168863.1,Tarjeta credito,Aprobado
360,360,2024-12-19,40302.3,Tarjeta credito,Aprobado
361,361,2025-08-01,26237.6,Tarjeta credito,Aprobado
362,362,2026-08-04,159919.67,Tarjeta debito,Aprobado
363,363,2024-10-23,58653.65,Mercado Pago,Aprobado
364,364,2024-10-13,83727.06,Tarjeta debito,Aprobado
365,365,2025-04-05,37691.52,Transferencia,Pendiente
366,366,2025-02-24,75501.71,Tarjeta credito,Aprobado
367,367,2025-01-17,5541.25,Transferencia,Aprobado
368,368,2026-06-15,61855.57,Tarjeta credito,Aprobado
369,369,2026-03-28,62074.3,Mercado Pago,Aprobado
370,370,2024-09-07,85702.79,Tarjeta debito,Aprobado
371,371,2026-03-12,29506.8,Efectivo,Aprobado
372,372,2026-02-28,74908.24,Mercado Pago,Pendiente
373,373,2026-05-17,154227.86,Transferencia,Aprobado
374,374,2026-07-23,15562.44,Mercado Pago,Aprobado
375,375,2026-02-09,12658.46,Tarjeta credito,Aprobado
376,376,2025-09-01,49156.37,Tarjeta debito,Aprobado
377,377,2024-11-10,17350.01,Tarjeta credito,Aprobado
378,378,2025-01-28,40432.44,Transferencia,Aprobado
379,379,2025-06-14,7356.05,Tarjeta credito,Aprobado
380,380,2025-01-20,71445.82,Mercado Pago,Aprobado
381,381,2024-12-19,14009.11,Tarjeta credito,Aprobado
382,382,2024-12-03,77592.04,Efectivo,Aprobado
383,383,2024-09-10,34545.48,Tarjeta credito,Aprobado
384,384,2024-06-30,91227.16,Tarjeta debito,Aprobado
385,385,2026-07-13,14910.16,Tarjeta debito,Aprobado
386,386,2024-03-17,64945.36,Tarjeta credito,Aprobado
387,387,2025-08-07,70225.98,Efectivo,Pendiente
388,388,2025-09-10,25645.49,Tarjeta debito,Aprobado
389,389,2025-06-28,57867.17,Efectivo,Aprobado
390,390,2025-05-15,89254.6,Tarjeta debito,Aprobado
391,391,2025-03-29,62643.97,Tarjeta credito,Aprobado
392,392,2024-11-08,180081.13,Tarjeta credito,Aprobado
393,393,2024-06-09,9195.14,Tarjeta debito,Aprobado
394,394,2026-01-13,12221.45,Tarjeta debito,Aprobado
395,395,2024-12-30,21005.94,Efectivo,Aprobado
396,396,2024-12-31,104599.75,Transferencia,Aprobado
397,397,2024-09-22,96163.56,Tarjeta credito,Aprobado
398,398,2024-04-19,94256.1,Tarjeta credito,Aprobado
399,399,2025-12-24,123682.38,Tarjeta credito,Aprobado
400,400,2024-10-18,23271.9,Mercado Pago,Aprobado
401,401,2025-08-12,27385.99,Mercado Pago,Aprobado
402,402,2024-08-07,39273.06,Tarjeta credito,Aprobado
403,403,2024-05-23,184816.0,Tarjeta debito,Aprobado
404,404,2025-08-03,66546.69,Tarjeta credito,Aprobado
405,405,2025-10-12,40324.82,Mercado Pago,Aprobado
406,406,2026-05-21,31276.14,Tarjeta credito,Aprobado
407,407,2024-10-12,104245.69,Mercado Pago,Aprobado
408,408,2026-08-29,84996.22,Tarjeta credito,Aprobado
409,409,2025-03-16,16353.86,Tarjeta credito,Aprobado
410,410,2024-06-05,92646.45,Transferencia,Aprobado
411,411,2024-03-11,19610.19,Mercado Pago,Aprobado
412,412,2024-01-29,117250.12,Transferencia,Aprobado
413,413,2024-05-09,42150.66,Tarjeta debito,Pendiente
414,414,2024-11-23,39543.33,Mercado Pago,Aprobado
415,415,2024-01-19,205464.41,Efectivo,Pendiente
416,416,2025-10-29,0.0,Mercado Pago,Rechazado
417,417,2026-07-07,88962.05,Tarjeta credito,Aprobado
418,418,2026-02-19,38346.81,Efectivo,Aprobado
419,419,2025-03-06,49681.24,Transferencia,Aprobado
420,420,2024-11-09,30255.3,Tarjeta debito,Aprobado
421,421,2025-04-26,0.0,Tarjeta debito,Rechazado
422,422,2024-06-13,65195.01,Tarjeta credito,Aprobado
423,423,2025-07-04,22713.99,Tarjeta credito,Aprobado
424,424,2025-11-15,17286.56,Tarjeta credito,Aprobado
425,425,2026-08-23,47167.12,Tarjeta debito,Aprobado
426,426,2024-09-14,0.0,Mercado Pago,Rechazado
427,427,2026-06-23,89993.0,Tarjeta credito,Aprobado
428,428,2026-03-27,22755.24,Mercado Pago,Aprobado
429,429,2025-08-11,59660.6,Tarjeta debito,Pendiente
430,430,2025-07-12,0.0,Tarjeta credito,Rechazado
431,431,2025-07-11,32026.96,Transferencia,Aprobado
432,432,2025-05-31,0.0,Transferencia,Rechazado
433,433,2024-12-30,19791.16,Tarjeta debito,Aprobado
434,434,2025-06-27,20922.18,Transferencia,Aprobado
435,435,2026-01-06,117002.97,Mercado Pago,Aprobado
436,436,2024-10-30,58945.39,Efectivo,Aprobado
437,437,2024-03-17,87391.44,Transferencia,Aprobado
438,438,2025-02-24,47227.18,Tarjeta credito,Aprobado
439,439,2024-03-13,20142.78,Tarjeta credito,Aprobado
440,440,2025-11-19,39732.81,Tarjeta debito,Aprobado
441,441,2025-04-10,50100.47,Tarjeta credito,Pendiente
442,442,2025-06-20,702088.83,Mercado Pago,Aprobado
443,443,2025-10-15,162371.07,Tarjeta debito,Aprobado
444,444,2024-12-31,11046.04,Transferencia,Aprobado
445,445,2025-08-02,22581.81,Efectivo,Aprobado
446,446,2024-02-12,4644.35,Transferencia,Aprobado
447,447,2024-01-30,11294.89,Transferencia,Aprobado
448,448,2024-09-16,62651.71,Tarjeta credito,Aprobado
449,449,2024-06-15,69509.78,Transferencia,Aprobado
450,450,2024-04-04,35466.41,Transferencia,Aprobado
451,451,2026-01-12,71009.44,Mercado Pago,Aprobado
452,452,2024-06-21,91434.36,Tarjeta credito,Aprobado
453,453,2025-07-05,57903.18,Tarjeta credito,Aprobado
454,454,2026-05-22,94551.72,Mercado Pago,Aprobado
455,455,2026-03-28,21263.12,Tarjeta credito,Aprobado
456,456,2024-08-12,99689.2,Tarjeta credito,Aprobado
457,457,2024-09-27,81699.81,Tarjeta credito,Pendiente
458,458,2025-12-23,119587.01,Mercado Pago,Aprobado
459,459,2024-11-18,55624.82,Mercado Pago,Aprobado
460,460,2024-08-17,6763.18,Tarjeta credito,Aprobado
461,461,2024-06-24,16524.59,Tarjeta debito,Aprobado
462,462,2024-12-28,69970.41,Transferencia,Aprobado
463,463,2025-11-23,24529.61,Tarjeta credito,Aprobado
464,464,2025-08-25,110929.74,Tarjeta credito,Aprobado
465,465,2025-09-21,65786.6,Mercado Pago,Aprobado
466,466,2026-05-05,28005.36,Tarjeta credito,Aprobado
467,467,2026-04-07,77831.03,Transferencia,Aprobado
468,468,2026-06-19,10115.03,Tarjeta credito,Aprobado
469,469,2025-06-20,40927.4,Mercado Pago,Aprobado
470,470,2025-06-27,58845.82,Transferencia,Aprobado
471,471,2024-06-27,12385.64,Mercado Pago,Aprobado
472,472,2025-09-09,43492.03,Mercado Pago,Aprobado
473,473,2025-03-31,44263.8,Mercado Pago,Aprobado
474,474,2024-10-27,40471.09,Tarjeta credito,Aprobado
475,475,2026-08-24,44970.15,Tarjeta debito,Aprobado
476,476,2025-02-17,6536.53,Efectivo,Aprobado
477,477,2025-08-30,40968.96,Mercado Pago,Aprobado
478,478,2025-10-21,0.0,Transferencia,Rechazado
479,479,2025-05-18,7196.23,Transferencia,Aprobado
480,480,2025-12-16,9134.91,Transferencia,Aprobado
481,481,2026-01-26,79727.28,Tarjeta debito,Pendiente
482,482,2026-05-19,76692.12,Mercado Pago,Aprobado
483,483,2025-12-30,14693.72,Tarjeta debito,Aprobado
484,484,2026-08-06,9887.92,Mercado Pago,Aprobado
485,485,2024-08-21,52519.29,Transferencia,Aprobado
486,486,2025-10-04,52792.08,Tarjeta credito,Aprobado
487,487,2025-01-21,42263.35,Tarjeta credito,Aprobado
488,488,2025-12-16,25118.04,Tarjeta debito,Aprobado
489,489,2024-03-09,52958.82,Tarjeta debito,Pendiente
490,490,2025-07-06,37831.2,Transferencia,Aprobado
491,491,2024-04-01,20674.93,Transferencia,Aprobado
492,492,2026-04-05,0.0,Transferencia,Rechazado
493,493,2025-08-05,2239.29,Tarjeta credito,Aprobado
494,494,2025-06-03,0.0,Mercado Pago,Rechazado
495,495,2024-11-21,72921.88,Tarjeta debito,Aprobado
496,496,2025-01-14,2316.49,Tarjeta credito,Aprobado
497,497,2025-08-03,27470.64,Efectivo,Aprobado
498,498,2025-02-01,31700.33,Transferencia,Aprobado
499,499,2025-01-04,47979.89,Tarjeta credito,Aprobado
500,500,2026-01-27,98994.72,Tarjeta credito,Aprobado
501,501,2025-02-15,36325.02,Tarjeta credito,Aprobado
502,502,2024-12-13,9752.7,Mercado Pago,Aprobado
503,503,2026-07-11,229293.8,Tarjeta debito,Aprobado
504,504,2025-02-27,16232.44,Transferencia,Aprobado
505,505,2025-04-01,0.0,Tarjeta debito,Rechazado
506,506,2025-10-18,98499.41,Transferencia,Aprobado
507,507,2025-09-19,99604.65,Mercado Pago,Aprobado
508,508,2026-06-09,66288.5,Efectivo,Aprobado
509,509,2026-05-13,24799.9,Mercado Pago,Aprobado
510,510,2024-11-06,0.0,Mercado Pago,Rechazado
511,511,2026-07-15,21362.59,Mercado Pago,Aprobado
512,512,2025-05-01,72433.0,Tarjeta credito,Aprobado
513,513,2024-07-05,44311.42,Transferencia,Aprobado
514,514,2025-01-15,26770.09,Mercado Pago,Aprobado
515,515,2025-11-18,55688.33,Mercado Pago,Aprobado
516,516,2025-05-21,29912.58,Tarjeta debito,Aprobado
517,517,2026-07-18,55153.19,Tarjeta debito,Aprobado
518,518,2025-11-06,57833.2,Mercado Pago,Aprobado
519,519,2025-01-27,268770.76,Tarjeta debito,Aprobado
520,520,2026-03-15,0.0,Efectivo,Rechazado
521,521,2026-07-06,18122.3,Mercado Pago,Aprobado
522,522,2026-04-02,4756.05,Tarjeta credito,Aprobado
523,523,2024-03-13,0.0,Tarjeta credito,Rechazado
524,524,2024-05-05,0.0,Tarjeta debito,Rechazado
525,525,2024-08-28,31419.12,Tarjeta debito,Aprobado
526,526,2025-04-01,185993.22,Tarjeta credito,Aprobado
527,527,2025-12-19,20011.14,Mercado Pago,Aprobado
528,528,2025-10-17,51669.87,Tarjeta debito,Aprobado
529,529,2024-09-17,0.0,Tarjeta credito,Rechazado
530,530,2025-03-16,51178.98,Tarjeta credito,Aprobado
531,531,2025-08-05,75399.5,Mercado Pago,Aprobado
532,532,2024-11-17,44167.48,Tarjeta credito,Aprobado
533,533,2026-07-09,65535.03,Tarjeta debito,Aprobado
534,534,2025-10-11,249000.07,Transferencia,Aprobado
535,535,2024-08-11,0.0,Transferencia,Rechazado
536,536,2024-08-24,125393.37,Transferencia,Aprobado
537,537,2025-12-23,16061.9,Tarjeta credito,Aprobado
538,538,2024-12-15,12318.73,Mercado Pago,Aprobado
539,539,2024-05-12,95301.53,Tarjeta credito,Aprobado
540,540,2026-07-16,14932.34,Mercado Pago,Aprobado
541,541,2025-09-18,19073.51,Transferencia,Aprobado
542,542,2026-02-07,16071.49,Tarjeta debito,Aprobado
543,543,2024-03-12,12206.44,Transferencia,Aprobado
544,544,2024-09-10,49635.89,Tarjeta credito,Aprobado
545,545,2025-10-24,44517.58,Tarjeta credito,Aprobado
546,546,2025-06-01,261980.48,Tarjeta credito,Aprobado
547,547,2024-01-28,23916.74,Efectivo,Aprobado
548,548,2024-11-17,35446.21,Mercado Pago,Aprobado
549,549,2024-01-19,0.0,Tarjeta credito,Rechazado
550,550,2024-11-29,35853.06,Mercado Pago,Aprobado
551,551,2026-08-07,38037.1,Mercado Pago,Aprobado
552,552,2024-12-15,39549.8,Tarjeta credito,Aprobado
553,553,2025-12-12,0.0,Tarjeta credito,Rechazado
554,554,2024-09-03,26186.8,Tarjeta credito,Aprobado
555,555,2026-02-16,0.0,Transferencia,Rechazado
556,556,2024-02-11,53183.26,Transferencia,Aprobado
557,557,2025-09-29,38596.37,Transferencia,Aprobado
558,558,2025-02-06,152803.71,Transferencia,Aprobado
559,559,2024-07-08,5052.0,Tarjeta debito,Aprobado
560,560,2025-11-21,222071.67,Tarjeta debito,Aprobado
561,561,2026-05-13,36241.7,Tarjeta credito,Aprobado
562,562,2024-12-01,68109.27,Transferencia,Pendiente
563,563,2024-09-11,93807.63,Tarjeta debito,Aprobado
564,564,2024-06-14,14674.61,Tarjeta debito,Aprobado
565,565,2025-11-01,0.0,Transferencia,Rechazado
566,566,2026-03-23,0.0,Tarjeta credito,Rechazado
567,567,2024-10-06,202455.72,Transferencia,Aprobado
568,568,2024-01-31,382652.26,Tarjeta credito,Aprobado
569,569,2025-12-29,7592.73,Transferencia,Aprobado
570,570,2025-10-29,0.0,Tarjeta credito,Rechazado
571,571,2026-01-31,8818.54,Tarjeta debito,Aprobado
572,572,2025-07-09,68787.96,Tarjeta debito,Aprobado
573,573,2024-10-27,0.0,Tarjeta credito,Rechazado
574,574,2024-12-07,82196.44,Tarjeta debito,Aprobado
575,575,2025-10-03,172269.38,Tarjeta credito,Aprobado
576,576,2026-03-23,648214.45,Transferencia,Aprobado
577,577,2026-01-27,24135.91,Mercado Pago,Aprobado
578,578,2025-08-13,110034.99,Tarjeta credito,Aprobado
579,579,2026-01-04,28803.01,Mercado Pago,Aprobado
580,580,2026-04-14,16036.66,Tarjeta credito,Aprobado
581,581,2025-11-11,12493.91,Tarjeta credito,Aprobado
582,582,2025-08-30,89845.02,Mercado Pago,Aprobado
583,583,2026-02-27,21274.48,Tarjeta credito,Aprobado
584,584,2025-05-02,125229.57,Tarjeta debito,Aprobado
585,585,2024-12-13,27704.39,Transferencia,Aprobado
586,586,2025-02-24,98153.25,Mercado Pago,Aprobado
587,587,2024-07-04,37894.21,Mercado Pago,Aprobado
588,588,2025-12-15,205179.58,Transferencia,Aprobado
589,589,2025-12-04,291165.69,Mercado Pago,Aprobado
590,590,2026-07-17,619797.84,Transferencia,Aprobado
591,591,2025-12-31,55363.99,Tarjeta credito,Pendiente
592,592,2025-08-01,9149.92,Tarjeta credito,Aprobado
593,593,2025-07-10,66557.93,Efectivo,Aprobado
594,594,2026-08-02,16963.61,Transferencia,Aprobado
595,595,2025-05-04,49498.4,Tarjeta debito,Aprobado
596,596,2025-02-06,18130.22,Efectivo,Aprobado
597,597,2024-08-06,200094.15,Tarjeta credito,Aprobado
598,598,2026-04-05,0.0,Transferencia,Rechazado
599,599,2024-03-15,21324.42,Mercado Pago,Aprobado
600,600,2025-04-05,10162.4,Tarjeta credito,Aprobado
601,601,2025-10-15,32146.59,Tarjeta debito,Aprobado
602,602,2026-03-06,36975.16,Tarjeta credito,Aprobado
603,603,2025-09-13,0.0,tarjeta credito,Rechazado
604,604,2025-12-12,13765.71,Tarjeta debito,Aprobado
605,605,2024-12-16,39497.0,Tarjeta debito,Aprobado
606,606,2024-08-23,18144.59,Tarjeta credito,Pendiente
607,607,2024-10-13,12932.93,Tarjeta debito,Aprobado
608,608,2024-11-01,37604.25,Mercado Pago,Aprobado
609,609,2026-06-19,10879.1,Mercado Pago,Aprobado
610,610,2025-01-21,24203.73,tarjeta credito,Aprobado
611,611,2024-09-15,11939.15,Tarjeta debito,Aprobado
612,612,2025-03-09,14311.91,Tarjeta credito,Aprobado
613,613,2024-05-02,10324.27,Mercado Pago,Aprobado
614,614,2025-07-03,9345.8,Tarjeta credito,Aprobado
615,615,2024-01-11,25663.64,Transferencia,Aprobado
616,616,2025-07-21,15251.18,Tarjeta credito,Aprobado
617,617,2025-01-28,73910.75,Tarjeta credito,Pendiente
618,618,2025-05-15,40515.87,Tarjeta debito,Aprobado
619,619,2024-10-16,15866.14,Tarjeta credito,Aprobado
620,620,2025-04-01,60215.63,Transferencia,Aprobado
621,621,2025-11-21,35207.95,Transferencia,Aprobado
622,622,2025-09-15,54868.45,Tarjeta credito,Aprobado
623,623,2025-02-18,0.0,Mercado Pago,Rechazado
624,624,2025-08-01,18306.25,Mercado Pago,Aprobado
625,625,2025-05-17,101934.03,Efectivo,Pendiente
626,626,2024-06-22,30008.54,Transferencia,Aprobado
627,627,2024-06-11,145152.35,Mercado Pago,Aprobado
628,628,2026-05-29,24746.92,Transferencia,Aprobado
629,629,2025-09-28,73816.9,Transferencia,Aprobado
630,630,2026-08-22,13209.35,Tarjeta debito,Aprobado
631,631,2024-07-05,81489.87,Tarjeta credito,Aprobado
632,632,2026-07-05,60974.8,Transferencia,Aprobado
633,633,2025-04-21,0.0,Mercado Pago,Rechazado
634,634,2025-01-22,111437.16,Mercado Pago,Aprobado
635,635,2024-12-28,19372.79,Tarjeta credito,Aprobado
636,636,2026-04-06,54689.4,Tarjeta debito,Aprobado
637,637,2024-11-02,0.0,Tarjeta credito,Rechazado
638,638,2025-12-30,7909.89,Mercado Pago,Aprobado
639,639,2026-08-02,5062.72,Tarjeta credito,Aprobado
640,640,2024-10-29,33259.2,Tarjeta credito,Aprobado
641,641,2024-07-19,202497.21,Tarjeta credito,Aprobado
642,642,2025-06-05,14781.69,Tarjeta credito,Aprobado
643,643,2024-10-21,18586.26,Tarjeta debito,Aprobado
644,644,2025-06-04,4029.8,Tarjeta debito,Pendiente
645,645,2024-09-30,77509.67,Transferencia,Aprobado
646,646,2024-07-19,18176.73,Tarjeta credito,Pendiente
647,647,2024-08-04,11096.44,Tarjeta credito,Aprobado
648,648,2025-05-21,92926.29,Tarjeta credito,Aprobado
649,649,2024-09-21,17413.16,Mercado Pago,Aprobado
650,650,2024-09-22,19875.9,Tarjeta credito,Aprobado
651,651,2026-08-08,22373.22,Mercado Pago,Aprobado
652,652,2025-03-23,28612.92,Efectivo,Aprobado
653,653,2024-08-28,113305.51,Tarjeta debito,Aprobado
654,654,2024-03-25,277470.94,Mercado Pago,Aprobado
655,655,2024-02-25,77834.59,Tarjeta credito,Aprobado
656,656,2024-04-02,47858.9,Transferencia,Aprobado
657,657,2026-03-22,508092.14,Tarjeta debito,Aprobado
658,658,2024-05-23,137258.1,Mercado Pago,Aprobado
659,659,2025-12-07,22808.75,Mercado Pago,Aprobado
660,660,2024-11-09,15182.7,Tarjeta credito,Aprobado
661,661,2024-11-30,180415.83,Transferencia,Aprobado
662,662,2025-04-05,7953.27,Tarjeta credito,Aprobado
663,663,2025-02-23,411613.92,Efectivo,Pendiente
664,664,2025-01-07,35092.49,Efectivo,Aprobado
665,665,2025-05-24,5538.73,Tarjeta debito,Aprobado
666,666,2025-12-25,0.0,Transferencia,Rechazado
667,667,2024-09-16,34903.52,Mercado Pago,Aprobado
668,668,2026-01-08,184855.3,Tarjeta credito,Aprobado
669,669,2024-07-25,28226.26,Tarjeta debito,Aprobado
670,670,2025-09-21,46172.61,Mercado Pago,Aprobado
671,671,2024-10-18,64497.82,Tarjeta credito,Aprobado
672,672,2025-08-10,201223.56,Tarjeta credito,Aprobado
673,673,2025-08-17,13688.82,Transferencia,Aprobado
674,674,2025-03-16,30752.93,Tarjeta debito,Aprobado
675,675,2026-03-17,521979.31,Transferencia,Aprobado
676,676,2024-07-27,19471.75,Tarjeta credito,Aprobado
677,677,2025-11-04,36632.59,Transferencia,Aprobado
678,678,2024-10-22,7476.17,Transferencia,Aprobado
679,679,2024-12-12,66624.14,Tarjeta credito,Aprobado
680,680,2024-03-27,102821.84,Tarjeta debito,Aprobado
681,681,2026-07-25,135432.48,Mercado Pago,Aprobado
682,682,2025-03-18,4542.17,Tarjeta credito,Aprobado
683,683,2026-02-01,0.0,Tarjeta credito,Rechazado
684,684,2026-08-17,9052.19,Tarjeta debito,Aprobado
685,685,2025-09-01,11781.94,Tarjeta credito,Aprobado
686,686,2024-09-08,66203.19,Transferencia,Aprobado
687,687,2026-04-16,23197.39,Tarjeta credito,Aprobado
688,688,2025-02-20,264096.56,Tarjeta credito,Aprobado
689,689,2026-05-22,81545.42,Transferencia,Aprobado
690,690,2024-08-25,79472.25,Tarjeta credito,Aprobado
691,691,2025-12-08,29648.83,Mercado Pago,Aprobado
692,692,2025-11-07,16804.31,Transferencia,Aprobado
693,693,2025-01-04,35591.04,Tarjeta debito,Aprobado
694,694,2025-06-05,14727.0,Tarjeta credito,Aprobado
695,695,2024-03-02,24875.64,Tarjeta debito,Aprobado
696,696,2024-10-22,71351.57,Tarjeta debito,Aprobado
697,697,2024-04-30,350247.42,Transferencia,Aprobado
698,698,2025-11-18,29574.79,Efectivo,Pendiente
699,699,2024-08-11,0.0,Efectivo,Rechazado
700,700,2024-12-15,21335.27,Tarjeta credito,Aprobado
701,701,2025-11-06,11001.72,Mercado Pago,Aprobado
702,702,2025-11-09,115116.3,Mercado Pago,Aprobado
703,703,2024-10-24,35278.36,Tarjeta credito,Aprobado
704,704,2025-08-23,2357.72,Tarjeta credito,Aprobado
705,705,2024-10-03,0.0,Transferencia,Rechazado
706,706,2024-04-25,5866.16,Tarjeta credito,Aprobado
707,707,2025-02-18,0.0,Transferencia,Rechazado
708,708,2026-08-03,361074.96,Tarjeta credito,Aprobado
709,709,2024-07-12,51391.95,Efectivo,Aprobado
710,710,2024-12-31,31402.16,Mercado Pago,Aprobado
711,711,2025-05-19,43614.45,Transferencia,Aprobado
712,712,2024-02-14,185057.46,Mercado Pago,Aprobado
713,713,2024-05-21,22662.86,Tarjeta credito,Aprobado
714,714,2024-08-02,255193.94,Efectivo,Aprobado
715,715,2026-01-19,87618.52,Tarjeta debito,Aprobado
716,716,2025-08-19,88280.88,Transferencia,Aprobado
717,717,2024-06-19,20022.84,Tarjeta credito,Aprobado
718,718,2026-01-25,38229.76,Tarjeta credito,Aprobado
719,719,2025-09-26,0.0,Tarjeta credito,Rechazado
720,720,2025-12-06,54499.34,Tarjeta credito,Aprobado
721,721,2026-07-03,12976.32,Mercado Pago,Aprobado
722,722,2024-06-19,9616.62,Mercado Pago,Aprobado
723,723,2025-08-03,59384.79,Transferencia,Aprobado
724,724,2024-07-22,29905.08,Transferencia,Aprobado
725,725,2026-07-11,4590.08,Transferencia,Aprobado
726,726,2024-05-19,0.0,Transferencia,Rechazado
727,727,2024-03-27,31780.98,Efectivo,Pendiente
728,728,2025-07-14,26950.95,Transferencia,Aprobado
729,729,2026-01-12,97625.38,Transferencia,Aprobado
730,730,2026-04-04,51965.82,Tarjeta credito,Aprobado
731,731,2026-01-07,14757.39,Transferencia,Aprobado
732,732,2024-09-24,157123.0,Tarjeta credito,Aprobado
733,733,2026-02-27,4216.38,Tarjeta debito,Aprobado
734,734,2024-01-29,9886.28,Tarjeta credito,Aprobado
735,735,2025-06-26,208985.24,Transferencia,Aprobado
736,736,2025-01-10,46776.16,Transferencia,Aprobado
737,737,2025-02-22,7460.62,Mercado Pago,Aprobado
738,738,2025-06-25,36776.02,Tarjeta credito,Aprobado
739,739,2024-01-06,0.0,Transferencia,Rechazado
740,740,2024-09-05,12968.5,Mercado Pago,Aprobado
741,741,2024-06-11,10732.87,Tarjeta credito,Aprobado
742,742,2024-04-17,132551.48,Tarjeta credito,Aprobado
743,743,2025-02-03,19519.39,Mercado Pago,Aprobado
744,744,2024-12-15,21810.88,Tarjeta credito,Aprobado
745,745,2024-11-13,115157.62,Mercado Pago,Aprobado
746,746,2026-03-01,13032.3,Tarjeta credito,Aprobado
747,747,2025-12-15,145379.02,Tarjeta debito,Aprobado
748,748,2026-07-29,298796.48,Transferencia,Aprobado
749,749,2026-04-07,79044.11,Tarjeta credito,Pendiente
750,750,2025-05-22,41454.63,Transferencia,Aprobado
751,751,2024-01-11,58707.34,Tarjeta credito,Aprobado
752,752,2026-08-04,6821.14,Tarjeta credito,Aprobado
753,753,2025-09-02,83139.95,Transferencia,Aprobado
754,754,2026-06-27,44783.66,Transferencia,Aprobado
755,755,2025-07-06,81963.81,Tarjeta credito,Aprobado
756,756,2024-07-18,11286.23,Mercado Pago,Pendiente
757,757,2024-12-09,70862.52,Efectivo,Aprobado
758,758,2025-07-03,150348.41,Mercado Pago,Aprobado
759,759,2025-02-10,11443.98,Tarjeta credito,Aprobado
760,760,2026-05-19,11191.6,Mercado Pago,Aprobado
761,761,2025-12-03,7654.62,Efectivo,Aprobado
762,762,2025-01-02,123905.5,Mercado Pago,Aprobado
763,763,2026-07-16,92921.65,Mercado Pago,Aprobado
764,764,2024-12-16,9869.61,Tarjeta debito,Aprobado
765,765,2024-02-25,154167.78,Tarjeta debito,Aprobado
766,766,2026-04-02,166446.22,Mercado Pago,Pendiente
767,767,2025-12-25,52072.98,Tarjeta credito,Aprobado
768,768,2024-09-11,15621.19,Transferencia,Aprobado
769,769,2026-05-27,267449.97,Transferencia,Aprobado
770,770,2025-12-20,81288.68,Mercado Pago,Aprobado
771,771,2026-02-08,38748.82,Mercado Pago,Aprobado
772,772,2026-07-18,26643.27,Tarjeta debito,Pendiente
773,773,2026-07-10,77732.85,Tarjeta debito,Aprobado
774,774,2024-09-29,59211.18,Efectivo,Aprobado
775,775,2025-03-12,28855.32,Mercado Pago,Pendiente
776,776,2026-03-07,27857.38,Tarjeta credito,Aprobado
777,777,2024-01-02,85322.46,Tarjeta credito,Aprobado
778,778,2024-03-17,57891.63,Transferencia,Aprobado
779,779,2024-03-23,25120.64,Tarjeta credito,Aprobado
780,780,2025-06-20,57550.4,Transferencia,Aprobado
781,781,2024-10-13,0.0,Tarjeta credito,Rechazado
782,782,2026-06-28,0.0,Tarjeta credito,Rechazado
783,783,2026-04-27,6919.75,Transferencia,Aprobado
784,784,2024-09-27,294252.85,Mercado Pago,Aprobado
785,785,2026-08-11,263771.84,Tarjeta debito,Aprobado
786,786,2024-03-22,10720.12,Tarjeta credito,Aprobado
787,787,2025-01-23,250410.27,Tarjeta credito,Aprobado
788,788,2025-01-20,47617.46,Mercado Pago,Aprobado
789,789,2024-11-26,47313.8,Transferencia,Pendiente
790,790,2024-02-27,30339.33,Tarjeta credito,Aprobado
791,791,2024-03-17,63728.22,Transferencia,Aprobado
792,792,2025-10-06,30303.08,Tarjeta debito,Aprobado
793,793,2025-03-24,27953.38,Mercado Pago,Aprobado
794,794,2024-11-22,14415.98,Transferencia,Pendiente
795,795,2025-03-14,11948.02,Tarjeta credito,Aprobado
796,796,2026-07-12,25510.4,Mercado Pago,Aprobado
797,797,2024-06-27,10568.5,Tarjeta credito,Aprobado
798,798,2026-08-18,11920.26,Mercado Pago,Aprobado
799,799,2025-08-07,27624.69,Transferencia,Pendiente
800,800,2025-11-29,73153.0,Transferencia,Aprobado
801,801,2026-05-21,23004.08,Mercado Pago,Aprobado
802,802,2024-09-13,17481.47,Tarjeta credito,Aprobado
803,803,2025-10-06,53349.09,Tarjeta credito,Aprobado
804,804,2025-03-30,11107.83,Tarjeta credito,Aprobado
805,805,2025-11-05,18479.67,Tarjeta credito,Aprobado
806,806,2026-05-18,0.0,Tarjeta credito,Rechazado
807,807,2025-07-01,55129.16,Tarjeta credito,Aprobado
808,808,2025-09-26,14168.37,Tarjeta credito,Aprobado
809,809,2025-01-18,134634.75,Transferencia,Aprobado
810,810,2025-09-20,94908.89,Mercado Pago,Aprobado
811,811,2026-08-14,60226.68,Tarjeta credito,Aprobado
812,812,2025-05-11,18808.81,Transferencia,Aprobado
813,813,2025-12-12,29777.82,Tarjeta debito,Aprobado
814,814,2024-11-30,42986.64,Tarjeta credito,Aprobado
815,815,2025-09-05,0.0,Tarjeta credito,Rechazado
816,816,2026-05-08,0.0,Tarjeta credito,Rechazado
817,817,2024-02-16,11880.71,Tarjeta debito,Aprobado
818,818,2025-06-20,18168.56,Tarjeta credito,Aprobado
819,819,2024-12-22,40873.28,Mercado Pago,Pendiente
820,820,2025-07-06,101892.75,Efectivo,Aprobado
821,821,2025-11-16,16896.98,Mercado Pago,Aprobado
822,822,2026-07-21,16556.22,Efectivo,Aprobado
823,823,2024-02-10,24135.46,Tarjeta credito,Aprobado
824,824,2026-04-26,15637.31,Tarjeta debito,Aprobado
825,825,2025-12-01,18779.54,Transferencia,Aprobado
826,826,2025-05-17,31558.18,Tarjeta credito,Aprobado
827,827,2026-02-03,35818.46,Tarjeta credito,Aprobado
828,828,2025-12-25,8081.05,Tarjeta debito,Aprobado
829,829,2025-10-03,74818.39,Tarjeta credito,Aprobado
830,830,2024-06-12,4943.36,Transferencia,Aprobado
831,831,2025-11-13,41491.83,Mercado Pago,Pendiente
832,832,2025-10-06,59816.22,Mercado Pago,Aprobado
833,833,2025-07-22,58854.51,Mercado Pago,Aprobado
834,834,2024-06-29,63982.18,Tarjeta credito,Aprobado
835,835,2026-08-08,13673.42,Tarjeta debito,Aprobado
836,836,2024-11-30,153610.98,Efectivo,Aprobado
837,837,2025-11-02,173414.66,Tarjeta debito,Aprobado
838,838,2024-10-23,32456.47,Transferencia,Aprobado
839,839,2024-01-05,3618.5,Efectivo,Aprobado
840,840,2026-01-06,8040.82,Tarjeta credito,Aprobado
841,841,2024-09-08,187177.15,Transferencia,Aprobado
842,842,2025-07-15,12039.39,Mercado Pago,Aprobado
843,843,2025-03-27,31304.81,Mercado Pago,Aprobado
844,844,2026-08-07,97350.5,Tarjeta debito,Aprobado
845,845,2024-11-05,100083.82,Transferencia,Aprobado
846,846,2024-12-21,114705.98,Efectivo,Aprobado
847,847,2026-02-06,12215.63,Tarjeta debito,Aprobado
848,848,2026-07-22,38576.58,Transferencia,Aprobado
849,849,2025-10-10,59638.13,Tarjeta credito,Aprobado
850,850,2024-05-25,4550.29,Tarjeta credito,Pendiente
851,851,2024-07-06,97188.65,Tarjeta debito,Aprobado
852,852,2024-02-07,176378.33,Mercado Pago,Aprobado
853,853,2026-03-08,96823.93,Tarjeta credito,Pendiente
854,854,2026-05-30,51079.5,Tarjeta debito,Aprobado
855,855,2025-08-28,230164.8,Tarjeta credito,Aprobado
856,856,2025-09-05,105589.3,Mercado Pago,Aprobado
857,857,2024-05-28,15388.01,Tarjeta credito,Aprobado
858,858,2024-06-11,106904.93,Transferencia,Pendiente
859,859,2025-05-23,48146.91,Tarjeta credito,Aprobado
860,860,2025-08-28,79732.78,Tarjeta credito,Aprobado
861,861,2024-01-10,0.0,Tarjeta debito,Rechazado
862,862,2025-10-20,5120.26,Tarjeta debito,Aprobado
863,863,2024-12-22,30258.77,Mercado Pago,Aprobado
864,864,2024-09-14,7254.09,Tarjeta credito,Aprobado
865,865,2024-07-31,119925.12,Mercado Pago,Aprobado
866,866,2025-07-11,8255.38,Efectivo,Aprobado
867,867,2025-12-25,211799.7,Tarjeta credito,Aprobado
868,868,2024-12-06,0.0,Tarjeta credito,Rechazado
869,869,2024-01-26,49470.34,Tarjeta debito,Aprobado
870,870,2025-09-02,20545.81,Transferencia,Aprobado
871,871,2026-08-04,63813.44,Tarjeta credito,Pendiente
872,872,2026-04-30,53667.84,Tarjeta debito,Aprobado
873,873,2024-12-06,143632.21,Transferencia,Aprobado
874,874,2026-07-24,288831.73,Tarjeta debito,Aprobado
875,875,2025-08-13,0.0,Mercado Pago,Rechazado
876,876,2025-05-31,34133.5,Mercado Pago,Aprobado
877,877,2025-10-16,23613.2,Mercado Pago,Aprobado
878,878,2026-02-08,70382.79,Tarjeta credito,Aprobado
879,879,2024-09-14,44301.84,Mercado Pago,Aprobado
880,880,2025-09-04,0.0,Mercado Pago,Rechazado
881,881,2024-09-30,41408.12,Tarjeta credito,Aprobado
882,882,2026-05-14,64735.03,Tarjeta debito,Aprobado
883,883,2025-10-07,0.0,Mercado Pago,Rechazado
884,884,2025-12-19,0.0,Tarjeta debito,Rechazado
885,885,2024-04-26,28185.68,Transferencia,Aprobado
886,886,2025-11-08,79608.37,Mercado Pago,Aprobado
887,887,2024-05-23,0.0,Tarjeta debito,Rechazado
888,888,2026-05-12,20792.8,Tarjeta debito,Aprobado
889,889,2024-10-02,17149.73,Tarjeta credito,Aprobado
890,890,2025-01-01,227816.84,Tarjeta credito,Aprobado
891,891,2024-12-09,17918.66,Tarjeta debito,Aprobado
892,892,2025-02-11,0.0,Tarjeta debito,Rechazado
893,893,2026-01-07,55883.08,Tarjeta debito,Aprobado
894,894,2025-07-28,121519.65,Mercado Pago,Pendiente
895,895,2024-05-10,132979.66,Tarjeta credito,Pendiente
896,896,2026-06-22,190275.46,Mercado Pago,Aprobado
897,897,2024-04-04,29673.3,Tarjeta debito,Aprobado
898,898,2024-08-28,0.0,Tarjeta credito,Rechazado
899,899,2025-02-14,30046.82,Tarjeta debito,Aprobado
900,900,2024-05-28,35550.5,Tarjeta credito,Pendiente
901,901,2025-12-18,75375.12,Mercado Pago,Aprobado
902,902,2026-06-06,83863.22,Tarjeta credito,Aprobado
903,903,2026-05-10,91011.48,Mercado Pago,Aprobado
904,904,2025-12-06,30665.76,Tarjeta credito,Aprobado
905,905,2025-09-20,48209.68,Tarjeta credito,Aprobado
906,906,2025-12-12,19363.87,Tarjeta debito,Aprobado
907,907,2025-03-10,100914.26,Tarjeta credito,Aprobado
908,908,2024-01-08,18683.11,Tarjeta credito,Aprobado
909,909,2024-07-02,84532.58,Transferencia,Aprobado
910,910,2025-09-22,8513.77,Efectivo,Aprobado
911,911,2024-11-14,45495.68,Transferencia,Aprobado
912,912,2024-08-14,330153.8,Tarjeta debito,Aprobado
913,913,2026-03-16,10958.68,Tarjeta credito,Aprobado
914,914,2025-11-22,24909.74,Efectivo,Aprobado
915,915,2025-02-15,126764.05,Tarjeta debito,Aprobado
916,916,2024-04-06,218186.38,Tarjeta credito,Aprobado
917,917,2024-03-02,0.0,Transferencia,Rechazado
918,918,2024-05-13,233848.88,Mercado Pago,Aprobado
919,919,2025-04-02,54341.16,Efectivo,Aprobado
920,920,2024-02-24,22558.62,Tarjeta credito,Aprobado
921,921,2026-01-18,28244.58,Tarjeta debito,Aprobado
922,922,2024-06-29,447632.34,Transferencia,Aprobado
923,923,2024-10-01,11232.16,Tarjeta debito,Aprobado
924,924,2024-04-24,189316.79,Transferencia,Pendiente
925,925,2026-02-24,81247.43,Transferencia,Pendiente
926,926,2026-04-19,96471.47,Tarjeta debito,Aprobado
927,927,2026-04-28,17125.14,Tarjeta credito,Aprobado
928,928,2026-05-01,29459.84,Tarjeta credito,Aprobado
929,929,2025-06-13,18375.58,Tarjeta debito,Aprobado
930,930,2024-06-26,298180.06,Tarjeta credito,Aprobado
931,931,2024-08-11,10447.25,Transferencia,Aprobado
932,932,2024-11-24,57520.18,Tarjeta credito,Aprobado
933,933,2024-03-03,93583.75,Efectivo,Aprobado
934,934,2025-11-28,30920.04,Tarjeta debito,Aprobado
935,935,2024-06-28,291227.76,Tarjeta credito,Aprobado
936,936,2025-05-26,63895.1,Mercado Pago,Aprobado
937,937,2026-08-04,26130.18,Tarjeta credito,Aprobado
938,938,2024-08-25,30630.72,Mercado Pago,Aprobado
939,939,2026-01-02,300880.36,Tarjeta credito,Aprobado
940,940,2026-08-08,156942.74,Mercado Pago,Pendiente
941,941,2024-05-23,0.0,Tarjeta credito,Rechazado
942,942,2024-07-05,37229.1,Efectivo,Aprobado
943,943,2024-12-07,12327.05,Efectivo,Aprobado
944,944,2025-12-27,49478.51,Transferencia,Aprobado
945,945,2024-04-14,0.0,Tarjeta debito,Rechazado
946,946,2026-02-17,210120.24,Efectivo,Aprobado
947,947,2025-02-18,8036.35,Transferencia,Aprobado
948,948,2025-11-29,41899.18,Tarjeta credito,Aprobado
949,949,2025-01-22,10729.79,Tarjeta credito,Aprobado
950,950,2024-07-13,73988.14,Tarjeta debito,Aprobado
951,951,2026-08-17,39385.94,Tarjeta debito,Aprobado
952,952,2025-04-12,40090.01,Tarjeta credito,Aprobado
953,953,2024-05-30,70040.87,Mercado Pago,Aprobado
954,954,2025-04-05,117557.24,Transferencia,Aprobado
955,955,2024-12-20,88697.12,Mercado Pago,Aprobado
956,956,2025-08-17,15738.12,Mercado Pago,Aprobado
957,957,2026-07-09,4959.96,Tarjeta credito,Pendiente
958,958,2024-01-07,106927.51,Mercado Pago,Aprobado
959,959,2025-04-08,163903.25,Tarjeta credito,Aprobado
960,960,2025-01-17,34062.22,Mercado Pago,Aprobado
961,961,2026-04-06,155724.84,Tarjeta debito,Aprobado
962,962,2024-05-22,24671.42,Efectivo,Pendiente
963,963,2025-12-17,187485.37,Mercado Pago,Aprobado
964,964,2024-12-18,0.0,Transferencia,Rechazado
965,965,2026-08-06,59014.53,Tarjeta credito,Aprobado
966,966,2024-03-13,9011.12,Efectivo,Aprobado
967,967,2024-10-30,91448.42,Tarjeta credito,Aprobado
968,968,2024-03-04,12836.73,Efectivo,Aprobado
969,969,2026-07-01,14763.02,Mercado Pago,Aprobado
970,970,2026-05-20,46071.36,Tarjeta credito,Aprobado
971,971,2025-12-22,0.0,Mercado Pago,Rechazado
972,972,2024-04-19,28499.72,Mercado Pago,Aprobado
973,973,2026-08-31,22113.66,Tarjeta credito,Aprobado
974,974,2025-12-02,13658.41,Transferencia,Aprobado
975,975,2026-08-14,95800.51,Tarjeta credito,Aprobado
976,976,2026-07-11,75904.94,Mercado Pago,Aprobado
977,977,2024-02-21,20771.48,Transferencia,Aprobado
978,978,2025-11-03,5994.05,Tarjeta debito,Aprobado
979,979,2025-04-22,66388.94,Tarjeta credito,Aprobado
980,980,2024-03-11,8854.18,Tarjeta credito,Aprobado
981,981,2025-08-16,65550.9,Tarjeta credito,Aprobado
982,982,2025-10-05,108694.73,Tarjeta credito,Aprobado
983,983,2025-07-14,8083.98,Efectivo,Aprobado
984,984,2024-03-13,15726.7,Transferencia,Aprobado
985,985,2026-04-25,41307.2,Transferencia,Aprobado
986,986,2025-12-12,27286.72,Tarjeta debito,Pendiente
987,987,2024-01-24,63485.88,Tarjeta debito,Aprobado
988,988,2025-10-10,66016.22,Transferencia,Aprobado
989,989,2024-10-20,25784.88,Tarjeta debito,Aprobado
990,990,2024-06-03,52093.56,Tarjeta credito,Aprobado
991,991,2024-02-17,88747.98,Tarjeta credito,Aprobado
992,992,2024-05-01,6605.41,Efectivo,Aprobado
993,993,2025-07-13,8662.95,Tarjeta debito,Aprobado
994,994,2026-03-28,59198.99,Mercado Pago,Aprobado
995,995,2026-07-02,94707.46,Transferencia,Aprobado
996,996,2024-01-07,34559.1,Mercado Pago,Pendiente
997,997,2024-12-27,66524.76,Efectivo,Aprobado
998,998,2024-04-08,14089.4,Tarjeta credito,Pendiente
999,999,2024-04-06,11791.26,Transferencia,Aprobado
1000,1000,2024-03-12,19310.38,Mercado Pago,Pendiente
1001,1001,2024-10-09,0.0,Transferencia,Rechazado
1002,1002,2025-05-05,46536.96,Mercado Pago,Aprobado
1003,1003,2024-08-25,33030.75,Tarjeta credito,Aprobado
1004,1004,2026-01-21,47117.74,Tarjeta debito,Aprobado
1005,1005,2025-12-21,51383.85,Transferencia,Aprobado
1006,1006,2024-06-04,29918.68,Mercado Pago,Aprobado
1007,1007,2024-09-06,56574.53,Mercado Pago,Pendiente
1008,1008,2025-02-20,65684.25,Mercado Pago,Aprobado
1009,1009,2025-04-17,54235.52,mercado pago,Aprobado
1010,1010,2026-01-30,0.0,Tarjeta credito,Rechazado
1011,1011,2024-08-11,87418.21,Tarjeta debito,Aprobado
1012,1012,2025-01-31,101783.88,Mercado Pago,Aprobado
1013,1013,2026-07-18,15094.28,Tarjeta credito,Pendiente
1014,1014,2025-02-08,29641.27,Tarjeta debito,Aprobado
1015,1015,2026-01-07,88377.01,Tarjeta credito,Aprobado
1016,1016,2024-06-24,331491.54,Mercado Pago,Aprobado
1017,1017,2025-11-15,113363.12,Tarjeta credito,Aprobado
1018,1018,2025-09-25,525167.1,Efectivo,Aprobado
1019,1019,2025-11-30,34322.93,Tarjeta credito,Aprobado
1020,1020,2025-11-13,244252.89,Tarjeta credito,Aprobado
1021,1021,2024-09-03,63472.6,Efectivo,Aprobado
1022,1022,2025-04-12,93315.3,Transferencia,Aprobado
1023,1023,2024-10-04,13766.49,Tarjeta credito,Aprobado
1024,1024,2024-10-17,52018.01,Tarjeta debito,Aprobado
1025,1025,2025-06-04,73234.1,Mercado Pago,Aprobado
1026,1026,2025-04-02,20846.62,Transferencia,Aprobado
1027,1027,2024-05-03,56414.14,Tarjeta credito,Pendiente
1028,1028,2025-08-22,134926.43,Tarjeta credito,Aprobado
1029,1029,2025-02-26,153802.25,Tarjeta credito,Aprobado
1030,1030,2026-04-23,31563.64,Tarjeta credito,Pendiente
1031,1031,2025-07-25,101424.32,Transferencia,Aprobado
1032,1032,2025-04-16,49100.82,Tarjeta credito,Pendiente
1033,1033,2024-06-02,53927.06,Tarjeta credito,Aprobado
1034,1034,2025-04-24,17046.82,Tarjeta debito,Aprobado
1035,1035,2025-01-11,83913.03,Tarjeta debito,Aprobado
1036,1036,2026-01-16,13405.22,Tarjeta credito,Aprobado
1037,1037,2024-11-04,38618.48,Tarjeta debito,Aprobado
1038,1038,2025-12-12,46292.62,Tarjeta credito,Aprobado
1039,1039,2025-02-07,20779.86,Tarjeta credito,Aprobado
1040,1040,2024-12-20,59183.4,Tarjeta debito,Aprobado
1041,1041,2024-06-03,41316.66,Tarjeta credito,Aprobado
1042,1042,2025-09-14,18583.7,Tarjeta credito,Aprobado
1043,1043,2024-12-28,10589.5,Tarjeta debito,Aprobado
1044,1044,2025-04-17,23443.08,Tarjeta debito,Aprobado
1045,1045,2026-05-27,191379.61,Mercado Pago,Aprobado
1046,1046,2025-12-26,41733.1,Mercado Pago,Aprobado
1047,1047,2026-05-30,0.0,Tarjeta credito,Rechazado
1048,1048,2024-06-08,102911.04,Tarjeta credito,Aprobado
1049,1049,2024-06-06,5688.68,Mercado Pago,Aprobado
1050,1050,2026-06-01,29200.52,Mercado Pago,Aprobado
1051,1051,2024-12-11,63023.15,Mercado Pago,Pendiente
1052,1052,2026-03-28,17769.16,Tarjeta credito,Aprobado
1053,1053,2026-04-30,20718.54,Tarjeta credito,Aprobado
1054,1054,2024-11-28,22032.6,Tarjeta credito,Aprobado
1055,1055,2026-03-20,467007.56,Tarjeta debito,Aprobado
1056,1056,2024-04-01,10511.58,Tarjeta credito,Aprobado
1057,1057,2025-11-17,205831.09,Tarjeta debito,Aprobado
1058,1058,2024-07-09,0.0,Tarjeta credito,Rechazado
1059,1059,2024-04-01,83661.82,Transferencia,Aprobado
1060,1060,2025-04-20,88281.75,Mercado Pago,Aprobado
1061,1061,2024-08-25,84452.07,Tarjeta credito,Aprobado
1062,1062,2024-12-16,28611.96,Mercado Pago,Aprobado
1063,1063,2026-08-19,58244.58,Mercado Pago,Aprobado
1064,1064,2024-12-02,94224.64,Mercado Pago,Aprobado
1065,1065,2024-05-29,34896.96,Efectivo,Aprobado
1066,1066,2024-10-17,20153.82,Mercado Pago,Aprobado
1067,1067,2025-05-25,36289.82,Tarjeta credito,Aprobado
1068,1068,2024-12-06,35084.62,Mercado Pago,Aprobado
1069,1069,2024-10-05,127759.75,Tarjeta debito,Pendiente
1070,1070,2025-01-24,7669.1,Tarjeta credito,Aprobado
1071,1071,2025-04-18,194315.38,Tarjeta credito,Aprobado
1072,1072,2024-09-10,71640.2,Mercado Pago,Aprobado
1073,1073,2025-09-18,10161.38,Transferencia,Aprobado
1074,1074,2024-09-22,48473.94,Tarjeta debito,Aprobado
1075,1075,2025-12-17,74766.9,Transferencia,Aprobado
1076,1076,2026-08-15,17523.45,Mercado Pago,Aprobado
1077,1077,2024-04-12,47727.98,Tarjeta debito,Aprobado
1078,1078,2026-02-21,197125.85,Transferencia,Pendiente
1079,1079,2024-02-08,36847.83,Tarjeta debito,Aprobado
1080,1080,2025-09-18,12169.21,Mercado Pago,Aprobado
1081,1081,2025-04-19,31922.57,Tarjeta credito,Aprobado
1082,1082,2025-09-16,76683.39,Tarjeta debito,Aprobado
1083,1083,2024-08-17,0.0,Tarjeta credito,Rechazado
1084,1084,2024-05-18,48714.75,Mercado Pago,Aprobado
1085,1085,2024-11-06,20687.01,Tarjeta credito,Aprobado
1086,1086,2024-01-30,17744.02,Tarjeta credito,Aprobado
1087,1087,2024-10-16,255371.28,Tarjeta credito,Aprobado
1088,1088,2024-11-05,45048.46,Transferencia,Aprobado
1089,1089,2025-03-08,44257.32,Tarjeta credito,Aprobado
1090,1090,2024-08-27,11139.91,Tarjeta credito,Aprobado
1091,1091,2024-01-23,56065.09,Tarjeta credito,Pendiente
1092,1092,2025-04-14,10066.38,Mercado Pago,Aprobado
1093,1093,2026-04-13,0.0,Mercado Pago,Rechazado
1094,1094,2026-02-27,145528.55,Efectivo,Aprobado
1095,1095,2025-04-15,57305.62,Tarjeta debito,Aprobado
1096,1096,2026-01-05,149585.62,Tarjeta credito,Aprobado
1097,1097,2026-01-11,159190.66,Transferencia,Aprobado
1098,1098,2025-12-08,17180.24,Tarjeta credito,Aprobado
1099,1099,2024-09-30,35006.4,Mercado Pago,Aprobado
1100,1100,2025-10-09,18729.1,Efectivo,Pendiente
1101,1101,2025-06-30,44253.83,Mercado Pago,Pendiente
1102,1102,2026-08-23,11021.16,Mercado Pago,Aprobado
1103,1103,2024-02-12,65325.89,Tarjeta credito,Aprobado
1104,1104,2024-03-16,51589.75,Mercado Pago,Aprobado
1105,1105,2025-09-24,136061.83,Efectivo,Aprobado
1106,1106,2024-06-28,15608.44,Mercado Pago,Aprobado
1107,1107,2024-06-03,0.0,Tarjeta credito,Rechazado
1108,1108,2026-07-19,38980.7,Transferencia,Aprobado
1109,1109,2024-01-20,70163.02,Tarjeta debito,Aprobado
1110,1110,2026-04-05,258169.12,Mercado Pago,Aprobado
1111,1111,2025-05-23,11079.79,Tarjeta credito,Aprobado
1112,1112,2024-08-26,13530.06,Mercado Pago,Pendiente
1113,1113,2026-06-26,45240.85,Tarjeta credito,Aprobado
1114,1114,2024-06-11,35010.11,Mercado Pago,Aprobado
1115,1115,2025-12-21,39251.38,Transferencia,Aprobado
1116,1116,2024-07-03,73782.75,Tarjeta credito,Aprobado
1117,1117,2024-04-12,25903.66,Tarjeta credito,Aprobado
1118,1118,2024-03-27,8007.84,Mercado Pago,Pendiente
1119,1119,2025-12-29,40599.04,Tarjeta credito,Aprobado
1120,1120,2024-01-01,33082.68,Transferencia,Aprobado
1121,1121,2025-10-15,7684.17,Mercado Pago,Aprobado
1122,1122,2024-08-13,65472.03,Tarjeta credito,Aprobado
1123,1123,2024-07-06,9529.19,tarjeta credito,Aprobado
1124,1124,2024-04-24,21224.52,Tarjeta debito,Aprobado
1125,1125,2024-10-13,18650.32,Transferencia,Aprobado
1126,1126,2025-03-08,273410.28,Tarjeta debito,Aprobado
1127,1127,2024-01-06,98814.02,Mercado Pago,Aprobado
1128,1128,2024-03-02,29924.27,Tarjeta debito,Aprobado
1129,1129,2026-06-30,0.0,Tarjeta credito,Rechazado
1130,1130,2025-05-10,54084.23,Tarjeta debito,Aprobado
1131,1131,2025-02-19,8158.48,Tarjeta credito,Aprobado
1132,1132,2024-07-14,51694.92,Tarjeta credito,Aprobado
1133,1133,2024-08-20,114480.72,Mercado Pago,Aprobado
1134,1134,2025-12-21,46392.85,Mercado Pago,Aprobado
1135,1135,2024-06-22,27412.34,Tarjeta credito,Aprobado
1136,1136,2025-09-28,15389.97,Tarjeta credito,Aprobado
1137,1137,2025-09-01,34875.44,Tarjeta debito,Aprobado
1138,1138,2025-11-25,41820.87,Mercado Pago,Aprobado
1139,1139,2024-12-31,1379460.65,Tarjeta credito,Aprobado
1140,1140,2024-06-15,111517.05,Tarjeta credito,Aprobado
1141,1141,2026-06-26,17953.29,Mercado Pago,Pendiente
1142,1142,2024-11-07,73052.72,Tarjeta credito,Aprobado
1143,1143,2025-05-24,65541.66,Transferencia,Aprobado
1144,1144,2024-04-25,151829.52,Tarjeta credito,Aprobado
1145,1145,2025-07-02,177743.76,Mercado Pago,Aprobado
1146,1146,2024-01-11,38078.04,Mercado Pago,Aprobado
1147,1147,2024-03-05,18306.2,Tarjeta debito,Aprobado
1148,1148,2024-11-08,33755.0,Tarjeta credito,Aprobado
1149,1149,2024-08-30,17087.7,Tarjeta credito,Aprobado
1150,1150,2024-12-20,42395.98,tarjeta debito,Aprobado
1151,1151,2024-10-26,74753.08,Transferencia,Aprobado
1152,1152,2025-08-08,0.0,Transferencia,Rechazado
1153,1153,2024-02-05,36164.35,Tarjeta credito,Aprobado
1154,1154,2024-10-29,0.0,Efectivo,Rechazado
1155,1155,2025-03-08,48715.03,Tarjeta credito,Aprobado
1156,1156,2026-03-08,106185.87,Tarjeta credito,Aprobado
1157,1157,2026-02-25,50546.0,Mercado Pago,Aprobado
1158,1158,2025-11-08,31282.22,Tarjeta credito,Aprobado
1159,1159,2025-09-03,59416.14,Transferencia,Aprobado
1160,1160,2024-05-21,0.0,Transferencia,Rechazado
1161,1161,2026-01-28,14818.82,Tarjeta debito,Aprobado
1162,1162,2025-10-17,93402.4,Transferencia,Aprobado
1163,1163,2025-09-27,81593.0,Tarjeta debito,Aprobado
1164,1164,2024-11-17,0.0,Tarjeta credito,Rechazado
1165,1165,2026-07-27,25290.02,Transferencia,Aprobado
1166,1166,2025-04-27,45751.3,Tarjeta credito,Aprobado
1167,1167,2024-12-31,38305.56,Tarjeta credito,Aprobado
1168,1168,2024-02-01,48878.47,Mercado Pago,Aprobado
1169,1169,2025-05-04,28822.98,Mercado Pago,Aprobado
1170,1170,2025-12-09,51758.42,Tarjeta debito,Aprobado
1171,1171,2025-06-08,0.0,Mercado Pago,Rechazado
1172,1172,2026-01-30,17638.6,Tarjeta credito,Pendiente
1173,1173,2025-02-09,56459.34,Transferencia,Aprobado
1174,1174,2024-04-27,66874.8,Mercado Pago,Aprobado
1175,1175,2024-06-17,0.0,Transferencia,Rechazado
1176,1176,2025-06-13,0.0,Tarjeta debito,Rechazado
1177,1177,2026-02-01,35919.42,Tarjeta debito,Aprobado
1178,1178,2024-11-02,68830.62,Tarjeta debito,Aprobado
1179,1179,2026-04-10,19915.25,Transferencia,Pendiente
1180,1180,2025-06-19,81101.18,Tarjeta debito,Aprobado
1181,1181,2025-07-05,104001.46,Tarjeta credito,Aprobado
1182,1182,2026-07-27,91179.8,Mercado Pago,Aprobado
1183,1183,2026-05-17,56689.37,Mercado Pago,Aprobado
1184,1184,2025-01-20,25754.41,Tarjeta credito,Aprobado
1185,1185,2026-02-05,25236.7,Tarjeta credito,Pendiente
1186,1186,2025-08-12,29427.19,Mercado Pago,Aprobado
1187,1187,2024-11-11,93270.99,Tarjeta credito,Aprobado
1188,1188,2026-03-27,125997.76,Mercado Pago,Aprobado
1189,1189,2025-04-17,59957.36,Mercado Pago,Aprobado
1190,1190,2025-02-18,152871.76,Mercado Pago,Aprobado
1191,1191,2024-12-29,29506.78,Mercado Pago,Aprobado
1192,1192,2024-04-04,5942.07,Tarjeta credito,Pendiente
1193,1193,2025-08-04,0.0,Tarjeta credito,Rechazado
1194,1194,2026-05-10,140872.0,Tarjeta credito,Aprobado
1195,1195,2025-02-23,14391.4,Mercado Pago,Aprobado
1196,1196,2024-03-21,18989.4,Mercado Pago,Aprobado
1197,1197,2024-05-09,38052.94,Transferencia,Aprobado
1198,1198,2025-03-05,66763.2,Transferencia,Aprobado
1199,1199,2025-08-15,41361.29,Tarjeta credito,Aprobado
1200,1200,2025-02-16,0.0,Mercado Pago,Rechazado
1201,1201,2024-06-26,20268.27,Tarjeta debito,Aprobado
1202,1202,2026-06-30,37017.24,Tarjeta credito,Aprobado
1203,1203,2026-04-23,53734.1,Mercado Pago,Aprobado
1204,1204,2026-07-11,84661.75,Tarjeta credito,Aprobado
1205,1205,2024-08-30,23977.8,Transferencia,Aprobado
1206,1206,2024-12-23,0.0,Mercado Pago,Rechazado
1207,1207,2025-09-19,52307.33,Mercado Pago,Aprobado
1208,1208,2025-12-28,79622.78,Transferencia,Aprobado
1209,1209,2026-03-10,269723.01,Tarjeta credito,Aprobado
1210,1210,2026-08-06,30791.24,Tarjeta debito,Aprobado
1211,1211,2024-07-07,47451.02,Mercado Pago,Aprobado
1212,1212,2025-11-21,85427.55,Tarjeta credito,Aprobado
1213,1213,2025-03-18,7727.18,Transferencia,Aprobado
1214,1214,2024-07-20,44220.93,Mercado Pago,Pendiente
1215,1215,2025-05-24,9947.68,Tarjeta debito,Aprobado
1216,1216,2024-04-01,0.0,tarjeta credito,Rechazado
1217,1217,2025-08-04,0.0,Mercado Pago,Rechazado
1218,1218,2026-04-23,1312796.86,Tarjeta debito,Aprobado
1219,1219,2025-08-06,15815.64,Mercado Pago,Pendiente
1220,1220,2026-07-13,152839.69,Tarjeta credito,Pendiente
1221,1221,2026-01-17,30678.08,Tarjeta debito,Aprobado
1222,1222,2024-01-24,42058.78,Tarjeta credito,Aprobado
1223,1223,2025-11-24,33090.89,Efectivo,Aprobado
1224,1224,2024-04-19,20896.43,Mercado Pago,Aprobado
1225,1225,2025-12-20,20024.65,Tarjeta debito,Aprobado
1226,1226,2024-05-11,66398.32,Tarjeta credito,Aprobado
1227,1227,2025-08-01,23984.76,Efectivo,Aprobado
1228,1228,2024-07-25,186624.1,Efectivo,Aprobado
1229,1229,2024-10-03,87472.6,Tarjeta credito,Aprobado
1230,1230,2025-03-19,29672.44,Tarjeta credito,Aprobado
1231,1231,2026-06-06,71609.42,Tarjeta credito,Aprobado
1232,1232,2026-03-23,25137.56,Mercado Pago,Aprobado
1233,1233,2024-05-05,31523.42,Tarjeta credito,Aprobado
1234,1234,2026-04-22,0.0,Tarjeta debito,Rechazado
1235,1235,2024-12-13,127602.69,Transferencia,Pendiente
1236,1236,2024-09-23,96638.01,Tarjeta credito,Aprobado
1237,1237,2024-08-13,86643.66,Mercado Pago,Aprobado
1238,1238,2026-06-25,83346.46,Efectivo,Aprobado
1239,1239,2024-11-12,61795.73,Efectivo,Aprobado
1240,1240,2026-02-21,88056.08,Transferencia,Aprobado
1241,1241,2026-01-03,46361.4,Tarjeta credito,Aprobado
1242,1242,2025-12-06,14737.84,Transferencia,Aprobado
1243,1243,2025-02-07,24588.44,Tarjeta debito,Aprobado
1244,1244,2024-07-19,111305.32,Mercado Pago,Pendiente
1245,1245,2025-09-26,9382.88,Mercado Pago,Pendiente
1246,1246,2026-08-18,9065.22,Tarjeta debito,Aprobado
1247,1247,2025-02-14,63011.1,Transferencia,Aprobado
1248,1248,2024-03-28,2206.74,Tarjeta debito,Aprobado
1249,1249,2024-03-13,344102.41,tarjeta debito,Aprobado
1250,1250,2025-03-17,33549.81,Tarjeta credito,Pendiente
1251,1251,2026-06-15,12459.06,Tarjeta debito,Aprobado
1252,1252,2024-12-08,2096387.87,Tarjeta debito,Aprobado
1253,1253,2026-05-18,11544.65,Tarjeta credito,Aprobado
1254,1254,2026-08-22,8726.73,Mercado Pago,Aprobado
1255,1255,2026-04-10,41012.58,Tarjeta credito,Aprobado
1256,1256,2025-03-29,93034.59,Mercado Pago,Aprobado
1257,1257,2025-01-07,57959.15,Tarjeta debito,Pendiente
1258,1258,2024-05-30,173882.34,Tarjeta credito,Aprobado
1259,1259,2024-06-03,93574.44,Transferencia,Aprobado
1260,1260,2026-03-31,102394.94,Tarjeta credito,Aprobado
1261,1261,2025-07-17,11811.73,Mercado Pago,Aprobado
1262,1262,2026-01-13,12456.94,Tarjeta credito,Aprobado
1263,1263,2026-03-04,41063.49,Tarjeta debito,Aprobado
1264,1264,2024-11-15,196264.64,Tarjeta credito,Aprobado
1265,1265,2024-02-25,32367.52,Efectivo,Aprobado
1266,1266,2024-02-29,14721.41,Tarjeta debito,Aprobado
1267,1267,2024-03-24,37129.88,Mercado Pago,Aprobado
1268,1268,2025-02-28,0.0,Tarjeta credito,Rechazado
1269,1269,2024-09-22,27107.76,Mercado Pago,Aprobado
1270,1270,2024-03-19,49560.16,Transferencia,Aprobado
1271,1271,2025-07-25,51070.83,Transferencia,Aprobado
1272,1272,2025-04-27,2264.49,Transferencia,Aprobado
1273,1273,2026-05-04,22167.94,Efectivo,Aprobado
1274,1274,2025-07-02,119724.32,Tarjeta credito,Aprobado
1275,1275,2024-01-08,24478.78,Tarjeta debito,Aprobado
1276,1276,2025-05-27,79851.92,Tarjeta debito,Aprobado
1277,1277,2024-05-04,15858.01,Mercado Pago,Aprobado
1278,1278,2025-04-29,75605.19,Mercado Pago,Aprobado
1279,1279,2026-08-23,39013.68,Tarjeta debito,Aprobado
1280,1280,2024-01-10,12267.55,Mercado Pago,Aprobado
1281,1281,2025-12-15,11735.32,Tarjeta debito,Aprobado
1282,1282,2024-01-25,579944.68,Tarjeta debito,Aprobado
1283,1283,2024-08-22,0.0,Tarjeta credito,Rechazado
1284,1284,2024-09-07,15143.79,Tarjeta credito,Aprobado
1285,1285,2024-06-11,30824.81,Tarjeta credito,Aprobado
1286,1286,2024-12-14,447520.32,Transferencia,Pendiente
1287,1287,2024-05-17,30201.89,Tarjeta debito,Aprobado
1288,1288,2024-01-22,53706.43,Transferencia,Aprobado
1289,1289,2025-04-18,46435.95,Mercado Pago,Aprobado
1290,1290,2026-04-05,45631.88,Efectivo,Aprobado
1291,1291,2025-06-26,8033.53,Efectivo,Aprobado
1292,1292,2025-01-27,10824.02,Mercado Pago,Aprobado
1293,1293,2026-07-04,18620.29,Tarjeta credito,Aprobado
1294,1294,2025-12-26,24662.13,Tarjeta credito,Aprobado
1295,1295,2025-09-10,102341.76,Tarjeta credito,Aprobado
1296,1296,2025-12-12,0.0,Tarjeta credito,Rechazado
1297,1297,2025-12-14,4810.22,Tarjeta credito,Aprobado
1298,1298,2025-04-30,76776.39,Mercado Pago,Aprobado
1299,1299,2026-03-06,17921.7,Efectivo,Aprobado
1300,1300,2025-12-28,85881.66,Tarjeta debito,Aprobado
1301,1301,2025-06-23,108707.1,Efectivo,Aprobado
1302,1302,2024-07-03,0.0,Tarjeta credito,Rechazado
1303,1303,2026-04-30,6537.73,Mercado Pago,Aprobado
1304,1304,2024-10-30,44402.03,Mercado Pago,Aprobado
1305,1305,2024-02-06,22913.08,Tarjeta credito,Aprobado
1306,1306,2024-07-12,127920.04,Tarjeta debito,Aprobado
1307,1307,2026-06-30,221967.64,Tarjeta credito,Aprobado
1308,1308,2026-08-03,47889.63,Mercado Pago,Aprobado
1309,1309,2024-10-25,153986.07,Tarjeta credito,Aprobado
1310,1310,2026-05-23,51371.34,Transferencia,Aprobado
1311,1311,2025-07-30,188375.39,Tarjeta credito,Pendiente
1312,1312,2024-11-28,69907.75,Tarjeta credito,Pendiente
1313,1313,2024-03-31,27711.03,Tarjeta credito,Aprobado
1314,1314,2026-04-16,321920.4,Tarjeta debito,Aprobado
1315,1315,2026-06-03,108755.04,Tarjeta credito,Aprobado
1316,1316,2025-01-17,29959.47,Tarjeta debito,Aprobado
1317,1317,2024-06-22,60207.12,Tarjeta debito,Aprobado
1318,1318,2024-06-18,5561.46,Efectivo,Aprobado
1319,1319,2024-10-16,10493.24,Tarjeta credito,Aprobado
1320,1320,2024-07-31,18954.85,tarjeta debito,Aprobado
1321,1321,2024-12-06,91431.44,Tarjeta credito,Aprobado
1322,1322,2024-02-04,28755.21,Tarjeta credito,Aprobado
1323,1323,2024-09-08,125647.27,Mercado Pago,Aprobado
1324,1324,2025-07-07,23854.06,Tarjeta debito,Aprobado
1325,1325,2024-04-04,193473.65,Transferencia,Aprobado
1326,1326,2024-02-28,121350.41,Tarjeta credito,Aprobado
1327,1327,2024-06-12,10102.26,Tarjeta credito,Aprobado
1328,1328,2025-04-03,0.0,Tarjeta debito,Rechazado
1329,1329,2025-05-10,118371.6,Tarjeta debito,Aprobado
1330,1330,2026-05-23,47483.92,Tarjeta debito,Aprobado
1331,1331,2025-03-14,74887.66,Tarjeta credito,Aprobado
1332,1332,2026-07-14,14275.08,Tarjeta credito,Pendiente
1333,1333,2026-05-31,39446.67,Tarjeta credito,Aprobado
1334,1334,2024-11-05,49920.38,Tarjeta debito,Aprobado
1335,1335,2024-05-10,161475.44,Tarjeta credito,Aprobado
1336,1336,2025-11-22,26896.29,Tarjeta credito,Aprobado
1337,1337,2025-10-12,0.0,Tarjeta credito,Rechazado
1338,1338,2026-08-25,23174.25,Tarjeta credito,Pendiente
1339,1339,2024-12-07,19283.4,Efectivo,Aprobado
1340,1340,2026-03-06,94980.34,Tarjeta credito,Aprobado
1341,1341,2024-06-22,113599.79,Transferencia,Pendiente
1342,1342,2025-02-07,74352.69,Tarjeta credito,Aprobado
1343,1343,2025-07-19,147879.37,Mercado Pago,Aprobado
1344,1344,2024-06-18,17590.44,Transferencia,Aprobado
1345,1345,2025-11-01,197635.85,Tarjeta credito,Aprobado
1346,1346,2026-07-02,0.0,Tarjeta debito,Rechazado
1347,1347,2025-10-24,31514.81,Tarjeta credito,Aprobado
1348,1348,2026-02-21,48988.11,Mercado Pago,Aprobado
1349,1349,2025-12-15,69462.28,Tarjeta debito,Pendiente
1350,1350,2025-02-14,38505.0,Mercado Pago,Aprobado
1351,1351,2024-10-15,187991.1,Tarjeta debito,Pendiente
1352,1352,2024-10-04,23207.18,Tarjeta debito,Aprobado
1353,1353,2026-06-26,0.0,Mercado Pago,Rechazado
1354,1354,2025-03-23,0.0,Tarjeta credito,Rechazado
1355,1355,2026-02-07,79149.08,Mercado Pago,Aprobado
1356,1356,2025-09-12,11108.17,Efectivo,Aprobado
1357,1357,2024-12-14,68739.48,Mercado Pago,Aprobado
1358,1358,2024-06-25,72364.1,Tarjeta debito,Pendiente
1359,1359,2024-06-21,100114.82,Transferencia,Aprobado
1360,1360,2024-01-15,74403.86,Transferencia,Aprobado
1361,1361,2025-07-28,40624.1,Transferencia,Aprobado
1362,1362,2024-12-11,13369.74,Tarjeta debito,Aprobado
1363,1363,2024-03-20,57871.34,Tarjeta debito,Aprobado
1364,1364,2025-04-14,101567.45,Tarjeta credito,Aprobado
1365,1365,2026-02-12,63726.58,Tarjeta debito,Aprobado
1366,1366,2024-03-31,198456.33,Transferencia,Aprobado
1367,1367,2025-12-15,175416.42,Transferencia,Aprobado
1368,1368,2024-08-29,6818.3,Tarjeta credito,Aprobado
1369,1369,2026-07-25,28773.89,Tarjeta credito,Aprobado
1370,1370,2024-05-18,50316.84,Tarjeta credito,Aprobado
1371,1371,2025-09-21,151607.52,Tarjeta debito,Pendiente
1372,1372,2024-02-17,17217.17,Mercado Pago,Aprobado
1373,1373,2025-02-15,42215.09,Tarjeta credito,Aprobado
1374,1374,2025-08-10,60024.24,Tarjeta credito,Aprobado
1375,1375,2026-02-25,0.0,Tarjeta credito,Rechazado
1376,1376,2026-02-19,11148.28,Mercado Pago,Aprobado
1377,1377,2026-08-10,32067.83,tarjeta credito,Aprobado
1378,1378,2026-08-02,102784.82,Tarjeta credito,Aprobado
1379,1379,2025-11-14,40776.62,Tarjeta debito,Aprobado
1380,1380,2025-12-11,50225.6,Tarjeta debito,Aprobado
1381,1381,2024-07-02,124201.86,Tarjeta debito,Aprobado
1382,1382,2024-10-05,292242.99,Mercado Pago,Aprobado
1383,1383,2025-07-05,0.0,Efectivo,Rechazado
1384,1384,2026-08-01,0.0,efectivo,Rechazado
1385,1385,2024-04-06,154200.54,Efectivo,Aprobado
1386,1386,2024-02-19,14915.3,Tarjeta debito,Aprobado
1387,1387,2025-06-25,7824.87,Efectivo,Aprobado
1388,1388,2025-08-01,229499.56,Tarjeta debito,Aprobado
1389,1389,2025-12-03,0.0,Tarjeta debito,Rechazado
1390,1390,2025-06-30,32732.68,Tarjeta debito,Aprobado
1391,1391,2025-03-07,36637.03,Tarjeta credito,Aprobado
1392,1392,2024-03-27,232543.7,Tarjeta credito,Aprobado
1393,1393,2025-01-17,36249.5,Tarjeta debito,Aprobado
1394,1394,2024-01-11,0.0,Mercado Pago,Rechazado
1395,1395,2025-04-06,18636.83,Tarjeta credito,Aprobado
1396,1396,2025-03-12,13622.1,Tarjeta credito,Aprobado
1397,1397,2026-06-16,14848.3,Transferencia,Aprobado
1398,1398,2025-05-28,73100.7,Mercado Pago,Pendiente
1399,1399,2025-03-16,8555.14,Tarjeta debito,Aprobado
1400,1400,2026-07-15,4926.21,Tarjeta credito,Pendiente
1401,1401,2024-01-12,114249.8,Tarjeta debito,Pendiente
1402,1402,2024-12-19,0.0,tarjeta credito,Rechazado
1403,1403,2024-08-08,90701.91,Tarjeta credito,Aprobado
1404,1404,2025-09-17,51589.89,Efectivo,Aprobado
1405,1405,2026-04-12,122525.96,Mercado Pago,Aprobado
1406,1406,2024-01-31,92988.54,Tarjeta credito,Aprobado
1407,1407,2026-03-24,23574.62,Tarjeta credito,Aprobado
1408,1408,2024-11-03,35676.56,Mercado Pago,Aprobado
1409,1409,2024-05-18,4240.43,Tarjeta credito,Aprobado
1410,1410,2024-05-21,62113.62,Efectivo,Aprobado
1411,1411,2026-05-01,0.0,Tarjeta debito,Rechazado
1412,1412,2025-09-27,18240.64,Mercado Pago,Aprobado
1413,1413,2025-07-02,307505.26,Tarjeta credito,Aprobado
1414,1414,2025-02-22,76632.84,Tarjeta debito,Aprobado
1415,1415,2025-05-17,13826.82,Tarjeta credito,Aprobado
1416,1416,2024-01-14,14245.25,tarjeta debito,Aprobado
1417,1417,2025-03-05,53299.22,Tarjeta credito,Aprobado
1418,1418,2026-01-09,45090.63,Efectivo,Aprobado
1419,1419,2024-11-14,42803.08,Tarjeta credito,Aprobado
1420,1420,2025-04-28,36835.7,Transferencia,Aprobado
1421,1421,2024-12-31,82085.37,Tarjeta credito,Pendiente
1422,1422,2025-01-29,11821.83,Tarjeta debito,Aprobado
1423,1423,2024-04-07,61493.24,Mercado Pago,Aprobado
1424,1424,2025-11-13,10254.55,Tarjeta credito,Aprobado
1425,1425,2024-06-03,59937.49,Tarjeta credito,Pendiente
1426,1426,2025-07-24,21798.94,Efectivo,Aprobado
1427,1427,2024-12-15,75419.43,Mercado Pago,Aprobado
1428,1428,2024-05-15,16913.99,Efectivo,Aprobado
1429,1429,2026-07-10,53945.52,Tarjeta credito,Aprobado
1430,1430,2026-01-02,12001.23,Efectivo,Aprobado
1431,1431,2026-06-07,38426.52,Mercado Pago,Aprobado
1432,1432,2025-07-05,81191.55,Tarjeta debito,Aprobado
1433,1433,2024-02-06,30564.5,Tarjeta credito,Aprobado
1434,1434,2025-05-04,129618.93,Tarjeta credito,Aprobado
1435,1435,2024-07-20,157754.73,Mercado Pago,Aprobado
1436,1436,2025-08-16,59969.23,Mercado Pago,Aprobado
1437,1437,2024-12-01,74296.07,Mercado Pago,Pendiente
1438,1438,2024-01-19,10919.12,Mercado Pago,Aprobado
1439,1439,2024-02-24,8732.22,Efectivo,Aprobado
1440,1440,2024-05-03,282897.3,Tarjeta credito,Aprobado
1441,1441,2024-01-30,60423.9,Transferencia,Aprobado
1442,1442,2025-12-13,164672.66,Mercado Pago,Aprobado
1443,1443,2024-02-14,20528.76,Tarjeta debito,Aprobado
1444,1444,2026-04-13,33003.65,Mercado Pago,Pendiente
1445,1445,2025-12-11,30461.91,Efectivo,Aprobado
1446,1446,2025-10-08,41683.53,Mercado Pago,Pendiente
1447,1447,2026-06-06,43132.85,Tarjeta credito,Aprobado
1448,1448,2025-01-25,36558.93,Transferencia,Aprobado
1449,1449,2025-04-04,129521.2,Mercado Pago,Aprobado
1450,1450,2024-12-29,28740.7,Tarjeta credito,Aprobado
1451,1451,2025-03-30,191748.44,Mercado Pago,Aprobado
1452,1452,2024-07-03,59682.42,Transferencia,Aprobado
1453,1453,2025-01-12,143717.37,Tarjeta debito,Aprobado
1454,1454,2025-04-16,39686.82,Tarjeta credito,Aprobado
1455,1455,2025-08-19,0.0,Transferencia,Rechazado
1456,1456,2025-07-26,110413.3,Transferencia,Aprobado
1457,1457,2026-01-18,10265.12,Transferencia,Aprobado
1458,1458,2024-09-04,3626.47,Tarjeta debito,Aprobado
1459,1459,2024-09-24,36537.93,Transferencia,Pendiente
1460,1460,2024-09-22,33457.02,Transferencia,Aprobado
1461,1461,2025-10-30,36419.76,Mercado Pago,Aprobado
1462,1462,2024-10-29,35741.22,Mercado Pago,Aprobado
1463,1463,2026-06-01,132946.87,Transferencia,Aprobado
1464,1464,2025-03-24,11065.69,Tarjeta debito,Aprobado
1465,1465,2024-09-08,66029.95,Tarjeta credito,Aprobado
1466,1466,2025-04-23,54065.49,Tarjeta credito,Aprobado
1467,1467,2026-08-10,58990.37,Tarjeta debito,Pendiente
1468,1468,2026-03-27,73669.56,Transferencia,Aprobado
1469,1469,2026-04-23,8793.66,Mercado Pago,Aprobado
1470,1470,2025-03-14,0.0,Transferencia,Rechazado
1471,1471,2024-02-12,128238.58,Tarjeta credito,Aprobado
1472,1472,2026-03-25,32782.99,Tarjeta credito,Aprobado
1473,1473,2024-08-01,141959.9,Tarjeta credito,Aprobado
1474,1474,2026-03-22,33442.92,Tarjeta credito,Aprobado
1475,1475,2024-11-18,5360.49,Tarjeta debito,Aprobado
1476,1476,2024-10-30,116189.73,Transferencia,Aprobado
1477,1477,2026-07-21,0.0,Tarjeta credito,Rechazado
1478,1478,2025-12-03,11872.98,Mercado Pago,Aprobado
1479,1479,2024-11-03,33229.4,Tarjeta debito,Aprobado
1480,1480,2024-05-14,0.0,Tarjeta credito,Rechazado
1481,1481,2025-02-04,19048.12,Tarjeta credito,Aprobado
1482,1482,2025-07-08,31870.84,Mercado Pago,Aprobado
1483,1483,2025-03-06,69235.92,Transferencia,Aprobado
1484,1484,2024-10-12,80317.2,Transferencia,Aprobado
1485,1485,2024-12-26,55105.5,Tarjeta debito,Aprobado
1486,1486,2024-12-13,64546.36,Tarjeta debito,Aprobado
1487,1487,2024-11-28,79451.91,Mercado Pago,Aprobado
1488,1488,2026-08-13,158736.23,Transferencia,Aprobado
1489,1489,2025-04-08,20548.46,Tarjeta debito,Aprobado
1490,1490,2025-02-25,75451.05,Transferencia,Aprobado
1491,1491,2024-08-05,38314.5,Tarjeta debito,Pendiente
1492,1492,2026-05-12,0.0,Tarjeta credito,Rechazado
1493,1493,2024-11-01,108181.38,Tarjeta debito,Aprobado
1494,1494,2025-11-24,42776.32,Mercado Pago,Aprobado
1495,1495,2024-09-13,92787.86,Efectivo,Pendiente
1496,1496,2024-05-23,58268.26,Tarjeta credito,Aprobado
1497,1497,2025-04-27,54765.72,Mercado Pago,Aprobado
1498,1498,2026-07-12,25536.6,Tarjeta credito,Pendiente
1499,1499,2026-01-11,21124.59,Tarjeta credito,Aprobado
1500,1500,2024-06-12,21428.16,Efectivo,Aprobado
1501,1501,2026-02-13,145299.23,Mercado Pago,Aprobado
1502,1502,2025-01-16,89578.35,tarjeta debito,Aprobado
1503,1503,2026-03-08,7781.32,Mercado Pago,Aprobado
1504,1504,2026-08-08,174191.98,Tarjeta credito,Pendiente
1505,1505,2025-08-17,0.0,Tarjeta credito,Rechazado
1506,1506,2025-03-14,26048.09,Transferencia,Aprobado
1507,1507,2025-12-23,22256.99,Tarjeta debito,Aprobado
1508,1508,2025-07-11,82165.25,Tarjeta debito,Aprobado
1509,1509,2024-11-05,167772.36,Tarjeta credito,Aprobado
1510,1510,2025-03-29,0.0,Tarjeta debito,Rechazado
1511,1511,2025-08-30,127593.99,Tarjeta debito,Aprobado
1512,1512,2026-01-25,48967.57,Tarjeta debito,Pendiente
1513,1513,2024-05-15,17622.08,Tarjeta credito,Aprobado
1514,1514,2026-08-04,11852.87,Mercado Pago,Aprobado
1515,1515,2024-07-14,75488.57,Efectivo,Aprobado
1516,1516,2026-06-20,28327.33,Tarjeta credito,Aprobado
1517,1517,2024-02-06,16869.46,Mercado Pago,Aprobado
1518,1518,2024-09-26,821134.8,Tarjeta debito,Aprobado
1519,1519,2026-08-17,0.0,Tarjeta credito,Rechazado
1520,1520,2026-02-03,0.0,Tarjeta credito,Rechazado
1521,1521,2025-10-04,20880.26,Tarjeta credito,Aprobado
1522,1522,2024-03-08,17113.6,Mercado Pago,Aprobado
1523,1523,2024-05-01,27669.73,Tarjeta debito,Aprobado
1524,1524,2025-11-08,173665.8,Tarjeta debito,Aprobado
1525,1525,2025-01-18,74181.59,Tarjeta debito,Aprobado
1526,1526,2024-11-03,24060.43,Mercado Pago,Aprobado
1527,1527,2025-08-11,24482.53,Tarjeta credito,Aprobado
1528,1528,2024-04-29,26849.52,Tarjeta credito,Aprobado
1529,1529,2026-08-23,137922.51,Mercado Pago,Aprobado
1530,1530,2026-06-30,46587.64,Tarjeta debito,Aprobado
1531,1531,2025-07-02,68130.92,Transferencia,Aprobado
1532,1532,2025-08-22,75073.46,Tarjeta credito,Aprobado
1533,1533,2025-03-01,34579.57,Tarjeta credito,Aprobado
1534,1534,2024-02-04,105399.72,Tarjeta credito,Aprobado
1535,1535,2024-02-10,38188.91,Tarjeta debito,Aprobado
1536,1536,2024-04-08,118273.39,Tarjeta debito,Aprobado
1537,1537,2024-10-27,35324.92,Tarjeta credito,Aprobado
1538,1538,2025-01-06,0.0,Tarjeta credito,Rechazado
1539,1539,2026-02-08,15244.68,Tarjeta credito,Aprobado
1540,1540,2025-01-01,8134.82,tarjeta credito,Aprobado
1541,1541,2024-11-01,115286.35,Mercado Pago,Pendiente
1542,1542,2024-12-10,19416.27,Tarjeta credito,Aprobado
1543,1543,2025-12-03,12984.06,Transferencia,Aprobado
1544,1544,2024-08-27,16846.88,Mercado Pago,Aprobado
1545,1545,2024-06-03,117026.57,Transferencia,Aprobado
1546,1546,2024-08-09,13951.61,Tarjeta debito,Aprobado
1547,1547,2025-03-21,76012.68,Tarjeta credito,Aprobado
1548,1548,2024-09-09,73862.53,Transferencia,Aprobado
1549,1549,2025-02-26,13201.78,Efectivo,Aprobado
1550,1550,2025-03-09,91187.55,Mercado Pago,Aprobado
1551,1551,2026-01-10,310623.62,Tarjeta credito,Aprobado
1552,1552,2024-02-25,0.0,Tarjeta debito,Rechazado
1553,1553,2025-11-24,255739.92,Tarjeta credito,Aprobado
1554,1554,2024-04-18,49574.98,Tarjeta credito,Aprobado
1555,1555,2026-07-06,97656.98,Mercado Pago,Pendiente
1556,1556,2024-11-23,84995.04,Efectivo,Aprobado
1557,1557,2024-08-04,105778.34,Tarjeta credito,Aprobado
1558,1558,2026-03-26,137459.52,Mercado Pago,Aprobado
1559,1559,2024-08-09,3923.14,Tarjeta credito,Aprobado
1560,1560,2024-10-01,29513.34,Efectivo,Aprobado
1561,1561,2025-01-05,85270.08,Mercado Pago,Aprobado
1562,1562,2024-12-06,0.0,Tarjeta credito,Rechazado
1563,1563,2025-03-02,45319.0,Transferencia,Aprobado
1564,1564,2024-06-14,80557.92,Tarjeta debito,Aprobado
1565,1565,2025-12-07,18761.6,Tarjeta debito,Aprobado
1566,1566,2024-06-06,20012.32,Transferencia,Aprobado
1567,1567,2024-12-15,104126.78,Transferencia,Aprobado
1568,1568,2024-11-27,85106.24,Efectivo,Aprobado
1569,1569,2024-01-27,16101.32,Tarjeta credito,Aprobado
1570,1570,2025-11-04,0.0,Transferencia,Rechazado
1571,1571,2025-12-12,72958.19,Tarjeta credito,Aprobado
1572,1572,2026-03-02,48190.46,Tarjeta credito,Aprobado
1573,1573,2025-08-10,0.0,Transferencia,Rechazado
1574,1574,2024-07-07,155347.04,Tarjeta debito,Aprobado
1575,1575,2024-10-30,11156.26,Transferencia,Pendiente
1576,1576,2024-01-15,67900.84,Tarjeta credito,Aprobado
1577,1577,2025-09-29,30452.11,Tarjeta credito,Aprobado
1578,1578,2024-04-26,75466.97,Tarjeta credito,Aprobado
1579,1579,2026-01-08,30727.82,Mercado Pago,Aprobado
1580,1580,2024-10-07,11893.13,Tarjeta credito,Aprobado
1581,1581,2026-03-24,61253.46,Tarjeta credito,Aprobado
1582,1582,2025-09-06,249435.67,Tarjeta credito,Aprobado
1583,1583,2025-11-03,138149.54,Transferencia,Aprobado
1584,1584,2026-05-23,11956.36,Transferencia,Aprobado
1585,1585,2024-02-10,23369.28,Tarjeta debito,Pendiente
1586,1586,2026-06-30,23527.72,Tarjeta credito,Aprobado
1587,1587,2024-04-12,74475.2,Tarjeta credito,Aprobado
1588,1588,2026-03-20,9060.3,Transferencia,Aprobado
1589,1589,2025-11-01,22785.4,Tarjeta debito,Aprobado
1590,1590,2025-09-15,35145.68,Tarjeta credito,Aprobado
1591,1591,2024-03-17,88128.45,Tarjeta credito,Aprobado
1592,1592,2025-01-24,185849.42,Tarjeta debito,Aprobado
1593,1593,2024-07-08,106522.76,Tarjeta debito,Aprobado
1594,1594,2026-07-05,196304.31,tarjeta credito,Aprobado
1595,1595,2025-09-22,0.0,Tarjeta debito,Rechazado
1596,1596,2025-09-06,86756.63,Tarjeta credito,Aprobado
1597,1597,2026-07-31,64470.71,Transferencia,Aprobado
1598,1598,2026-01-11,13380.68,Transferencia,Aprobado
1599,1599,2026-06-13,7960.51,Mercado Pago,Aprobado
1600,1600,2024-08-17,49206.55,Mercado Pago,Aprobado
1601,1601,2025-12-18,147455.41,Efectivo,Aprobado
1602,1602,2025-11-19,10372.94,Tarjeta credito,Aprobado
1603,1603,2024-04-26,113337.31,Mercado Pago,Aprobado
1604,1604,2024-06-08,29607.54,Efectivo,Aprobado
1605,1605,2025-09-03,25065.24,Mercado Pago,Aprobado
1606,1606,2026-03-14,96882.71,Tarjeta debito,Pendiente
1607,1607,2024-05-29,65739.97,Mercado Pago,Aprobado
1608,1608,2025-11-12,8392.89,Tarjeta debito,Pendiente
1609,1609,2025-07-09,6515.82,Mercado Pago,Aprobado
1610,1610,2024-09-05,109385.24,Tarjeta credito,Pendiente
1611,1611,2025-11-04,19944.26,Tarjeta credito,Aprobado
1612,1612,2024-06-28,24116.91,Tarjeta debito,Aprobado
1613,1613,2026-03-02,103575.89,Efectivo,Aprobado
1614,1614,2025-07-22,156039.82,Transferencia,Aprobado
1615,1615,2025-12-07,326981.68,Tarjeta debito,Aprobado
1616,1616,2025-02-04,67110.59,Mercado Pago,Aprobado
1617,1617,2024-11-21,28750.87,Mercado Pago,Pendiente
1618,1618,2024-03-01,31342.71,Tarjeta credito,Aprobado
1619,1619,2025-10-18,216783.89,Tarjeta credito,Aprobado
1620,1620,2025-11-25,0.0,Tarjeta credito,Rechazado
1621,1621,2024-03-22,15507.35,Tarjeta credito,Aprobado
1622,1622,2026-08-10,18205.42,Tarjeta credito,Aprobado
1623,1623,2024-03-03,50086.74,Mercado Pago,Aprobado
1624,1624,2026-05-20,0.0,Mercado Pago,Rechazado
1625,1625,2026-04-28,31770.36,Transferencia,Aprobado
1626,1626,2025-05-14,12772.22,Mercado Pago,Aprobado
1627,1627,2026-02-28,167749.26,Mercado Pago,Aprobado
1628,1628,2024-01-07,0.0,Efectivo,Rechazado
1629,1629,2024-01-08,44401.08,Tarjeta credito,Aprobado
1630,1630,2024-01-05,139980.79,Efectivo,Aprobado
1631,1631,2024-12-15,16033.29,Efectivo,Aprobado
1632,1632,2024-11-12,8514.39,Mercado Pago,Aprobado
1633,1633,2024-08-10,40390.29,Tarjeta credito,Pendiente
1634,1634,2024-03-18,137815.37,Tarjeta credito,Aprobado
1635,1635,2025-09-21,5062.93,Efectivo,Aprobado
1636,1636,2024-12-14,145673.68,Tarjeta credito,Aprobado
1637,1637,2025-10-01,36425.66,Tarjeta credito,Aprobado
1638,1638,2026-04-25,11491.14,Mercado Pago,Aprobado
1639,1639,2025-08-24,29812.43,Mercado Pago,Aprobado
1640,1640,2024-03-28,89369.4,Mercado Pago,Aprobado
1641,1641,2026-05-02,129833.94,Tarjeta credito,Aprobado
1642,1642,2025-12-17,117866.6,Tarjeta debito,Aprobado
1643,1643,2024-08-04,0.0,Mercado Pago,Rechazado
1644,1644,2024-12-17,69795.1,Tarjeta credito,Aprobado
1645,1645,2026-04-03,31100.25,Efectivo,Aprobado
1646,1646,2026-06-28,117683.33,Tarjeta debito,Aprobado
1647,1647,2026-07-23,142728.04,Transferencia,Aprobado
1648,1648,2025-02-26,86682.72,Transferencia,Aprobado
1649,1649,2025-12-27,4688.5,Tarjeta credito,Aprobado
1650,1650,2024-12-07,68493.72,Tarjeta credito,Aprobado
1651,1651,2025-12-30,17660.58,Transferencia,Aprobado
1652,1652,2024-03-16,0.0,Mercado Pago,Rechazado
1653,1653,2024-07-19,78724.56,Mercado Pago,Aprobado
1654,1654,2025-01-17,20069.36,Tarjeta credito,Aprobado
1655,1655,2024-05-20,35883.28,Tarjeta credito,Aprobado
1656,1656,2026-06-20,241974.36,Tarjeta credito,Pendiente
1657,1657,2025-03-31,49081.14,Tarjeta credito,Aprobado
1658,1658,2025-03-12,42524.59,Tarjeta debito,Aprobado
1659,1659,2024-10-26,352250.92,Tarjeta credito,Aprobado
1660,1660,2026-02-11,34241.55,Tarjeta debito,Aprobado
1661,1661,2025-12-08,11524.7,Tarjeta credito,Aprobado
1662,1662,2026-07-03,59882.46,Transferencia,Aprobado
1663,1663,2026-05-06,42193.94,Tarjeta debito,Aprobado
1664,1664,2024-08-10,467332.33,Tarjeta debito,Pendiente
1665,1665,2025-12-29,101375.94,Tarjeta debito,Aprobado
1666,1666,2026-01-23,0.0,Tarjeta credito,Rechazado
1667,1667,2026-07-04,162699.3,Mercado Pago,Aprobado
1668,1668,2025-10-26,28877.07,Mercado Pago,Aprobado
1669,1669,2026-08-13,46511.85,Tarjeta debito,Aprobado
1670,1670,2025-09-12,7665.42,Transferencia,Aprobado
1671,1671,2026-08-11,126176.55,Tarjeta credito,Aprobado
1672,1672,2025-06-18,312867.83,Tarjeta debito,Aprobado
1673,1673,2025-07-04,190195.72,Tarjeta debito,Aprobado
1674,1674,2024-09-11,70143.28,Tarjeta credito,Aprobado
1675,1675,2025-02-01,19832.64,Tarjeta credito,Aprobado
1676,1676,2024-12-04,45525.36,Mercado Pago,Aprobado
1677,1677,2026-03-08,43598.13,Transferencia,Aprobado
1678,1678,2024-08-15,26375.2,Tarjeta credito,Aprobado
1679,1679,2025-03-12,320379.96,Tarjeta debito,Aprobado
1680,1680,2026-05-12,14513.27,Tarjeta credito,Aprobado
1681,1681,2026-02-12,69538.68,Tarjeta credito,Aprobado
1682,1682,2026-08-01,64261.92,tarjeta credito,Aprobado
1683,1683,2024-10-15,7298.33,Tarjeta credito,Aprobado
1684,1684,2025-04-25,83043.81,Tarjeta credito,Pendiente
1685,1685,2024-11-01,0.0,Mercado Pago,Rechazado
1686,1686,2025-01-10,16067.15,Mercado Pago,Aprobado
1687,1687,2025-10-01,441836.73,Tarjeta debito,Aprobado
1688,1688,2025-12-21,50119.83,Tarjeta credito,Aprobado
1689,1689,2025-08-26,18817.36,Mercado Pago,Aprobado
1690,1690,2026-07-21,94080.83,Tarjeta credito,Aprobado
1691,1691,2026-07-20,27784.72,Tarjeta credito,Aprobado
1692,1692,2024-08-01,22064.58,Tarjeta credito,Aprobado
1693,1693,2025-10-11,117845.6,Transferencia,Aprobado
1694,1694,2024-05-28,8650.44,Tarjeta credito,Aprobado
1695,1695,2024-05-11,37255.32,Tarjeta credito,Aprobado
1696,1696,2025-11-13,124323.16,Mercado Pago,Aprobado
1697,1697,2024-12-13,177130.48,Mercado Pago,Pendiente
1698,1698,2024-08-10,42036.21,Efectivo,Aprobado
1699,1699,2025-08-26,62057.76,Transferencia,Aprobado
1700,1700,2024-02-15,62730.54,Tarjeta debito,Pendiente
1701,1701,2024-08-23,55900.81,Tarjeta credito,Aprobado
1702,1702,2025-10-22,65417.03,Tarjeta debito,Aprobado
1703,1703,2025-11-29,91898.69,Mercado Pago,Aprobado
1704,1704,2025-09-11,8052.33,Tarjeta credito,Aprobado
1705,1705,2025-11-16,63839.04,Tarjeta debito,Aprobado
1706,1706,2026-06-06,21101.77,Tarjeta credito,Aprobado
1707,1707,2025-01-01,37598.38,Mercado Pago,Aprobado
1708,1708,2025-08-29,8386.38,Tarjeta credito,Aprobado
1709,1709,2024-07-18,95372.33,Tarjeta credito,Pendiente
1710,1710,2025-09-15,48644.07,Efectivo,Aprobado
1711,1711,2025-04-22,47441.46,Tarjeta credito,Aprobado
1712,1712,2025-07-24,0.0,Transferencia,Rechazado
1713,1713,2026-04-24,0.0,Tarjeta credito,Rechazado
1714,1714,2024-07-07,30552.36,Mercado Pago,Aprobado
1715,1715,2025-10-16,46831.36,Tarjeta debito,Aprobado
1716,1716,2024-12-16,56907.57,Tarjeta credito,Aprobado
1717,1717,2024-06-14,37965.61,Transferencia,Aprobado
1718,1718,2024-02-12,126366.46,Transferencia,Aprobado
1719,1719,2025-03-12,60836.02,Transferencia,Aprobado
1720,1720,2024-12-02,7846.2,Efectivo,Aprobado
1721,1721,2025-09-03,123834.59,Transferencia,Aprobado
1722,1722,2026-03-18,87046.05,Tarjeta debito,Aprobado
1723,1723,2024-12-28,208303.4,Transferencia,Aprobado
1724,1724,2026-05-26,51915.39,Mercado Pago,Aprobado
1725,1725,2025-05-23,38589.97,Transferencia,Aprobado
1726,1726,2025-06-22,8365.0,Mercado Pago,Pendiente
1727,1727,2025-10-29,99366.88,Tarjeta debito,Aprobado
1728,1728,2025-01-02,9824.02,Tarjeta credito,Aprobado
1729,1729,2025-07-01,11133.28,Transferencia,Aprobado
1730,1730,2024-07-19,98528.5,Tarjeta debito,Aprobado
1731,1731,2024-11-19,18940.87,Tarjeta credito,Aprobado
1732,1732,2024-12-11,11862.79,Tarjeta credito,Aprobado
1733,1733,2024-12-17,7478.7,Tarjeta credito,Aprobado
1734,1734,2026-04-24,27512.89,Tarjeta debito,Aprobado
1735,1735,2024-04-15,42627.65,Mercado Pago,Aprobado
1736,1736,2024-09-28,119551.32,Efectivo,Aprobado
1737,1737,2025-06-23,37453.64,Tarjeta credito,Aprobado
1738,1738,2025-08-24,56028.92,Tarjeta credito,Aprobado
1739,1739,2025-12-03,65296.36,efectivo,Aprobado
1740,1740,2025-03-01,0.0,Transferencia,Rechazado
1741,1741,2025-06-25,47050.11,Tarjeta credito,Aprobado
1742,1742,2025-08-07,16972.58,Tarjeta credito,Aprobado
1743,1743,2026-08-30,283257.64,Tarjeta credito,Aprobado
1744,1744,2026-01-12,17699.88,Tarjeta debito,Pendiente
1745,1745,2024-02-12,22555.05,Efectivo,Pendiente
1746,1746,2026-04-16,21436.54,Tarjeta debito,Aprobado
1747,1747,2024-09-09,17264.5,Transferencia,Aprobado
1748,1748,2025-08-29,68080.44,Transferencia,Aprobado
1749,1749,2026-06-26,27573.19,Mercado Pago,Aprobado
1750,1750,2024-11-26,81836.23,Tarjeta credito,Aprobado
1751,1751,2026-04-08,292251.64,Transferencia,Aprobado
1752,1752,2026-02-02,41642.77,Mercado Pago,Aprobado
1753,1753,2026-03-18,268150.16,Tarjeta debito,Aprobado
1754,1754,2025-05-14,95685.75,Mercado Pago,Aprobado
1755,1755,2024-07-21,102623.07,Transferencia,Aprobado
1756,1756,2024-09-07,84046.38,Mercado Pago,Aprobado
1757,1757,2025-05-30,109810.66,Tarjeta credito,Aprobado
1758,1758,2026-03-18,21056.54,Transferencia,Aprobado
1759,1759,2024-05-29,14600.88,Mercado Pago,Aprobado
1760,1760,2025-04-02,58825.85,Transferencia,Aprobado
1761,1761,2024-11-14,69317.56,Tarjeta credito,Aprobado
1762,1762,2025-11-19,43635.79,Mercado Pago,Aprobado
1763,1763,2025-12-22,532833.25,Transferencia,Aprobado
1764,1764,2024-07-09,12167.1,Tarjeta debito,Aprobado
1765,1765,2026-07-25,24895.39,Tarjeta credito,Aprobado
1766,1766,2024-11-24,25957.2,Tarjeta credito,Aprobado
1767,1767,2025-04-28,89972.36,Tarjeta credito,Aprobado
1768,1768,2025-11-24,17175.73,Mercado Pago,Aprobado
1769,1769,2026-08-21,145397.11,Transferencia,Aprobado
1770,1770,2024-02-17,81671.18,Mercado Pago,Aprobado
1771,1771,2024-03-13,110804.65,Tarjeta credito,Aprobado
1772,1772,2025-11-28,38478.99,Transferencia,Aprobado
1773,1773,2024-07-11,23381.34,Tarjeta credito,Aprobado
1774,1774,2026-05-14,59853.42,Mercado Pago,Aprobado
1775,1775,2024-08-09,20930.72,Mercado Pago,Aprobado
1776,1776,2025-08-31,94166.54,Tarjeta credito,Aprobado
1777,1777,2026-07-21,47289.83,Mercado Pago,Aprobado
1778,1778,2025-06-10,27541.0,Transferencia,Aprobado
1779,1779,2024-11-20,48379.0,Tarjeta debito,Aprobado
1780,1780,2025-03-03,25890.32,Tarjeta credito,Aprobado
1781,1781,2025-03-20,48195.77,Efectivo,Aprobado
1782,1782,2025-03-01,49463.94,Tarjeta debito,Aprobado
1783,1783,2024-02-24,62098.37,Transferencia,Aprobado
1784,1784,2024-06-27,114578.97,Mercado Pago,Aprobado
1785,1785,2025-04-26,64242.81,Tarjeta debito,Aprobado
1786,1786,2024-02-27,32218.12,Tarjeta debito,Aprobado
1787,1787,2026-06-07,187505.78,Transferencia,Aprobado
1788,1788,2026-01-21,26918.34,Tarjeta debito,Aprobado
1789,1789,2024-10-05,43513.81,Tarjeta credito,Aprobado
1790,1790,2025-02-08,10970.44,Transferencia,Pendiente
1791,1791,2024-08-28,62015.1,Mercado Pago,Aprobado
1792,1792,2026-01-24,13511.25,Tarjeta credito,Aprobado
1793,1793,2025-08-17,29611.87,Transferencia,Aprobado
1794,1794,2024-03-09,7925.1,Tarjeta credito,Pendiente
1795,1795,2024-05-21,8487.91,Tarjeta debito,Aprobado
1796,1796,2024-10-03,10094.38,Efectivo,Pendiente
1797,1797,2026-07-23,32056.02,Mercado Pago,Aprobado
1798,1798,2026-03-20,0.0,Tarjeta credito,Rechazado
1799,1799,2025-11-15,101086.29,Mercado Pago,Aprobado
1800,1800,2025-08-13,23699.44,Tarjeta credito,Aprobado
1801,1801,2024-02-10,14831.3,Efectivo,Aprobado
1802,1802,2024-07-02,0.0,Tarjeta debito,Rechazado
1803,1803,2025-09-25,44700.02,Tarjeta credito,Aprobado
1804,1804,2025-12-29,30019.94,Tarjeta debito,Pendiente
1805,1805,2024-04-08,54005.58,Tarjeta debito,Aprobado
1806,1806,2024-11-08,220710.37,Mercado Pago,Aprobado
1807,1807,2024-07-13,130745.69,Tarjeta debito,Aprobado
1808,1808,2026-04-07,178079.22,Efectivo,Aprobado
1809,1809,2025-07-22,8922.42,Tarjeta debito,Pendiente
1810,1810,2026-06-07,21533.48,Mercado Pago,Aprobado
1811,1811,2025-09-08,105121.15,Tarjeta debito,Aprobado
1812,1812,2024-01-05,273801.24,Mercado Pago,Aprobado
1813,1813,2025-10-22,11612.44,Tarjeta credito,Aprobado
1814,1814,2024-04-19,29826.19,Mercado Pago,Aprobado
1815,1815,2026-05-16,54724.93,Mercado Pago,Aprobado
1816,1816,2024-12-11,126658.63,Transferencia,Aprobado
1817,1817,2024-10-26,37437.82,Mercado Pago,Aprobado
1818,1818,2024-12-04,76291.85,Tarjeta credito,Pendiente
1819,1819,2024-11-14,66073.18,Tarjeta credito,Pendiente
1820,1820,2025-08-26,77085.4,Tarjeta debito,Aprobado
1821,1821,2025-05-17,15373.09,Mercado Pago,Aprobado
1822,1822,2025-08-12,4920.27,Tarjeta debito,Aprobado
1823,1823,2024-08-14,191176.36,Tarjeta credito,Aprobado
1824,1824,2024-08-04,5105.56,Mercado Pago,Pendiente
1825,1825,2025-04-15,48629.72,Tarjeta credito,Aprobado
1826,1826,2024-08-08,19009.64,Mercado Pago,Aprobado
1827,1827,2024-08-28,145680.03,Tarjeta credito,Aprobado
1828,1828,2026-07-13,69021.11,Tarjeta debito,Aprobado
1829,1829,2026-06-26,98800.59,Transferencia,Pendiente
1830,1830,2025-09-19,56406.85,Tarjeta credito,Aprobado
1831,1831,2026-05-18,43320.91,Tarjeta credito,Aprobado
1832,1832,2025-05-03,89402.92,Mercado Pago,Aprobado
1833,1833,2025-03-07,52452.83,Efectivo,Aprobado
1834,1834,2026-02-24,34143.13,Efectivo,Aprobado
1835,1835,2026-05-21,32817.1,Mercado Pago,Aprobado
1836,1836,2026-01-09,28803.69,Tarjeta debito,Aprobado
1837,1837,2026-08-22,84040.85,Tarjeta debito,Aprobado
1838,1838,2026-01-26,68809.74,Tarjeta debito,Aprobado
1839,1839,2024-03-20,9699.92,Tarjeta credito,Aprobado
1840,1840,2024-03-31,40061.99,Tarjeta debito,Aprobado
1841,1841,2025-03-14,16009.12,Mercado Pago,Aprobado
1842,1842,2025-06-10,81565.86,Transferencia,Aprobado
1843,1843,2026-06-28,33348.03,Tarjeta debito,Aprobado
1844,1844,2025-01-18,27164.1,Mercado Pago,Aprobado
1845,1845,2026-07-20,83627.58,Tarjeta debito,Aprobado
1846,1846,2024-06-08,0.0,Transferencia,Rechazado
1847,1847,2024-09-08,489277.23,Mercado Pago,Aprobado
1848,1848,2026-04-29,157419.7,Tarjeta credito,Aprobado
1849,1849,2026-05-08,10714.61,Tarjeta credito,Pendiente
1850,1850,2025-05-08,20422.68,Tarjeta credito,Aprobado
1851,1851,2024-12-29,139079.92,Efectivo,Aprobado
1852,1852,2025-07-04,15609.98,Tarjeta credito,Aprobado
1853,1853,2025-06-19,25861.89,Tarjeta debito,Aprobado
1854,1854,2024-12-06,0.0,Tarjeta credito,Rechazado
1855,1855,2025-08-27,58899.05,Tarjeta credito,Pendiente
1856,1856,2026-06-05,27109.31,Tarjeta debito,Pendiente
1857,1857,2026-05-11,22757.1,Transferencia,Aprobado
1858,1858,2024-06-09,7183.57,Tarjeta credito,Aprobado
1859,1859,2024-12-08,274405.48,Tarjeta debito,Aprobado
1860,1860,2026-04-07,9908.5,Tarjeta credito,Aprobado
1861,1861,2024-11-16,58824.38,Tarjeta credito,Aprobado
1862,1862,2024-11-06,145107.05,Transferencia,Aprobado
1863,1863,2024-12-18,66817.71,Tarjeta credito,Aprobado
1864,1864,2025-10-19,37321.94,Mercado Pago,Aprobado
1865,1865,2025-10-13,188605.2,Tarjeta debito,Aprobado
1866,1866,2026-08-08,27538.77,Tarjeta credito,Aprobado
1867,1867,2024-05-29,147004.95,Tarjeta debito,Aprobado
1868,1868,2024-12-19,2214.71,Tarjeta debito,Aprobado
1869,1869,2026-02-20,64058.61,Tarjeta debito,Aprobado
1870,1870,2024-05-11,10195.38,Tarjeta credito,Aprobado
1871,1871,2026-07-24,15295.46,Transferencia,Aprobado
1872,1872,2026-05-03,9767.84,Tarjeta debito,Aprobado
1873,1873,2024-01-24,60490.67,Tarjeta credito,Aprobado
1874,1874,2024-09-22,10280.19,Tarjeta debito,Aprobado
1875,1875,2025-07-26,51867.51,Tarjeta debito,Aprobado
1876,1876,2024-08-31,23010.58,Tarjeta credito,Pendiente
1877,1877,2026-06-07,44009.32,Mercado Pago,Pendiente
1878,1878,2026-06-24,95452.95,transferencia,Aprobado
1879,1879,2024-10-23,45247.43,Mercado Pago,Aprobado
1880,1880,2024-08-26,16587.59,Mercado Pago,Aprobado
1881,1881,2025-10-16,272146.19,Mercado Pago,Aprobado
1882,1882,2024-06-06,9960.48,Tarjeta debito,Aprobado
1883,1883,2025-02-12,27288.18,Efectivo,Aprobado
1884,1884,2025-05-01,46665.1,Tarjeta credito,Aprobado
1885,1885,2024-10-12,13072.91,Efectivo,Aprobado
1886,1886,2024-09-22,227811.48,Mercado Pago,Aprobado
1887,1887,2025-09-18,0.0,Tarjeta credito,Rechazado
1888,1888,2024-07-30,7622.06,Tarjeta credito,Aprobado
1889,1889,2025-10-17,35707.68,Tarjeta debito,Aprobado
1890,1890,2026-02-23,141891.17,Tarjeta credito,Aprobado
1891,1891,2025-07-23,7394.79,Efectivo,Aprobado
1892,1892,2026-08-08,4278.16,Tarjeta credito,Aprobado
1893,1893,2026-02-08,459014.19,Tarjeta credito,Aprobado
1894,1894,2024-12-23,0.0,Efectivo,Rechazado
1895,1895,2025-07-26,56921.1,Tarjeta debito,Aprobado
1896,1896,2025-01-31,11203.43,Tarjeta credito,Pendiente
1897,1897,2025-02-08,28327.45,Tarjeta credito,Aprobado
1898,1898,2026-07-04,263319.9,Transferencia,Aprobado
1899,1899,2024-10-12,25209.76,Mercado Pago,Aprobado
1900,1900,2025-09-26,10018.34,Tarjeta debito,Aprobado
1901,1901,2024-10-06,10913.69,Tarjeta debito,Aprobado
1902,1902,2025-12-29,112222.53,Transferencia,Aprobado
1903,1903,2026-06-02,16378.26,Mercado Pago,Pendiente
1904,1904,2026-07-08,10862.46,tarjeta credito,Pendiente
1905,1905,2025-04-21,19404.82,Transferencia,Aprobado
1906,1906,2026-05-29,49708.76,Transferencia,Pendiente
1907,1907,2025-07-05,87456.21,Tarjeta credito,Pendiente
1908,1908,2024-12-16,88989.56,Transferencia,Aprobado
1909,1909,2025-04-26,159291.52,Tarjeta credito,Aprobado
1910,1910,2024-12-18,41273.25,Tarjeta credito,Aprobado
1911,1911,2026-07-19,49959.28,Efectivo,Aprobado
1912,1912,2025-10-15,30385.39,Tarjeta credito,Aprobado
1913,1913,2025-12-31,111958.68,Tarjeta debito,Aprobado
1914,1914,2025-02-16,30973.51,Transferencia,Aprobado
1915,1915,2025-11-26,96514.2,Tarjeta credito,Aprobado
1916,1916,2025-10-23,45385.22,Tarjeta credito,Aprobado
1917,1917,2024-04-13,0.0,Transferencia,Rechazado
1918,1918,2025-08-25,31700.18,Tarjeta debito,Aprobado
1919,1919,2025-05-15,18483.83,Transferencia,Aprobado
1920,1920,2026-02-11,122146.4,Tarjeta debito,Aprobado
1921,1921,2025-10-12,19472.5,Tarjeta credito,Aprobado
1922,1922,2026-06-26,50649.22,Tarjeta debito,Aprobado
1923,1923,2026-07-25,89700.84,Tarjeta credito,Aprobado
1924,1924,2025-06-10,50427.01,Mercado Pago,Aprobado
1925,1925,2024-03-11,13566.86,Tarjeta credito,Pendiente
1926,1926,2025-11-20,79629.5,Tarjeta credito,Pendiente
1927,1927,2026-04-06,8379.29,Tarjeta debito,Aprobado
1928,1928,2024-12-07,26567.22,Tarjeta credito,Aprobado
1929,1929,2024-07-06,149644.28,Tarjeta credito,Aprobado
1930,1930,2024-12-19,0.0,Efectivo,Rechazado
1931,1931,2026-01-12,33983.58,Transferencia,Aprobado
1932,1932,2024-06-18,63870.07,Tarjeta credito,Aprobado
1933,1933,2024-04-10,10338.69,Mercado Pago,Aprobado
1934,1934,2026-03-07,0.0,Tarjeta debito,Rechazado
1935,1935,2025-05-09,171872.2,Tarjeta debito,Aprobado
1936,1936,2025-12-08,104026.0,Transferencia,Aprobado
1937,1937,2024-02-15,7270.13,Transferencia,Aprobado
1938,1938,2025-03-15,64827.41,Mercado Pago,Aprobado
1939,1939,2025-08-05,56290.4,Tarjeta credito,Aprobado
1940,1940,2025-07-27,46562.52,Mercado Pago,Aprobado
1941,1941,2024-06-28,220203.92,Mercado Pago,Aprobado
1942,1942,2024-01-04,0.0,Tarjeta credito,Rechazado
1943,1943,2026-03-22,0.0,Tarjeta credito,Rechazado
1944,1944,2026-04-27,226293.47,Tarjeta credito,Aprobado
1945,1945,2025-05-07,17773.41,Transferencia,Aprobado
1946,1946,2024-11-08,15849.4,Tarjeta credito,Aprobado
1947,1947,2026-08-12,43741.23,Tarjeta credito,Aprobado
1948,1948,2025-12-17,147747.6,Tarjeta credito,Aprobado
1949,1949,2025-12-19,168440.98,Mercado Pago,Pendiente
1950,1950,2025-08-29,0.0,Tarjeta credito,Rechazado
1951,1951,2025-11-14,462886.03,Tarjeta debito,Aprobado
1952,1952,2026-02-17,0.0,Tarjeta debito,Rechazado
1953,1953,2024-12-10,0.0,Transferencia,Rechazado
1954,1954,2025-07-09,19409.16,Efectivo,Aprobado
1955,1955,2026-05-13,235109.22,Transferencia,Aprobado
1956,1956,2026-08-19,134244.51,Tarjeta credito,Aprobado
1957,1957,2026-01-31,29543.46,Efectivo,Aprobado
1958,1958,2024-08-03,61708.77,Tarjeta credito,Pendiente
1959,1959,2025-02-24,27179.79,Tarjeta credito,Pendiente
1960,1960,2025-04-12,39779.07,Tarjeta credito,Aprobado
1961,1961,2025-01-22,30237.26,Transferencia,Aprobado
1962,1962,2024-03-28,16177.14,Tarjeta credito,Aprobado
1963,1963,2026-07-12,26119.1,Tarjeta credito,Aprobado
1964,1964,2024-05-26,41311.38,Tarjeta credito,Aprobado
1965,1965,2026-08-28,60453.58,Tarjeta debito,Aprobado
1966,1966,2024-05-16,0.0,Mercado Pago,Rechazado
1967,1967,2024-12-17,0.0,Transferencia,Rechazado
1968,1968,2024-09-10,9435.28,Tarjeta debito,Aprobado
1969,1969,2026-07-18,32317.3,Tarjeta credito,Aprobado
1970,1970,2025-07-13,8768.02,Mercado Pago,Aprobado
1971,1971,2025-11-08,67594.84,Mercado Pago,Aprobado
1972,1972,2024-03-19,0.0,Mercado Pago,Rechazado
1973,1973,2024-04-29,78302.39,Transferencia,Aprobado
1974,1974,2024-11-15,28276.0,Tarjeta credito,Pendiente
1975,1975,2025-05-15,56784.34,Mercado Pago,Aprobado
1976,1976,2025-12-13,10112.85,Tarjeta credito,Aprobado
1977,1977,2026-03-11,83713.35,Mercado Pago,Aprobado
1978,1978,2024-07-13,43430.22,Transferencia,Aprobado
1979,1979,2025-10-22,73306.18,Mercado Pago,Aprobado
1980,1980,2025-06-30,24750.89,Tarjeta debito,Aprobado
1981,1981,2025-11-16,40965.32,Mercado Pago,Aprobado
1982,1982,2024-05-11,368520.49,Mercado Pago,Pendiente
1983,1983,2025-08-22,106060.2,Tarjeta credito,Pendiente
1984,1984,2025-10-26,45078.5,Tarjeta credito,Aprobado
1985,1985,2024-11-02,20522.3,Tarjeta debito,Aprobado
1986,1986,2025-12-10,6423.07,Tarjeta credito,Aprobado
1987,1987,2024-11-01,44121.18,Mercado Pago,Aprobado
1988,1988,2026-06-09,67848.9,Tarjeta debito,Aprobado
1989,1989,2024-08-22,418470.82,Tarjeta debito,Aprobado
1990,1990,2026-01-10,57878.92,Tarjeta credito,Aprobado
1991,1991,2026-05-06,19061.62,Mercado Pago,Aprobado
1992,1992,2025-11-27,13217.45,Tarjeta debito,Pendiente
1993,1993,2024-09-21,0.0,Transferencia,Rechazado
1994,1994,2024-09-29,25203.65,Mercado Pago,Aprobado
1995,1995,2026-04-02,10131.61,Mercado Pago,Aprobado
1996,1996,2024-12-27,37197.6,Tarjeta credito,Aprobado
1997,1997,2025-10-22,41138.37,Tarjeta credito,Aprobado
1998,1998,2026-08-18,53477.46,Tarjeta debito,Aprobado
1999,1999,2026-06-02,83158.95,Mercado Pago,Aprobado
2000,2000,2024-10-10,71741.9,Tarjeta debito,Aprobado
2001,2001,2025-12-11,23442.61,Tarjeta credito,Aprobado
2002,2002,2026-08-17,197023.64,Transferencia,Aprobado
2003,2003,2025-03-09,200649.64,Mercado Pago,Aprobado
2004,2004,2025-01-20,47226.85,Tarjeta debito,Aprobado
2005,2005,2024-02-21,84771.57,Tarjeta debito,Aprobado
2006,2006,2024-11-30,172293.2,Transferencia,Pendiente
2007,2007,2024-06-07,16214.72,Tarjeta credito,Aprobado
2008,2008,2025-09-30,85476.71,Tarjeta credito,Aprobado
2009,2009,2026-05-14,38978.71,Mercado Pago,Aprobado
2010,2010,2025-12-09,10130.71,Tarjeta debito,Pendiente
2011,2011,2025-12-09,204547.89,Tarjeta credito,Aprobado
2012,2012,2024-10-11,16123.03,Tarjeta credito,Aprobado
2013,2013,2025-11-03,18461.86,Tarjeta debito,Aprobado
2014,2014,2026-08-22,247339.81,Tarjeta debito,Aprobado
2015,2015,2025-11-14,48852.72,Tarjeta credito,Aprobado
2016,2016,2025-06-04,146385.51,Tarjeta debito,Aprobado
2017,2017,2026-01-20,0.0,Mercado Pago,Rechazado
2018,2018,2026-07-07,32077.56,Mercado Pago,Pendiente
2019,2019,2025-12-02,28796.45,Tarjeta debito,Aprobado
2020,2020,2025-06-21,43011.29,mercado pago,Aprobado
2021,2021,2025-04-03,10176.01,Transferencia,Aprobado
2022,2022,2025-06-30,19926.31,Mercado Pago,Aprobado
2023,2023,2025-08-06,11529.39,Tarjeta credito,Aprobado
2024,2024,2026-07-03,80393.91,Tarjeta credito,Aprobado
2025,2025,2025-03-25,11533.56,Mercado Pago,Aprobado
2026,2026,2024-08-07,5315.11,Transferencia,Aprobado
2027,2027,2025-12-05,31807.55,Tarjeta credito,Aprobado
2028,2028,2024-06-09,127063.53,Mercado Pago,Aprobado
2029,2029,2024-11-24,79988.61,Transferencia,Aprobado
2030,2030,2025-04-17,12750.56,Tarjeta credito,Aprobado
2031,2031,2026-03-03,86860.97,Tarjeta credito,Aprobado
2032,2032,2026-01-01,8948.34,Tarjeta debito,Aprobado
2033,2033,2025-01-31,14912.28,Tarjeta debito,Aprobado
2034,2034,2024-12-13,0.0,Tarjeta credito,Rechazado
2035,2035,2024-02-09,28601.89,Tarjeta debito,Aprobado
2036,2036,2026-01-24,61951.1,Tarjeta credito,Pendiente
2037,2037,2024-01-13,5350.09,Tarjeta credito,Aprobado
2038,2038,2024-05-12,0.0,Mercado Pago,Rechazado
2039,2039,2024-07-17,134008.82,Tarjeta credito,Aprobado
2040,2040,2024-10-17,52829.45,Mercado Pago,Pendiente
2041,2041,2024-11-04,0.0,Tarjeta credito,Rechazado
2042,2042,2026-03-17,13759.39,Tarjeta debito,Aprobado
2043,2043,2026-06-13,0.0,Tarjeta credito,Rechazado
2044,2044,2024-08-04,81477.95,Tarjeta debito,Aprobado
2045,2045,2024-04-17,69088.84,Tarjeta debito,Aprobado
2046,2046,2025-11-16,542114.74,Transferencia,Aprobado
2047,2047,2025-05-30,30645.26,Tarjeta debito,Aprobado
2048,2048,2024-10-05,57714.03,Tarjeta debito,Aprobado
2049,2049,2024-10-01,103725.01,Transferencia,Aprobado
2050,2050,2025-06-21,135991.11,Efectivo,Aprobado
2051,2051,2025-09-21,287229.98,Mercado Pago,Aprobado
2052,2052,2025-12-21,122786.43,Efectivo,Aprobado
2053,2053,2024-12-06,55177.12,Mercado Pago,Aprobado
2054,2054,2025-08-28,178107.95,Tarjeta debito,Aprobado
2055,2055,2025-10-31,208688.18,Transferencia,Aprobado
2056,2056,2025-06-24,114532.83,Tarjeta debito,Aprobado
2057,2057,2024-02-09,36722.96,Tarjeta credito,Aprobado
2058,2058,2024-08-23,88947.56,Tarjeta credito,Aprobado
2059,2059,2025-11-29,40375.52,Efectivo,Aprobado
2060,2060,2024-12-22,268298.52,Transferencia,Aprobado
2061,2061,2025-04-10,25417.1,Tarjeta debito,Aprobado
2062,2062,2026-01-12,11649.08,Efectivo,Aprobado
2063,2063,2024-04-06,0.0,Mercado Pago,Rechazado
2064,2064,2025-10-20,11366.74,Tarjeta credito,Aprobado
2065,2065,2025-02-09,55226.87,Efectivo,Aprobado
2066,2066,2025-02-09,13891.64,Transferencia,Pendiente
2067,2067,2024-12-06,27206.47,Tarjeta debito,Aprobado
2068,2068,2026-04-18,89976.35,Mercado Pago,Aprobado
2069,2069,2025-04-16,28237.61,Tarjeta credito,Aprobado
2070,2070,2024-01-04,40414.58,Mercado Pago,Aprobado
2071,2071,2025-10-03,138374.61,Transferencia,Pendiente
2072,2072,2024-08-11,161703.76,Tarjeta debito,Aprobado
2073,2073,2025-10-05,75460.74,Tarjeta debito,Aprobado
2074,2074,2024-05-23,23463.99,Mercado Pago,Aprobado
2075,2075,2024-05-04,147938.43,Transferencia,Pendiente
2076,2076,2025-09-15,14880.83,Tarjeta credito,Aprobado
2077,2077,2024-10-10,31843.98,Tarjeta credito,Aprobado
2078,2078,2025-07-01,74860.41,Tarjeta credito,Aprobado
2079,2079,2026-08-18,9727.55,Transferencia,Aprobado
2080,2080,2025-07-09,51220.16,Mercado Pago,Aprobado
2081,2081,2025-03-14,68683.66,Mercado Pago,Aprobado
2082,2082,2025-12-20,22938.31,Mercado Pago,Aprobado
2083,2083,2024-02-26,24226.48,Tarjeta credito,Aprobado
2084,2084,2024-01-24,0.0,Mercado Pago,Rechazado
2085,2085,2024-07-19,50745.3,Mercado Pago,Aprobado
2086,2086,2026-04-18,21267.96,Mercado Pago,Aprobado
2087,2087,2025-03-11,124941.43,Tarjeta debito,Aprobado
2088,2088,2025-07-22,45686.74,Mercado Pago,Aprobado
2089,2089,2024-09-13,69295.82,Tarjeta credito,Aprobado
2090,2090,2026-03-31,70339.71,Tarjeta credito,Aprobado
2091,2091,2026-01-06,52202.86,Mercado Pago,Pendiente
2092,2092,2026-05-17,62573.1,Tarjeta debito,Aprobado
2093,2093,2024-11-30,28689.34,Tarjeta credito,Aprobado
2094,2094,2025-09-27,92822.01,Mercado Pago,Aprobado
2095,2095,2024-01-14,46020.27,Mercado Pago,Aprobado
2096,2096,2024-08-24,73662.0,Tarjeta credito,Aprobado
2097,2097,2025-04-14,267500.08,Tarjeta credito,Aprobado
2098,2098,2025-02-10,30564.39,Transferencia,Pendiente
2099,2099,2024-11-09,89863.32,Mercado Pago,Pendiente
2100,2100,2024-04-11,11416.73,Tarjeta credito,Aprobado
2101,2101,2025-07-21,41859.6,Mercado Pago,Aprobado
2102,2102,2025-12-11,31595.3,Mercado Pago,Aprobado
2103,2103,2025-12-26,68696.25,Mercado Pago,Aprobado
2104,2104,2025-12-15,0.0,Tarjeta credito,Rechazado
2105,2105,2025-10-27,0.0,Tarjeta credito,Rechazado
2106,2106,2024-04-01,77398.83,Tarjeta credito,Aprobado
2107,2107,2025-07-19,102402.17,Tarjeta credito,Aprobado
2108,2108,2025-06-06,87071.19,Transferencia,Aprobado
2109,2109,2024-05-16,45889.16,Mercado Pago,Aprobado
2110,2110,2026-06-21,41895.2,Transferencia,Pendiente
2111,2111,2026-05-23,37706.09,Tarjeta debito,Aprobado
2112,2112,2025-11-30,59936.42,Efectivo,Aprobado
2113,2113,2024-06-23,31182.57,Mercado Pago,Aprobado
2114,2114,2025-06-13,28229.17,Efectivo,Aprobado
2115,2115,2024-08-23,18026.56,Tarjeta debito,Aprobado
2116,2116,2025-04-23,200251.3,Tarjeta credito,Aprobado
2117,2117,2024-12-28,144381.63,Mercado Pago,Aprobado
2118,2118,2025-12-14,108019.06,Tarjeta credito,Aprobado
2119,2119,2026-04-26,29778.78,Tarjeta credito,Pendiente
2120,2120,2024-05-20,10051.61,Tarjeta credito,Aprobado
2121,2121,2025-08-04,5205.03,tarjeta debito,Pendiente
2122,2122,2025-06-15,122692.74,Mercado Pago,Aprobado
2123,2123,2026-02-13,52344.6,Transferencia,Pendiente
2124,2124,2025-11-25,137122.25,Tarjeta credito,Aprobado
2125,2125,2025-02-01,73270.08,Tarjeta credito,Aprobado
2126,2126,2024-06-04,57545.07,Mercado Pago,Aprobado
2127,2127,2025-09-10,161502.4,Mercado Pago,Aprobado
2128,2128,2024-11-19,83802.44,Mercado Pago,Aprobado
2129,2129,2024-06-08,15809.44,Efectivo,Aprobado
2130,2130,2025-08-25,134341.33,Tarjeta credito,Aprobado
2131,2131,2024-02-08,112690.41,Tarjeta credito,Aprobado
2132,2132,2025-02-05,60638.38,Tarjeta credito,Aprobado
2133,2133,2025-02-18,0.0,Transferencia,Rechazado
2134,2134,2024-10-30,17496.63,Mercado Pago,Aprobado
2135,2135,2026-08-23,24437.32,Tarjeta debito,Aprobado
2136,2136,2024-08-09,47571.43,Transferencia,Aprobado
2137,2137,2026-04-23,39486.83,Tarjeta debito,Aprobado
2138,2138,2024-01-19,26013.88,Mercado Pago,Aprobado
2139,2139,2025-09-15,0.0,Tarjeta credito,Rechazado
2140,2140,2024-06-28,142494.36,Mercado Pago,Aprobado
2141,2141,2026-07-05,101679.89,Tarjeta credito,Aprobado
2142,2142,2026-04-20,244098.73,Transferencia,Aprobado
2143,2143,2024-04-26,57803.73,Tarjeta debito,Aprobado
2144,2144,2026-06-25,212564.67,Efectivo,Aprobado
2145,2145,2025-09-27,14055.58,Efectivo,Aprobado
2146,2146,2024-06-04,119321.53,Tarjeta credito,Aprobado
2147,2147,2025-07-21,95633.58,Tarjeta credito,Aprobado
2148,2148,2024-10-04,0.0,Efectivo,Rechazado
2149,2149,2026-09-03,14078.62,Tarjeta credito,Aprobado
2150,2150,2025-12-15,0.0,Transferencia,Rechazado
2151,2151,2025-03-21,82409.3,Mercado Pago,Aprobado
2152,2152,2025-12-04,31154.74,Tarjeta credito,Pendiente
2153,2153,2025-05-19,137433.41,Tarjeta debito,Aprobado
2154,2154,2026-03-24,15484.73,Tarjeta debito,Pendiente
2155,2155,2026-05-11,117519.01,Mercado Pago,Aprobado
2156,2156,2024-09-26,46818.56,Mercado Pago,Aprobado
2157,2157,2024-01-19,141394.82,Tarjeta debito,Aprobado
2158,2158,2025-04-27,48264.29,Mercado Pago,Aprobado
2159,2159,2024-10-19,197852.77,Mercado Pago,Aprobado
2160,2160,2025-12-20,147987.58,tarjeta credito,Aprobado
2161,2161,2024-01-01,88552.14,Mercado Pago,Aprobado
2162,2162,2025-01-16,18361.24,Transferencia,Aprobado
2163,2163,2024-02-04,40024.36,Efectivo,Aprobado
2164,2164,2025-04-29,0.0,Efectivo,Rechazado
2165,2165,2025-03-08,48197.67,Tarjeta credito,Aprobado
2166,2166,2026-01-29,35094.91,Tarjeta credito,Aprobado
2167,2167,2025-03-27,36699.2,Mercado Pago,Aprobado
2168,2168,2025-06-30,37591.65,Mercado Pago,Aprobado
2169,2169,2025-04-13,175729.02,Tarjeta credito,Aprobado
2170,2170,2024-10-10,0.0,Transferencia,Rechazado
2171,2171,2025-11-23,9069.15,Tarjeta credito,Aprobado
2172,2172,2024-11-20,32954.46,Tarjeta credito,Aprobado
2173,2173,2025-12-21,52934.37,Transferencia,Pendiente
2174,2174,2024-03-21,6262.4,Mercado Pago,Aprobado
2175,2175,2025-12-13,29885.42,Mercado Pago,Pendiente
2176,2176,2024-10-01,11344.17,Mercado Pago,Pendiente
2177,2177,2026-04-03,10466.83,Tarjeta credito,Aprobado
2178,2178,2026-08-17,32459.51,Mercado Pago,Aprobado
2179,2179,2024-03-26,23566.33,Tarjeta credito,Aprobado
2180,2180,2024-07-04,16548.15,Tarjeta debito,Aprobado
2181,2181,2026-08-21,33748.78,Mercado Pago,Pendiente
2182,2182,2024-10-11,106599.07,Mercado Pago,Pendiente
2183,2183,2026-07-28,107853.59,Mercado Pago,Aprobado
2184,2184,2025-12-16,0.0,Tarjeta credito,Rechazado
2185,2185,2025-06-24,55568.75,Transferencia,Aprobado
2186,2186,2026-06-30,20172.29,Tarjeta credito,Aprobado
2187,2187,2026-07-06,78499.3,Mercado Pago,Aprobado
2188,2188,2024-11-03,5051.22,Tarjeta debito,Aprobado
2189,2189,2024-10-18,10708.14,Tarjeta credito,Aprobado
2190,2190,2024-03-19,33559.83,Transferencia,Aprobado
2191,2191,2025-03-02,7690.02,Mercado Pago,Aprobado
2192,2192,2024-12-31,62437.53,Efectivo,Aprobado
2193,2193,2025-06-21,8638.84,Tarjeta debito,Pendiente
2194,2194,2025-09-20,76252.79,Mercado Pago,Aprobado
2195,2195,2024-02-17,179062.52,Tarjeta credito,Aprobado
2196,2196,2026-07-29,0.0,Mercado Pago,Rechazado
2197,2197,2025-07-14,37401.28,Tarjeta debito,Aprobado
2198,2198,2024-06-02,30557.91,Mercado Pago,Aprobado
2199,2199,2026-02-03,225477.02,Tarjeta debito,Aprobado
2200,2200,2025-05-06,131684.63,Tarjeta debito,Aprobado
2201,2201,2026-02-24,3673.12,Tarjeta debito,Aprobado
2202,2202,2024-06-08,127392.91,Tarjeta credito,Pendiente
2203,2203,2024-10-27,14461.16,Tarjeta credito,Aprobado
2204,2204,2024-10-19,84596.37,Tarjeta credito,Aprobado
2205,2205,2024-01-13,58968.84,Mercado Pago,Aprobado
2206,2206,2024-08-21,43618.15,Mercado Pago,Pendiente
2207,2207,2024-12-26,37268.28,Mercado Pago,Aprobado
2208,2208,2025-09-21,9631.54,Tarjeta credito,Aprobado
2209,2209,2024-11-28,50921.42,Tarjeta debito,Pendiente
2210,2210,2025-12-14,37705.55,Tarjeta credito,Aprobado
2211,2211,2024-12-31,209667.21,Tarjeta debito,Aprobado
2212,2212,2024-11-29,30887.48,Tarjeta debito,Aprobado
2213,2213,2024-10-30,36104.36,Mercado Pago,Aprobado
2214,2214,2025-02-03,0.0,Tarjeta credito,Rechazado
2215,2215,2025-07-28,81097.48,Tarjeta debito,Aprobado
2216,2216,2024-11-17,44310.56,Mercado Pago,Aprobado
2217,2217,2025-12-30,109045.19,Mercado Pago,Aprobado
2218,2218,2024-09-04,66823.67,Tarjeta credito,Aprobado
2219,2219,2025-12-20,138366.93,Transferencia,Aprobado
2220,2220,2024-09-13,98082.86,Tarjeta debito,Pendiente
2221,2221,2024-12-28,62602.15,Transferencia,Aprobado
2222,2222,2024-09-18,5369.73,Tarjeta credito,Aprobado
2223,2223,2026-07-11,19171.55,Tarjeta credito,Aprobado
2224,2224,2025-12-28,35143.0,Transferencia,Pendiente
2225,2225,2024-03-30,30400.58,Transferencia,Aprobado
2226,2226,2025-12-25,33720.08,Tarjeta credito,Aprobado
2227,2227,2025-09-08,166679.57,Mercado Pago,Aprobado
2228,2228,2024-06-11,12886.98,Tarjeta credito,Aprobado
2229,2229,2024-08-13,14682.54,Transferencia,Pendiente
2230,2230,2025-05-16,0.0,Tarjeta debito,Rechazado
2231,2231,2025-12-11,121738.18,transferencia,Aprobado
2232,2232,2024-04-24,90300.81,Transferencia,Aprobado
2233,2233,2025-08-30,26444.03,Tarjeta credito,Aprobado
2234,2234,2025-04-09,28646.52,Tarjeta debito,Aprobado
2235,2235,2026-05-06,66581.86,Tarjeta credito,Aprobado
2236,2236,2026-03-01,31013.36,Tarjeta debito,Aprobado
2237,2237,2024-08-01,72676.81,Tarjeta credito,Aprobado
2238,2238,2025-09-12,5366.33,Transferencia,Aprobado
2239,2239,2026-03-13,0.0,Mercado Pago,Rechazado
2240,2240,2024-08-12,45831.48,Mercado Pago,Aprobado
2241,2241,2025-12-11,11596.07,Transferencia,Pendiente
2242,2242,2024-05-28,17458.2,Efectivo,Pendiente
2243,2243,2026-02-02,0.0,Tarjeta credito,Rechazado
2244,2244,2026-03-13,38347.86,tarjeta credito,Aprobado
2245,2245,2024-07-21,111081.45,Tarjeta credito,Aprobado
2246,2246,2024-08-29,69573.7,Tarjeta credito,Aprobado
2247,2247,2024-09-29,48629.52,Tarjeta credito,Aprobado
2248,2248,2026-07-02,78248.37,Tarjeta credito,Aprobado
2249,2249,2024-10-04,47354.9,Tarjeta debito,Aprobado
2250,2250,2026-07-02,10581.78,Mercado Pago,Aprobado
2251,2251,2025-01-20,38912.36,Efectivo,Aprobado
2252,2252,2025-10-09,0.0,Tarjeta credito,Rechazado
2253,2253,2026-02-11,74309.98,Transferencia,Aprobado
2254,2254,2026-04-06,7760.38,Tarjeta credito,Aprobado
2255,2255,2024-01-30,62010.01,Efectivo,Aprobado
2256,2256,2025-12-04,34377.05,Tarjeta credito,Aprobado
2257,2257,2026-03-30,103307.92,Tarjeta debito,Aprobado
2258,2258,2025-04-07,155510.37,Efectivo,Aprobado
2259,2259,2024-03-13,0.0,Mercado Pago,Rechazado
2260,2260,2024-09-14,202381.87,Efectivo,Aprobado
2261,2261,2025-08-09,36469.39,Transferencia,Aprobado
2262,2262,2024-09-19,119853.81,Tarjeta credito,Aprobado
2263,2263,2025-12-16,45594.52,Tarjeta credito,Pendiente
2264,2264,2024-01-14,4645.16,Tarjeta credito,Aprobado
2265,2265,2025-04-03,22621.56,Mercado Pago,Aprobado
2266,2266,2024-11-16,45146.45,Tarjeta debito,Aprobado
2267,2267,2026-01-06,27313.94,Tarjeta debito,Aprobado
2268,2268,2024-04-16,51457.85,Efectivo,Aprobado
2269,2269,2024-09-02,51202.69,Efectivo,Aprobado
2270,2270,2024-11-19,74573.48,Mercado Pago,Aprobado
2271,2271,2025-11-05,274393.34,Mercado Pago,Aprobado
2272,2272,2024-12-15,51060.26,Tarjeta credito,Aprobado
2273,2273,2024-10-13,27012.35,Tarjeta credito,Aprobado
2274,2274,2024-09-21,3792.58,Tarjeta credito,Aprobado
2275,2275,2026-04-02,24451.62,Tarjeta debito,Aprobado
2276,2276,2024-07-10,43917.95,Mercado Pago,Aprobado
2277,2277,2025-04-14,15230.8,Mercado Pago,Aprobado
2278,2278,2024-04-07,11282.2,Mercado Pago,Aprobado
2279,2279,2025-08-22,29028.3,Tarjeta credito,Aprobado
2280,2280,2026-05-13,41769.3,Mercado Pago,Aprobado
2281,2281,2025-06-26,7890.24,Tarjeta credito,Pendiente
2282,2282,2026-04-13,224562.53,Mercado Pago,Aprobado
2283,2283,2026-02-22,212028.64,Tarjeta credito,Aprobado
2284,2284,2024-08-28,14079.78,Mercado Pago,Aprobado
2285,2285,2025-12-01,0.0,Mercado Pago,Rechazado
2286,2286,2025-02-11,30632.32,Mercado Pago,Aprobado
2287,2287,2025-05-31,217763.71,mercado pago,Aprobado
2288,2288,2024-07-17,160872.12,Tarjeta debito,Aprobado
2289,2289,2024-08-22,27492.12,Transferencia,Aprobado
2290,2290,2024-08-19,7682.18,Tarjeta credito,Aprobado
2291,2291,2024-12-09,7008.46,Tarjeta debito,Aprobado
2292,2292,2024-05-08,20889.74,Tarjeta credito,Aprobado
2293,2293,2026-06-19,117410.08,Transferencia,Aprobado
2294,2294,2024-05-13,21323.51,Transferencia,Aprobado
2295,2295,2024-07-09,4718.54,Mercado Pago,Aprobado
2296,2296,2024-02-24,72063.42,Mercado Pago,Aprobado
2297,2297,2025-04-01,103485.25,Tarjeta debito,Aprobado
2298,2298,2026-04-10,9760.62,Tarjeta debito,Aprobado
2299,2299,2026-08-02,5236.93,Tarjeta debito,Pendiente
2300,2300,2024-04-28,20146.09,Tarjeta credito,Aprobado
2301,2301,2024-12-31,47343.09,Tarjeta credito,Aprobado
2302,2302,2025-12-31,220870.62,Mercado Pago,Aprobado
2303,2303,2025-09-26,57990.84,Transferencia,Aprobado
2304,2304,2024-01-26,153644.19,Mercado Pago,Aprobado
2305,2305,2025-11-30,109400.37,tarjeta credito,Aprobado
2306,2306,2026-02-26,86400.16,Tarjeta debito,Aprobado
2307,2307,2025-07-01,227700.3,Tarjeta debito,Aprobado
2308,2308,2024-12-11,28737.54,Transferencia,Aprobado
2309,2309,2025-03-28,29744.1,Tarjeta debito,Aprobado
2310,2310,2024-10-24,88697.78,Efectivo,Aprobado
2311,2311,2025-10-30,7802.33,Transferencia,Aprobado
2312,2312,2024-06-22,66330.79,Transferencia,Aprobado
2313,2313,2024-07-29,51200.4,Mercado Pago,Aprobado
2314,2314,2026-03-30,135273.16,Tarjeta debito,Aprobado
2315,2315,2026-02-05,9903.46,Tarjeta credito,Aprobado
2316,2316,2024-10-14,36891.09,Tarjeta credito,Aprobado
2317,2317,2025-11-08,24389.77,Mercado Pago,Pendiente
2318,2318,2026-03-25,5740.03,Mercado Pago,Aprobado
2319,2319,2024-11-29,28029.08,Tarjeta credito,Aprobado
2320,2320,2025-05-29,33826.99,Tarjeta debito,Aprobado
2321,2321,2025-09-25,5054.97,Mercado Pago,Aprobado
2322,2322,2025-11-20,127183.83,Tarjeta debito,Aprobado
2323,2323,2024-12-03,5700.04,Tarjeta debito,Aprobado
2324,2324,2024-03-09,5458.36,Efectivo,Aprobado
2325,2325,2026-07-15,102442.19,Tarjeta credito,Aprobado
2326,2326,2025-08-20,124810.44,Tarjeta credito,Aprobado
2327,2327,2026-02-11,31335.94,Tarjeta credito,Aprobado
2328,2328,2025-12-19,29202.2,Tarjeta debito,Aprobado
2329,2329,2024-08-14,36161.7,Tarjeta debito,Aprobado
2330,2330,2024-08-16,96464.92,Transferencia,Pendiente
2331,2331,2024-01-13,8126.85,Tarjeta credito,Aprobado
2332,2332,2025-07-08,57783.0,Efectivo,Aprobado
2333,2333,2024-04-30,130815.84,Mercado Pago,Aprobado
2334,2334,2026-04-10,56489.92,Mercado Pago,Aprobado
2335,2335,2025-07-06,25039.9,Tarjeta credito,Pendiente
2336,2336,2025-01-11,35664.67,Mercado Pago,Aprobado
2337,2337,2026-04-15,19230.62,Transferencia,Aprobado
2338,2338,2024-09-28,48688.5,Mercado Pago,Aprobado
2339,2339,2025-05-25,84844.27,Tarjeta credito,Aprobado
2340,2340,2025-10-30,39408.69,Tarjeta debito,Aprobado
2341,2341,2025-11-22,79407.78,Tarjeta credito,Pendiente
2342,2342,2024-08-14,95845.44,Tarjeta debito,Aprobado
2343,2343,2024-05-20,49577.94,Tarjeta credito,Aprobado
2344,2344,2025-12-19,116931.11,Tarjeta debito,Aprobado
2345,2345,2026-02-23,160107.02,Mercado Pago,Pendiente
2346,2346,2025-06-18,79333.97,Mercado Pago,Aprobado
2347,2347,2024-09-19,20936.08,Tarjeta credito,Aprobado
2348,2348,2024-12-28,37750.02,Transferencia,Aprobado
2349,2349,2025-04-13,75841.17,Mercado Pago,Aprobado
2350,2350,2025-05-15,29523.74,Tarjeta credito,Aprobado
2351,2351,2024-07-03,77469.95,Transferencia,Aprobado
2352,2352,2024-12-19,162665.7,Transferencia,Pendiente
2353,2353,2024-11-25,30214.41,Mercado Pago,Pendiente
2354,2354,2025-02-02,45584.76,Tarjeta debito,Aprobado
2355,2355,2024-05-13,5665.18,Mercado Pago,Pendiente
2356,2356,2025-10-28,0.0,Tarjeta credito,Rechazado
2357,2357,2024-06-11,60171.41,Mercado Pago,Pendiente
2358,2358,2024-05-31,76205.06,Mercado Pago,Aprobado
2359,2359,2026-06-18,258807.94,Tarjeta debito,Aprobado
2360,2360,2024-08-22,8189.63,Mercado Pago,Aprobado
2361,2361,2025-10-02,20143.27,Mercado Pago,Aprobado
2362,2362,2026-06-23,42615.69,Tarjeta debito,Aprobado
2363,2363,2025-06-10,15365.51,Mercado Pago,Aprobado
2364,2364,2024-11-07,32057.31,Transferencia,Aprobado
2365,2365,2025-06-01,37461.81,Tarjeta credito,Aprobado
2366,2366,2025-02-23,56655.75,Mercado Pago,Aprobado
2367,2367,2025-05-31,9325.41,Transferencia,Aprobado
2368,2368,2024-06-04,67455.3,Tarjeta debito,Aprobado
2369,2369,2026-02-16,153104.98,Transferencia,Aprobado
2370,2370,2025-04-28,11290.38,Transferencia,Aprobado
2371,2371,2025-05-24,175307.08,Tarjeta debito,Aprobado
2372,2372,2024-11-17,0.0,Tarjeta credito,Rechazado
2373,2373,2025-12-27,93278.56,Mercado Pago,Aprobado
2374,2374,2024-09-26,231643.93,Mercado Pago,Aprobado
2375,2375,2025-09-04,29504.1,Mercado Pago,Aprobado
2376,2376,2024-08-20,111826.84,Tarjeta credito,Aprobado
2377,2377,2025-04-23,41891.49,Mercado Pago,Aprobado
2378,2378,2025-09-06,20557.06,transferencia,Aprobado
2379,2379,2025-05-05,41587.88,Tarjeta credito,Aprobado
2380,2380,2024-09-18,0.0,Tarjeta credito,Rechazado
2381,2381,2026-07-31,88553.13,Efectivo,Aprobado
2382,2382,2026-06-19,43389.59,Mercado Pago,Aprobado
2383,2383,2026-03-28,14562.42,Mercado Pago,Aprobado
2384,2384,2024-01-15,90173.32,Tarjeta credito,Aprobado
2385,2385,2026-08-08,20895.36,Tarjeta credito,Aprobado
2386,2386,2025-03-26,75245.7,Tarjeta debito,Aprobado
2387,2387,2026-07-11,15152.34,Efectivo,Aprobado
2388,2388,2024-07-27,16089.69,Tarjeta credito,Aprobado
2389,2389,2025-07-29,107013.45,Mercado Pago,Aprobado
2390,2390,2024-09-24,14846.09,Efectivo,Aprobado
2391,2391,2024-01-20,0.0,Transferencia,Rechazado
2392,2392,2025-12-06,18888.59,Tarjeta credito,Aprobado
2393,2393,2024-09-21,67646.13,Tarjeta credito,Aprobado
2394,2394,2025-02-07,27067.78,Mercado Pago,Aprobado
2395,2395,2024-08-02,17762.94,Tarjeta debito,Aprobado
2396,2396,2025-07-23,57498.58,Transferencia,Aprobado
2397,2397,2024-04-28,40694.04,Tarjeta credito,Aprobado
2398,2398,2026-02-18,34295.8,Mercado Pago,Aprobado
2399,2399,2026-04-25,13655.7,Mercado Pago,Aprobado
2400,2400,2024-04-02,7971.39,Mercado Pago,Aprobado
2401,2401,2024-08-25,7565.01,Tarjeta credito,Aprobado
2402,2402,2025-04-17,238318.32,Tarjeta credito,Aprobado
2403,2403,2026-07-22,38195.17,Mercado Pago,Pendiente
2404,2404,2025-09-24,44522.24,Efectivo,Aprobado
2405,2405,2025-12-05,59193.93,Transferencia,Aprobado
2406,2406,2026-08-22,83715.64,Mercado Pago,Pendiente
2407,2407,2026-07-29,209847.49,Mercado Pago,Aprobado
2408,2408,2025-11-04,0.0,Transferencia,Rechazado
2409,2409,2025-06-17,117598.68,Tarjeta credito,Aprobado
2410,2410,2024-03-21,37835.53,Tarjeta credito,Aprobado
2411,2411,2025-10-25,13872.52,Tarjeta debito,Aprobado
2412,2412,2024-09-23,39812.31,Tarjeta credito,Aprobado
2413,2413,2025-01-20,18688.88,Tarjeta credito,Aprobado
2414,2414,2024-05-03,324058.14,Mercado Pago,Aprobado
2415,2415,2025-04-14,0.0,Tarjeta credito,Rechazado
2416,2416,2024-11-19,0.0,tarjeta debito,Rechazado
2417,2417,2026-02-02,285840.17,Tarjeta credito,Aprobado
2418,2418,2025-05-01,51220.91,Tarjeta credito,Aprobado
2419,2419,2024-03-12,172708.95,Tarjeta credito,Aprobado
2420,2420,2024-04-27,348370.05,Tarjeta credito,Aprobado
2421,2421,2025-03-13,0.0,Mercado Pago,Rechazado
2422,2422,2024-07-08,72947.95,Tarjeta credito,Aprobado
2423,2423,2025-04-27,73667.47,Tarjeta credito,Aprobado
2424,2424,2024-07-06,50400.73,Tarjeta credito,Pendiente
2425,2425,2024-09-16,30972.65,Transferencia,Aprobado
2426,2426,2025-01-07,57819.76,Tarjeta debito,Aprobado
2427,2427,2024-11-04,37913.34,Transferencia,Aprobado
2428,2428,2024-12-26,166029.7,Tarjeta debito,Pendiente
2429,2429,2025-05-07,12108.41,Tarjeta credito,Aprobado
2430,2430,2024-09-21,92488.76,Efectivo,Aprobado
2431,2431,2026-08-29,38160.67,Efectivo,Aprobado
2432,2432,2024-08-11,0.0,Mercado Pago,Rechazado
2433,2433,2024-06-08,49071.72,Efectivo,Aprobado
2434,2434,2026-07-09,121075.32,Mercado Pago,Aprobado
2435,2435,2026-07-04,138096.36,Tarjeta credito,Aprobado
2436,2436,2025-08-31,23773.48,Mercado Pago,Aprobado
2437,2437,2024-06-16,54812.33,Tarjeta credito,Aprobado
2438,2438,2024-01-06,52478.6,Tarjeta credito,Aprobado
2439,2439,2025-06-14,95606.38,Mercado Pago,Aprobado
2440,2440,2024-12-23,69913.14,Mercado Pago,Aprobado
2441,2441,2024-12-04,68963.64,Efectivo,Aprobado
2442,2442,2025-08-23,140473.89,Mercado Pago,Aprobado
2443,2443,2024-03-22,30184.72,Tarjeta credito,Aprobado
2444,2444,2025-04-09,120365.17,Tarjeta credito,Aprobado
2445,2445,2026-01-30,103084.63,Efectivo,Aprobado
2446,2446,2025-12-29,45554.79,Efectivo,Pendiente
2447,2447,2026-03-13,0.0,Tarjeta credito,Rechazado
2448,2448,2025-12-31,205967.07,Mercado Pago,Aprobado
2449,2449,2026-08-14,28674.76,Tarjeta debito,Pendiente
2450,2450,2025-04-03,65743.58,Mercado Pago,Aprobado
2451,2451,2025-05-20,10181.31,Transferencia,Aprobado
2452,2452,2025-12-06,25742.7,Tarjeta credito,Aprobado
2453,2453,2026-05-16,0.0,Tarjeta credito,Rechazado
2454,2454,2025-11-29,9623.44,Tarjeta debito,Aprobado
2455,2455,2024-07-28,23538.76,Tarjeta debito,Pendiente
2456,2456,2025-07-24,32865.92,Tarjeta credito,Aprobado
2457,2457,2025-11-13,93937.2,Tarjeta credito,Aprobado
2458,2458,2025-06-07,107802.74,Efectivo,Aprobado
2459,2459,2024-10-30,41663.49,Mercado Pago,Aprobado
2460,2460,2025-04-13,73254.72,Tarjeta credito,Aprobado
2461,2461,2026-06-13,79576.62,Mercado Pago,Aprobado
2462,2462,2024-07-23,61543.45,Efectivo,Aprobado
2463,2463,2024-02-15,8851.36,Tarjeta credito,Aprobado
2464,2464,2025-09-21,146992.91,Transferencia,Aprobado
2465,2465,2025-07-11,10613.14,Transferencia,Aprobado
2466,2466,2024-10-11,103863.38,Transferencia,Aprobado
2467,2467,2025-06-14,35750.17,Transferencia,Aprobado
2468,2468,2025-11-13,10699.23,Mercado Pago,Aprobado
2469,2469,2024-12-09,10511.32,Tarjeta debito,Pendiente
2470,2470,2025-10-05,97930.98,Tarjeta debito,Aprobado
2471,2471,2026-07-08,177980.52,Tarjeta credito,Pendiente
2472,2472,2025-05-19,43712.58,Tarjeta credito,Aprobado
2473,2473,2024-03-07,0.0,Mercado Pago,Rechazado
2474,2474,2024-09-10,139588.69,Mercado Pago,Aprobado
2475,2475,2024-12-11,25485.94,Tarjeta debito,Pendiente
2476,2476,2026-07-28,535622.4,Transferencia,Aprobado
2477,2477,2026-03-30,52799.53,Transferencia,Aprobado
2478,2478,2026-01-02,273200.64,Tarjeta debito,Aprobado
2479,2479,2024-12-22,58881.72,Tarjeta credito,Aprobado
2480,2480,2025-10-04,1136854.72,Transferencia,Aprobado
2481,2481,2024-07-28,178446.15,Tarjeta credito,Aprobado
2482,2482,2024-04-11,251693.9,Tarjeta debito,Aprobado
2483,2483,2024-02-14,23667.42,Tarjeta debito,Aprobado
2484,2484,2025-09-04,52230.52,Efectivo,Aprobado
2485,2485,2024-08-08,22699.5,Tarjeta debito,Aprobado
2486,2486,2024-08-14,16468.95,Tarjeta debito,Aprobado
2487,2487,2024-12-16,56572.08,Efectivo,Aprobado
2488,2488,2024-10-18,11713.42,Mercado Pago,Aprobado
2489,2489,2024-06-29,18604.52,Mercado Pago,Pendiente
2490,2490,2024-09-15,34152.45,Tarjeta credito,Aprobado
2491,2491,2026-02-04,116335.8,Tarjeta debito,Aprobado
2492,2492,2025-05-14,0.0,Tarjeta credito,Rechazado
2493,2493,2025-06-20,0.0,Tarjeta credito,Rechazado
2494,2494,2026-03-25,68127.9,Transferencia,Aprobado
2495,2495,2025-12-20,0.0,Tarjeta credito,Rechazado
2496,2496,2024-07-11,173721.46,Efectivo,Aprobado
2497,2497,2025-12-02,65854.32,Efectivo,Aprobado
2498,2498,2024-03-07,54236.35,Tarjeta credito,Aprobado
2499,2499,2026-01-10,118269.04,Efectivo,Aprobado
2500,2500,2024-11-08,44301.84,Tarjeta debito,Aprobado
2501,2501,2024-09-28,28881.0,Tarjeta debito,Aprobado
2502,2502,2026-02-03,13026.1,Mercado Pago,Aprobado
2503,2503,2025-04-28,24790.52,efectivo,Aprobado
2504,2504,2025-01-19,223453.3,Transferencia,Aprobado
2505,2505,2026-04-28,45164.2,Efectivo,Aprobado
2506,2506,2025-05-29,15423.57,Tarjeta credito,Aprobado
2507,2507,2025-10-07,47299.8,mercado pago,Aprobado
2508,2508,2026-06-07,120493.22,Tarjeta credito,Aprobado
2509,2509,2026-01-08,69526.58,tarjeta debito,Aprobado
2510,2510,2024-03-10,0.0,Tarjeta credito,Rechazado
2511,2511,2026-03-18,50440.29,Efectivo,Pendiente
2512,2512,2024-02-23,54625.83,Tarjeta debito,Aprobado
2513,2513,2026-03-15,45994.56,Efectivo,Aprobado
2514,2514,2025-03-20,18216.5,Tarjeta credito,Aprobado
2515,2515,2025-12-05,73258.78,Mercado Pago,Aprobado
2516,2516,2024-12-27,78498.96,Mercado Pago,Aprobado
2517,2517,2025-10-16,54191.7,Mercado Pago,Aprobado
2518,2518,2025-09-13,15865.69,Transferencia,Aprobado
2519,2519,2026-02-08,211493.29,Tarjeta credito,Aprobado
2520,2520,2025-08-17,22312.77,Tarjeta credito,Aprobado
2521,2521,2024-08-06,107112.03,Tarjeta debito,Aprobado
2522,2522,2025-06-28,359122.26,Tarjeta debito,Aprobado
2523,2523,2024-02-25,0.0,Tarjeta credito,Rechazado
2524,2524,2025-07-27,0.0,Efectivo,Rechazado
2525,2525,2025-10-27,311990.76,Tarjeta credito,Aprobado
2526,2526,2025-04-16,51139.8,Mercado Pago,Aprobado
2527,2527,2024-03-19,22724.75,Transferencia,Aprobado
2528,2528,2025-09-28,57865.87,Tarjeta credito,Pendiente
2529,2529,2025-03-04,86622.71,Tarjeta credito,Aprobado
2530,2530,2024-11-18,30976.72,Tarjeta credito,Aprobado
2531,2531,2026-04-01,65123.3,Mercado Pago,Pendiente
2532,2532,2024-12-23,0.0,Tarjeta debito,Rechazado
2533,2533,2025-10-18,27578.38,Tarjeta credito,Aprobado
2534,2534,2024-11-24,87291.21,Mercado Pago,Aprobado
2535,2535,2026-05-28,19657.18,Tarjeta credito,Aprobado
2536,2536,2024-06-17,16449.01,Transferencia,Pendiente
2537,2537,2026-04-30,158828.14,Mercado Pago,Aprobado
2538,2538,2024-10-19,14157.62,Tarjeta credito,Aprobado
2539,2539,2026-07-23,171788.82,Transferencia,Aprobado
2540,2540,2025-11-10,98722.8,Mercado Pago,Aprobado
2541,2541,2025-01-03,25667.81,Efectivo,Aprobado
2542,2542,2026-07-23,36639.69,Tarjeta credito,Aprobado
2543,2543,2024-12-11,80677.92,Tarjeta credito,Aprobado
2544,2544,2025-11-23,35987.98,Tarjeta credito,Aprobado
2545,2545,2026-08-01,9894.39,Mercado Pago,Aprobado
2546,2546,2025-11-16,39241.15,Transferencia,Aprobado
2547,2547,2024-07-02,0.0,Tarjeta credito,Rechazado
2548,2548,2025-06-01,60194.64,Tarjeta debito,Aprobado
2549,2549,2025-08-18,26546.14,Tarjeta credito,Aprobado
2550,2550,2024-04-23,39828.96,Efectivo,Aprobado
2551,2551,2025-10-03,54127.77,Transferencia,Aprobado
2552,2552,2025-11-18,122240.88,Tarjeta credito,Pendiente
2553,2553,2026-01-07,45602.64,Tarjeta debito,Aprobado
2554,2554,2026-02-27,38472.26,Tarjeta debito,Aprobado
2555,2555,2024-09-15,10310.99,Tarjeta debito,Aprobado
2556,2556,2024-05-24,17594.75,Tarjeta credito,Pendiente
2557,2557,2025-05-03,36800.09,Mercado Pago,Aprobado
2558,2558,2025-11-08,10825.33,Tarjeta credito,Aprobado
2559,2559,2026-06-02,250026.46,Tarjeta debito,Aprobado
2560,2560,2026-05-05,32431.35,Tarjeta credito,Aprobado
2561,2561,2024-05-31,38834.55,Efectivo,Aprobado
2562,2562,2025-08-30,14589.38,Tarjeta credito,Aprobado
2563,2563,2024-11-22,35044.68,Tarjeta credito,Aprobado
2564,2564,2026-07-21,36462.1,Transferencia,Aprobado
2565,2565,2024-10-10,83436.11,Tarjeta credito,Aprobado
2566,2566,2024-08-28,8752.22,Tarjeta debito,Aprobado
2567,2567,2024-09-12,8647.13,Tarjeta credito,Aprobado
2568,2568,2026-07-13,6693.11,Tarjeta debito,Aprobado
2569,2569,2024-09-01,23604.76,Mercado Pago,Aprobado
2570,2570,2025-08-20,74294.57,Tarjeta credito,Aprobado
2571,2571,2024-12-26,19342.96,Transferencia,Aprobado
2572,2572,2024-04-13,0.0,Transferencia,Rechazado
2573,2573,2024-08-24,73223.71,Tarjeta credito,Aprobado
2574,2574,2024-08-31,45233.69,Tarjeta credito,Aprobado
2575,2575,2025-07-13,77153.88,Tarjeta credito,Aprobado
2576,2576,2024-12-30,11961.41,Tarjeta debito,Aprobado
2577,2577,2024-05-02,6633.03,Transferencia,Aprobado
2578,2578,2026-04-16,40432.03,Tarjeta debito,Aprobado
2579,2579,2026-06-29,23200.68,Tarjeta credito,Aprobado
2580,2580,2025-12-22,32830.59,Transferencia,Aprobado
2581,2581,2024-06-06,39408.62,Mercado Pago,Pendiente
2582,2582,2025-07-17,126955.0,Mercado Pago,Aprobado
2583,2583,2026-05-25,94703.19,Mercado Pago,Pendiente
2584,2584,2026-01-12,154432.86,Tarjeta credito,Aprobado
2585,2585,2024-03-08,61427.59,Mercado Pago,Aprobado
2586,2586,2024-11-06,2323.27,Tarjeta credito,Aprobado
2587,2587,2025-01-03,587831.1,Tarjeta credito,Aprobado
2588,2588,2025-12-29,0.0,Tarjeta debito,Rechazado
2589,2589,2025-05-17,20274.46,Tarjeta credito,Pendiente
2590,2590,2025-09-13,153988.62,Transferencia,Aprobado
2591,2591,2024-02-12,134686.78,Tarjeta debito,Aprobado
2592,2592,2026-03-23,119607.65,Transferencia,Aprobado
2593,2593,2026-03-08,39333.93,Tarjeta debito,Aprobado
2594,2594,2025-06-09,148840.42,Tarjeta credito,Aprobado
2595,2595,2026-01-08,8828.26,Tarjeta debito,Aprobado
2596,2596,2024-11-20,25961.44,Transferencia,Aprobado
2597,2597,2025-10-15,0.0,Mercado Pago,Rechazado
2598,2598,2025-11-29,10799.27,Transferencia,Aprobado
2599,2599,2025-04-13,0.0,Efectivo,Rechazado
2600,2600,2026-03-29,24588.2,Tarjeta debito,Aprobado
2601,2601,2025-09-25,54350.31,Efectivo,Aprobado
2602,2602,2024-11-15,0.0,Mercado Pago,Rechazado
2603,2603,2026-02-28,224887.44,Tarjeta debito,Aprobado
2604,2604,2024-08-26,58454.52,Tarjeta credito,Aprobado
2605,2605,2025-04-19,0.0,Transferencia,Rechazado
2606,2606,2025-11-26,12085.2,Transferencia,Aprobado
2607,2607,2025-08-10,35611.76,Tarjeta credito,Aprobado
2608,2608,2024-07-15,0.0,Efectivo,Rechazado
2609,2609,2026-04-18,8214.09,Tarjeta credito,Aprobado
2610,2610,2024-01-24,37376.22,Mercado Pago,Aprobado
2611,2611,2024-10-30,0.0,Efectivo,Rechazado
2612,2612,2024-08-01,0.0,Tarjeta credito,Rechazado
2613,2613,2025-10-17,90856.12,Tarjeta credito,Pendiente
2614,2614,2024-02-03,40741.04,Tarjeta debito,Aprobado
2615,2615,2026-08-07,90507.49,Transferencia,Aprobado
2616,2616,2024-05-03,108967.55,Transferencia,Pendiente
2617,2617,2024-11-21,178992.63,Mercado Pago,Pendiente
2618,2618,2025-10-18,162872.62,Efectivo,Aprobado
2619,2619,2024-02-04,211922.17,Tarjeta debito,Aprobado
2620,2620,2025-12-11,45567.39,Tarjeta credito,Aprobado
2621,2621,2025-05-22,19832.35,Tarjeta credito,Aprobado
2622,2622,2025-01-04,80695.44,Mercado Pago,Aprobado
2623,2623,2024-09-08,270560.32,Mercado Pago,Aprobado
2624,2624,2026-08-04,15438.43,Tarjeta debito,Aprobado
2625,2625,2025-08-31,118071.6,Efectivo,Aprobado
2626,2626,2024-05-23,3963.7,Transferencia,Aprobado
2627,2627,2026-01-18,39509.0,Tarjeta debito,Aprobado
2628,2628,2026-04-16,54934.17,Efectivo,Aprobado
2629,2629,2025-12-26,49394.56,Tarjeta debito,Aprobado
2630,2630,2024-11-03,14958.37,Tarjeta debito,Pendiente
2631,2631,2025-08-09,25699.62,Tarjeta credito,Aprobado
2632,2632,2024-11-11,72971.04,Tarjeta credito,Aprobado
2633,2633,2024-04-19,48470.54,Transferencia,Aprobado
2634,2634,2024-08-02,12988.92,Tarjeta credito,Aprobado
2635,2635,2025-01-10,113482.08,Tarjeta credito,Aprobado
2636,2636,2026-08-18,113065.14,Tarjeta credito,Aprobado
2637,2637,2026-08-28,593365.96,Transferencia,Pendiente
2638,2638,2026-06-20,116373.34,Tarjeta debito,Aprobado
2639,2639,2025-08-16,27038.16,Transferencia,Aprobado
2640,2640,2024-06-21,44531.38,Tarjeta debito,Aprobado
2641,2641,2024-12-31,3775.1,Tarjeta credito,Aprobado
2642,2642,2025-04-12,57453.91,Transferencia,Aprobado
2643,2643,2026-07-15,12608.6,Tarjeta debito,Aprobado
2644,2644,2024-11-17,24473.99,Mercado Pago,Aprobado
2645,2645,2025-06-25,26344.18,Tarjeta credito,Aprobado
2646,2646,2026-06-11,31300.34,Mercado Pago,Aprobado
2647,2647,2024-02-08,19746.46,Transferencia,Aprobado
2648,2648,2024-04-27,46490.11,Efectivo,Aprobado
2649,2649,2025-07-05,72940.56,Tarjeta credito,Aprobado
2650,2650,2026-08-13,71102.49,Tarjeta debito,Aprobado
2651,2651,2024-11-28,100527.44,transferencia,Aprobado
2652,2652,2024-05-13,187826.37,Mercado Pago,Pendiente
2653,2653,2024-02-10,12491.61,Mercado Pago,Aprobado
2654,2654,2025-12-06,32569.47,Tarjeta debito,Aprobado
2655,2655,2026-06-10,51850.28,Efectivo,Aprobado
2656,2656,2024-10-06,17649.71,Tarjeta debito,Aprobado
2657,2657,2025-03-16,54087.22,Tarjeta credito,Aprobado
2658,2658,2024-08-09,23863.28,Mercado Pago,Pendiente
2659,2659,2024-01-15,5422.36,Mercado Pago,Pendiente
2660,2660,2026-05-11,77527.05,Efectivo,Aprobado
2661,2661,2024-04-30,45659.82,Mercado Pago,Aprobado
2662,2662,2025-01-13,25324.55,Tarjeta debito,Aprobado
2663,2663,2025-07-04,83546.96,Tarjeta debito,Aprobado
2664,2664,2024-07-12,302810.04,transferencia,Aprobado
2665,2665,2026-05-29,49323.48,Mercado Pago,Aprobado
2666,2666,2026-05-02,0.0,Tarjeta credito,Rechazado
2667,2667,2024-07-21,205890.83,Efectivo,Aprobado
2668,2668,2025-12-20,134210.83,Transferencia,Aprobado
2669,2669,2025-03-18,91699.51,Tarjeta credito,Aprobado
2670,2670,2025-10-04,25647.61,Tarjeta debito,Aprobado
2671,2671,2025-12-06,16146.98,Tarjeta debito,Aprobado
2672,2672,2026-03-18,52089.33,Tarjeta debito,Aprobado
2673,2673,2025-06-07,20546.14,Efectivo,Aprobado
2674,2674,2024-09-29,28502.6,Tarjeta credito,Aprobado
2675,2675,2026-05-07,34009.12,Tarjeta debito,Aprobado
2676,2676,2025-03-19,124012.8,Tarjeta credito,Aprobado
2677,2677,2025-08-23,35110.34,Mercado Pago,Pendiente
2678,2678,2025-07-05,20198.96,Mercado Pago,Aprobado
2679,2679,2024-10-10,92442.88,Tarjeta credito,Aprobado
2680,2680,2025-07-03,14553.33,Tarjeta debito,Aprobado
2681,2681,2025-05-07,150316.38,Efectivo,Pendiente
2682,2682,2024-09-20,52349.52,Tarjeta credito,Aprobado
2683,2683,2025-02-15,111799.39,transferencia,Aprobado
2684,2684,2024-04-16,37179.18,Transferencia,Aprobado
2685,2685,2024-12-03,18911.73,Efectivo,Aprobado
2686,2686,2025-11-11,100121.08,mercado pago,Aprobado
2687,2687,2024-05-15,51276.91,Tarjeta credito,Pendiente
2688,2688,2024-10-17,63721.59,Tarjeta credito,Aprobado
2689,2689,2024-02-19,28825.06,Transferencia,Aprobado
2690,2690,2026-02-16,127045.6,Tarjeta credito,Aprobado
2691,2691,2025-11-07,34561.33,Mercado Pago,Aprobado
2692,2692,2025-10-14,49089.67,Mercado Pago,Aprobado
2693,2693,2025-12-08,21482.92,Tarjeta credito,Aprobado
2694,2694,2025-11-25,27414.73,Tarjeta credito,Aprobado
2695,2695,2024-01-17,28878.21,Tarjeta credito,Aprobado
2696,2696,2025-11-20,7251.83,Tarjeta credito,Aprobado
2697,2697,2025-05-16,33901.87,Tarjeta debito,Pendiente
2698,2698,2025-04-24,25423.78,Tarjeta credito,Aprobado
2699,2699,2025-12-20,18621.26,Transferencia,Aprobado
2700,2700,2024-12-29,119046.64,Transferencia,Aprobado
2701,2701,2024-04-21,107194.29,Tarjeta credito,Aprobado
2702,2702,2025-08-17,87175.63,Efectivo,Aprobado
2703,2703,2024-12-20,106914.98,Tarjeta credito,Aprobado
2704,2704,2025-03-23,6250.09,Tarjeta credito,Aprobado
2705,2705,2025-04-29,20427.68,Efectivo,Aprobado
2706,2706,2024-04-22,8856.99,Mercado Pago,Aprobado
2707,2707,2026-04-02,65436.59,Transferencia,Aprobado
2708,2708,2025-12-25,123571.97,Mercado Pago,Aprobado
2709,2709,2024-07-15,2184.34,Mercado Pago,Aprobado
2710,2710,2025-08-25,93271.44,Efectivo,Aprobado
2711,2711,2024-06-03,9410.35,Transferencia,Aprobado
2712,2712,2024-11-26,26660.15,Tarjeta debito,Aprobado
2713,2713,2026-07-10,4824.73,Tarjeta credito,Aprobado
2714,2714,2026-06-27,27387.82,tarjeta credito,Aprobado
2715,2715,2025-10-31,26436.64,Tarjeta credito,Pendiente
2716,2716,2024-12-29,54427.77,Mercado Pago,Aprobado
2717,2717,2024-12-08,155811.95,Tarjeta credito,Aprobado
2718,2718,2026-02-13,27468.04,Tarjeta credito,Aprobado
2719,2719,2026-07-25,142135.31,Tarjeta debito,Aprobado
2720,2720,2024-06-06,32877.35,Tarjeta debito,Aprobado
2721,2721,2024-05-13,41134.92,Tarjeta credito,Aprobado
2722,2722,2024-08-24,90905.44,Transferencia,Aprobado
2723,2723,2024-06-08,127906.19,Tarjeta credito,Aprobado
2724,2724,2024-07-13,34137.62,Mercado Pago,Aprobado
2725,2725,2024-11-09,60456.03,Efectivo,Aprobado
2726,2726,2026-04-10,192346.39,Tarjeta debito,Pendiente
2727,2727,2024-01-28,56304.55,Efectivo,Aprobado
2728,2728,2025-10-12,16259.85,Tarjeta credito,Aprobado
2729,2729,2024-12-03,81586.37,Tarjeta credito,Aprobado
2730,2730,2024-05-29,18112.06,Tarjeta credito,Aprobado
2731,2731,2025-04-24,97057.32,Transferencia,Aprobado
2732,2732,2025-02-11,25568.32,Tarjeta credito,Pendiente
2733,2733,2025-02-11,16714.29,Transferencia,Aprobado
2734,2734,2026-02-14,17496.56,Transferencia,Aprobado
2735,2735,2024-10-09,17571.62,Tarjeta credito,Aprobado
2736,2736,2024-02-01,85016.27,Tarjeta credito,Aprobado
2737,2737,2024-01-05,27548.13,Tarjeta credito,Aprobado
2738,2738,2026-02-23,55891.42,Tarjeta credito,Aprobado
2739,2739,2024-07-18,181096.72,Tarjeta credito,Aprobado
2740,2740,2025-07-20,56344.43,Tarjeta debito,Pendiente
2741,2741,2024-07-06,0.0,Tarjeta credito,Rechazado
2742,2742,2024-11-24,20830.22,Mercado Pago,Aprobado
2743,2743,2025-04-20,59502.39,Mercado Pago,Aprobado
2744,2744,2025-06-26,1285238.38,Mercado Pago,Aprobado
2745,2745,2024-11-16,43210.58,Mercado Pago,Aprobado
2746,2746,2024-01-13,23122.23,Mercado Pago,Pendiente
2747,2747,2024-06-20,41898.75,Tarjeta credito,Aprobado
2748,2748,2025-12-18,15936.63,Tarjeta credito,Aprobado
2749,2749,2024-03-31,110875.13,Efectivo,Pendiente
2750,2750,2024-08-08,0.0,efectivo,Rechazado
2751,2751,2025-09-04,72672.82,Tarjeta credito,Aprobado
2752,2752,2024-06-26,64480.78,transferencia,Aprobado
2753,2753,2026-05-30,68586.95,Tarjeta debito,Aprobado
2754,2754,2026-03-26,85928.98,Transferencia,Aprobado
2755,2755,2025-05-31,95191.59,Transferencia,Aprobado
2756,2756,2026-05-01,21479.52,Tarjeta debito,Aprobado
2757,2757,2025-03-28,84092.21,Tarjeta credito,Aprobado
2758,2758,2024-05-13,45736.01,Tarjeta credito,Aprobado
2759,2759,2024-02-01,42750.36,Tarjeta debito,Aprobado
2760,2760,2025-11-24,36550.75,Tarjeta debito,Pendiente
2761,2761,2025-11-17,13912.95,Tarjeta debito,Pendiente
2762,2762,2024-04-02,148115.58,Mercado Pago,Aprobado
2763,2763,2025-10-11,14989.41,Mercado Pago,Pendiente
2764,2764,2024-05-10,29078.54,Tarjeta debito,Aprobado
2765,2765,2024-05-13,125305.54,Mercado Pago,Aprobado
2766,2766,2024-11-09,153177.89,Tarjeta debito,Aprobado
2767,2767,2025-11-12,226138.01,Tarjeta debito,Aprobado
2768,2768,2024-12-27,14186.05,Tarjeta credito,Aprobado
2769,2769,2025-12-27,61971.13,Tarjeta debito,Pendiente
2770,2770,2025-10-04,234355.63,Tarjeta debito,Aprobado
2771,2771,2025-03-11,169968.64,Mercado Pago,Aprobado
2772,2772,2025-04-10,22058.99,Transferencia,Aprobado
2773,2773,2025-09-10,53512.3,Transferencia,Aprobado
2774,2774,2026-06-08,36484.35,Tarjeta credito,Aprobado
2775,2775,2024-09-08,16024.08,Transferencia,Aprobado
2776,2776,2024-12-17,59598.78,Tarjeta debito,Aprobado
2777,2777,2024-08-11,74372.11,Tarjeta credito,Aprobado
2778,2778,2024-11-12,121471.26,Tarjeta debito,Pendiente
2779,2779,2024-09-28,28236.61,Mercado Pago,Aprobado
2780,2780,2024-11-03,0.0,Efectivo,Rechazado
2781,2781,2026-07-15,118529.49,Transferencia,Aprobado
2782,2782,2026-01-15,7712.03,Tarjeta credito,Aprobado
2783,2783,2026-04-11,69763.59,Transferencia,Aprobado
2784,2784,2025-10-28,25649.87,Tarjeta credito,Aprobado
2785,2785,2025-07-25,71023.48,Tarjeta debito,Aprobado
2786,2786,2026-08-23,11982.7,Transferencia,Aprobado
2787,2787,2026-07-24,23187.38,Transferencia,Aprobado
2788,2788,2025-12-20,592084.75,Mercado Pago,Aprobado
2789,2789,2024-01-10,312116.94,Tarjeta credito,Aprobado
2790,2790,2026-07-21,0.0,Tarjeta debito,Rechazado
2791,2791,2026-05-31,22711.39,Mercado Pago,Pendiente
2792,2792,2025-07-16,30281.79,Mercado Pago,Aprobado
2793,2793,2024-06-16,0.0,Transferencia,Rechazado
2794,2794,2024-12-31,4694.92,Tarjeta debito,Aprobado
2795,2795,2025-11-06,5306.04,Transferencia,Pendiente
2796,2796,2024-08-23,109186.62,Mercado Pago,Aprobado
2797,2797,2024-08-03,16437.9,Mercado Pago,Aprobado
2798,2798,2025-07-03,735177.52,Tarjeta credito,Aprobado
2799,2799,2025-06-29,423844.94,Tarjeta credito,Aprobado
2800,2800,2025-03-05,48313.97,Transferencia,Aprobado
2801,2801,2026-03-29,7200.43,Mercado Pago,Aprobado
2802,2802,2025-11-03,33225.79,Mercado Pago,Aprobado
2803,2803,2025-05-29,32268.45,Transferencia,Aprobado
2804,2804,2025-10-18,19627.08,Transferencia,Aprobado
2805,2805,2026-08-07,73756.54,Tarjeta debito,Aprobado
2806,2806,2024-06-09,0.0,Mercado Pago,Rechazado
2807,2807,2025-10-18,123164.04,Tarjeta credito,Aprobado
2808,2808,2025-10-01,6168.17,Transferencia,Aprobado
2809,2809,2025-05-23,10060.58,Tarjeta credito,Pendiente
2810,2810,2025-06-16,0.0,Tarjeta debito,Rechazado
2811,2811,2026-08-21,286260.23,Tarjeta credito,Aprobado
2812,2812,2024-12-14,130527.56,Mercado Pago,Aprobado
2813,2813,2025-09-21,49812.35,Mercado Pago,Aprobado
2814,2814,2024-05-24,13138.74,Transferencia,Aprobado
2815,2815,2025-05-24,118023.5,Mercado Pago,Aprobado
2816,2816,2025-11-07,116564.45,Tarjeta credito,Aprobado
2817,2817,2026-04-04,23677.61,Tarjeta credito,Aprobado
2818,2818,2025-01-17,102890.69,Mercado Pago,Aprobado
2819,2819,2024-07-23,32422.14,Tarjeta credito,Aprobado
2820,2820,2025-04-15,30659.54,Tarjeta credito,Aprobado
2821,2821,2024-09-13,9090.4,Transferencia,Aprobado
2822,2822,2024-11-18,95621.09,Mercado Pago,Aprobado
2823,2823,2024-03-25,31933.84,Transferencia,Aprobado
2824,2824,2024-11-23,38371.01,Mercado Pago,Aprobado
2825,2825,2025-11-07,305433.66,mercado pago,Aprobado
2826,2826,2026-04-27,25319.76,Tarjeta debito,Pendiente
2827,2827,2024-04-25,31324.76,Tarjeta debito,Aprobado
2828,2828,2024-12-07,44866.54,Tarjeta credito,Aprobado
2829,2829,2025-03-18,25615.48,Mercado Pago,Aprobado
2830,2830,2024-12-07,245137.2,Tarjeta debito,Aprobado
2831,2831,2026-02-22,42581.46,Tarjeta credito,Aprobado
2832,2832,2026-02-01,176773.94,Tarjeta debito,Aprobado
2833,2833,2025-12-29,147713.48,Transferencia,Aprobado
2834,2834,2024-04-10,25910.48,Tarjeta debito,Aprobado
2835,2835,2026-06-25,36079.05,Mercado Pago,Aprobado
2836,2836,2026-07-31,79056.59,Tarjeta credito,Aprobado
2837,2837,2025-11-24,13303.02,Mercado Pago,Aprobado
2838,2838,2025-12-13,100177.56,Tarjeta credito,Aprobado
2839,2839,2026-08-13,24476.74,tarjeta credito,Aprobado
2840,2840,2025-12-30,174138.52,Transferencia,Aprobado
2841,2841,2025-08-16,57839.61,Transferencia,Aprobado
2842,2842,2024-07-21,64217.68,Mercado Pago,Aprobado
2843,2843,2024-03-21,13725.18,Mercado Pago,Aprobado
2844,2844,2026-02-26,190370.74,Mercado Pago,Aprobado
2845,2845,2025-03-11,54647.59,Tarjeta debito,Aprobado
2846,2846,2024-01-08,13217.46,Tarjeta credito,Pendiente
2847,2847,2024-12-27,46327.1,Tarjeta credito,Aprobado
2848,2848,2026-06-19,229001.83,Tarjeta debito,Aprobado
2849,2849,2024-05-10,75424.36,Tarjeta debito,Aprobado
2850,2850,2024-11-30,190403.24,Tarjeta debito,Pendiente
2851,2851,2024-06-04,21723.06,Tarjeta credito,Aprobado
2852,2852,2025-11-11,0.0,Mercado Pago,Rechazado
2853,2853,2026-08-12,34372.38,Tarjeta credito,Aprobado
2854,2854,2024-08-24,84803.2,Tarjeta credito,Aprobado
2855,2855,2026-05-22,0.0,Mercado Pago,Rechazado
2856,2856,2025-09-10,157820.8,Mercado Pago,Aprobado
2857,2857,2026-02-02,42446.05,Tarjeta debito,Aprobado
2858,2858,2024-12-03,94942.37,Mercado Pago,Aprobado
2859,2859,2024-03-12,272454.32,mercado pago,Aprobado
2860,2860,2025-09-10,27198.84,Tarjeta credito,Aprobado
2861,2861,2026-07-20,37237.71,Tarjeta debito,Aprobado
2862,2862,2024-04-04,81287.52,Transferencia,Aprobado
2863,2863,2026-02-07,18153.28,Mercado Pago,Aprobado
2864,2864,2025-10-05,0.0,Mercado Pago,Rechazado
2865,2865,2024-07-12,5768.68,Tarjeta credito,Aprobado
2866,2866,2025-01-29,141896.75,Tarjeta credito,Aprobado
2867,2867,2026-07-15,19932.4,Tarjeta credito,Aprobado
2868,2868,2025-03-14,47244.16,Tarjeta credito,Aprobado
2869,2869,2025-05-31,7891.77,Mercado Pago,Pendiente
2870,2870,2024-11-21,73931.19,Transferencia,Aprobado
2871,2871,2024-12-16,51517.06,Tarjeta credito,Aprobado
2872,2872,2024-05-08,99937.89,Mercado Pago,Aprobado
2873,2873,2024-11-22,36062.19,Tarjeta debito,Aprobado
2874,2874,2026-03-09,152960.93,Mercado Pago,Aprobado
2875,2875,2026-08-05,45035.92,Efectivo,Aprobado
2876,2876,2025-10-09,19434.92,Tarjeta debito,Aprobado
2877,2877,2024-10-09,0.0,Mercado Pago,Rechazado
2878,2878,2024-04-24,28265.42,Tarjeta credito,Aprobado
2879,2879,2024-06-28,26182.76,Transferencia,Aprobado
2880,2880,2024-10-19,49531.45,Efectivo,Aprobado
2881,2881,2024-05-24,121978.27,Mercado Pago,Aprobado
2882,2882,2025-10-09,74918.98,tarjeta debito,Aprobado
2883,2883,2026-05-01,63362.21,Tarjeta credito,Aprobado
2884,2884,2025-10-30,0.0,Mercado Pago,Rechazado
2885,2885,2025-12-23,50786.28,Tarjeta credito,Aprobado
2886,2886,2025-07-18,170720.53,Mercado Pago,Aprobado
2887,2887,2025-05-23,77260.14,transferencia,Aprobado
2888,2888,2025-03-24,31194.18,Tarjeta credito,Aprobado
2889,2889,2025-10-21,133373.8,Tarjeta credito,Aprobado
2890,2890,2024-03-06,48838.31,Tarjeta credito,Aprobado
2891,2891,2026-02-24,42710.94,Tarjeta credito,Pendiente
2892,2892,2024-11-27,64795.99,Tarjeta credito,Aprobado
2893,2893,2026-04-21,156765.1,Tarjeta credito,Aprobado
2894,2894,2026-01-25,14173.37,Tarjeta credito,Aprobado
2895,2895,2025-07-14,50357.85,Transferencia,Aprobado
2896,2896,2024-11-26,388927.16,Mercado Pago,Aprobado
2897,2897,2025-12-05,0.0,Transferencia,Rechazado
2898,2898,2025-04-10,57956.67,Tarjeta credito,Pendiente
2899,2899,2025-10-15,110318.74,Tarjeta debito,Aprobado
2900,2900,2026-07-18,19849.78,Efectivo,Aprobado
2901,2901,2025-12-05,35937.47,Mercado Pago,Aprobado
2902,2902,2024-01-26,29857.56,Transferencia,Aprobado
2903,2903,2026-06-07,28122.06,Transferencia,Aprobado
2904,2904,2024-08-18,4885.64,Tarjeta credito,Aprobado
2905,2905,2025-12-02,56092.23,Tarjeta credito,Aprobado
2906,2906,2024-11-21,78301.02,Tarjeta credito,Pendiente
2907,2907,2024-12-22,0.0,Transferencia,Rechazado
2908,2908,2025-01-27,63020.97,Tarjeta credito,Aprobado
2909,2909,2025-06-23,17244.29,Mercado Pago,Aprobado
2910,2910,2025-07-05,70306.46,Tarjeta credito,Aprobado
2911,2911,2025-10-20,125717.37,Tarjeta credito,Pendiente
2912,2912,2025-02-01,139780.62,Mercado Pago,Aprobado
2913,2913,2026-04-12,126713.96,Mercado Pago,Aprobado
2914,2914,2025-12-25,34498.53,Transferencia,Aprobado
2915,2915,2025-02-25,13582.33,Tarjeta debito,Aprobado
2916,2916,2024-11-09,412554.19,Transferencia,Aprobado
2917,2917,2024-06-07,149424.49,Transferencia,Aprobado
2918,2918,2024-03-23,19871.61,Tarjeta credito,Aprobado
2919,2919,2024-11-02,153290.88,Tarjeta credito,Aprobado
2920,2920,2025-10-02,5637.96,Tarjeta debito,Aprobado
2921,2921,2024-10-22,93478.08,Tarjeta debito,Aprobado
2922,2922,2026-06-17,6707.97,Tarjeta credito,Pendiente
2923,2923,2026-04-01,42426.8,Tarjeta credito,Aprobado
2924,2924,2025-11-10,0.0,Tarjeta credito,Rechazado
2925,2925,2025-07-07,86632.62,Tarjeta debito,Aprobado
2926,2926,2024-03-08,0.0,Transferencia,Rechazado
2927,2927,2024-03-17,47992.98,Efectivo,Aprobado
2928,2928,2025-07-15,120888.56,Mercado Pago,Aprobado
2929,2929,2026-02-17,69658.12,Efectivo,Pendiente
2930,2930,2025-09-09,132772.94,Mercado Pago,Aprobado
2931,2931,2025-05-13,75754.29,Transferencia,Aprobado
2932,2932,2024-12-31,128487.19,Transferencia,Aprobado
2933,2933,2024-01-23,40215.82,Tarjeta debito,Aprobado
2934,2934,2025-06-11,0.0,Mercado Pago,Rechazado
2935,2935,2025-11-07,27331.05,Tarjeta debito,Aprobado
2936,2936,2024-04-17,46575.26,Tarjeta debito,Aprobado
2937,2937,2024-02-03,100995.82,Transferencia,Aprobado
2938,2938,2026-03-10,56357.15,Mercado Pago,Aprobado
2939,2939,2024-09-26,20549.0,tarjeta credito,Aprobado
2940,2940,2024-06-06,101370.84,Tarjeta debito,Aprobado
2941,2941,2025-08-17,32050.55,Mercado Pago,Aprobado
2942,2942,2025-03-30,35672.6,Mercado Pago,Aprobado
2943,2943,2026-01-29,8101.95,Tarjeta credito,Pendiente
2944,2944,2024-03-11,55651.95,Tarjeta credito,Aprobado
2945,2945,2024-01-14,5073.94,Mercado Pago,Aprobado
2946,2946,2025-02-10,8908.77,Tarjeta credito,Aprobado
2947,2947,2024-08-30,133087.25,Tarjeta credito,Aprobado
2948,2948,2025-10-31,4754.8,Tarjeta debito,Aprobado
2949,2949,2025-07-03,45133.05,Transferencia,Aprobado
2950,2950,2025-10-16,0.0,Tarjeta debito,Rechazado
2951,2951,2026-04-03,333359.67,Tarjeta credito,Pendiente
2952,2952,2024-05-02,39523.34,Transferencia,Aprobado
2953,2953,2026-05-13,95631.16,Tarjeta debito,Aprobado
2954,2954,2024-06-17,70264.52,Tarjeta credito,Aprobado
2955,2955,2025-01-11,43930.68,Mercado Pago,Aprobado
2956,2956,2025-06-26,94728.37,Tarjeta debito,Aprobado
2957,2957,2024-09-18,19247.51,Efectivo,Aprobado
2958,2958,2024-10-06,34326.32,Transferencia,Aprobado
2959,2959,2025-03-10,33087.63,Mercado Pago,Aprobado
2960,2960,2024-06-17,13445.53,Transferencia,Aprobado
2961,2961,2026-02-01,82196.24,Tarjeta credito,Aprobado
2962,2962,2026-04-11,64897.73,Tarjeta debito,Aprobado
2963,2963,2026-01-17,0.0,Tarjeta credito,Rechazado
2964,2964,2025-08-27,12786.61,Transferencia,Pendiente
2965,2965,2025-05-01,17458.14,Transferencia,Aprobado
2966,2966,2024-03-03,0.0,Mercado Pago,Rechazado
2967,2967,2024-11-30,353989.19,Mercado Pago,Aprobado
2968,2968,2026-07-29,59573.28,Tarjeta debito,Aprobado
2969,2969,2025-03-24,15101.14,Tarjeta credito,Aprobado
2970,2970,2024-03-10,243759.17,Mercado Pago,Aprobado
2971,2971,2025-11-03,38484.8,Tarjeta debito,Aprobado
2972,2972,2024-12-25,71033.62,Tarjeta credito,Aprobado
2973,2973,2025-04-30,63292.98,Tarjeta credito,Aprobado
2974,2974,2024-11-26,0.0,Tarjeta credito,Rechazado
2975,2975,2025-08-01,31172.96,Tarjeta credito,Aprobado
2976,2976,2024-03-10,240362.25,Efectivo,Aprobado
2977,2977,2025-02-01,32381.73,Tarjeta debito,Aprobado
2978,2978,2025-01-17,60726.9,Mercado Pago,Aprobado
2979,2979,2025-12-16,26657.9,Mercado Pago,Aprobado
2980,2980,2024-09-12,42861.72,Tarjeta credito,Aprobado
2981,2981,2025-01-06,13589.64,Tarjeta debito,Aprobado
2982,2982,2024-07-22,29091.54,Tarjeta credito,Aprobado
2983,2983,2024-06-12,3991.63,Transferencia,Aprobado
2984,2984,2024-12-11,57030.4,Transferencia,Aprobado
2985,2985,2024-01-03,12751.88,Mercado Pago,Aprobado
2986,2986,2025-11-05,116481.47,Tarjeta credito,Aprobado
2987,2987,2026-07-04,0.0,Mercado Pago,Rechazado
2988,2988,2026-06-12,92244.62,Efectivo,Pendiente
2989,2989,2024-01-29,7036.78,Tarjeta credito,Aprobado
2990,2990,2025-11-04,0.0,Tarjeta credito,Rechazado
2991,2991,2025-03-06,46253.33,Tarjeta credito,Aprobado
2992,2992,2026-03-05,34592.54,Transferencia,Aprobado
2993,2993,2026-04-09,33710.88,Tarjeta debito,Aprobado
2994,2994,2025-02-02,12570.57,Tarjeta debito,Aprobado
2995,2995,2024-12-31,97434.99,Mercado Pago,Aprobado
2996,2996,2025-10-08,8193.18,Transferencia,Aprobado
2997,2997,2024-04-12,40762.77,Efectivo,Aprobado
2998,2998,2026-05-19,42270.83,Tarjeta credito,Aprobado
2999,2999,2025-01-31,79183.14,Transferencia,Aprobado
3000,3000,2025-05-19,10201.68,Mercado Pago,Aprobado
3001,3001,2024-09-08,35883.81,Mercado Pago,Aprobado
3002,3002,2025-11-25,111674.36,Transferencia,Aprobado
3003,3003,2025-09-19,6128.92,Mercado Pago,Aprobado
3004,3004,2024-06-16,33669.94,Mercado Pago,Aprobado
3005,3005,2025-06-29,29102.52,Mercado Pago,Aprobado
3006,3006,2026-07-04,13749.76,Tarjeta credito,Aprobado
3007,3007,2024-01-19,74387.62,Tarjeta credito,Aprobado
3008,3008,2024-10-14,20445.78,Tarjeta credito,Aprobado
3009,3009,2026-09-02,19670.11,Mercado Pago,Aprobado
3010,3010,2025-10-17,102566.26,Tarjeta debito,Aprobado
3011,3011,2024-03-06,60460.72,Tarjeta debito,Aprobado
3012,3012,2026-03-23,93808.48,Tarjeta credito,Aprobado
3013,3013,2026-08-13,107414.06,Tarjeta credito,Pendiente
3014,3014,2025-05-03,341944.17,Tarjeta debito,Aprobado
3015,3015,2024-07-12,0.0,Transferencia,Rechazado
3016,3016,2025-06-30,0.0,Transferencia,Rechazado
3017,3017,2025-11-15,36891.78,Tarjeta credito,Aprobado
3018,3018,2024-11-17,0.0,Tarjeta credito,Rechazado
3019,3019,2024-09-05,29924.14,Efectivo,Aprobado
3020,3020,2026-09-01,56491.06,Transferencia,Aprobado
3021,3021,2025-03-21,46407.81,Tarjeta credito,Pendiente
3022,3022,2024-06-26,85621.46,Tarjeta debito,Aprobado
3023,3023,2026-04-30,63701.0,Tarjeta credito,Aprobado
3024,3024,2025-10-08,124458.6,Mercado Pago,Aprobado
3025,3025,2025-09-05,33364.62,Tarjeta debito,Aprobado
3026,3026,2024-01-11,0.0,Efectivo,Rechazado
3027,3027,2025-09-26,80198.35,Tarjeta credito,Aprobado
3028,3028,2024-03-09,48117.41,Tarjeta debito,Aprobado
3029,3029,2025-04-19,57454.75,Mercado Pago,Aprobado
3030,3030,2024-02-19,75229.17,Tarjeta credito,Aprobado
3031,3031,2026-07-23,81078.05,Tarjeta credito,Aprobado
3032,3032,2025-02-07,18962.93,Tarjeta credito,Aprobado
3033,3033,2026-02-09,29237.24,Transferencia,Aprobado
3034,3034,2026-04-10,40496.12,Mercado Pago,Aprobado
3035,3035,2026-01-04,65963.56,Mercado Pago,Aprobado
3036,3036,2026-02-03,98777.68,Efectivo,Aprobado
3037,3037,2026-08-20,158044.64,Tarjeta credito,Aprobado
3038,3038,2025-02-08,35245.37,Tarjeta credito,Aprobado
3039,3039,2026-05-06,183331.33,Mercado Pago,Aprobado
3040,3040,2025-10-25,0.0,Transferencia,Rechazado
3041,3041,2025-10-11,25294.74,Tarjeta credito,Pendiente
3042,3042,2025-07-11,11333.82,Tarjeta debito,Aprobado
3043,3043,2026-07-31,19238.23,Tarjeta debito,Aprobado
3044,3044,2026-08-24,32155.62,Tarjeta debito,Aprobado
3045,3045,2024-05-11,27726.27,Mercado Pago,Aprobado
3046,3046,2024-10-21,387632.44,Mercado Pago,Aprobado
3047,3047,2025-12-19,275220.78,Mercado Pago,Aprobado
3048,3048,2026-07-17,120447.73,Tarjeta credito,Pendiente
3049,3049,2025-11-15,187176.27,Transferencia,Aprobado
3050,3050,2026-03-27,12249.82,Tarjeta credito,Aprobado
3051,3051,2024-07-19,66705.73,Transferencia,Aprobado
3052,3052,2025-11-26,63654.8,Mercado Pago,Aprobado
3053,3053,2026-08-29,11791.74,Tarjeta credito,Aprobado
3054,3054,2025-07-10,109435.31,Mercado Pago,Aprobado
3055,3055,2026-04-24,43741.14,Tarjeta credito,Aprobado
3056,3056,2025-03-16,88989.39,Mercado Pago,Aprobado
3057,3057,2025-03-31,41657.77,Tarjeta credito,Aprobado
3058,3058,2025-12-10,31585.52,Mercado Pago,Aprobado
3059,3059,2024-10-24,33873.8,Tarjeta credito,Aprobado
3060,3060,2025-09-06,20947.91,Tarjeta credito,Aprobado
3061,3061,2025-08-02,66520.39,Efectivo,Aprobado
3062,3062,2025-01-21,24456.34,Mercado Pago,Aprobado
3063,3063,2024-11-01,18520.33,Mercado Pago,Aprobado
3064,3064,2025-06-21,42087.96,Tarjeta credito,Pendiente
3065,3065,2024-04-29,105936.81,Tarjeta debito,Aprobado
3066,3066,2026-08-13,75617.92,Tarjeta debito,Aprobado
3067,3067,2025-05-09,99787.4,Tarjeta credito,Aprobado
3068,3068,2026-08-10,66168.75,Tarjeta credito,Aprobado
3069,3069,2024-08-14,99700.15,Efectivo,Aprobado
3070,3070,2024-11-23,305565.04,Tarjeta credito,Aprobado
3071,3071,2025-08-04,212676.15,Tarjeta credito,Aprobado
3072,3072,2025-04-26,88595.22,Tarjeta credito,Aprobado
3073,3073,2024-07-28,0.0,Tarjeta debito,Rechazado
3074,3074,2026-04-12,119806.47,Tarjeta credito,Aprobado
3075,3075,2025-10-13,10510.22,Mercado Pago,Aprobado
3076,3076,2025-04-27,49562.46,Tarjeta credito,Aprobado
3077,3077,2026-02-11,13461.19,Tarjeta debito,Aprobado
3078,3078,2025-12-04,65515.65,Tarjeta credito,Aprobado
3079,3079,2025-04-04,196425.59,Tarjeta credito,Pendiente
3080,3080,2024-11-23,86478.49,Tarjeta debito,Aprobado
3081,3081,2025-12-31,18990.24,Tarjeta credito,Aprobado
3082,3082,2025-05-05,0.0,mercado pago,Rechazado
3083,3083,2026-03-27,16775.5,Tarjeta credito,Aprobado
3084,3084,2024-07-08,28694.67,Transferencia,Pendiente
3085,3085,2024-04-24,235753.13,Tarjeta credito,Aprobado
3086,3086,2025-12-07,14501.79,Tarjeta debito,Pendiente
3087,3087,2026-08-01,37163.54,Tarjeta credito,Aprobado
3088,3088,2025-03-14,138646.69,Efectivo,Pendiente
3089,3089,2026-03-20,20082.24,Mercado Pago,Aprobado
3090,3090,2024-10-29,160950.38,Transferencia,Aprobado
3091,3091,2026-07-22,39011.67,Tarjeta debito,Aprobado
3092,3092,2024-06-05,210794.03,Tarjeta credito,Aprobado
3093,3093,2026-02-21,17469.57,Efectivo,Aprobado
3094,3094,2024-04-29,151261.38,Tarjeta debito,Aprobado
3095,3095,2025-11-01,13573.68,Mercado Pago,Pendiente
3096,3096,2025-08-24,39959.4,Tarjeta credito,Aprobado
3097,3097,2026-03-19,18812.44,Tarjeta credito,Aprobado
3098,3098,2026-08-26,188143.92,Tarjeta credito,Aprobado
3099,3099,2026-06-12,12164.52,Tarjeta credito,Aprobado
3100,3100,2024-08-30,17312.84,Tarjeta credito,Aprobado
3101,3101,2026-01-20,11888.13,Tarjeta credito,Aprobado
3102,3102,2026-05-12,18293.13,Tarjeta credito,Aprobado
3103,3103,2024-03-16,27677.46,Efectivo,Aprobado
3104,3104,2025-07-14,112639.69,Tarjeta credito,Aprobado
3105,3105,2024-04-27,36224.42,Mercado Pago,Pendiente
3106,3106,2026-08-09,9404.26,Tarjeta credito,Aprobado
3107,3107,2026-07-05,7647.35,Tarjeta credito,Pendiente
3108,3108,2025-01-13,0.0,Tarjeta debito,Rechazado
3109,3109,2026-03-21,72925.28,Transferencia,Aprobado
3110,3110,2026-06-24,9899.67,Tarjeta credito,Pendiente
3111,3111,2025-03-14,17733.95,Tarjeta debito,Aprobado
3112,3112,2026-01-24,8965.72,Transferencia,Aprobado
3113,3113,2025-11-24,31115.03,Transferencia,Aprobado
3114,3114,2024-07-13,0.0,Tarjeta credito,Rechazado
3115,3115,2026-05-01,5010.93,Mercado Pago,Aprobado
3116,3116,2025-11-16,140956.98,Tarjeta debito,Aprobado
3117,3117,2025-01-11,5054.09,Tarjeta credito,Aprobado
3118,3118,2025-12-16,81236.6,Tarjeta credito,Aprobado
3119,3119,2024-09-11,12874.84,Transferencia,Aprobado
3120,3120,2024-10-25,180631.76,Tarjeta credito,Pendiente
3121,3121,2025-08-12,60858.8,Mercado Pago,Aprobado
3122,3122,2025-05-31,29997.66,Tarjeta credito,Pendiente
3123,3123,2026-07-08,30789.34,Mercado Pago,Aprobado
3124,3124,2026-03-08,18383.33,Tarjeta credito,Aprobado
3125,3125,2025-11-30,70627.72,Tarjeta debito,Aprobado
3126,3126,2025-06-08,133451.21,Tarjeta credito,Aprobado
3127,3127,2026-06-08,10282.43,Tarjeta debito,Aprobado
3128,3128,2024-07-18,254570.85,Tarjeta debito,Aprobado
3129,3129,2026-05-31,9437.89,Transferencia,Aprobado
3130,3130,2024-12-30,100639.72,Mercado Pago,Pendiente
3131,3131,2025-07-19,58007.39,Mercado Pago,Pendiente
3132,3132,2026-07-04,12363.16,Tarjeta credito,Pendiente
3133,3133,2024-03-04,34249.65,Mercado Pago,Aprobado
3134,3134,2024-01-19,16116.26,Efectivo,Pendiente
3135,3135,2025-03-08,162482.8,Tarjeta credito,Aprobado
3136,3136,2024-04-27,49153.23,Transferencia,Aprobado
3137,3137,2026-08-04,101318.73,Tarjeta credito,Aprobado
3138,3138,2024-02-24,16944.95,Transferencia,Aprobado
3139,3139,2025-05-19,0.0,Transferencia,Rechazado
3140,3140,2024-06-27,26649.68,Transferencia,Aprobado
3141,3141,2026-04-26,62809.22,Tarjeta credito,Aprobado
3142,3142,2025-01-11,26828.7,Tarjeta debito,Aprobado
3143,3143,2024-02-23,37784.74,Tarjeta debito,Aprobado
3144,3144,2024-12-24,135406.09,Transferencia,Aprobado
3145,3145,2024-05-28,51421.52,Mercado Pago,Aprobado
3146,3146,2024-07-17,140101.33,Efectivo,Aprobado
3147,3147,2024-03-26,0.0,Tarjeta credito,Rechazado
3148,3148,2025-03-21,25773.22,Tarjeta credito,Aprobado
3149,3149,2024-10-09,0.0,Mercado Pago,Rechazado
3150,3150,2024-07-14,6629.1,Tarjeta credito,Aprobado
3151,3151,2024-02-17,7019.37,Tarjeta credito,Aprobado
3152,3152,2024-01-15,6609.11,Transferencia,Aprobado
3153,3153,2025-01-13,6709.93,Tarjeta credito,Aprobado
3154,3154,2025-12-22,114722.95,Tarjeta debito,Aprobado
3155,3155,2024-01-26,143059.8,Tarjeta debito,Pendiente
3156,3156,2024-06-03,24336.98,Tarjeta credito,Aprobado
3157,3157,2024-09-12,17368.94,Tarjeta credito,Aprobado
3158,3158,2024-04-28,19924.37,Mercado Pago,Aprobado
3159,3159,2026-08-15,28080.03,Tarjeta debito,Aprobado
3160,3160,2026-08-04,470762.54,Tarjeta credito,Aprobado
3161,3161,2024-01-07,78213.44,Tarjeta credito,Aprobado
3162,3162,2025-02-01,22461.35,Tarjeta credito,Aprobado
3163,3163,2025-10-27,7509.54,Tarjeta credito,Pendiente
3164,3164,2025-03-11,67325.13,Tarjeta credito,Aprobado
3165,3165,2026-06-14,206909.69,Efectivo,Aprobado
3166,3166,2025-04-29,23708.04,Transferencia,Aprobado
3167,3167,2024-10-27,14284.79,tarjeta debito,Aprobado
3168,3168,2026-04-08,0.0,Tarjeta credito,Rechazado
3169,3169,2024-05-30,18783.11,Tarjeta credito,Aprobado
3170,3170,2024-11-18,55605.96,Tarjeta credito,Aprobado
3171,3171,2026-08-13,55055.96,Tarjeta debito,Aprobado
3172,3172,2025-12-03,121842.87,Mercado Pago,Aprobado
3173,3173,2025-12-15,18893.05,Tarjeta credito,Pendiente
3174,3174,2025-05-07,63230.47,Mercado Pago,Aprobado
3175,3175,2025-12-20,51888.22,Tarjeta credito,Aprobado
3176,3176,2025-06-17,247300.16,Tarjeta credito,Aprobado
3177,3177,2025-08-01,160236.99,efectivo,Aprobado
3178,3178,2025-05-29,1478712.82,Efectivo,Aprobado
3179,3179,2024-10-21,46318.5,Tarjeta credito,Aprobado
3180,3180,2026-03-19,13013.62,Tarjeta debito,Aprobado
3181,3181,2026-03-29,27297.08,Tarjeta credito,Aprobado
3182,3182,2026-06-22,197065.96,Tarjeta credito,Aprobado
3183,3183,2026-07-02,226538.49,Mercado Pago,Pendiente
3184,3184,2026-03-23,19139.4,Mercado Pago,Aprobado
3185,3185,2026-06-04,109373.7,Tarjeta debito,Aprobado
3186,3186,2024-09-24,18258.11,Tarjeta debito,Aprobado
3187,3187,2025-08-06,8422.71,Tarjeta credito,Aprobado
3188,3188,2025-12-24,133371.69,Tarjeta debito,Aprobado
3189,3189,2025-10-06,55638.54,Mercado Pago,Aprobado
3190,3190,2025-10-14,19962.32,Transferencia,Aprobado
3191,3191,2024-02-18,57396.28,Transferencia,Aprobado
3192,3192,2024-06-23,10443.87,Transferencia,Aprobado
3193,3193,2025-08-13,38548.08,Tarjeta debito,Aprobado
3194,3194,2025-06-15,61536.0,Tarjeta debito,Aprobado
3195,3195,2024-07-09,78809.02,Transferencia,Aprobado
3196,3196,2025-07-12,104058.36,Transferencia,Aprobado
3197,3197,2024-08-24,11364.84,Tarjeta debito,Aprobado
3198,3198,2024-11-19,20030.7,Tarjeta debito,Aprobado
3199,3199,2026-05-24,35981.06,efectivo,Aprobado
3200,3200,2026-02-02,43064.51,Transferencia,Aprobado
3201,3201,2026-02-21,20857.86,Transferencia,Aprobado
3202,3202,2024-10-28,30108.82,Efectivo,Aprobado
3203,3203,2026-07-02,46252.14,Mercado Pago,Aprobado
3204,3204,2025-08-27,33050.49,Tarjeta debito,Aprobado
3205,3205,2025-12-03,96537.9,Mercado Pago,Aprobado
3206,3206,2026-04-10,505941.52,Tarjeta debito,Aprobado
3207,3207,2025-05-03,9284.04,Mercado Pago,Aprobado
3208,3208,2025-07-28,30010.96,Tarjeta debito,Aprobado
3209,3209,2024-01-26,98298.28,Mercado Pago,Aprobado
3210,3210,2025-09-13,151475.81,Tarjeta credito,Aprobado
3211,3211,2026-02-04,115408.31,Efectivo,Aprobado
3212,3212,2026-03-09,30126.11,Tarjeta credito,Aprobado
3213,3213,2025-10-13,0.0,Tarjeta debito,Rechazado
3214,3214,2024-10-14,109584.45,Transferencia,Aprobado
3215,3215,2024-01-25,0.0,Mercado Pago,Rechazado
3216,3216,2024-02-26,15053.71,Efectivo,Aprobado
3217,3217,2024-01-14,10550.33,tarjeta credito,Aprobado
3218,3218,2024-12-26,120918.35,Tarjeta debito,Aprobado
3219,3219,2025-03-11,0.0,Tarjeta debito,Rechazado
3220,3220,2026-01-26,48009.21,Tarjeta credito,Aprobado
3221,3221,2025-11-28,32671.32,Tarjeta credito,Aprobado
3222,3222,2025-12-02,11348.02,Tarjeta credito,Aprobado
3223,3223,2024-06-15,252377.99,Tarjeta debito,Aprobado
3224,3224,2024-10-17,14517.66,Tarjeta debito,Aprobado
3225,3225,2026-03-02,51832.4,Transferencia,Pendiente
3226,3226,2026-01-01,0.0,Tarjeta credito,Rechazado
3227,3227,2026-05-31,52597.37,Mercado Pago,Aprobado
3228,3228,2025-07-30,10208.44,Tarjeta credito,Aprobado
3229,3229,2026-04-04,36771.53,Efectivo,Pendiente
3230,3230,2024-12-26,43468.56,Tarjeta credito,Aprobado
3231,3231,2025-03-30,63976.21,Mercado Pago,Aprobado
3232,3232,2026-07-04,78702.45,Tarjeta credito,Aprobado
3233,3233,2026-05-17,16660.9,Tarjeta credito,Aprobado
3234,3234,2025-05-11,27840.87,Transferencia,Aprobado
3235,3235,2024-10-07,34948.96,Tarjeta credito,Aprobado
3236,3236,2026-02-06,55316.96,Mercado Pago,Aprobado
3237,3237,2025-10-07,0.0,Tarjeta credito,Rechazado
3238,3238,2025-12-28,26711.48,Tarjeta credito,Pendiente
3239,3239,2025-12-07,66309.31,Transferencia,Aprobado
3240,3240,2025-12-06,50000.04,Efectivo,Aprobado
3241,3241,2026-04-17,113338.23,Tarjeta credito,Pendiente
3242,3242,2026-06-17,20504.23,Tarjeta credito,Aprobado
3243,3243,2025-12-10,22587.02,Mercado Pago,Aprobado
3244,3244,2024-09-21,101801.04,Mercado Pago,Aprobado
3245,3245,2024-12-17,88390.73,Tarjeta credito,Pendiente
3246,3246,2024-05-26,22516.6,Tarjeta credito,Aprobado
3247,3247,2024-01-19,134134.22,Tarjeta debito,Aprobado
3248,3248,2024-10-12,235898.28,Tarjeta credito,Aprobado
3249,3249,2025-09-19,14927.4,Tarjeta credito,Aprobado
3250,3250,2024-04-19,90903.06,Tarjeta credito,Aprobado
3251,3251,2025-11-03,115155.28,Mercado Pago,Aprobado
3252,3252,2024-06-06,47678.43,Mercado Pago,Aprobado
3253,3253,2026-06-27,55286.13,Mercado Pago,Aprobado
3254,3254,2026-03-10,26598.07,Tarjeta debito,Aprobado
3255,3255,2026-04-13,200118.56,Tarjeta debito,Aprobado
3256,3256,2025-09-12,8544.24,Tarjeta debito,Aprobado
3257,3257,2026-05-05,92715.87,Tarjeta credito,Aprobado
3258,3258,2025-05-06,106257.12,Mercado Pago,Aprobado
3259,3259,2024-10-15,294770.57,Mercado Pago,Aprobado
3260,3260,2026-04-03,38211.71,Tarjeta credito,Aprobado
3261,3261,2026-08-04,55155.96,Tarjeta credito,Aprobado
3262,3262,2026-07-13,90401.3,Tarjeta credito,Pendiente
3263,3263,2025-05-03,49483.94,Transferencia,Aprobado
3264,3264,2024-08-27,116958.48,Tarjeta credito,Aprobado
3265,3265,2024-08-06,6966.94,Mercado Pago,Aprobado
3266,3266,2025-02-27,1169575.02,Tarjeta credito,Aprobado
3267,3267,2025-03-03,25290.63,Mercado Pago,Aprobado
3268,3268,2026-05-26,46201.65,Tarjeta debito,Aprobado
3269,3269,2026-03-16,163226.34,Transferencia,Aprobado
3270,3270,2026-06-03,40697.74,Tarjeta credito,Aprobado
3271,3271,2025-01-22,12760.52,Tarjeta debito,Aprobado
3272,3272,2026-06-16,514108.89,Transferencia,Aprobado
3273,3273,2025-01-27,104791.26,Mercado Pago,Aprobado
3274,3274,2025-07-24,39935.99,Efectivo,Aprobado
3275,3275,2024-10-23,18293.37,Tarjeta debito,Aprobado
3276,3276,2025-12-20,25391.86,Transferencia,Aprobado
3277,3277,2025-03-31,0.0,Tarjeta credito,Rechazado
3278,3278,2025-11-08,36099.6,Tarjeta credito,Aprobado
3279,3279,2025-12-01,0.0,Mercado Pago,Rechazado
3280,3280,2024-01-18,13056.26,Tarjeta credito,Aprobado
3281,3281,2026-07-26,0.0,Tarjeta debito,Rechazado
3282,3282,2024-11-03,38992.88,Tarjeta credito,Aprobado
3283,3283,2024-07-20,0.0,Mercado Pago,Rechazado
3284,3284,2024-04-17,13817.78,Transferencia,Aprobado
3285,3285,2025-07-07,16907.38,Tarjeta debito,Aprobado
3286,3286,2025-02-28,37970.68,Efectivo,Aprobado
3287,3287,2026-01-06,9750.91,Mercado Pago,Aprobado
3288,3288,2025-09-29,32197.76,Mercado Pago,Aprobado
3289,3289,2025-08-09,16100.86,Tarjeta credito,Aprobado
3290,3290,2024-02-25,10269.84,Mercado Pago,Aprobado
3291,3291,2025-09-27,0.0,Transferencia,Rechazado
3292,3292,2025-09-21,20967.28,Mercado Pago,Aprobado
3293,3293,2026-07-24,0.0,Mercado Pago,Rechazado
3294,3294,2025-07-07,144079.08,Tarjeta debito,Pendiente
3295,3295,2026-02-13,125318.48,Tarjeta credito,Aprobado
3296,3296,2025-01-28,14658.24,Tarjeta credito,Pendiente
3297,3297,2026-08-30,28978.95,Mercado Pago,Pendiente
3298,3298,2024-01-26,374642.51,Efectivo,Aprobado
3299,3299,2026-03-25,0.0,Transferencia,Rechazado
3300,3300,2025-05-08,61647.92,tarjeta credito,Aprobado
3301,3301,2025-06-07,877965.33,Tarjeta credito,Aprobado
3302,3302,2025-01-05,54468.09,Tarjeta credito,Pendiente
3303,3303,2025-06-08,34124.79,Tarjeta credito,Aprobado
3304,3304,2024-09-30,131786.91,Tarjeta credito,Aprobado
3305,3305,2026-04-24,66407.41,Transferencia,Pendiente
3306,3306,2026-05-10,227247.54,Mercado Pago,Aprobado
3307,3307,2025-08-20,80313.85,Transferencia,Aprobado
3308,3308,2025-09-09,105011.94,Tarjeta credito,Aprobado
3309,3309,2024-05-07,8452.43,Tarjeta debito,Aprobado
3310,3310,2026-07-04,0.0,Mercado Pago,Rechazado
3311,3311,2024-07-18,11382.87,Mercado Pago,Aprobado
3312,3312,2024-04-30,26314.59,Mercado Pago,Aprobado
3313,3313,2024-04-20,159852.34,Mercado Pago,Aprobado
3314,3314,2024-02-17,80651.52,Mercado Pago,Aprobado
3315,3315,2025-01-30,64318.1,Tarjeta credito,Aprobado
3316,3316,2025-06-14,0.0,Tarjeta credito,Rechazado
3317,3317,2024-07-27,0.0,Tarjeta credito,Rechazado
3318,3318,2024-05-30,48608.14,Transferencia,Aprobado
3319,3319,2024-06-25,33227.64,Tarjeta debito,Aprobado
3320,3320,2024-04-17,69755.58,Transferencia,Aprobado
3321,3321,2025-12-05,38163.27,Tarjeta credito,Aprobado
3322,3322,2025-06-20,107505.74,Tarjeta credito,Aprobado
3323,3323,2025-11-19,5148.68,Mercado Pago,Pendiente
3324,3324,2025-09-11,39398.16,Tarjeta credito,Aprobado
3325,3325,2024-12-21,0.0,Tarjeta debito,Rechazado
3326,3326,2026-08-27,12336.34,Tarjeta debito,Aprobado
3327,3327,2025-12-09,88808.5,Mercado Pago,Aprobado
3328,3328,2025-12-06,241531.95,Transferencia,Aprobado
3329,3329,2025-12-01,245627.65,Tarjeta credito,Aprobado
3330,3330,2024-03-26,63629.83,Transferencia,Aprobado
3331,3331,2026-01-01,29733.49,Efectivo,Aprobado
3332,3332,2024-10-03,69170.18,Tarjeta debito,Pendiente
3333,3333,2024-12-26,53689.6,Tarjeta debito,Aprobado
3334,3334,2026-02-21,13341.48,Tarjeta credito,Aprobado
3335,3335,2025-10-08,11407.28,Transferencia,Aprobado
3336,3336,2025-04-10,69701.02,Tarjeta credito,Aprobado
3337,3337,2025-09-22,149312.28,Tarjeta credito,Aprobado
3338,3338,2026-08-10,51447.15,Tarjeta debito,Aprobado
3339,3339,2025-09-13,190155.88,Tarjeta credito,Aprobado
3340,3340,2025-08-02,79948.24,Tarjeta debito,Aprobado
3341,3341,2024-11-16,85774.62,Efectivo,Aprobado
3342,3342,2024-02-02,169154.85,Tarjeta credito,Aprobado
3343,3343,2024-03-19,65056.32,Tarjeta credito,Aprobado
3344,3344,2024-11-14,56618.19,Mercado Pago,Aprobado
3345,3345,2025-11-03,296187.01,Tarjeta credito,Aprobado
3346,3346,2025-10-27,19297.55,Tarjeta credito,Aprobado
3347,3347,2024-07-22,60994.69,Tarjeta debito,Aprobado
3348,3348,2024-04-21,43184.19,Transferencia,Aprobado
3349,3349,2024-09-15,43493.13,mercado pago,Aprobado
3350,3350,2024-09-21,28112.82,Tarjeta credito,Aprobado
3351,3351,2024-07-19,73885.98,Mercado Pago,Aprobado
3352,3352,2024-12-19,122271.27,Efectivo,Aprobado
3353,3353,2026-01-14,105526.26,Mercado Pago,Aprobado
3354,3354,2024-04-12,15090.45,Tarjeta credito,Aprobado
3355,3355,2024-10-21,178982.19,Tarjeta credito,Aprobado
3356,3356,2025-12-28,0.0,Tarjeta credito,Rechazado
3357,3357,2026-01-06,128918.63,Mercado Pago,Aprobado
3358,3358,2024-10-29,40844.09,Mercado Pago,Aprobado
3359,3359,2025-07-26,106435.98,Mercado Pago,Pendiente
3360,3360,2024-05-17,27615.98,Tarjeta credito,Aprobado
3361,3361,2024-07-03,93178.54,Tarjeta credito,Aprobado
3362,3362,2024-08-24,32583.46,Mercado Pago,Pendiente
3363,3363,2024-10-21,99716.15,Efectivo,Aprobado
3364,3364,2024-09-01,39638.16,Tarjeta debito,Aprobado
3365,3365,2025-04-29,104838.74,Mercado Pago,Aprobado
3366,3366,2024-07-05,22505.62,Mercado Pago,Aprobado
3367,3367,2025-03-30,467146.27,Tarjeta credito,Aprobado
3368,3368,2026-01-03,23270.34,Tarjeta debito,Aprobado
3369,3369,2024-02-23,0.0,Transferencia,Rechazado
3370,3370,2024-12-02,90580.11,Mercado Pago,Aprobado
3371,3371,2026-04-04,27068.77,Tarjeta credito,Aprobado
3372,3372,2026-07-25,0.0,Transferencia,Rechazado
3373,3373,2024-01-19,42342.08,Transferencia,Aprobado
3374,3374,2024-10-17,83353.18,Tarjeta debito,Aprobado
3375,3375,2024-08-19,73828.62,Tarjeta debito,Aprobado
3376,3376,2026-07-07,488269.74,Mercado Pago,Aprobado
3377,3377,2024-05-25,46728.34,Mercado Pago,Aprobado
3378,3378,2025-04-20,145996.59,Tarjeta debito,Aprobado
3379,3379,2025-03-08,26983.54,Mercado Pago,Aprobado
3380,3380,2025-09-07,29392.17,Mercado Pago,Aprobado
3381,3381,2025-05-24,17204.11,Efectivo,Aprobado
3382,3382,2024-11-20,0.0,Mercado Pago,Rechazado
3383,3383,2024-01-27,53246.5,Tarjeta credito,Aprobado
3384,3384,2026-03-30,167857.14,Tarjeta credito,Aprobado
3385,3385,2025-11-19,41861.22,mercado pago,Pendiente
3386,3386,2026-05-15,9413.54,Tarjeta credito,Aprobado
3387,3387,2024-12-26,60182.81,Transferencia,Aprobado
3388,3388,2025-08-17,21635.96,Mercado Pago,Aprobado
3389,3389,2025-12-05,52528.81,Tarjeta debito,Aprobado
3390,3390,2026-02-28,17574.54,Efectivo,Aprobado
3391,3391,2026-08-10,77022.44,Efectivo,Pendiente
3392,3392,2024-12-13,53298.77,Tarjeta credito,Aprobado
3393,3393,2024-04-30,6032.36,Tarjeta credito,Aprobado
3394,3394,2024-01-13,91746.12,Transferencia,Pendiente
3395,3395,2026-05-02,0.0,Tarjeta credito,Rechazado
3396,3396,2025-05-07,76581.39,Mercado Pago,Aprobado
3397,3397,2025-04-16,0.0,transferencia,Rechazado
3398,3398,2025-04-26,83041.52,Transferencia,Aprobado
3399,3399,2025-11-20,34080.29,Tarjeta debito,Aprobado
3400,3400,2025-06-07,67593.26,Tarjeta debito,Pendiente
3401,3401,2025-06-02,224892.0,Mercado Pago,Aprobado
3402,3402,2026-08-01,25695.88,Tarjeta debito,Aprobado
3403,3403,2026-07-09,128927.56,Tarjeta debito,Aprobado
3404,3404,2024-08-12,38622.03,Tarjeta credito,Aprobado
3405,3405,2024-10-13,59254.96,Tarjeta credito,Aprobado
3406,3406,2025-04-05,17658.5,Mercado Pago,Aprobado
3407,3407,2025-11-08,26387.19,Tarjeta debito,Aprobado
3408,3408,2025-09-19,7782.24,Tarjeta credito,Aprobado
3409,3409,2025-08-31,27918.97,Tarjeta credito,Aprobado
3410,3410,2024-03-07,34965.42,Transferencia,Aprobado
3411,3411,2025-12-03,37922.95,Tarjeta credito,Aprobado
3412,3412,2025-11-27,190889.48,Efectivo,Pendiente
3413,3413,2025-02-03,37524.72,Tarjeta debito,Aprobado
3414,3414,2024-12-18,130696.89,Tarjeta debito,Aprobado
3415,3415,2025-12-20,17509.91,Tarjeta credito,Aprobado
3416,3416,2025-04-03,205755.93,Tarjeta credito,Aprobado
3417,3417,2025-04-24,63909.07,Tarjeta debito,Aprobado
3418,3418,2024-08-05,83779.55,Transferencia,Aprobado
3419,3419,2024-08-25,55743.99,Tarjeta credito,Aprobado
3420,3420,2025-05-02,42980.9,Tarjeta credito,Aprobado
3421,3421,2026-02-02,166983.42,Tarjeta debito,Aprobado
3422,3422,2025-10-10,56306.3,Transferencia,Aprobado
3423,3423,2024-04-17,0.0,Transferencia,Rechazado
3424,3424,2024-09-05,1360266.07,Tarjeta credito,Aprobado
3425,3425,2024-08-29,110162.52,Transferencia,Aprobado
3426,3426,2025-03-20,13988.14,Mercado Pago,Aprobado
3427,3427,2025-12-29,115795.08,Transferencia,Aprobado
3428,3428,2024-10-29,30361.57,Efectivo,Aprobado
3429,3429,2026-02-05,98698.75,Mercado Pago,Aprobado
3430,3430,2025-10-17,52522.55,Tarjeta credito,Aprobado
3431,3431,2026-02-15,85508.36,Tarjeta credito,Aprobado
3432,3432,2025-01-13,0.0,Mercado Pago,Rechazado
3433,3433,2026-08-08,240796.7,Tarjeta credito,Aprobado
3434,3434,2025-04-28,108922.59,Efectivo,Aprobado
3435,3435,2025-12-22,0.0,Tarjeta credito,Rechazado
3436,3436,2025-12-06,276230.64,Tarjeta credito,Aprobado
3437,3437,2024-04-26,91212.69,Efectivo,Aprobado
3438,3438,2024-08-02,20401.26,Mercado Pago,Aprobado
3439,3439,2024-07-26,20195.1,Transferencia,Aprobado
3440,3440,2024-03-13,11149.99,Tarjeta debito,Aprobado
3441,3441,2026-02-07,100828.6,Mercado Pago,Aprobado
3442,3442,2024-06-29,28167.89,Mercado Pago,Aprobado
3443,3443,2026-04-22,162450.1,Tarjeta credito,Aprobado
3444,3444,2025-06-22,48211.97,Tarjeta credito,Aprobado
3445,3445,2025-12-21,59358.69,Transferencia,Aprobado
3446,3446,2025-05-14,37709.88,Transferencia,Aprobado
3447,3447,2025-05-31,69517.23,Tarjeta credito,Aprobado
3448,3448,2026-03-19,11994.46,Mercado Pago,Aprobado
3449,3449,2025-04-30,28990.62,Mercado Pago,Aprobado
3450,3450,2025-12-09,77379.86,Tarjeta credito,Aprobado
3451,3451,2024-04-26,24918.78,Tarjeta credito,Aprobado
3452,3452,2025-07-13,0.0,Tarjeta credito,Rechazado
3453,3453,2024-09-24,163551.48,Transferencia,Pendiente
3454,3454,2024-08-21,109074.24,Tarjeta credito,Aprobado
3455,3455,2024-11-27,68341.56,Tarjeta debito,Aprobado
3456,3456,2024-06-29,61970.49,Transferencia,Pendiente
3457,3457,2024-10-10,83873.62,Tarjeta credito,Pendiente
3458,3458,2026-07-04,123547.34,Tarjeta debito,Aprobado
3459,3459,2026-07-06,0.0,Tarjeta credito,Rechazado
3460,3460,2025-03-09,49703.67,Tarjeta credito,Aprobado
3461,3461,2024-09-07,58270.32,Tarjeta debito,Pendiente
3462,3462,2024-05-10,7854.32,Mercado Pago,Aprobado
3463,3463,2024-07-28,174518.14,Tarjeta credito,Aprobado
3464,3464,2024-07-25,19617.04,Tarjeta credito,Aprobado
3465,3465,2025-11-29,70690.79,Tarjeta credito,Aprobado
3466,3466,2025-01-08,122321.14,Tarjeta credito,Aprobado
3467,3467,2024-03-01,69081.48,Mercado Pago,Aprobado
3468,3468,2024-12-23,28295.2,Tarjeta debito,Aprobado
3469,3469,2024-12-18,133335.97,Tarjeta credito,Aprobado
3470,3470,2026-04-01,0.0,Tarjeta credito,Rechazado
3471,3471,2025-11-22,466548.43,Tarjeta debito,Pendiente
3472,3472,2024-06-20,97562.4,Tarjeta credito,Aprobado
3473,3473,2026-04-29,245184.48,Tarjeta debito,Aprobado
3474,3474,2026-03-15,0.0,Tarjeta credito,Rechazado
3475,3475,2024-10-29,19825.74,Tarjeta credito,Aprobado
3476,3476,2024-02-20,106555.94,Tarjeta debito,Aprobado
3477,3477,2024-11-21,58955.67,Transferencia,Aprobado
3478,3478,2024-04-07,18672.74,Tarjeta debito,Aprobado
3479,3479,2024-04-29,111501.58,Tarjeta credito,Aprobado
3480,3480,2026-03-16,59458.22,Tarjeta credito,Aprobado
3481,3481,2024-07-11,94491.16,Transferencia,Aprobado
3482,3482,2026-08-08,91052.84,Tarjeta credito,Aprobado
3483,3483,2025-07-22,106160.41,Tarjeta credito,Aprobado
3484,3484,2024-04-15,302055.84,Tarjeta credito,Aprobado
3485,3485,2024-12-28,33391.06,Efectivo,Aprobado
3486,3486,2025-04-19,186432.56,Tarjeta credito,Aprobado
3487,3487,2025-11-27,0.0,Tarjeta credito,Rechazado
3488,3488,2025-08-01,46158.1,Tarjeta credito,Aprobado
3489,3489,2025-10-05,67222.82,Transferencia,Aprobado
3490,3490,2024-01-13,40831.56,Tarjeta credito,Aprobado
3491,3491,2025-06-25,32922.25,Tarjeta debito,Aprobado
3492,3492,2025-05-16,60429.48,Mercado Pago,Aprobado
3493,3493,2024-01-22,37129.26,Efectivo,Aprobado
3494,3494,2024-12-03,67228.34,Mercado Pago,Aprobado
3495,3495,2024-10-11,44386.0,Tarjeta credito,Pendiente
3496,3496,2025-07-19,120317.12,Tarjeta credito,Aprobado
3497,3497,2025-10-01,25215.84,Tarjeta credito,Aprobado
3498,3498,2026-08-30,22322.53,Tarjeta debito,Aprobado
3499,3499,2024-11-30,94515.32,Efectivo,Aprobado
3500,3500,2024-11-13,7921.2,Transferencia,Aprobado
3501,3501,2025-12-14,181575.16,Tarjeta credito,Pendiente
3502,3502,2024-01-08,0.0,Mercado Pago,Rechazado
3503,3503,2025-04-19,44297.29,Tarjeta credito,Aprobado
3504,3504,2026-04-06,54442.16,Mercado Pago,Aprobado
3505,3505,2026-07-10,270746.99,Tarjeta debito,Aprobado
3506,3506,2024-11-17,34750.44,Mercado Pago,Aprobado
3507,3507,2024-06-29,0.0,Transferencia,Rechazado
3508,3508,2024-10-01,58514.78,Transferencia,Aprobado
3509,3509,2026-07-07,81897.99,Tarjeta credito,Aprobado
3510,3510,2026-01-05,3630.38,Tarjeta credito,Aprobado
3511,3511,2025-04-14,83477.06,Tarjeta credito,Aprobado
3512,3512,2024-07-13,246127.47,Tarjeta credito,Aprobado
3513,3513,2026-01-29,307476.56,Efectivo,Aprobado
3514,3514,2025-05-06,8818.96,Tarjeta credito,Aprobado
3515,3515,2025-10-29,42685.97,Tarjeta credito,Aprobado
3516,3516,2025-07-02,27981.83,Tarjeta debito,Aprobado
3517,3517,2025-05-30,160483.22,Mercado Pago,Aprobado
3518,3518,2025-04-30,96360.32,Mercado Pago,Aprobado
3519,3519,2025-08-24,304017.45,Transferencia,Aprobado
3520,3520,2025-08-04,6072.23,Efectivo,Aprobado
3521,3521,2025-06-14,7584.77,Tarjeta credito,Aprobado
3522,3522,2026-01-16,0.0,Tarjeta credito,Rechazado
3523,3523,2024-03-28,194505.91,Transferencia,Aprobado
3524,3524,2025-12-12,14832.89,Efectivo,Aprobado
3525,3525,2026-05-19,179141.68,Tarjeta credito,Aprobado
3526,3526,2024-05-11,255115.34,Mercado Pago,Aprobado
3527,3527,2025-07-23,11570.93,Tarjeta credito,Pendiente
3528,3528,2026-02-16,57076.88,Tarjeta credito,Aprobado
3529,3529,2025-08-20,19485.62,Tarjeta debito,Aprobado
3530,3530,2025-11-22,27084.95,Efectivo,Aprobado
3531,3531,2024-08-17,26556.75,Tarjeta debito,Aprobado
3532,3532,2024-12-15,4870.9,Transferencia,Aprobado
3533,3533,2024-10-25,80440.79,Tarjeta credito,Pendiente
3534,3534,2024-05-13,132806.03,Tarjeta credito,Aprobado
3535,3535,2026-02-19,9864.34,Tarjeta credito,Aprobado
3536,3536,2024-11-07,125198.89,Tarjeta credito,Aprobado
3537,3537,2025-05-31,0.0,Mercado Pago,Rechazado
3538,3538,2026-03-24,0.0,Tarjeta credito,Rechazado
3539,3539,2025-07-22,87452.27,Tarjeta credito,Pendiente
3540,3540,2025-05-05,41273.36,Mercado Pago,Aprobado
3541,3541,2026-08-10,0.0,Tarjeta credito,Rechazado
3542,3542,2024-03-25,20829.36,Mercado Pago,Aprobado
3543,3543,2025-12-20,143470.6,Transferencia,Aprobado
3544,3544,2024-12-02,57540.06,Mercado Pago,Aprobado
3545,3545,2024-07-03,25146.47,Transferencia,Aprobado
3546,3546,2026-01-15,8143.04,Transferencia,Aprobado
3547,3547,2024-10-23,17702.57,Tarjeta credito,Aprobado
3548,3548,2024-04-17,46769.22,Efectivo,Aprobado
3549,3549,2024-06-17,28549.15,Mercado Pago,Aprobado
3550,3550,2025-12-03,36115.81,Tarjeta debito,Aprobado
3551,3551,2025-09-02,61167.13,Tarjeta credito,Aprobado
3552,3552,2024-12-23,99758.04,Tarjeta debito,Aprobado
3553,3553,2024-02-23,72781.4,Tarjeta credito,Aprobado
3554,3554,2025-10-24,92124.15,Transferencia,Pendiente
3555,3555,2024-11-20,171089.48,Tarjeta credito,Aprobado
3556,3556,2025-11-17,39942.43,Mercado Pago,Aprobado
3557,3557,2025-04-04,222755.28,Transferencia,Pendiente
3558,3558,2024-10-31,43607.25,Tarjeta credito,Aprobado
3559,3559,2025-12-06,35090.9,Tarjeta credito,Aprobado
3560,3560,2024-03-06,40437.48,Mercado Pago,Aprobado
3561,3561,2025-09-17,0.0,Tarjeta debito,Rechazado
3562,3562,2024-02-04,37474.66,Tarjeta credito,Pendiente
3563,3563,2025-10-24,108068.82,tarjeta credito,Aprobado
3564,3564,2024-11-28,4394.87,Transferencia,Aprobado
3565,3565,2024-03-09,5510.04,Tarjeta credito,Aprobado
3566,3566,2026-07-12,5644.58,Tarjeta debito,Pendiente
3567,3567,2025-02-23,42778.75,Mercado Pago,Aprobado
3568,3568,2026-04-02,40889.04,Tarjeta credito,Aprobado
3569,3569,2024-06-23,9167.91,Tarjeta credito,Aprobado
3570,3570,2026-07-30,18884.03,Tarjeta debito,Aprobado
3571,3571,2025-10-12,8063.9,transferencia,Aprobado
3572,3572,2024-08-11,110300.33,Tarjeta debito,Aprobado
3573,3573,2026-08-08,11684.43,Efectivo,Aprobado
3574,3574,2026-05-15,128490.79,Tarjeta debito,Aprobado
3575,3575,2024-08-19,134726.19,Efectivo,Aprobado
3576,3576,2025-04-04,76082.83,Transferencia,Aprobado
3577,3577,2026-02-28,14754.76,Tarjeta debito,Aprobado
3578,3578,2025-11-15,27961.58,Mercado Pago,Aprobado
3579,3579,2026-07-08,25488.29,Tarjeta credito,Aprobado
3580,3580,2026-07-03,14974.37,Transferencia,Aprobado
3581,3581,2026-04-18,77354.11,Tarjeta credito,Aprobado
3582,3582,2025-06-07,22696.96,Tarjeta credito,Aprobado
3583,3583,2026-05-19,17397.7,Tarjeta credito,Aprobado
3584,3584,2026-01-24,0.0,Mercado Pago,Rechazado
3585,3585,2026-03-01,37254.4,Mercado Pago,Pendiente
3586,3586,2024-04-21,76453.7,tarjeta credito,Aprobado
3587,3587,2024-08-28,143880.74,Tarjeta debito,Aprobado
3588,3588,2025-07-16,74208.18,Tarjeta credito,Aprobado
3589,3589,2024-08-05,0.0,Tarjeta debito,Rechazado
3590,3590,2025-08-20,13178.28,Tarjeta debito,Pendiente
3591,3591,2025-10-01,25835.62,Tarjeta credito,Aprobado
3592,3592,2025-09-13,43031.97,Tarjeta credito,Aprobado
3593,3593,2024-10-23,68264.16,Tarjeta debito,Pendiente
3594,3594,2026-08-01,37947.48,Transferencia,Aprobado
3595,3595,2025-06-14,19680.95,Tarjeta credito,Aprobado
3596,3596,2025-06-19,22645.01,Tarjeta credito,Aprobado
3597,3597,2025-03-05,9312.48,Efectivo,Aprobado
3598,3598,2025-04-05,21880.7,Mercado Pago,Aprobado
3599,3599,2024-02-16,339674.17,Tarjeta credito,Aprobado
3600,3600,2025-10-09,31929.02,Tarjeta credito,Aprobado
3601,3601,2024-11-01,0.0,Tarjeta credito,Rechazado
3602,3602,2025-05-13,15800.38,Tarjeta debito,Aprobado
3603,3603,2026-02-14,20132.3,Tarjeta debito,Aprobado
3604,3604,2026-07-03,30182.03,Tarjeta credito,Aprobado
3605,3605,2025-08-09,81620.32,Transferencia,Aprobado
3606,3606,2026-02-09,8366.04,Tarjeta debito,Aprobado
3607,3607,2024-12-06,28179.96,Transferencia,Aprobado
3608,3608,2025-12-13,34827.05,Tarjeta debito,Aprobado
3609,3609,2024-05-24,28796.19,Tarjeta credito,Aprobado
3610,3610,2025-01-25,27010.06,Tarjeta credito,Aprobado
3611,3611,2024-03-17,0.0,Tarjeta credito,Rechazado
3612,3612,2026-01-08,30571.82,Tarjeta credito,Aprobado
3613,3613,2025-10-06,0.0,Efectivo,Rechazado
3614,3614,2024-11-24,109261.38,Mercado Pago,Pendiente
3615,3615,2025-10-04,66191.96,Tarjeta debito,Aprobado
3616,3616,2026-03-01,34148.73,Tarjeta credito,Aprobado
3617,3617,2026-04-20,0.0,Tarjeta debito,Rechazado
3618,3618,2024-12-23,53075.21,Tarjeta debito,Aprobado
3619,3619,2024-08-03,15505.24,Tarjeta debito,Pendiente
3620,3620,2024-12-23,38271.28,Tarjeta credito,Aprobado
3621,3621,2026-07-17,0.0,Tarjeta credito,Rechazado
3622,3622,2025-12-08,46929.65,Tarjeta credito,Aprobado
3623,3623,2025-12-19,121668.36,Tarjeta debito,Aprobado
3624,3624,2024-04-14,31328.08,Tarjeta credito,Pendiente
3625,3625,2026-07-10,0.0,Tarjeta credito,Rechazado
3626,3626,2025-11-02,19845.07,transferencia,Aprobado
3627,3627,2024-04-15,61690.6,Mercado Pago,Aprobado
3628,3628,2024-07-10,74709.5,Efectivo,Aprobado
3629,3629,2026-02-13,94691.69,Mercado Pago,Aprobado
3630,3630,2025-11-16,66222.81,Transferencia,Aprobado
3631,3631,2024-12-27,342724.69,Tarjeta credito,Aprobado
3632,3632,2025-11-16,29990.9,Mercado Pago,Aprobado
3633,3633,2025-12-19,165457.27,Efectivo,Aprobado
3634,3634,2024-04-03,8910.38,Transferencia,Aprobado
3635,3635,2025-03-20,72903.9,Transferencia,Aprobado
3636,3636,2024-07-16,184456.72,Efectivo,Aprobado
3637,3637,2024-07-25,82319.93,Mercado Pago,Aprobado
3638,3638,2026-08-01,516660.78,Tarjeta credito,Aprobado
3639,3639,2024-09-06,38682.83,Tarjeta credito,Aprobado
3640,3640,2026-01-16,452545.2,Transferencia,Aprobado
3641,3641,2025-11-19,58026.91,Tarjeta credito,Aprobado
3642,3642,2024-07-30,94348.27,Tarjeta debito,Aprobado
3643,3643,2025-02-18,54558.5,Transferencia,Aprobado
3644,3644,2026-01-02,68338.49,Tarjeta credito,Aprobado
3645,3645,2024-04-27,77592.9,Tarjeta credito,Aprobado
3646,3646,2024-12-03,33353.78,Transferencia,Aprobado
3647,3647,2025-03-28,97279.49,Tarjeta debito,Aprobado
3648,3648,2024-11-01,38391.1,Mercado Pago,Aprobado
3649,3649,2024-07-20,146713.7,Mercado Pago,Aprobado
3650,3650,2025-07-04,7870.73,Mercado Pago,Aprobado
3651,3651,2024-11-17,0.0,Tarjeta credito,Rechazado
3652,3652,2025-10-06,13336.42,Tarjeta credito,Aprobado
3653,3653,2025-11-21,41807.78,Mercado Pago,Aprobado
3654,3654,2024-12-12,10244.45,Tarjeta debito,Aprobado
3655,3655,2026-02-06,109026.9,Transferencia,Aprobado
3656,3656,2024-11-23,0.0,Tarjeta credito,Rechazado
3657,3657,2025-07-21,30860.62,Mercado Pago,Aprobado
3658,3658,2024-01-01,79266.98,Tarjeta credito,Aprobado
3659,3659,2025-10-06,19306.83,Tarjeta credito,Aprobado
3660,3660,2024-03-15,159690.87,Transferencia,Aprobado
3661,3661,2025-04-23,50307.01,Tarjeta credito,Aprobado
3662,3662,2024-03-04,80109.62,Tarjeta debito,Pendiente
3663,3663,2026-08-15,67711.31,Tarjeta debito,Aprobado
3664,3664,2025-07-27,11392.26,Efectivo,Aprobado
3665,3665,2024-04-03,11612.18,Tarjeta debito,Aprobado
3666,3666,2024-12-23,0.0,Tarjeta debito,Rechazado
3667,3667,2026-06-27,119051.57,Efectivo,Aprobado
3668,3668,2024-10-31,244457.22,Tarjeta credito,Aprobado
3669,3669,2025-12-01,12717.44,Tarjeta credito,Pendiente
3670,3670,2025-06-09,41072.52,Tarjeta credito,Aprobado
3671,3671,2025-03-06,44025.94,Mercado Pago,Aprobado
3672,3672,2026-04-03,0.0,Mercado Pago,Rechazado
3673,3673,2025-04-02,90653.45,Tarjeta credito,Pendiente
3674,3674,2025-03-09,145323.41,Tarjeta credito,Aprobado
3675,3675,2025-12-12,9676.38,Efectivo,Aprobado
3676,3676,2025-11-25,29131.27,Tarjeta credito,Pendiente
3677,3677,2026-07-16,14954.78,Mercado Pago,Aprobado
3678,3678,2026-05-07,59082.7,Mercado Pago,Aprobado
3679,3679,2025-06-28,5130.34,Tarjeta credito,Aprobado
3680,3680,2024-03-02,217680.57,Tarjeta credito,Aprobado
3681,3681,2025-06-04,18481.78,Transferencia,Aprobado
3682,3682,2024-09-14,108464.99,Tarjeta debito,Aprobado
3683,3683,2025-04-06,9200.36,Tarjeta credito,Aprobado
3684,3684,2025-01-04,14656.3,Transferencia,Aprobado
3685,3685,2025-02-17,52849.42,Tarjeta credito,Aprobado
3686,3686,2024-12-14,70758.0,Transferencia,Aprobado
3687,3687,2025-06-05,375409.98,Tarjeta debito,Aprobado
3688,3688,2026-02-22,35522.16,Mercado Pago,Pendiente
3689,3689,2024-12-25,152896.12,Mercado Pago,Aprobado
3690,3690,2025-10-25,15726.14,Efectivo,Aprobado
3691,3691,2025-06-16,16915.87,Tarjeta credito,Aprobado
3692,3692,2025-01-24,13607.58,Transferencia,Aprobado
3693,3693,2025-04-29,33431.61,Tarjeta credito,Pendiente
3694,3694,2025-08-19,228893.7,Efectivo,Aprobado
3695,3695,2026-04-04,12709.27,Tarjeta credito,Aprobado
3696,3696,2025-09-25,11235.42,Tarjeta credito,Aprobado
3697,3697,2026-03-19,137374.22,Efectivo,Aprobado
3698,3698,2025-05-16,132617.36,Transferencia,Aprobado
3699,3699,2025-08-09,130773.1,Transferencia,Aprobado
3700,3700,2025-06-17,84491.08,Tarjeta credito,Aprobado
3701,3701,2024-04-21,13794.96,Efectivo,Aprobado
3702,3702,2024-07-04,16686.45,Mercado Pago,Aprobado
3703,3703,2025-04-24,16905.95,Mercado Pago,Aprobado
3704,3704,2024-05-19,47686.99,Mercado Pago,Aprobado
3705,3705,2026-01-31,108654.97,Tarjeta credito,Aprobado
3706,3706,2024-08-02,0.0,Tarjeta credito,Rechazado
3707,3707,2024-08-03,17271.48,Mercado Pago,Aprobado
3708,3708,2026-04-14,18409.35,Tarjeta credito,Aprobado
3709,3709,2025-05-01,87816.7,Tarjeta credito,Aprobado
3710,3710,2024-11-16,35947.51,Mercado Pago,Aprobado
3711,3711,2024-09-20,47761.43,Mercado Pago,Aprobado
3712,3712,2026-07-07,262493.44,Mercado Pago,Aprobado
3713,3713,2024-05-21,25432.37,Transferencia,Aprobado
3714,3714,2025-11-13,83836.39,Tarjeta credito,Pendiente
3715,3715,2026-02-27,86557.34,Tarjeta credito,Aprobado
3716,3716,2025-07-30,40807.67,Mercado Pago,Aprobado
3717,3717,2026-07-21,85286.37,Tarjeta credito,Aprobado
3718,3718,2024-10-22,33340.38,Tarjeta credito,Pendiente
3719,3719,2026-02-04,37427.62,Mercado Pago,Aprobado
3720,3720,2026-01-01,27670.21,Transferencia,Pendiente
3721,3721,2026-06-08,11028.94,Efectivo,Aprobado
3722,3722,2024-09-05,11761.26,Tarjeta credito,Aprobado
3723,3723,2024-04-21,89939.74,Transferencia,Aprobado
3724,3724,2026-08-11,74218.33,Mercado Pago,Aprobado
3725,3725,2025-12-08,33914.83,Efectivo,Aprobado
3726,3726,2024-06-13,82572.15,Mercado Pago,Aprobado
3727,3727,2024-12-09,19328.72,Tarjeta credito,Aprobado
3728,3728,2025-08-26,31616.31,Transferencia,Aprobado
3729,3729,2024-08-08,110317.66,Tarjeta credito,Aprobado
3730,3730,2024-09-03,44870.33,Tarjeta credito,Pendiente
3731,3731,2026-01-11,58880.73,Tarjeta debito,Aprobado
3732,3732,2025-11-17,150627.38,Tarjeta debito,Aprobado
3733,3733,2024-06-08,91361.01,Tarjeta debito,Aprobado
3734,3734,2024-07-21,11540.61,Tarjeta debito,Aprobado
3735,3735,2025-01-30,94667.01,Tarjeta debito,Aprobado
3736,3736,2024-11-02,321947.37,Mercado Pago,Pendiente
3737,3737,2025-10-21,0.0,Tarjeta credito,Rechazado
3738,3738,2025-04-16,54625.46,Transferencia,Aprobado
3739,3739,2024-08-27,26607.54,Efectivo,Aprobado
3740,3740,2026-02-21,63573.13,Tarjeta debito,Aprobado
3741,3741,2024-07-09,323269.47,Transferencia,Aprobado
3742,3742,2025-07-24,41877.57,Tarjeta credito,Aprobado
3743,3743,2025-10-25,128453.84,Tarjeta debito,Aprobado
3744,3744,2026-02-03,84976.91,Transferencia,Aprobado
3745,3745,2025-10-04,5028.96,Efectivo,Aprobado
3746,3746,2025-10-31,65968.41,Tarjeta credito,Aprobado
3747,3747,2026-04-27,90438.6,Transferencia,Aprobado
3748,3748,2024-10-02,146413.5,Tarjeta credito,Aprobado
3749,3749,2026-01-20,11104.25,Tarjeta credito,Aprobado
3750,3750,2024-12-22,109284.48,Mercado Pago,Aprobado
3751,3751,2026-08-28,14510.21,Tarjeta credito,Aprobado
3752,3752,2025-04-02,423637.22,Efectivo,Aprobado
3753,3753,2026-01-22,164781.48,Tarjeta debito,Aprobado
3754,3754,2026-08-23,16557.06,Tarjeta credito,Aprobado
3755,3755,2025-08-22,10089.14,Mercado Pago,Pendiente
3756,3756,2024-07-31,15597.66,Transferencia,Aprobado
3757,3757,2024-03-19,339374.12,Tarjeta debito,Aprobado
3758,3758,2024-11-20,168908.4,Transferencia,Aprobado
3759,3759,2024-09-28,501193.15,Transferencia,Aprobado
3760,3760,2024-03-07,44251.42,Tarjeta credito,Aprobado
3761,3761,2025-03-23,88416.18,Mercado Pago,Pendiente
3762,3762,2024-12-02,119065.49,Tarjeta debito,Aprobado
3763,3763,2025-12-19,0.0,Tarjeta credito,Rechazado
3764,3764,2025-07-15,43092.67,Mercado Pago,Aprobado
3765,3765,2025-11-24,161802.46,Tarjeta credito,Pendiente
3766,3766,2025-11-03,157509.38,Tarjeta debito,Aprobado
3767,3767,2024-04-28,16034.5,Tarjeta credito,Aprobado
3768,3768,2025-10-20,12835.71,Mercado Pago,Aprobado
3769,3769,2026-03-30,231106.79,Mercado Pago,Aprobado
3770,3770,2025-07-17,0.0,Tarjeta credito,Rechazado
3771,3771,2026-04-20,18537.56,Mercado Pago,Aprobado
3772,3772,2024-05-17,14353.92,Tarjeta debito,Aprobado
3773,3773,2024-08-13,110736.46,Transferencia,Aprobado
3774,3774,2026-03-23,8873.48,Transferencia,Aprobado
3775,3775,2025-11-26,0.0,Tarjeta credito,Rechazado
3776,3776,2025-08-25,14514.14,Tarjeta debito,Aprobado
3777,3777,2025-05-06,30016.91,Tarjeta credito,Aprobado
3778,3778,2024-12-20,75650.26,Tarjeta debito,Aprobado
3779,3779,2024-12-13,29001.52,Mercado Pago,Aprobado
3780,3780,2026-05-01,0.0,Tarjeta credito,Rechazado
3781,3781,2026-03-04,21850.27,Tarjeta credito,Pendiente
3782,3782,2026-07-13,90406.18,Transferencia,Aprobado
3783,3783,2026-08-28,66362.41,Tarjeta credito,Aprobado
3784,3784,2025-03-25,26245.48,Tarjeta credito,Aprobado
3785,3785,2024-12-06,94451.62,Tarjeta debito,Pendiente
3786,3786,2025-07-07,8997.11,Mercado Pago,Pendiente
3787,3787,2026-05-23,28115.92,Tarjeta credito,Aprobado
3788,3788,2024-11-22,21681.29,Tarjeta debito,Aprobado
3789,3789,2025-06-14,0.0,Mercado Pago,Rechazado
3790,3790,2026-05-29,26596.14,Transferencia,Aprobado
3791,3791,2026-07-17,0.0,Transferencia,Rechazado
3792,3792,2026-03-27,126231.65,Tarjeta debito,Aprobado
3793,3793,2024-10-14,98008.58,Efectivo,Aprobado
3794,3794,2025-10-27,91616.35,Tarjeta credito,Aprobado
3795,3795,2024-12-14,43531.17,Transferencia,Aprobado
3796,3796,2025-08-22,189052.48,Tarjeta debito,Aprobado
3797,3797,2026-05-20,348883.39,Tarjeta credito,Aprobado
3798,3798,2024-07-02,33662.38,Efectivo,Aprobado
3799,3799,2025-10-24,56433.61,Tarjeta debito,Aprobado
3800,3800,2024-11-09,9769.35,Transferencia,Aprobado
3801,3801,2024-01-14,54878.09,Transferencia,Aprobado
3802,3802,2024-10-31,28430.79,Tarjeta credito,Aprobado
3803,3803,2024-03-31,29932.96,Tarjeta debito,Aprobado
3804,3804,2025-12-23,41883.12,Mercado Pago,Aprobado
3805,3805,2024-12-03,33619.28,Mercado Pago,Aprobado
3806,3806,2025-07-18,0.0,Tarjeta debito,Rechazado
3807,3807,2026-02-12,18587.26,Tarjeta credito,Aprobado
3808,3808,2024-08-18,10314.36,Tarjeta credito,Pendiente
3809,3809,2026-03-27,14407.32,Tarjeta credito,Aprobado
3810,3810,2024-03-16,10291.86,Transferencia,Pendiente
3811,3811,2024-08-01,185044.04,Tarjeta debito,Aprobado
3812,3812,2024-11-11,87041.55,Tarjeta credito,Aprobado
3813,3813,2026-04-01,31794.12,Tarjeta credito,Aprobado
3814,3814,2026-02-06,84240.72,Mercado Pago,Aprobado
3815,3815,2024-08-01,14167.54,Mercado Pago,Aprobado
3816,3816,2026-04-28,21123.69,Transferencia,Aprobado
3817,3817,2025-03-03,404156.59,Mercado Pago,Aprobado
3818,3818,2024-07-26,88075.08,Transferencia,Aprobado
3819,3819,2024-11-09,31643.45,Tarjeta credito,Aprobado
3820,3820,2025-11-24,7716.0,tarjeta credito,Aprobado
3821,3821,2025-07-24,3723.58,Tarjeta credito,Aprobado
3822,3822,2024-05-06,269967.9,Transferencia,Aprobado
3823,3823,2026-03-11,2309.73,Tarjeta debito,Aprobado
3824,3824,2026-02-20,18389.59,Mercado Pago,Aprobado
3825,3825,2025-08-09,42403.06,tarjeta credito,Aprobado
3826,3826,2025-03-24,240476.36,Mercado Pago,Aprobado
3827,3827,2024-01-13,29041.0,Transferencia,Aprobado
3828,3828,2024-03-06,26914.65,Tarjeta debito,Aprobado
3829,3829,2024-08-26,10106.8,Tarjeta debito,Aprobado
3830,3830,2024-11-14,59455.83,Mercado Pago,Aprobado
3831,3831,2025-02-15,171991.69,Efectivo,Aprobado
3832,3832,2024-04-18,0.0,Tarjeta credito,Rechazado
3833,3833,2025-02-17,32558.17,Tarjeta credito,Aprobado
3834,3834,2025-05-22,17678.06,Mercado Pago,Aprobado
3835,3835,2024-05-03,27222.59,Tarjeta credito,Aprobado
3836,3836,2024-07-03,18612.53,Mercado Pago,Aprobado
3837,3837,2025-03-28,30544.13,Transferencia,Aprobado
3838,3838,2024-05-24,12820.52,Tarjeta credito,Aprobado
3839,3839,2024-07-12,336606.24,Efectivo,Aprobado
3840,3840,2026-02-13,74509.48,Mercado Pago,Pendiente
3841,3841,2024-12-10,44918.71,Tarjeta credito,Aprobado
3842,3842,2025-09-15,18781.5,Tarjeta credito,Aprobado
3843,3843,2025-07-23,73235.52,Tarjeta debito,Aprobado
3844,3844,2024-09-10,22795.35,Transferencia,Aprobado
3845,3845,2025-12-18,26042.84,Tarjeta credito,Aprobado
3846,3846,2024-02-13,225419.14,Mercado Pago,Aprobado
3847,3847,2024-07-21,312031.32,Tarjeta credito,Aprobado
3848,3848,2026-06-03,165501.59,Tarjeta debito,Aprobado
3849,3849,2026-05-03,296933.98,Tarjeta debito,Aprobado
3850,3850,2026-02-11,13657.59,Efectivo,Aprobado
3851,3851,2026-03-16,140322.89,Transferencia,Aprobado
3852,3852,2024-06-30,56185.5,Mercado Pago,Aprobado
3853,3853,2024-06-24,18679.17,Mercado Pago,Aprobado
3854,3854,2025-06-04,93545.72,Transferencia,Aprobado
3855,3855,2026-08-20,5884.51,Mercado Pago,Aprobado
3856,3856,2025-06-09,95794.7,Tarjeta credito,Aprobado
3857,3857,2025-12-15,31595.43,Transferencia,Pendiente
3858,3858,2024-10-09,22253.14,Tarjeta credito,Aprobado
3859,3859,2024-04-22,342281.39,Efectivo,Aprobado
3860,3860,2025-08-14,64473.32,Efectivo,Aprobado
3861,3861,2024-03-09,9972.45,Mercado Pago,Aprobado
3862,3862,2025-10-12,0.0,Tarjeta debito,Rechazado
3863,3863,2025-06-17,24759.1,Tarjeta credito,Aprobado
3864,3864,2025-10-01,151101.17,Tarjeta debito,Aprobado
3865,3865,2025-05-19,37461.63,mercado pago,Aprobado
3866,3866,2026-03-21,18316.58,Tarjeta debito,Aprobado
3867,3867,2025-12-06,94629.71,Efectivo,Aprobado
3868,3868,2024-12-04,7221.07,Tarjeta debito,Aprobado
3869,3869,2026-05-13,0.0,Tarjeta debito,Rechazado
3870,3870,2025-08-05,41123.22,Transferencia,Aprobado
3871,3871,2025-05-25,11999.36,Transferencia,Pendiente
3872,3872,2024-12-09,18525.27,Mercado Pago,Aprobado
3873,3873,2024-09-25,49697.36,Tarjeta credito,Aprobado
3874,3874,2024-11-28,127563.96,Mercado Pago,Aprobado
3875,3875,2026-02-11,0.0,Mercado Pago,Rechazado
3876,3876,2024-12-29,93892.6,Tarjeta credito,Aprobado
3877,3877,2026-01-31,60173.39,Tarjeta debito,Aprobado
3878,3878,2025-11-06,76578.89,Efectivo,Pendiente
3879,3879,2025-08-21,5375.78,Transferencia,Aprobado
3880,3880,2025-01-04,74895.35,Tarjeta debito,Aprobado
3881,3881,2024-03-03,10377.28,Tarjeta credito,Aprobado
3882,3882,2024-04-25,70031.37,Mercado Pago,Aprobado
3883,3883,2026-04-15,88276.66,Tarjeta credito,Aprobado
3884,3884,2025-12-21,26830.46,Tarjeta credito,Aprobado
3885,3885,2026-04-28,248778.54,Tarjeta debito,Aprobado
3886,3886,2024-07-15,0.0,Transferencia,Rechazado
3887,3887,2025-10-22,35194.83,Efectivo,Aprobado
3888,3888,2024-10-05,9074.11,Mercado Pago,Aprobado
3889,3889,2024-03-28,63116.8,Transferencia,Pendiente
3890,3890,2025-01-20,36513.55,Mercado Pago,Aprobado
3891,3891,2024-09-21,99826.16,Tarjeta credito,Aprobado
3892,3892,2025-06-22,36337.75,Mercado Pago,Aprobado
3893,3893,2024-06-01,65603.7,Tarjeta credito,Aprobado
3894,3894,2024-03-05,74947.66,efectivo,Aprobado
3895,3895,2026-05-04,0.0,Efectivo,Rechazado
3896,3896,2025-04-30,23296.7,Transferencia,Aprobado
3897,3897,2024-07-07,25112.39,Mercado Pago,Aprobado
3898,3898,2026-03-18,296932.68,Mercado Pago,Aprobado
3899,3899,2025-06-02,68127.1,Tarjeta credito,Aprobado
3900,3900,2025-10-12,27198.55,Tarjeta credito,Aprobado
3901,3901,2024-05-25,115958.37,Tarjeta debito,Pendiente
3902,3902,2026-04-07,23501.14,Transferencia,Aprobado
3903,3903,2025-04-27,0.0,Tarjeta credito,Rechazado
3904,3904,2025-08-17,66473.19,Tarjeta debito,Aprobado
3905,3905,2025-05-21,172237.68,Tarjeta credito,Pendiente
3906,3906,2024-12-13,0.0,Tarjeta debito,Rechazado
3907,3907,2026-04-11,28062.27,Transferencia,Aprobado
3908,3908,2025-06-25,54950.13,Mercado Pago,Aprobado
3909,3909,2024-09-21,5290.17,Transferencia,Aprobado
3910,3910,2024-10-22,52982.3,Mercado Pago,Aprobado
3911,3911,2025-04-22,56824.82,Tarjeta credito,Aprobado
3912,3912,2025-06-16,26484.58,Tarjeta credito,Aprobado
3913,3913,2024-12-26,38421.21,Efectivo,Aprobado
3914,3914,2025-10-19,53098.4,Transferencia,Aprobado
3915,3915,2024-07-21,10176.64,Tarjeta credito,Aprobado
3916,3916,2024-07-07,29080.2,Tarjeta debito,Aprobado
3917,3917,2024-06-15,238606.29,Efectivo,Aprobado
3918,3918,2026-07-23,126848.99,Efectivo,Aprobado
3919,3919,2024-01-25,35849.33,Tarjeta credito,Aprobado
3920,3920,2026-01-01,56692.98,Mercado Pago,Aprobado
3921,3921,2025-03-26,11030.03,Mercado Pago,Aprobado
3922,3922,2025-09-29,18019.31,Tarjeta credito,Pendiente
3923,3923,2024-09-17,10232.6,Mercado Pago,Aprobado
3924,3924,2024-06-23,61672.01,Transferencia,Aprobado
3925,3925,2025-02-21,33038.49,Tarjeta credito,Aprobado
3926,3926,2024-07-01,55041.33,Tarjeta debito,Aprobado
3927,3927,2025-04-14,13696.56,Tarjeta debito,Aprobado
3928,3928,2025-08-03,29039.24,Mercado Pago,Pendiente
3929,3929,2024-05-03,26210.44,Efectivo,Aprobado
3930,3930,2025-06-27,33813.9,Tarjeta credito,Aprobado
3931,3931,2025-10-06,109915.04,Transferencia,Aprobado
3932,3932,2024-06-25,9456.63,Tarjeta debito,Aprobado
3933,3933,2025-04-25,0.0,Tarjeta credito,Rechazado
3934,3934,2026-02-15,388585.85,Tarjeta credito,Aprobado
3935,3935,2025-01-12,9036.13,Efectivo,Aprobado
3936,3936,2026-06-20,168107.44,Tarjeta debito,Aprobado
3937,3937,2026-06-12,134277.94,Tarjeta credito,Aprobado
3938,3938,2026-02-18,161089.38,Tarjeta debito,Aprobado
3939,3939,2025-08-18,43938.63,Transferencia,Pendiente
3940,3940,2024-12-25,120482.77,Tarjeta credito,Aprobado
3941,3941,2025-05-16,175013.73,Transferencia,Aprobado
3942,3942,2025-03-22,16360.98,Efectivo,Aprobado
3943,3943,2024-04-25,19536.86,Mercado Pago,Aprobado
3944,3944,2025-03-05,34644.93,Mercado Pago,Aprobado
3945,3945,2025-12-09,7594.16,Tarjeta credito,Aprobado
3946,3946,2024-03-30,81454.4,Tarjeta debito,Aprobado
3947,3947,2025-10-10,55139.3,Transferencia,Aprobado
3948,3948,2025-09-19,76341.44,Mercado Pago,Aprobado
3949,3949,2025-11-29,69863.44,Tarjeta credito,Aprobado
3950,3950,2025-09-06,14504.74,Tarjeta credito,Aprobado
3951,3951,2025-09-08,28160.04,Tarjeta debito,Aprobado
3952,3952,2026-07-06,11329.15,Transferencia,Aprobado
3953,3953,2025-04-01,60047.8,Transferencia,Aprobado
3954,3954,2025-03-08,16105.74,Tarjeta credito,Aprobado
3955,3955,2025-04-20,24975.93,Mercado Pago,Aprobado
3956,3956,2025-11-29,0.0,Transferencia,Rechazado
3957,3957,2024-03-31,30484.16,Tarjeta credito,Aprobado
3958,3958,2025-09-03,83489.64,Tarjeta debito,Aprobado
3959,3959,2024-11-10,36026.21,Efectivo,Aprobado
3960,3960,2024-06-07,218805.65,Tarjeta credito,Aprobado
3961,3961,2025-12-28,69080.86,Mercado Pago,Aprobado
3962,3962,2025-08-14,0.0,Tarjeta debito,Rechazado
3963,3963,2026-08-09,31229.45,Mercado Pago,Aprobado
3964,3964,2024-01-28,23391.24,Transferencia,Aprobado
3965,3965,2024-08-19,13880.56,Tarjeta credito,Aprobado
3966,3966,2026-06-11,10487.85,Tarjeta debito,Aprobado
3967,3967,2024-04-20,16352.38,Mercado Pago,Aprobado
3968,3968,2026-01-15,65239.86,Tarjeta debito,Aprobado
3969,3969,2025-11-22,77531.18,Mercado Pago,Aprobado
3970,3970,2024-11-27,83731.9,Transferencia,Aprobado
3971,3971,2024-11-24,98677.53,Transferencia,Aprobado
3972,3972,2025-04-27,0.0,Tarjeta credito,Rechazado
3973,3973,2024-06-28,28410.71,Efectivo,Aprobado
3974,3974,2024-10-06,74592.9,Mercado Pago,Aprobado
3975,3975,2025-12-07,70404.81,Tarjeta debito,Aprobado
3976,3976,2024-12-18,149029.0,Tarjeta credito,Aprobado
3977,3977,2024-04-26,0.0,Tarjeta debito,Rechazado
3978,3978,2025-05-06,32326.05,Mercado Pago,Aprobado
3979,3979,2026-02-09,0.0,Tarjeta credito,Rechazado
3980,3980,2025-06-20,332510.75,Tarjeta credito,Aprobado
3981,3981,2025-11-18,0.0,Tarjeta credito,Rechazado
3982,3982,2025-08-12,113055.12,Tarjeta credito,Aprobado
3983,3983,2025-02-19,57154.91,Transferencia,Aprobado
3984,3984,2025-10-15,28442.88,Mercado Pago,Aprobado
3985,3985,2025-09-23,34809.44,Mercado Pago,Aprobado
3986,3986,2025-12-24,10054.12,Tarjeta credito,Aprobado
3987,3987,2025-09-24,90947.09,Tarjeta credito,Aprobado
3988,3988,2024-09-15,0.0,Tarjeta credito,Rechazado
3989,3989,2024-02-03,45790.59,Mercado Pago,Aprobado
3990,3990,2024-07-27,483182.27,Tarjeta credito,Pendiente
3991,3991,2026-04-13,12602.87,Efectivo,Aprobado
3992,3992,2024-10-19,88660.96,Tarjeta debito,Aprobado
3993,3993,2025-05-27,52473.06,Transferencia,Aprobado
3994,3994,2024-01-05,25161.23,Tarjeta credito,Aprobado
3995,3995,2024-01-29,30293.43,Tarjeta credito,Aprobado
3996,3996,2024-10-17,10993.9,Tarjeta debito,Aprobado
3997,3997,2025-07-27,38054.94,Mercado Pago,Aprobado
3998,3998,2026-03-23,27619.81,Transferencia,Aprobado
3999,3999,2026-03-21,104882.49,Mercado Pago,Aprobado
4000,4000,2024-07-18,10294.93,Transferencia,Aprobado
4001,4001,2025-04-10,7320.85,Tarjeta debito,Aprobado
4002,4002,2024-08-13,52339.68,Mercado Pago,Aprobado
4003,4003,2026-04-24,13271.68,Tarjeta credito,Pendiente
4004,4004,2026-06-27,250986.84,Efectivo,Aprobado
4005,4005,2025-01-01,4860.91,Tarjeta credito,Aprobado
4006,4006,2024-07-12,10593.06,Mercado Pago,Aprobado
4007,4007,2025-02-07,170060.69,Mercado Pago,Aprobado
4008,4008,2024-08-18,38082.94,Tarjeta credito,Aprobado
4009,4009,2025-11-02,112986.26,Transferencia,Aprobado
4010,4010,2024-01-26,85648.33,Tarjeta credito,Aprobado
4011,4011,2026-05-29,34827.72,Transferencia,Aprobado
4012,4012,2024-07-05,17094.67,Transferencia,Aprobado
4013,4013,2025-11-30,38579.34,Efectivo,Aprobado
4014,4014,2024-10-04,11101.94,Mercado Pago,Aprobado
4015,4015,2025-11-25,18691.2,Tarjeta credito,Aprobado
4016,4016,2025-10-04,204801.36,Tarjeta credito,Aprobado
4017,4017,2024-10-07,46311.16,Transferencia,Aprobado
4018,4018,2025-04-09,69198.06,Tarjeta credito,Aprobado
4019,4019,2025-10-23,72997.26,Efectivo,Aprobado
4020,4020,2026-03-26,11927.9,Transferencia,Aprobado
4021,4021,2026-07-16,136221.58,Tarjeta credito,Aprobado
4022,4022,2024-12-22,74924.11,Mercado Pago,Pendiente
4023,4023,2025-09-05,877547.5,Mercado Pago,Pendiente
4024,4024,2026-04-22,15254.82,Mercado Pago,Pendiente
4025,4025,2025-05-24,0.0,Tarjeta credito,Rechazado
4026,4026,2024-02-26,55452.29,Tarjeta credito,Aprobado
4027,4027,2024-11-17,55830.28,Transferencia,Aprobado
4028,4028,2024-09-25,63150.38,Tarjeta credito,Aprobado
4029,4029,2025-12-07,12936.46,Tarjeta debito,Aprobado
4030,4030,2024-07-07,158709.62,Tarjeta debito,Aprobado
4031,4031,2024-06-10,128535.24,Tarjeta debito,Aprobado
4032,4032,2024-09-08,15244.12,Tarjeta debito,Pendiente
4033,4033,2024-04-06,67180.56,Tarjeta credito,Aprobado
4034,4034,2025-07-13,14836.96,Tarjeta credito,Aprobado
4035,4035,2025-11-29,19677.39,Efectivo,Aprobado
4036,4036,2024-05-26,64668.55,Transferencia,Aprobado
4037,4037,2024-03-08,55635.78,Mercado Pago,Aprobado
4038,4038,2026-07-07,29861.4,Mercado Pago,Aprobado
4039,4039,2024-01-03,30806.6,Tarjeta credito,Aprobado
4040,4040,2024-10-02,10278.02,Tarjeta credito,Aprobado
4041,4041,2024-10-27,155573.88,Transferencia,Aprobado
4042,4042,2025-07-13,49589.87,Tarjeta credito,Aprobado
4043,4043,2024-12-02,39602.2,Tarjeta credito,Aprobado
4044,4044,2025-11-30,34317.19,Tarjeta debito,Aprobado
4045,4045,2025-09-10,94619.29,Tarjeta debito,Aprobado
4046,4046,2025-11-04,26803.97,Tarjeta credito,Aprobado
4047,4047,2024-05-07,58656.12,Tarjeta credito,Pendiente
4048,4048,2026-06-07,178794.12,Mercado Pago,Aprobado
4049,4049,2025-12-23,29678.02,Transferencia,Aprobado
4050,4050,2024-03-28,381735.56,Mercado Pago,Aprobado
4051,4051,2025-09-17,53898.03,Tarjeta credito,Aprobado
4052,4052,2026-07-15,0.0,Transferencia,Rechazado
4053,4053,2025-03-03,102532.87,Mercado Pago,Aprobado
4054,4054,2024-06-25,19176.33,Transferencia,Aprobado
4055,4055,2026-03-07,6757.36,Mercado Pago,Aprobado
4056,4056,2025-08-29,0.0,Tarjeta credito,Rechazado
4057,4057,2025-05-28,15337.16,Mercado Pago,Aprobado
4058,4058,2024-04-07,10682.82,Transferencia,Aprobado
4059,4059,2024-12-07,45332.49,tarjeta credito,Aprobado
4060,4060,2025-05-29,5720.99,Tarjeta credito,Pendiente
4061,4061,2024-03-24,38928.44,Tarjeta debito,Aprobado
4062,4062,2026-04-23,0.0,Transferencia,Rechazado
4063,4063,2025-02-03,16176.77,Tarjeta credito,Aprobado
4064,4064,2024-04-14,0.0,Efectivo,Rechazado
4065,4065,2025-08-16,28566.42,Tarjeta credito,Aprobado
4066,4066,2025-01-01,61302.72,Tarjeta debito,Aprobado
4067,4067,2026-02-23,2192908.91,Tarjeta debito,Aprobado
4068,4068,2025-02-28,76406.12,Transferencia,Aprobado
4069,4069,2024-09-24,7936.51,Efectivo,Aprobado
4070,4070,2024-11-20,18260.0,Transferencia,Aprobado
4071,4071,2025-09-18,35294.56,Mercado Pago,Aprobado
4072,4072,2025-12-20,48485.83,Mercado Pago,Aprobado
4073,4073,2024-06-04,52060.3,Mercado Pago,Aprobado
4074,4074,2024-07-09,40398.67,Mercado Pago,Aprobado
4075,4075,2026-07-24,109954.99,Tarjeta debito,Aprobado
4076,4076,2024-06-14,169549.9,Mercado Pago,Aprobado
4077,4077,2024-06-12,177693.88,Transferencia,Aprobado
4078,4078,2025-11-18,15489.08,Tarjeta debito,Aprobado
4079,4079,2025-07-28,57830.51,Mercado Pago,Aprobado
4080,4080,2024-11-22,115298.02,Tarjeta debito,Aprobado
4081,4081,2025-04-03,0.0,Tarjeta credito,Rechazado
4082,4082,2024-05-31,181963.77,Efectivo,Aprobado
4083,4083,2024-04-27,85638.74,Tarjeta debito,Aprobado
4084,4084,2024-11-09,27591.24,Tarjeta credito,Aprobado
4085,4085,2026-04-11,5426.14,Tarjeta debito,Pendiente
4086,4086,2025-11-05,6813.56,Tarjeta debito,Aprobado
4087,4087,2024-12-30,22141.13,Transferencia,Aprobado
4088,4088,2025-01-02,98359.71,Transferencia,Aprobado
4089,4089,2024-10-11,1560844.11,Tarjeta credito,Aprobado
4090,4090,2024-12-14,0.0,Transferencia,Rechazado
4091,4091,2024-12-23,111121.47,Mercado Pago,Aprobado
4092,4092,2025-07-13,49628.55,Tarjeta credito,Aprobado
4093,4093,2026-05-25,7796.47,Tarjeta credito,Aprobado
4094,4094,2026-06-10,104990.69,Tarjeta credito,Aprobado
4095,4095,2025-11-20,0.0,Efectivo,Rechazado
4096,4096,2025-11-19,56706.24,Tarjeta credito,Aprobado
4097,4097,2026-05-12,114305.38,Mercado Pago,Aprobado
4098,4098,2026-08-12,60766.42,Transferencia,Aprobado
4099,4099,2025-12-15,13956.9,Transferencia,Aprobado
4100,4100,2026-02-13,82420.13,Efectivo,Aprobado
4101,4101,2024-06-02,19427.29,Tarjeta credito,Aprobado
4102,4102,2024-07-15,8025.34,Tarjeta credito,Aprobado
4103,4103,2026-05-18,71896.64,Mercado Pago,Aprobado
4104,4104,2024-11-22,49321.89,Tarjeta credito,Aprobado
4105,4105,2026-03-19,144016.13,Transferencia,Aprobado
4106,4106,2024-08-19,20223.87,Tarjeta credito,Aprobado
4107,4107,2024-09-25,61338.42,Tarjeta credito,Aprobado
4108,4108,2024-11-06,58712.07,Mercado Pago,Aprobado
4109,4109,2026-06-13,9925.35,Transferencia,Pendiente
4110,4110,2025-06-27,54987.1,Efectivo,Pendiente
4111,4111,2024-04-23,0.0,Tarjeta credito,Rechazado
4112,4112,2025-05-09,0.0,Mercado Pago,Rechazado
4113,4113,2024-04-19,95031.24,Transferencia,Aprobado
4114,4114,2025-01-29,46947.25,Mercado Pago,Aprobado
4115,4115,2024-07-04,89303.67,Efectivo,Aprobado
4116,4116,2025-02-21,61021.04,Transferencia,Aprobado
4117,4117,2024-10-01,58031.92,Tarjeta credito,Aprobado
4118,4118,2025-05-12,34472.66,Efectivo,Aprobado
4119,4119,2025-05-05,56431.38,Tarjeta debito,Aprobado
4120,4120,2025-05-18,138726.36,Tarjeta credito,Aprobado
4121,4121,2025-03-31,29075.07,Efectivo,Aprobado
4122,4122,2025-11-22,36216.06,Tarjeta credito,Aprobado
4123,4123,2026-04-10,26650.04,Transferencia,Aprobado
4124,4124,2026-01-14,66204.72,Mercado Pago,Aprobado
4125,4125,2026-05-03,0.0,Tarjeta debito,Rechazado
4126,4126,2025-08-26,0.0,Transferencia,Rechazado
4127,4127,2024-03-22,78925.13,Mercado Pago,Aprobado
4128,4128,2025-01-08,45807.81,Transferencia,Aprobado
4129,4129,2025-02-01,257988.08,Tarjeta credito,Aprobado
4130,4130,2024-11-30,76191.71,Mercado Pago,Aprobado
4131,4131,2026-03-25,208094.21,Transferencia,Aprobado
4132,4132,2024-12-05,11995.08,Tarjeta credito,Aprobado
4133,4133,2025-01-20,68705.76,Mercado Pago,Aprobado
4134,4134,2024-06-06,9723.52,Tarjeta credito,Aprobado
4135,4135,2026-03-07,3621.99,Transferencia,Pendiente
4136,4136,2025-09-22,0.0,Tarjeta credito,Rechazado
4137,4137,2025-03-24,61245.12,Tarjeta credito,Aprobado
4138,4138,2025-09-04,274620.93,Tarjeta credito,Aprobado
4139,4139,2025-09-01,27711.14,Tarjeta debito,Aprobado
4140,4140,2024-04-30,23160.94,Transferencia,Aprobado
4141,4141,2025-08-19,57003.82,Tarjeta debito,Aprobado
4142,4142,2024-11-24,45654.06,Tarjeta debito,Aprobado
4143,4143,2025-12-07,46535.3,Transferencia,Aprobado
4144,4144,2026-07-26,111681.79,Tarjeta debito,Pendiente
4145,4145,2024-12-09,34770.67,Tarjeta credito,Aprobado
4146,4146,2025-11-19,64030.21,Tarjeta credito,Aprobado
4147,4147,2024-04-25,0.0,Tarjeta debito,Rechazado
4148,4148,2025-04-12,0.0,Tarjeta debito,Rechazado
4149,4149,2025-06-25,64524.64,Transferencia,Aprobado
4150,4150,2024-04-27,9865.17,Tarjeta credito,Aprobado
4151,4151,2026-02-16,23908.13,Tarjeta credito,Aprobado
4152,4152,2026-05-26,82734.03,Tarjeta credito,Aprobado
4153,4153,2024-12-09,89753.94,Mercado Pago,Aprobado
4154,4154,2024-04-15,0.0,Transferencia,Rechazado
4155,4155,2024-03-21,17306.98,Tarjeta credito,Aprobado
4156,4156,2026-06-28,36594.13,Tarjeta credito,Aprobado
4157,4157,2025-12-26,35487.7,Tarjeta credito,Aprobado
4158,4158,2024-09-22,129218.58,Tarjeta credito,Aprobado
4159,4159,2025-10-30,41600.8,Mercado Pago,Aprobado
4160,4160,2026-03-27,25259.34,Tarjeta credito,Aprobado
4161,4161,2024-04-25,24615.88,Tarjeta credito,Aprobado
4162,4162,2026-03-31,28729.31,Mercado Pago,Aprobado
4163,4163,2025-01-26,153798.86,Efectivo,Aprobado
4164,4164,2026-04-03,28551.95,Tarjeta credito,Aprobado
4165,4165,2024-07-21,115658.07,Tarjeta debito,Aprobado
4166,4166,2024-08-14,58910.71,Tarjeta credito,Aprobado
4167,4167,2024-05-04,44457.91,Efectivo,Aprobado
4168,4168,2024-07-02,36587.36,Mercado Pago,Aprobado
4169,4169,2024-03-11,0.0,Tarjeta debito,Rechazado
4170,4170,2026-07-24,96997.79,Transferencia,Aprobado
4171,4171,2024-10-14,234988.41,Transferencia,Aprobado
4172,4172,2025-11-09,28327.75,Tarjeta debito,Aprobado
4173,4173,2026-03-22,72368.84,Efectivo,Aprobado
4174,4174,2025-07-13,92789.17,Tarjeta credito,Aprobado
4175,4175,2024-07-30,166099.19,Mercado Pago,Aprobado
4176,4176,2024-02-02,67158.04,Tarjeta debito,Aprobado
4177,4177,2026-01-03,17599.86,Mercado Pago,Aprobado
4178,4178,2024-06-24,71179.09,Tarjeta credito,Aprobado
4179,4179,2025-11-28,97696.64,Tarjeta debito,Pendiente
4180,4180,2026-07-31,111034.94,Tarjeta debito,Aprobado
4181,4181,2024-04-12,135393.56,Transferencia,Aprobado
4182,4182,2026-06-29,103236.98,Transferencia,Aprobado
4183,4183,2026-06-08,0.0,Tarjeta debito,Rechazado
4184,4184,2025-01-03,150430.06,Tarjeta credito,Aprobado
4185,4185,2026-06-05,0.0,Efectivo,Rechazado
4186,4186,2024-08-06,11581.92,Transferencia,Aprobado
4187,4187,2025-05-14,18771.0,Tarjeta credito,Aprobado
4188,4188,2025-10-20,13141.33,Tarjeta credito,Aprobado
4189,4189,2024-01-04,164411.1,Tarjeta debito,Aprobado
4190,4190,2026-02-09,11777.28,Transferencia,Aprobado
4191,4191,2025-03-23,18879.02,Tarjeta credito,Aprobado
4192,4192,2026-04-06,14082.01,Tarjeta debito,Pendiente
4193,4193,2026-03-31,32070.22,Tarjeta credito,Aprobado
4194,4194,2024-05-10,28297.0,Tarjeta debito,Aprobado
4195,4195,2024-06-23,10572.18,Transferencia,Aprobado
4196,4196,2026-08-28,150409.84,Efectivo,Aprobado
4197,4197,2025-04-01,91650.85,Tarjeta credito,Aprobado
4198,4198,2025-05-16,212506.06,Tarjeta debito,Aprobado
4199,4199,2025-04-27,143208.41,Tarjeta credito,Aprobado
4200,4200,2025-01-19,115237.56,Tarjeta debito,Aprobado
4201,4201,2026-03-19,194153.69,Tarjeta credito,Aprobado
4202,4202,2025-12-15,17298.86,Tarjeta credito,Aprobado
4203,4203,2025-01-10,0.0,Mercado Pago,Rechazado
4204,4204,2024-08-26,0.0,Mercado Pago,Rechazado
4205,4205,2025-12-03,138614.2,tarjeta credito,Aprobado
4206,4206,2025-12-22,20487.28,Tarjeta credito,Aprobado
4207,4207,2025-05-13,48682.2,Efectivo,Aprobado
4208,4208,2026-07-14,359097.66,Mercado Pago,Aprobado
4209,4209,2024-11-10,57941.24,Mercado Pago,Aprobado
4210,4210,2025-05-03,23744.97,Mercado Pago,Aprobado
4211,4211,2026-08-20,93251.85,Tarjeta credito,Aprobado
4212,4212,2026-08-29,84630.93,Tarjeta credito,Pendiente
4213,4213,2025-09-12,351763.68,Tarjeta debito,Aprobado
4214,4214,2025-10-18,40871.38,Tarjeta debito,Aprobado
4215,4215,2024-08-17,38961.59,Tarjeta credito,Aprobado
4216,4216,2025-07-09,21312.0,Tarjeta credito,Aprobado
4217,4217,2026-03-02,138906.28,Tarjeta credito,Pendiente
4218,4218,2024-06-06,0.0,Transferencia,Rechazado
4219,4219,2026-05-21,41180.01,Tarjeta debito,Pendiente
4220,4220,2024-03-11,100610.0,Mercado Pago,Aprobado
4221,4221,2026-03-08,11835.7,Transferencia,Aprobado
4222,4222,2026-06-27,0.0,Transferencia,Rechazado
4223,4223,2025-03-28,46857.84,Mercado Pago,Pendiente
4224,4224,2026-01-15,53522.9,Transferencia,Aprobado
4225,4225,2024-05-18,21607.61,Tarjeta credito,Aprobado
4226,4226,2025-12-03,39467.81,Tarjeta credito,Aprobado
4227,4227,2025-08-26,0.0,Transferencia,Rechazado
4228,4228,2025-02-05,0.0,Efectivo,Rechazado
4229,4229,2025-12-07,31299.87,Mercado Pago,Aprobado
4230,4230,2025-04-20,10845.59,Tarjeta debito,Aprobado
4231,4231,2024-03-29,0.0,Tarjeta credito,Rechazado
4232,4232,2024-05-10,0.0,Efectivo,Rechazado
4233,4233,2024-01-11,11747.95,Transferencia,Aprobado
4234,4234,2026-05-05,38848.96,Tarjeta debito,Aprobado
4235,4235,2025-04-26,26618.8,Mercado Pago,Aprobado
4236,4236,2024-08-10,37567.42,Tarjeta credito,Aprobado
4237,4237,2024-05-13,25903.71,Tarjeta credito,Aprobado
4238,4238,2026-02-09,22002.96,Efectivo,Aprobado
4239,4239,2025-03-31,175701.65,Transferencia,Aprobado
4240,4240,2025-03-17,68668.92,Efectivo,Aprobado
4241,4241,2024-02-22,19711.67,Mercado Pago,Aprobado
4242,4242,2026-05-11,288737.5,Tarjeta credito,Aprobado
4243,4243,2026-01-11,48093.88,Tarjeta debito,Aprobado
4244,4244,2026-03-21,40971.69,Tarjeta debito,Aprobado
4245,4245,2026-01-31,13314.3,Tarjeta credito,Aprobado
4246,4246,2025-05-20,169850.66,Mercado Pago,Aprobado
4247,4247,2025-02-17,76649.78,Mercado Pago,Aprobado
4248,4248,2024-12-25,40208.35,Transferencia,Aprobado
4249,4249,2025-04-06,11055.14,Tarjeta credito,Aprobado
4250,4250,2025-12-30,13611.28,Mercado Pago,Aprobado
4251,4251,2025-03-27,0.0,Tarjeta credito,Rechazado
4252,4252,2025-12-09,59537.78,Tarjeta credito,Aprobado
4253,4253,2024-09-05,18940.72,Tarjeta credito,Aprobado
4254,4254,2025-09-22,19044.0,Tarjeta credito,Aprobado
4255,4255,2024-07-06,19782.26,Tarjeta credito,Aprobado
4256,4256,2025-12-17,39894.42,Transferencia,Aprobado
4257,4257,2024-12-29,198703.09,Transferencia,Aprobado
4258,4258,2025-12-17,51099.78,Tarjeta debito,Aprobado
4259,4259,2024-11-30,96424.0,Tarjeta credito,Aprobado
4260,4260,2026-03-24,17292.17,Mercado Pago,Aprobado
4261,4261,2025-04-12,14968.47,Mercado Pago,Aprobado
4262,4262,2024-01-11,94594.09,Tarjeta credito,Aprobado
4263,4263,2025-12-12,46927.01,Tarjeta credito,Aprobado
4264,4264,2025-11-27,262822.78,Tarjeta credito,Aprobado
4265,4265,2024-02-25,254816.1,Transferencia,Aprobado
4266,4266,2026-08-07,0.0,Tarjeta credito,Rechazado
4267,4267,2024-11-22,69271.9,Mercado Pago,Aprobado
4268,4268,2025-09-24,44593.01,Tarjeta debito,Aprobado
4269,4269,2025-04-02,38708.14,Efectivo,Aprobado
4270,4270,2025-05-08,126822.48,Tarjeta debito,Aprobado
4271,4271,2026-04-10,173643.91,Transferencia,Pendiente
4272,4272,2025-12-05,37419.62,Mercado Pago,Aprobado
4273,4273,2025-08-02,370796.76,Tarjeta credito,Aprobado
4274,4274,2025-01-04,79273.69,Tarjeta credito,Aprobado
4275,4275,2025-08-07,18592.44,Mercado Pago,Aprobado
4276,4276,2025-03-07,79655.04,Mercado Pago,Aprobado
4277,4277,2025-04-18,0.0,efectivo,Rechazado
4278,4278,2025-06-08,24526.92,Efectivo,Aprobado
4279,4279,2026-01-14,17228.44,Tarjeta credito,Pendiente
4280,4280,2024-04-20,76874.48,Tarjeta credito,Aprobado
4281,4281,2024-12-10,7574.94,Tarjeta credito,Aprobado
4282,4282,2025-09-24,89338.5,Transferencia,Aprobado
4283,4283,2025-08-11,201123.57,mercado pago,Aprobado
4284,4284,2024-09-29,158497.15,Tarjeta debito,Aprobado
4285,4285,2025-08-31,29045.92,Transferencia,Aprobado
4286,4286,2024-11-12,298342.48,Tarjeta credito,Aprobado
4287,4287,2026-03-12,233741.33,Tarjeta credito,Aprobado
4288,4288,2024-01-14,29026.69,Tarjeta credito,Aprobado
4289,4289,2026-04-05,7523.37,Tarjeta credito,Aprobado
4290,4290,2026-07-31,172132.35,Mercado Pago,Aprobado
4291,4291,2026-02-10,29391.92,Transferencia,Aprobado
4292,4292,2024-10-06,53477.66,Transferencia,Aprobado
4293,4293,2026-03-29,103102.91,Mercado Pago,Aprobado
4294,4294,2024-10-31,0.0,Tarjeta credito,Rechazado
4295,4295,2026-07-24,80235.72,Tarjeta credito,Aprobado
4296,4296,2025-02-14,29649.47,Tarjeta credito,Aprobado
4297,4297,2024-02-18,20699.28,Tarjeta credito,Aprobado
4298,4298,2024-04-20,17915.74,Tarjeta credito,Aprobado
4299,4299,2024-12-09,17241.99,Tarjeta debito,Aprobado
4300,4300,2024-07-20,76070.65,Efectivo,Aprobado
4301,4301,2024-07-13,91260.27,Mercado Pago,Aprobado
4302,4302,2026-02-07,0.0,Tarjeta credito,Rechazado
4303,4303,2024-12-20,50514.67,Tarjeta credito,Pendiente
4304,4304,2025-11-28,21670.95,Tarjeta credito,Aprobado
4305,4305,2025-05-03,50754.34,Tarjeta credito,Aprobado
4306,4306,2025-01-29,27904.68,Transferencia,Aprobado
4307,4307,2024-11-22,14201.12,Mercado Pago,Aprobado
4308,4308,2024-08-31,7249.44,Tarjeta credito,Aprobado
4309,4309,2025-01-24,255588.49,Transferencia,Aprobado
4310,4310,2026-05-15,62164.81,Transferencia,Aprobado
4311,4311,2024-03-21,31348.4,Tarjeta credito,Aprobado
4312,4312,2024-04-02,28427.64,Transferencia,Aprobado
4313,4313,2026-07-14,1709272.17,Tarjeta credito,Aprobado
4314,4314,2026-03-07,22879.14,Tarjeta credito,Aprobado
4315,4315,2024-11-14,28087.21,Mercado Pago,Aprobado
4316,4316,2024-10-09,127814.83,Transferencia,Aprobado
4317,4317,2025-09-24,36315.0,Tarjeta credito,Aprobado
4318,4318,2025-01-21,41854.88,Tarjeta credito,Aprobado
4319,4319,2024-11-27,27690.48,Mercado Pago,Aprobado
4320,4320,2025-04-20,11347.01,Mercado Pago,Aprobado
4321,4321,2025-08-29,30131.82,Tarjeta debito,Aprobado
4322,4322,2024-12-23,51266.16,Mercado Pago,Aprobado
4323,4323,2025-12-24,0.0,Tarjeta credito,Rechazado
4324,4324,2024-10-24,47484.7,Transferencia,Pendiente
4325,4325,2026-02-21,0.0,Tarjeta debito,Rechazado
4326,4326,2025-11-08,88061.45,Efectivo,Aprobado
4327,4327,2024-06-11,9585.68,Tarjeta credito,Aprobado
4328,4328,2024-12-29,22348.96,Tarjeta debito,Aprobado
4329,4329,2025-03-17,14498.64,Tarjeta credito,Aprobado
4330,4330,2025-10-04,20145.03,Efectivo,Aprobado
4331,4331,2024-09-25,29861.5,Transferencia,Aprobado
4332,4332,2025-04-11,6534.06,Tarjeta credito,Aprobado
4333,4333,2025-12-10,0.0,Tarjeta credito,Rechazado
4334,4334,2024-12-16,50909.73,Tarjeta credito,Aprobado
4335,4335,2026-05-20,25871.48,Tarjeta credito,Pendiente
4336,4336,2024-04-19,77909.71,Tarjeta credito,Aprobado
4337,4337,2025-01-07,61498.81,Transferencia,Aprobado
4338,4338,2026-07-23,348906.97,Efectivo,Aprobado
4339,4339,2026-02-06,81914.03,Mercado Pago,Aprobado
4340,4340,2025-10-18,11884.5,Tarjeta debito,Aprobado
4341,4341,2025-12-03,127802.55,Tarjeta debito,Aprobado
4342,4342,2025-12-25,0.0,Mercado Pago,Rechazado
4343,4343,2024-12-28,55415.86,Transferencia,Aprobado
4344,4344,2026-06-21,65566.91,Tarjeta credito,Aprobado
4345,4345,2025-09-13,75016.32,efectivo,Pendiente
4346,4346,2025-08-04,0.0,Transferencia,Rechazado
4347,4347,2025-11-09,49353.41,Tarjeta credito,Aprobado
4348,4348,2025-04-08,64265.68,Tarjeta debito,Aprobado
4349,4349,2025-02-15,36889.9,Mercado Pago,Aprobado
4350,4350,2024-10-03,15222.96,Mercado Pago,Aprobado
4351,4351,2024-11-09,62023.72,Tarjeta credito,Aprobado
4352,4352,2024-03-21,0.0,Tarjeta credito,Rechazado
4353,4353,2026-03-02,67674.33,Mercado Pago,Aprobado
4354,4354,2025-07-15,206027.24,Mercado Pago,Aprobado
4355,4355,2024-07-12,51796.74,Tarjeta credito,Aprobado
4356,4356,2025-07-20,35308.86,Transferencia,Aprobado
4357,4357,2024-04-29,0.0,Mercado Pago,Rechazado
4358,4358,2025-12-21,63204.4,Tarjeta credito,Aprobado
4359,4359,2026-03-14,56620.75,mercado pago,Aprobado
4360,4360,2025-12-09,0.0,Tarjeta debito,Rechazado
4361,4361,2024-09-16,37182.26,Mercado Pago,Aprobado
4362,4362,2025-10-28,102967.94,Mercado Pago,Aprobado
4363,4363,2025-08-05,147436.07,Transferencia,Aprobado
4364,4364,2026-08-19,25574.32,Tarjeta credito,Aprobado
4365,4365,2025-09-16,196466.85,Mercado Pago,Pendiente
4366,4366,2025-04-26,50745.54,Mercado Pago,Aprobado
4367,4367,2024-02-24,8787.91,Tarjeta debito,Aprobado
4368,4368,2025-05-22,0.0,Transferencia,Rechazado
4369,4369,2025-03-04,0.0,Transferencia,Rechazado
4370,4370,2024-12-31,23164.33,Transferencia,Aprobado
4371,4371,2024-05-24,40122.38,Tarjeta credito,Aprobado
4372,4372,2026-08-27,9756.66,transferencia,Aprobado
4373,4373,2025-12-30,54405.88,Tarjeta debito,Aprobado
4374,4374,2024-11-28,349154.16,Mercado Pago,Aprobado
4375,4375,2026-01-15,95450.76,Transferencia,Aprobado
4376,4376,2025-04-12,23609.64,Tarjeta debito,Aprobado
4377,4377,2025-12-02,44366.26,Transferencia,Aprobado
4378,4378,2025-10-20,67406.49,Mercado Pago,Aprobado
4379,4379,2024-01-17,16725.84,Transferencia,Pendiente
4380,4380,2025-11-24,14292.48,Transferencia,Aprobado
4381,4381,2026-01-19,47848.55,Transferencia,Aprobado
4382,4382,2024-11-09,40888.44,Tarjeta debito,Pendiente
4383,4383,2026-03-17,15352.56,Tarjeta debito,Aprobado
4384,4384,2026-04-11,17824.92,Tarjeta debito,Aprobado
4385,4385,2025-02-01,78897.02,Efectivo,Aprobado
4386,4386,2025-01-01,22930.96,Transferencia,Aprobado
4387,4387,2025-12-11,55503.17,Transferencia,Aprobado
4388,4388,2024-11-16,19432.26,Tarjeta debito,Aprobado
4389,4389,2024-07-13,173397.72,Tarjeta credito,Pendiente
4390,4390,2026-06-28,0.0,Efectivo,Rechazado
4391,4391,2024-03-22,7356.08,Tarjeta credito,Aprobado
4392,4392,2026-05-02,21927.84,Tarjeta credito,Pendiente
4393,4393,2025-04-21,94252.26,Tarjeta credito,Aprobado
4394,4394,2025-01-04,24387.65,Tarjeta credito,Pendiente
4395,4395,2024-09-09,10207.19,Tarjeta credito,Aprobado
4396,4396,2024-10-30,55265.0,Tarjeta credito,Aprobado
4397,4397,2024-12-15,52825.16,Tarjeta credito,Aprobado
4398,4398,2025-10-03,0.0,Tarjeta credito,Rechazado
4399,4399,2025-06-17,16612.56,Mercado Pago,Aprobado
4400,4400,2025-10-10,77005.14,Efectivo,Pendiente
4401,4401,2024-12-13,22535.72,Transferencia,Aprobado
4402,4402,2025-10-28,18620.74,Tarjeta credito,Aprobado
4403,4403,2026-06-05,90341.76,Tarjeta debito,Aprobado
4404,4404,2024-10-31,111496.43,Tarjeta credito,Aprobado
4405,4405,2024-05-12,71604.81,Efectivo,Aprobado
4406,4406,2025-06-14,16698.38,Tarjeta credito,Aprobado
4407,4407,2025-09-26,152074.22,Tarjeta credito,Aprobado
4408,4408,2025-07-18,25164.08,Tarjeta debito,Aprobado
4409,4409,2026-05-21,72925.9,Mercado Pago,Aprobado
4410,4410,2025-07-25,188288.02,Transferencia,Aprobado
4411,4411,2025-06-28,0.0,Mercado Pago,Rechazado
4412,4412,2025-07-25,63741.99,Tarjeta credito,Pendiente
4413,4413,2025-06-07,10284.2,Tarjeta debito,Aprobado
4414,4414,2024-10-29,9826.26,Tarjeta credito,Aprobado
4415,4415,2026-02-19,45896.07,Tarjeta credito,Aprobado
4416,4416,2024-01-10,117448.24,Tarjeta credito,Aprobado
4417,4417,2026-03-05,57254.24,Tarjeta debito,Aprobado
4418,4418,2025-06-27,89253.12,Mercado Pago,Aprobado
4419,4419,2024-05-23,0.0,Tarjeta debito,Rechazado
4420,4420,2024-06-27,9641.95,Tarjeta debito,Aprobado
4421,4421,2025-08-20,38635.75,Tarjeta debito,Aprobado
4422,4422,2026-06-06,228653.57,Tarjeta credito,Aprobado
4423,4423,2024-05-17,55688.2,Tarjeta credito,Aprobado
4424,4424,2025-05-07,78343.76,Tarjeta credito,Aprobado
4425,4425,2024-11-21,24618.57,Tarjeta debito,Aprobado
4426,4426,2024-12-09,106967.56,Tarjeta debito,Aprobado
4427,4427,2025-11-03,63928.9,Tarjeta credito,Aprobado
4428,4428,2025-02-23,155318.74,Tarjeta credito,Aprobado
4429,4429,2026-06-17,34605.49,Tarjeta debito,Aprobado
4430,4430,2025-05-31,138658.44,Tarjeta credito,Aprobado
4431,4431,2024-07-28,13092.07,Transferencia,Aprobado
4432,4432,2025-07-11,172248.18,Mercado Pago,Aprobado
4433,4433,2025-03-07,131486.91,Tarjeta credito,Pendiente
4434,4434,2024-11-07,107925.85,Transferencia,Aprobado
4435,4435,2025-09-20,31838.49,Tarjeta credito,Aprobado
4436,4436,2024-07-12,0.0,Tarjeta credito,Rechazado
4437,4437,2026-06-25,86907.97,Mercado Pago,Aprobado
4438,4438,2026-03-20,110028.04,Tarjeta credito,Aprobado
4439,4439,2024-10-01,176600.74,Tarjeta debito,Pendiente
4440,4440,2024-06-17,7631.87,Tarjeta credito,Aprobado
4441,4441,2025-03-28,28299.09,Transferencia,Aprobado
4442,4442,2024-03-26,38836.16,Tarjeta credito,Aprobado
4443,4443,2024-11-13,35581.08,Transferencia,Aprobado
4444,4444,2024-01-18,64412.66,Tarjeta credito,Aprobado
4445,4445,2024-08-09,0.0,Efectivo,Rechazado
4446,4446,2024-11-14,133241.93,Tarjeta credito,Aprobado
4447,4447,2024-11-28,10405.09,Mercado Pago,Aprobado
4448,4448,2025-12-12,40514.62,Mercado Pago,Aprobado
4449,4449,2026-07-01,20091.84,Tarjeta credito,Aprobado
4450,4450,2024-12-25,91096.75,efectivo,Aprobado
4451,4451,2024-05-25,26005.06,Transferencia,Aprobado
4452,4452,2026-04-06,28350.36,Transferencia,Aprobado
4453,4453,2024-08-31,0.0,Transferencia,Rechazado
4454,4454,2024-01-23,34139.59,Tarjeta debito,Aprobado
4455,4455,2024-11-25,24377.04,Tarjeta debito,Aprobado
4456,4456,2024-07-09,80384.86,Tarjeta credito,Aprobado
4457,4457,2024-05-26,46693.69,tarjeta credito,Pendiente
4458,4458,2026-08-15,19660.2,Mercado Pago,Aprobado
4459,4459,2024-10-18,0.0,Tarjeta debito,Rechazado
4460,4460,2025-06-27,10353.68,Tarjeta credito,Aprobado
4461,4461,2024-07-02,19413.48,Tarjeta debito,Pendiente
4462,4462,2024-04-03,15413.8,Tarjeta credito,Aprobado
4463,4463,2025-02-06,173485.36,Tarjeta credito,Aprobado
4464,4464,2026-03-09,50083.45,Mercado Pago,Aprobado
4465,4465,2026-04-20,90011.67,Mercado Pago,Aprobado
4466,4466,2025-12-22,41646.14,Efectivo,Aprobado
4467,4467,2025-02-19,24312.19,Tarjeta credito,Aprobado
4468,4468,2024-08-28,18065.71,Tarjeta credito,Pendiente
4469,4469,2026-03-17,27125.06,Tarjeta debito,Aprobado
4470,4470,2024-12-24,23762.73,Transferencia,Aprobado
4471,4471,2026-06-08,20672.43,Mercado Pago,Aprobado
4472,4472,2024-04-29,65929.3,Tarjeta credito,Aprobado
4473,4473,2024-03-28,9769.1,Tarjeta credito,Aprobado
4474,4474,2025-06-30,84667.11,Efectivo,Aprobado
4475,4475,2025-12-04,14538.58,Tarjeta credito,Aprobado
4476,4476,2024-03-09,34420.74,Tarjeta credito,Aprobado
4477,4477,2024-09-12,28068.4,Tarjeta debito,Aprobado
4478,4478,2026-02-17,19961.22,Efectivo,Aprobado
4479,4479,2024-11-02,56065.29,Mercado Pago,Aprobado
4480,4480,2026-04-12,165444.6,Tarjeta credito,Aprobado
4481,4481,2024-10-24,146518.27,Transferencia,Aprobado
4482,4482,2024-10-01,113203.47,Transferencia,Pendiente
4483,4483,2026-03-26,90214.62,Mercado Pago,Aprobado
4484,4484,2024-05-26,64531.26,Mercado Pago,Aprobado
4485,4485,2024-12-31,41850.9,Mercado Pago,Aprobado
4486,4486,2025-05-16,34054.59,Tarjeta debito,Aprobado
4487,4487,2024-02-18,5263.55,Tarjeta debito,Aprobado
4488,4488,2024-11-13,26968.26,Efectivo,Aprobado
4489,4489,2026-04-10,38597.73,Tarjeta credito,Aprobado
4490,4490,2025-07-04,12803.73,Tarjeta credito,Pendiente
4491,4491,2024-06-01,0.0,Transferencia,Rechazado
4492,4492,2024-05-02,126216.9,Transferencia,Aprobado
4493,4493,2024-11-05,29633.55,Tarjeta credito,Aprobado
4494,4494,2025-03-26,0.0,Mercado Pago,Rechazado
4495,4495,2025-05-13,28707.7,Tarjeta debito,Aprobado
4496,4496,2025-12-26,61787.5,Efectivo,Aprobado
4497,4497,2025-05-04,270520.8,Mercado Pago,Aprobado
4498,4498,2024-06-28,201672.41,Transferencia,Aprobado
4499,4499,2024-09-12,37982.16,Transferencia,Aprobado
4500,4500,2026-04-24,42735.6,Mercado Pago,Aprobado
4501,4501,2025-12-29,19269.64,Mercado Pago,Aprobado
4502,4502,2025-12-03,72673.61,Tarjeta credito,Aprobado
4503,4503,2026-02-09,145899.83,Transferencia,Aprobado
4504,4504,2025-06-27,191170.38,Tarjeta credito,Aprobado
4505,4505,2024-07-04,59571.41,Tarjeta debito,Aprobado
4506,4506,2026-03-23,31480.36,Tarjeta debito,Aprobado
4507,4507,2024-07-09,26502.95,Tarjeta credito,Aprobado
4508,4508,2024-12-16,11619.09,Mercado Pago,Pendiente
4509,4509,2024-12-23,0.0,Mercado Pago,Rechazado
4510,4510,2024-11-03,47005.91,Tarjeta credito,Aprobado
4511,4511,2024-05-04,352814.68,Mercado Pago,Aprobado
4512,4512,2024-04-23,229371.5,Mercado Pago,Aprobado
4513,4513,2024-06-01,134687.98,Tarjeta debito,Aprobado
4514,4514,2026-07-16,13954.26,Tarjeta debito,Aprobado
4515,4515,2024-10-09,5553.88,Transferencia,Aprobado
4516,4516,2024-02-06,16809.97,mercado pago,Aprobado
4517,4517,2026-02-11,140037.69,Tarjeta credito,Pendiente
4518,4518,2024-05-12,5210.69,Mercado Pago,Aprobado
4519,4519,2025-12-18,147310.95,Tarjeta credito,Aprobado
4520,4520,2025-04-18,14110.13,Efectivo,Aprobado
4521,4521,2026-08-20,36907.83,Tarjeta credito,Aprobado
4522,4522,2024-01-17,105586.42,Tarjeta debito,Aprobado
4523,4523,2026-05-25,126502.27,Efectivo,Aprobado
4524,4524,2025-04-10,24478.12,Tarjeta credito,Aprobado
4525,4525,2025-11-07,76578.49,Tarjeta credito,Aprobado
4526,4526,2025-05-15,68127.59,Mercado Pago,Aprobado
4527,4527,2025-10-27,144148.81,Tarjeta debito,Pendiente
4528,4528,2024-11-03,29222.47,Tarjeta credito,Aprobado
4529,4529,2024-04-12,5630.63,Mercado Pago,Aprobado
4530,4530,2025-05-07,14925.65,Mercado Pago,Aprobado
4531,4531,2024-07-21,12140.1,Tarjeta credito,Pendiente
4532,4532,2024-04-06,71715.51,Tarjeta credito,Aprobado
4533,4533,2025-11-17,79199.91,Tarjeta debito,Aprobado
4534,4534,2024-02-27,58368.19,Tarjeta credito,Aprobado
4535,4535,2024-09-08,49764.01,Transferencia,Aprobado
4536,4536,2026-07-25,28540.98,Tarjeta credito,Pendiente
4537,4537,2025-03-29,53903.19,Mercado Pago,Aprobado
4538,4538,2025-05-30,51454.36,Mercado Pago,Aprobado
4539,4539,2024-05-03,14126.43,Tarjeta debito,Aprobado
4540,4540,2024-11-17,5570.51,Tarjeta debito,Aprobado
4541,4541,2024-01-07,19441.94,Tarjeta credito,Aprobado
4542,4542,2025-12-04,33143.75,Tarjeta credito,Aprobado
4543,4543,2024-06-15,136083.58,Tarjeta debito,Aprobado
4544,4544,2026-08-19,141959.56,Tarjeta credito,Aprobado
4545,4545,2026-07-02,7938.04,Tarjeta credito,Pendiente
4546,4546,2024-04-16,76564.47,Transferencia,Aprobado
4547,4547,2024-08-17,10821.33,Efectivo,Aprobado
4548,4548,2026-06-27,12113.17,Efectivo,Aprobado
4549,4549,2025-11-21,37096.54,Tarjeta credito,Pendiente
4550,4550,2026-03-21,136837.24,Tarjeta debito,Aprobado
4551,4551,2025-05-17,81551.81,Mercado Pago,Aprobado
4552,4552,2024-10-14,3596.76,Tarjeta credito,Aprobado
4553,4553,2026-04-17,25460.37,Efectivo,Aprobado
4554,4554,2024-05-18,225283.19,Mercado Pago,Aprobado
4555,4555,2026-06-27,121029.88,Efectivo,Aprobado
4556,4556,2025-07-04,56520.3,Tarjeta debito,Aprobado
4557,4557,2025-10-28,0.0,Tarjeta credito,Rechazado
4558,4558,2026-07-03,115720.9,Tarjeta credito,Aprobado
4559,4559,2024-09-04,125023.49,Mercado Pago,Aprobado
4560,4560,2025-04-11,170548.52,Tarjeta credito,Aprobado
4561,4561,2024-09-09,92048.35,Tarjeta credito,Aprobado
4562,4562,2024-01-10,44938.11,Transferencia,Aprobado
4563,4563,2024-01-25,0.0,Transferencia,Rechazado
4564,4564,2026-07-29,26434.65,Tarjeta debito,Aprobado
4565,4565,2026-07-23,28979.71,Mercado Pago,Pendiente
4566,4566,2026-02-14,27051.14,Tarjeta debito,Aprobado
4567,4567,2026-01-03,18391.1,Mercado Pago,Aprobado
4568,4568,2026-04-02,0.0,Mercado Pago,Rechazado
4569,4569,2025-10-02,58710.66,Tarjeta credito,Aprobado
4570,4570,2024-11-22,21939.41,Tarjeta debito,Aprobado
4571,4571,2025-09-07,233962.72,Tarjeta credito,Aprobado
4572,4572,2025-04-11,37590.94,Transferencia,Aprobado
4573,4573,2026-02-10,489114.25,Mercado Pago,Aprobado
4574,4574,2025-01-08,11342.03,Tarjeta credito,Aprobado
4575,4575,2025-11-05,0.0,Tarjeta credito,Rechazado
4576,4576,2026-03-15,20589.98,Mercado Pago,Pendiente
4577,4577,2024-08-04,26787.87,Transferencia,Aprobado
4578,4578,2024-10-01,98556.63,Tarjeta credito,Aprobado
4579,4579,2026-04-10,9579.94,Tarjeta debito,Aprobado
4580,4580,2024-11-30,66286.73,Mercado Pago,Aprobado
4581,4581,2024-12-28,25043.85,Tarjeta credito,Aprobado
4582,4582,2024-04-17,14383.14,Mercado Pago,Aprobado
4583,4583,2025-07-08,54640.38,Mercado Pago,Aprobado
4584,4584,2024-07-19,19635.89,Mercado Pago,Aprobado
4585,4585,2024-08-24,144579.36,Mercado Pago,Aprobado
4586,4586,2024-03-21,30156.11,Tarjeta credito,Aprobado
4587,4587,2025-07-10,478147.14,Tarjeta credito,Aprobado
4588,4588,2024-08-07,133170.2,Tarjeta credito,Aprobado
4589,4589,2024-08-13,0.0,Transferencia,Rechazado
4590,4590,2025-04-07,29772.43,Mercado Pago,Aprobado
4591,4591,2025-04-09,12208.73,Tarjeta credito,Aprobado
4592,4592,2024-07-12,364261.46,Tarjeta credito,Aprobado
4593,4593,2025-03-18,11639.19,Tarjeta credito,Aprobado
4594,4594,2026-01-18,40205.13,Transferencia,Aprobado
4595,4595,2025-01-01,9197.71,Transferencia,Pendiente
4596,4596,2025-11-26,34897.25,Tarjeta debito,Aprobado
4597,4597,2024-01-12,11929.84,Tarjeta credito,Aprobado
4598,4598,2026-03-28,26896.05,Mercado Pago,Aprobado
4599,4599,2024-12-08,34543.74,Tarjeta credito,Aprobado
4600,4600,2024-11-02,21998.94,Tarjeta credito,Aprobado
4601,4601,2026-03-16,74950.97,Tarjeta credito,Aprobado
4602,4602,2025-06-06,57584.3,Mercado Pago,Aprobado
4603,4603,2026-07-29,53852.42,Tarjeta credito,Aprobado
4604,4604,2026-08-04,33616.96,Tarjeta credito,Aprobado
4605,4605,2026-02-12,114274.51,Transferencia,Aprobado
4606,4606,2025-12-17,54282.25,Transferencia,Aprobado
4607,4607,2024-12-10,0.0,Mercado Pago,Rechazado
4608,4608,2026-07-09,0.0,Transferencia,Rechazado
4609,4609,2024-11-06,49348.22,Mercado Pago,Aprobado
4610,4610,2026-08-01,221933.29,Transferencia,Aprobado
4611,4611,2024-07-26,7230.24,Efectivo,Aprobado
4612,4612,2025-03-06,133497.1,Efectivo,Aprobado
4613,4613,2024-04-22,156054.72,Mercado Pago,Aprobado
4614,4614,2024-12-15,124491.47,Mercado Pago,Aprobado
4615,4615,2024-12-12,14582.99,Tarjeta credito,Aprobado
4616,4616,2026-07-12,340087.44,Tarjeta debito,Aprobado
4617,4617,2024-04-20,57216.24,Mercado Pago,Pendiente
4618,4618,2026-03-04,21813.57,Mercado Pago,Aprobado
4619,4619,2025-11-11,11508.97,Tarjeta credito,Pendiente
4620,4620,2026-07-08,74274.55,Transferencia,Aprobado
4621,4621,2025-09-26,102310.11,Transferencia,Aprobado
4622,4622,2025-09-19,17094.1,Tarjeta credito,Aprobado
4623,4623,2025-04-27,87437.96,Tarjeta credito,Aprobado
4624,4624,2025-12-26,78738.74,Transferencia,Aprobado
4625,4625,2024-03-02,20496.32,Transferencia,Aprobado
4626,4626,2024-11-29,17458.13,Mercado Pago,Aprobado
4627,4627,2024-12-28,8793.66,Tarjeta credito,Aprobado
4628,4628,2024-12-08,82749.93,Tarjeta credito,Aprobado
4629,4629,2024-09-03,11107.71,Tarjeta credito,Aprobado
4630,4630,2024-05-05,54495.16,Mercado Pago,Aprobado
4631,4631,2025-10-28,13851.31,Transferencia,Aprobado
4632,4632,2024-11-17,275224.93,Tarjeta credito,Aprobado
4633,4633,2026-08-23,77370.04,Mercado Pago,Aprobado
4634,4634,2025-07-15,92829.04,Tarjeta debito,Aprobado
4635,4635,2025-09-22,70317.37,Transferencia,Aprobado
4636,4636,2025-03-08,0.0,Tarjeta debito,Rechazado
4637,4637,2026-01-31,0.0,Efectivo,Rechazado
4638,4638,2025-12-19,36764.28,Mercado Pago,Aprobado
4639,4639,2025-09-01,0.0,Tarjeta credito,Rechazado
4640,4640,2026-02-14,75409.45,Tarjeta credito,Aprobado
4641,4641,2026-06-14,84747.37,Mercado Pago,Aprobado
4642,4642,2026-07-20,30657.8,Mercado Pago,Aprobado
4643,4643,2024-12-17,0.0,Mercado Pago,Rechazado
4644,4644,2026-03-24,27151.61,Mercado Pago,Aprobado
4645,4645,2024-08-06,22556.66,Tarjeta debito,Aprobado
4646,4646,2025-12-02,196820.4,Mercado Pago,Pendiente
4647,4647,2024-04-06,47991.39,Mercado Pago,Aprobado
4648,4648,2024-08-13,102895.41,Tarjeta credito,Pendiente
4649,4649,2024-09-21,55194.94,Tarjeta credito,Pendiente
4650,4650,2026-01-06,95089.92,Mercado Pago,Aprobado
4651,4651,2025-04-22,12663.0,Efectivo,Aprobado
4652,4652,2024-12-13,125279.53,Mercado Pago,Aprobado
4653,4653,2024-07-01,131440.2,Mercado Pago,Pendiente
4654,4654,2025-12-29,238205.25,Transferencia,Aprobado
4655,4655,2024-04-18,154046.7,Transferencia,Aprobado
4656,4656,2024-10-04,28559.97,Tarjeta debito,Aprobado
4657,4657,2024-06-25,7811.7,Efectivo,Aprobado
4658,4658,2025-04-06,180668.4,Mercado Pago,Aprobado
4659,4659,2025-12-11,86952.4,Transferencia,Aprobado
4660,4660,2024-03-12,30635.4,Tarjeta debito,Aprobado
4661,4661,2024-05-09,19955.86,Mercado Pago,Aprobado
4662,4662,2024-09-08,6500.57,Efectivo,Aprobado
4663,4663,2024-02-17,22793.52,Efectivo,Aprobado
4664,4664,2025-09-03,83759.09,Mercado Pago,Aprobado
4665,4665,2024-06-22,12011.35,Mercado Pago,Aprobado
4666,4666,2025-01-01,56776.21,Tarjeta debito,Aprobado
4667,4667,2025-08-04,26570.07,Tarjeta credito,Aprobado
4668,4668,2026-08-29,239771.22,Tarjeta credito,Aprobado
4669,4669,2024-06-10,111328.35,Transferencia,Aprobado
4670,4670,2026-03-29,15844.04,Mercado Pago,Aprobado
4671,4671,2024-07-02,147522.87,Tarjeta debito,Aprobado
4672,4672,2025-05-06,23397.61,Transferencia,Aprobado
4673,4673,2024-05-15,282588.16,Tarjeta credito,Aprobado
4674,4674,2026-03-09,5071.67,Efectivo,Aprobado
4675,4675,2024-08-08,46626.19,Tarjeta debito,Aprobado
4676,4676,2024-07-15,184394.76,Tarjeta credito,Pendiente
4677,4677,2024-11-27,23669.26,Tarjeta credito,Aprobado
4678,4678,2024-12-07,103853.19,Efectivo,Aprobado
4679,4679,2024-11-13,29792.82,Tarjeta credito,Aprobado
4680,4680,2024-12-27,44663.39,Efectivo,Aprobado
4681,4681,2024-08-05,787541.74,Mercado Pago,Aprobado
4682,4682,2024-07-31,37518.28,Mercado Pago,Pendiente
4683,4683,2025-12-30,122208.59,Transferencia,Aprobado
4684,4684,2025-04-07,98010.04,Efectivo,Aprobado
4685,4685,2025-02-23,41986.25,Tarjeta credito,Aprobado
4686,4686,2024-12-06,93573.28,Transferencia,Pendiente
4687,4687,2024-11-04,28341.46,Tarjeta credito,Aprobado
4688,4688,2024-07-06,123180.88,Tarjeta debito,Aprobado
4689,4689,2024-12-26,100204.86,Mercado Pago,Aprobado
4690,4690,2026-04-15,133682.24,Mercado Pago,Aprobado
4691,4691,2025-08-16,15248.3,Mercado Pago,Aprobado
4692,4692,2024-01-15,18285.99,Tarjeta credito,Pendiente
4693,4693,2026-01-22,155373.12,Tarjeta debito,Aprobado
4694,4694,2026-02-22,0.0,Tarjeta credito,Rechazado
4695,4695,2026-07-23,114878.24,Mercado Pago,Aprobado
4696,4696,2024-02-27,26012.78,Efectivo,Aprobado
4697,4697,2024-10-01,51922.96,Transferencia,Pendiente
4698,4698,2024-04-18,152548.45,Tarjeta debito,Aprobado
4699,4699,2024-03-20,56230.62,Mercado Pago,Aprobado
4700,4700,2025-08-19,23535.46,Tarjeta credito,Aprobado
4701,4701,2025-12-10,59979.03,Tarjeta credito,Aprobado
4702,4702,2024-04-12,60318.43,Tarjeta debito,Aprobado
4703,4703,2025-04-15,8029.38,Mercado Pago,Aprobado
4704,4704,2025-12-01,0.0,Tarjeta credito,Rechazado
4705,4705,2026-04-04,8701.48,Efectivo,Aprobado
4706,4706,2024-11-18,0.0,Tarjeta credito,Rechazado
4707,4707,2024-01-28,20860.83,Tarjeta credito,Pendiente
4708,4708,2026-03-03,113183.12,Tarjeta credito,Aprobado
4709,4709,2024-11-08,7000.88,Efectivo,Aprobado
4710,4710,2026-06-28,95523.58,Mercado Pago,Aprobado
4711,4711,2024-06-07,28343.7,Transferencia,Aprobado
4712,4712,2025-11-27,103789.88,Tarjeta credito,Aprobado
4713,4713,2024-06-04,46963.81,Transferencia,Aprobado
4714,4714,2024-10-13,80906.13,Tarjeta credito,Pendiente
4715,4715,2024-11-26,0.0,Tarjeta debito,Rechazado
4716,4716,2025-09-08,72235.22,Transferencia,Aprobado
4717,4717,2026-07-06,18614.3,tarjeta credito,Aprobado
4718,4718,2025-06-16,77321.67,Tarjeta debito,Aprobado
4719,4719,2025-10-05,129028.42,Transferencia,Aprobado
4720,4720,2024-01-22,94112.76,Tarjeta debito,Aprobado
4721,4721,2024-06-04,8232.71,Transferencia,Aprobado
4722,4722,2026-05-20,17097.26,Tarjeta debito,Aprobado
4723,4723,2025-09-04,63250.96,Mercado Pago,Aprobado
4724,4724,2024-11-04,39891.22,Tarjeta credito,Aprobado
4725,4725,2025-02-15,0.0,Tarjeta credito,Rechazado
4726,4726,2026-05-27,296217.2,Transferencia,Aprobado
4727,4727,2026-06-13,36801.68,Mercado Pago,Aprobado
4728,4728,2024-09-20,7034.11,Tarjeta debito,Aprobado
4729,4729,2025-06-21,12157.0,Mercado Pago,Aprobado
4730,4730,2024-02-23,81926.75,Tarjeta credito,Aprobado
4731,4731,2024-12-30,48533.94,Tarjeta credito,Aprobado
4732,4732,2024-08-29,204183.66,Tarjeta debito,Aprobado
4733,4733,2025-09-18,71136.91,Tarjeta credito,Pendiente
4734,4734,2025-10-12,35668.79,Mercado Pago,Aprobado
4735,4735,2024-12-02,0.0,Transferencia,Rechazado
4736,4736,2026-08-23,29957.04,Tarjeta debito,Aprobado
4737,4737,2025-05-06,0.0,Mercado Pago,Rechazado
4738,4738,2025-12-18,42708.09,Tarjeta credito,Aprobado
4739,4739,2024-05-20,6690.01,Mercado Pago,Aprobado
4740,4740,2025-12-24,9832.49,Tarjeta credito,Aprobado
4741,4741,2026-08-16,23204.37,Transferencia,Aprobado
4742,4742,2025-08-08,0.0,Mercado Pago,Rechazado
4743,4743,2025-08-03,148339.95,Tarjeta credito,Aprobado
4744,4744,2025-08-30,105122.9,Transferencia,Pendiente
4745,4745,2025-08-14,15089.35,Tarjeta debito,Aprobado
4746,4746,2026-02-25,78799.03,Tarjeta credito,Aprobado
4747,4747,2026-08-29,83823.18,Efectivo,Pendiente
4748,4748,2024-12-26,0.0,Tarjeta credito,Rechazado
4749,4749,2025-04-18,6685.18,Tarjeta credito,Aprobado
4750,4750,2024-01-19,510660.83,Tarjeta debito,Aprobado
4751,4751,2025-01-16,22948.1,Tarjeta debito,Aprobado
4752,4752,2025-11-13,16092.72,Mercado Pago,Aprobado
4753,4753,2026-06-03,123602.29,Transferencia,Aprobado
4754,4754,2025-04-22,187460.47,Transferencia,Aprobado
4755,4755,2024-12-08,0.0,Mercado Pago,Rechazado
4756,4756,2024-04-09,62440.06,Tarjeta debito,Aprobado
4757,4757,2024-11-29,109852.4,Transferencia,Aprobado
4758,4758,2024-01-24,24800.69,Mercado Pago,Aprobado
4759,4759,2024-07-27,85744.37,Mercado Pago,Aprobado
4760,4760,2024-11-24,110479.94,Transferencia,Aprobado
4761,4761,2026-06-13,72825.36,Tarjeta credito,Aprobado
4762,4762,2026-05-06,12605.06,Transferencia,Aprobado
4763,4763,2024-11-15,12653.04,Tarjeta credito,Aprobado
4764,4764,2025-01-19,19066.95,Efectivo,Aprobado
4765,4765,2025-07-30,92774.05,Tarjeta debito,Aprobado
4766,4766,2025-09-06,31634.72,Tarjeta credito,Aprobado
4767,4767,2024-04-24,35555.72,Mercado Pago,Aprobado
4768,4768,2025-09-17,72900.7,Tarjeta credito,Aprobado
4769,4769,2025-11-19,36712.18,Tarjeta debito,Pendiente
4770,4770,2024-05-15,54122.67,Tarjeta credito,Aprobado
4771,4771,2024-05-02,257958.54,Tarjeta debito,Aprobado
4772,4772,2024-07-31,93799.8,Tarjeta credito,Aprobado
4773,4773,2025-05-03,32618.31,Tarjeta debito,Aprobado
4774,4774,2026-01-23,13873.81,Tarjeta credito,Aprobado
4775,4775,2024-06-08,131008.34,Mercado Pago,Aprobado
4776,4776,2024-09-26,15243.87,Tarjeta debito,Aprobado
4777,4777,2024-04-14,0.0,Tarjeta debito,Rechazado
4778,4778,2024-06-19,166484.93,Tarjeta credito,Aprobado
4779,4779,2024-06-29,267985.13,Tarjeta debito,Aprobado
4780,4780,2024-06-24,57778.08,Tarjeta credito,Aprobado
4781,4781,2025-11-28,9557.95,Tarjeta credito,Aprobado
4782,4782,2025-06-16,35883.07,Tarjeta debito,Aprobado
4783,4783,2024-07-04,171145.44,Tarjeta debito,Pendiente
4784,4784,2025-04-18,30499.77,Transferencia,Aprobado
4785,4785,2024-08-10,29209.11,Tarjeta debito,Aprobado
4786,4786,2025-09-18,65133.27,Tarjeta credito,Aprobado
4787,4787,2025-10-16,10081.85,Tarjeta credito,Aprobado
4788,4788,2026-07-15,134662.99,Mercado Pago,Aprobado
4789,4789,2025-09-30,28382.8,Tarjeta credito,Aprobado
4790,4790,2024-09-26,10065.33,Tarjeta debito,Aprobado
4791,4791,2026-06-12,0.0,Tarjeta credito,Rechazado
4792,4792,2025-02-10,270207.36,Transferencia,Aprobado
4793,4793,2024-12-09,0.0,Tarjeta credito,Rechazado
4794,4794,2026-05-09,34051.36,Mercado Pago,Aprobado
4795,4795,2025-10-21,52954.53,Tarjeta credito,Aprobado
4796,4796,2024-10-29,202131.13,Tarjeta credito,Aprobado
4797,4797,2026-03-27,0.0,Mercado Pago,Rechazado
4798,4798,2026-01-06,158765.6,Tarjeta credito,Aprobado
4799,4799,2024-11-25,106338.96,Tarjeta credito,Aprobado
4800,4800,2025-01-30,12073.04,Tarjeta debito,Aprobado
4801,4801,2025-08-24,280133.4,Mercado Pago,Aprobado
4802,4802,2026-08-06,67047.08,Transferencia,Aprobado
4803,4803,2025-12-12,16237.25,Transferencia,Aprobado
4804,4804,2025-06-07,45208.34,Tarjeta debito,Aprobado
4805,4805,2025-03-18,33380.43,Transferencia,Pendiente
4806,4806,2024-01-22,97697.89,Tarjeta credito,Aprobado
4807,4807,2026-04-24,26733.64,Tarjeta credito,Aprobado
4808,4808,2025-12-15,51662.4,Tarjeta debito,Aprobado
4809,4809,2024-12-28,8316.61,Tarjeta debito,Aprobado
4810,4810,2025-04-12,0.0,Tarjeta credito,Rechazado
4811,4811,2024-10-23,5760.74,Transferencia,Aprobado
4812,4812,2024-02-15,0.0,Transferencia,Rechazado
4813,4813,2024-09-29,23771.72,Tarjeta credito,Aprobado
4814,4814,2024-08-18,0.0,Transferencia,Rechazado
4815,4815,2024-10-21,95623.74,Tarjeta credito,Aprobado
4816,4816,2026-01-24,377107.6,Mercado Pago,Aprobado
4817,4817,2025-02-06,6857.49,Tarjeta credito,Aprobado
4818,4818,2025-01-03,30484.74,Transferencia,Aprobado
4819,4819,2024-12-23,115115.27,Tarjeta debito,Pendiente
4820,4820,2025-02-02,35965.09,Mercado Pago,Aprobado
4821,4821,2024-09-26,0.0,Efectivo,Rechazado
4822,4822,2025-05-04,33468.39,Tarjeta credito,Pendiente
4823,4823,2024-03-12,11961.75,Mercado Pago,Aprobado
4824,4824,2024-12-28,172872.61,Tarjeta credito,Aprobado
4825,4825,2026-08-22,126341.02,Mercado Pago,Aprobado
4826,4826,2026-04-06,0.0,Tarjeta credito,Rechazado
4827,4827,2026-01-19,0.0,Tarjeta credito,Rechazado
4828,4828,2026-01-05,52303.46,Tarjeta credito,Pendiente
4829,4829,2024-12-09,0.0,Tarjeta debito,Rechazado
4830,4830,2025-02-06,0.0,Tarjeta debito,Rechazado
4831,4831,2024-11-11,164245.89,Transferencia,Aprobado
4832,4832,2024-08-01,49928.62,Tarjeta debito,Aprobado
4833,4833,2024-01-06,99361.14,Transferencia,Aprobado
4834,4834,2025-06-26,19415.3,Transferencia,Aprobado
4835,4835,2024-03-04,0.0,Mercado Pago,Rechazado
4836,4836,2024-10-06,60249.56,Mercado Pago,Aprobado
4837,4837,2026-05-08,26767.12,Tarjeta credito,Aprobado
4838,4838,2024-12-04,0.0,Transferencia,Rechazado
4839,4839,2024-12-10,98298.31,Mercado Pago,Aprobado
4840,4840,2024-12-18,31408.13,Tarjeta credito,Aprobado
4841,4841,2024-10-16,30360.84,Tarjeta credito,Aprobado
4842,4842,2024-06-28,19660.2,Efectivo,Aprobado
4843,4843,2025-12-19,0.0,Tarjeta credito,Rechazado
4844,4844,2025-08-28,103348.63,Mercado Pago,Aprobado
4845,4845,2024-12-12,127913.64,Tarjeta debito,Aprobado
4846,4846,2025-03-21,44822.78,Mercado Pago,Aprobado
4847,4847,2024-12-30,37966.38,Mercado Pago,Aprobado
4848,4848,2025-10-17,43845.47,Transferencia,Aprobado
4849,4849,2025-02-26,75148.64,Tarjeta credito,Aprobado
4850,4850,2026-04-05,12752.79,Tarjeta credito,Aprobado
4851,4851,2024-03-29,147596.62,Mercado Pago,Aprobado
4852,4852,2026-04-25,29810.75,Mercado Pago,Aprobado
4853,4853,2026-06-13,6862.85,Tarjeta debito,Aprobado
4854,4854,2024-12-20,5106.21,Tarjeta credito,Aprobado
4855,4855,2026-06-25,31427.05,Mercado Pago,Aprobado
4856,4856,2024-04-19,22343.94,Tarjeta credito,Aprobado
4857,4857,2024-05-26,77471.77,Transferencia,Aprobado
4858,4858,2026-01-02,116553.56,Mercado Pago,Aprobado
4859,4859,2025-02-11,6172.14,Tarjeta debito,Aprobado
4860,4860,2025-08-02,31701.66,Tarjeta credito,Aprobado
4861,4861,2025-09-26,35328.93,Tarjeta credito,Aprobado
4862,4862,2025-05-29,64540.38,Mercado Pago,Aprobado
4863,4863,2025-12-09,33730.52,Tarjeta credito,Aprobado
4864,4864,2026-04-30,121988.11,Tarjeta credito,Aprobado
4865,4865,2025-06-14,101506.48,Tarjeta credito,Aprobado
4866,4866,2024-01-06,23281.03,Tarjeta credito,Aprobado
4867,4867,2025-08-27,22122.38,mercado pago,Aprobado
4868,4868,2026-04-03,26451.96,Tarjeta credito,Aprobado
4869,4869,2025-07-25,48966.7,Mercado Pago,Aprobado
4870,4870,2024-06-20,17878.51,Mercado Pago,Aprobado
4871,4871,2024-12-11,27041.92,Tarjeta credito,Aprobado
4872,4872,2024-06-21,18513.0,Transferencia,Aprobado
4873,4873,2025-10-17,22950.54,Transferencia,Pendiente
4874,4874,2024-12-15,194916.45,Tarjeta credito,Aprobado
4875,4875,2024-10-17,296179.48,Tarjeta credito,Aprobado
4876,4876,2024-11-04,3617.13,Transferencia,Aprobado
4877,4877,2025-07-10,27356.16,Mercado Pago,Aprobado
4878,4878,2025-09-12,25739.19,Transferencia,Pendiente
4879,4879,2024-11-16,35217.62,Tarjeta credito,Aprobado
4880,4880,2026-05-23,0.0,Tarjeta debito,Rechazado
4881,4881,2025-02-10,121101.42,Tarjeta debito,Aprobado
4882,4882,2025-09-09,13858.34,Tarjeta debito,Aprobado
4883,4883,2026-06-26,153424.25,Mercado Pago,Aprobado
4884,4884,2026-07-02,329591.96,Efectivo,Aprobado
4885,4885,2024-08-10,46692.03,Efectivo,Aprobado
4886,4886,2024-11-05,11939.94,Mercado Pago,Aprobado
4887,4887,2025-03-20,119139.94,Tarjeta debito,Pendiente
4888,4888,2024-11-16,23743.05,Efectivo,Aprobado
4889,4889,2026-04-06,97923.07,Tarjeta credito,Pendiente
4890,4890,2025-09-22,107783.86,Transferencia,Aprobado
4891,4891,2025-04-07,0.0,Tarjeta credito,Rechazado
4892,4892,2025-11-16,399567.67,Transferencia,Aprobado
4893,4893,2025-11-21,7173.17,Tarjeta debito,Pendiente
4894,4894,2024-11-03,50363.94,Transferencia,Aprobado
4895,4895,2024-10-22,17990.74,Mercado Pago,Aprobado
4896,4896,2024-12-21,159074.21,Tarjeta debito,Pendiente
4897,4897,2024-07-04,98703.64,Transferencia,Aprobado
4898,4898,2025-11-14,45761.65,Transferencia,Aprobado
4899,4899,2024-02-26,83594.6,Mercado Pago,Aprobado
4900,4900,2024-08-07,19475.48,Tarjeta credito,Aprobado
4901,4901,2026-05-22,210072.36,Transferencia,Aprobado
4902,4902,2024-03-23,124667.97,Mercado Pago,Aprobado
4903,4903,2025-12-26,36264.98,Mercado Pago,Aprobado
4904,4904,2024-04-02,27795.52,Transferencia,Aprobado
4905,4905,2025-03-21,185547.12,Tarjeta debito,Aprobado
4906,4906,2025-02-27,17225.01,Mercado Pago,Aprobado
4907,4907,2025-10-10,9164.89,Tarjeta debito,Aprobado
4908,4908,2024-12-06,96618.18,Tarjeta credito,Aprobado
4909,4909,2025-10-18,31406.61,Tarjeta debito,Aprobado
4910,4910,2025-12-08,8591.54,Mercado Pago,Aprobado
4911,4911,2025-07-02,11635.87,Tarjeta credito,Aprobado
4912,4912,2025-12-07,72990.7,Tarjeta credito,Aprobado
4913,4913,2024-08-02,41900.08,Mercado Pago,Aprobado
4914,4914,2026-04-12,26128.64,Tarjeta credito,Pendiente
4915,4915,2024-06-27,120500.61,Mercado Pago,Aprobado
4916,4916,2026-01-25,22367.52,Tarjeta credito,Aprobado
4917,4917,2026-06-29,30473.8,Mercado Pago,Aprobado
4918,4918,2025-07-05,61010.76,Tarjeta credito,Aprobado
4919,4919,2024-08-17,99826.1,Tarjeta credito,Aprobado
4920,4920,2025-02-18,85400.1,Efectivo,Aprobado
4921,4921,2024-04-22,0.0,Transferencia,Rechazado
4922,4922,2026-06-10,271677.09,Tarjeta credito,Aprobado
4923,4923,2025-07-29,49162.2,Tarjeta debito,Aprobado
4924,4924,2024-05-06,72855.73,Tarjeta debito,Aprobado
4925,4925,2024-10-27,23152.05,Tarjeta credito,Aprobado
4926,4926,2025-05-26,201633.91,Mercado Pago,Aprobado
4927,4927,2024-01-14,82726.21,Transferencia,Aprobado
4928,4928,2026-06-04,37036.48,Tarjeta credito,Aprobado
4929,4929,2026-07-27,319784.61,Tarjeta debito,Aprobado
4930,4930,2026-03-15,165246.85,Transferencia,Aprobado
4931,4931,2025-10-13,20209.32,Tarjeta credito,Aprobado
4932,4932,2025-08-23,224796.27,Tarjeta debito,Aprobado
4933,4933,2024-03-07,163510.82,Mercado Pago,Aprobado
4934,4934,2025-01-31,257705.34,Tarjeta credito,Aprobado
4935,4935,2026-05-01,74799.19,Tarjeta debito,Aprobado
4936,4936,2025-06-05,64538.9,Tarjeta credito,Aprobado
4937,4937,2024-09-22,0.0,Tarjeta credito,Rechazado
4938,4938,2025-01-30,38521.26,Efectivo,Pendiente
4939,4939,2024-03-02,38742.73,Transferencia,Aprobado
4940,4940,2026-05-30,7877.2,Tarjeta credito,Aprobado
4941,4941,2024-09-28,124372.76,mercado pago,Aprobado
4942,4942,2025-08-10,47398.04,Tarjeta credito,Aprobado
4943,4943,2026-01-12,37419.34,Tarjeta credito,Aprobado
4944,4944,2024-12-16,10164.73,Mercado Pago,Aprobado
4945,4945,2026-06-13,122647.26,Mercado Pago,Aprobado
4946,4946,2025-09-03,27133.7,Mercado Pago,Aprobado
4947,4947,2024-08-31,338919.14,Transferencia,Aprobado
4948,4948,2026-07-01,66045.08,Tarjeta credito,Aprobado
4949,4949,2025-11-21,141903.99,Efectivo,Aprobado
4950,4950,2026-02-01,79172.88,Tarjeta debito,Aprobado
4951,4951,2024-02-18,69740.8,Tarjeta credito,Aprobado
4952,4952,2026-03-18,56460.79,Mercado Pago,Aprobado
4953,4953,2026-04-07,63452.16,Tarjeta credito,Aprobado
4954,4954,2026-02-20,2297.55,Transferencia,Aprobado
4955,4955,2026-04-25,63194.91,Transferencia,Aprobado
4956,4956,2025-11-17,26471.65,Efectivo,Aprobado
4957,4957,2024-08-21,90686.98,Mercado Pago,Aprobado
4958,4958,2026-06-09,27579.45,Mercado Pago,Aprobado
4959,4959,2025-03-20,0.0,Tarjeta credito,Rechazado
4960,4960,2026-01-09,9097.26,Tarjeta credito,Aprobado
4961,4961,2024-01-06,15199.63,Tarjeta debito,Aprobado
4962,4962,2026-01-03,37766.49,Mercado Pago,Aprobado
4963,4963,2025-12-11,0.0,Mercado Pago,Rechazado
4964,4964,2024-01-12,0.0,Tarjeta debito,Rechazado
4965,4965,2025-09-14,78825.13,Tarjeta credito,Pendiente
4966,4966,2025-03-23,0.0,Mercado Pago,Rechazado
4967,4967,2026-08-19,143670.3,Tarjeta credito,Pendiente
4968,4968,2024-12-29,0.0,Tarjeta credito,Rechazado
4969,4969,2025-02-09,37650.01,Tarjeta credito,Aprobado
4970,4970,2024-05-04,21151.26,Tarjeta credito,Aprobado
4971,4971,2025-03-30,0.0,Mercado Pago,Rechazado
4972,4972,2024-03-04,42053.51,Tarjeta debito,Pendiente
4973,4973,2024-12-29,0.0,Mercado Pago,Rechazado
4974,4974,2024-09-10,66329.9,Efectivo,Aprobado
4975,4975,2024-04-06,0.0,Mercado Pago,Rechazado
4976,4976,2025-11-06,4548.47,Tarjeta credito,Aprobado
4977,4977,2026-01-10,45766.98,Tarjeta credito,Aprobado
4978,4978,2025-02-23,58929.95,Mercado Pago,Aprobado
4979,4979,2024-12-22,19536.44,Transferencia,Aprobado
4980,4980,2025-11-13,0.0,Tarjeta credito,Rechazado
4981,4981,2024-07-12,17678.08,Tarjeta credito,Aprobado
4982,4982,2025-08-30,27236.49,Tarjeta credito,Pendiente
4983,4983,2025-01-20,24344.7,Efectivo,Aprobado
4984,4984,2026-06-11,13949.73,Tarjeta debito,Aprobado
4985,4985,2025-05-25,61189.74,Tarjeta credito,Aprobado
4986,4986,2024-12-02,23156.76,Mercado Pago,Aprobado
4987,4987,2024-06-01,62432.26,Mercado Pago,Aprobado
4988,4988,2025-12-03,116885.46,Tarjeta credito,Aprobado
4989,4989,2024-09-11,60915.46,Tarjeta credito,Pendiente
4990,4990,2025-08-24,0.0,Tarjeta debito,Rechazado
4991,4991,2026-08-17,6289.02,Mercado Pago,Aprobado
4992,4992,2024-11-28,41232.87,Mercado Pago,Aprobado
4993,4993,2026-07-02,101889.46,Mercado Pago,Aprobado
4994,4994,2025-03-26,159522.07,Tarjeta debito,Aprobado
4995,4995,2024-12-23,21395.1,Tarjeta debito,Aprobado
4996,4996,2026-08-30,109439.86,Mercado Pago,Aprobado
4997,4997,2024-08-17,74614.03,Mercado Pago,Aprobado
4998,4998,2026-02-11,61940.52,Transferencia,Aprobado
4999,4999,2024-05-27,47208.68,Tarjeta debito,Aprobado
5000,5000,2024-08-05,11517.23,Mercado Pago,Aprobado
5001,5001,2026-06-04,28886.24,Tarjeta credito,Aprobado
5002,5002,2025-05-18,78736.62,Tarjeta credito,Aprobado
5003,5003,2024-01-13,26618.07,Tarjeta credito,Aprobado
5004,5004,2025-08-10,56624.22,Tarjeta debito,Aprobado
5005,5005,2025-09-03,39174.05,Tarjeta credito,Aprobado
5006,5006,2025-02-17,0.0,Tarjeta debito,Rechazado
5007,5007,2025-07-19,3590.47,Transferencia,Pendiente
5008,5008,2025-03-19,22261.26,Tarjeta debito,Aprobado
5009,5009,2026-04-16,91666.68,Mercado Pago,Aprobado
5010,5010,2024-10-01,11957.52,Mercado Pago,Aprobado
5011,5011,2025-03-31,51951.45,Transferencia,Aprobado
5012,5012,2025-04-12,7890.5,Tarjeta credito,Aprobado
5013,5013,2025-12-07,4876.13,Tarjeta credito,Pendiente
5014,5014,2026-08-17,94393.38,Tarjeta debito,Aprobado
5015,5015,2024-02-17,44158.97,Tarjeta credito,Aprobado
5016,5016,2024-08-11,104171.4,Efectivo,Aprobado
5017,5017,2025-11-01,83349.67,Tarjeta credito,Aprobado
5018,5018,2024-04-21,31948.06,Mercado Pago,Aprobado
5019,5019,2024-11-23,15473.83,Tarjeta debito,Aprobado
5020,5020,2025-02-23,84154.86,tarjeta credito,Aprobado
5021,5021,2026-05-27,88362.7,Tarjeta credito,Aprobado
5022,5022,2025-09-28,139591.49,Mercado Pago,Aprobado
5023,5023,2025-07-15,11622.78,Tarjeta credito,Aprobado
5024,5024,2025-05-24,16229.08,Efectivo,Aprobado
5025,5025,2025-06-11,39245.9,Mercado Pago,Pendiente
5026,5026,2024-12-13,75928.89,Tarjeta debito,Aprobado
5027,5027,2024-12-17,101952.3,Tarjeta credito,Pendiente
5028,5028,2026-04-14,0.0,Tarjeta credito,Rechazado
5029,5029,2024-11-18,29733.86,Tarjeta credito,Aprobado
5030,5030,2024-01-15,0.0,Mercado Pago,Rechazado
5031,5031,2026-08-20,52478.64,Transferencia,Aprobado
5032,5032,2026-07-09,42811.02,Tarjeta credito,Aprobado
5033,5033,2024-09-13,226977.82,Tarjeta credito,Aprobado
5034,5034,2024-06-06,40251.25,Tarjeta credito,Aprobado
5035,5035,2025-12-27,0.0,Tarjeta credito,Rechazado
5036,5036,2024-08-05,34150.11,Transferencia,Aprobado
5037,5037,2024-07-07,32305.62,Tarjeta credito,Aprobado
5038,5038,2025-08-16,11902.68,Efectivo,Aprobado
5039,5039,2025-04-21,5416.04,Mercado Pago,Aprobado
5040,5040,2025-05-26,90019.06,Mercado Pago,Aprobado
5041,5041,2026-04-29,263245.92,Mercado Pago,Aprobado
5042,5042,2024-05-04,113395.28,Mercado Pago,Aprobado
5043,5043,2026-08-16,128334.95,Transferencia,Aprobado
5044,5044,2024-03-24,10697.04,Tarjeta debito,Aprobado
5045,5045,2026-02-11,12919.92,Tarjeta credito,Aprobado
5046,5046,2024-01-10,9038.64,Tarjeta credito,Aprobado
5047,5047,2024-11-23,73962.07,Tarjeta credito,Aprobado
5048,5048,2026-06-25,112179.67,Tarjeta debito,Aprobado
5049,5049,2025-08-10,173730.1,Tarjeta debito,Aprobado
5050,5050,2026-06-30,182072.8,Transferencia,Aprobado
5051,5051,2025-09-02,19183.8,Transferencia,Aprobado
5052,5052,2026-07-27,10103.97,Mercado Pago,Aprobado
5053,5053,2024-12-03,66867.96,Transferencia,Aprobado
5054,5054,2025-07-31,14266.9,Tarjeta credito,Aprobado
5055,5055,2025-04-04,37610.94,Tarjeta credito,Aprobado
5056,5056,2026-03-12,17116.63,Tarjeta debito,Pendiente
5057,5057,2024-07-01,142208.93,Tarjeta credito,Aprobado
5058,5058,2025-11-01,35610.12,Tarjeta credito,Aprobado
5059,5059,2024-03-15,10241.98,Tarjeta debito,Aprobado
5060,5060,2025-05-16,63424.06,Transferencia,Aprobado
5061,5061,2025-02-07,24471.33,Tarjeta credito,Aprobado
5062,5062,2026-03-18,8755.49,Mercado Pago,Aprobado
5063,5063,2024-11-15,26189.25,Tarjeta credito,Aprobado
5064,5064,2025-03-17,0.0,Efectivo,Rechazado
5065,5065,2024-07-27,32232.91,Mercado Pago,Aprobado
5066,5066,2026-05-09,48248.47,Tarjeta credito,Aprobado
5067,5067,2026-04-15,120374.04,Tarjeta credito,Aprobado
5068,5068,2025-12-23,82085.62,Tarjeta debito,Aprobado
5069,5069,2024-08-26,12367.6,Tarjeta credito,Aprobado
5070,5070,2026-01-23,14146.34,Efectivo,Aprobado
5071,5071,2026-01-11,29057.2,Transferencia,Aprobado
5072,5072,2025-10-28,63412.32,Tarjeta credito,Aprobado
5073,5073,2025-10-26,5206.01,Transferencia,Aprobado
5074,5074,2025-09-26,26831.92,Tarjeta credito,Aprobado
5075,5075,2024-07-08,62849.86,Efectivo,Aprobado
5076,5076,2024-02-29,163554.91,Transferencia,Aprobado
5077,5077,2024-09-19,7640.16,Transferencia,Pendiente
5078,5078,2024-08-14,63409.08,Efectivo,Aprobado
5079,5079,2026-03-11,7301.38,Tarjeta credito,Aprobado
5080,5080,2024-06-23,7282.06,Mercado Pago,Aprobado
5081,5081,2024-04-21,11070.62,Tarjeta credito,Aprobado
5082,5082,2025-04-20,11979.17,Tarjeta debito,Aprobado
5083,5083,2024-05-07,18261.3,Mercado Pago,Aprobado
5084,5084,2024-07-11,143017.94,Transferencia,Pendiente
5085,5085,2024-06-12,0.0,Transferencia,Rechazado
5086,5086,2026-07-02,53102.29,Tarjeta credito,Aprobado
5087,5087,2025-05-10,13870.95,Tarjeta credito,Aprobado
5088,5088,2025-11-11,30163.53,Tarjeta credito,Aprobado
5089,5089,2024-12-01,32406.96,Mercado Pago,Aprobado
5090,5090,2025-03-02,104709.04,Transferencia,Aprobado
5091,5091,2026-05-20,7419.54,Tarjeta debito,Aprobado
5092,5092,2024-01-13,29250.04,Transferencia,Aprobado
5093,5093,2025-10-05,0.0,Transferencia,Rechazado
5094,5094,2025-12-19,3952.12,Tarjeta debito,Aprobado
5095,5095,2025-07-20,438107.62,Tarjeta credito,Aprobado
5096,5096,2024-11-22,14600.67,Tarjeta debito,Pendiente
5097,5097,2024-07-21,7416.68,Transferencia,Aprobado
5098,5098,2024-03-07,208149.27,Tarjeta credito,Aprobado
5099,5099,2025-06-08,112020.32,Transferencia,Aprobado
5100,5100,2024-08-21,77201.93,Transferencia,Aprobado
5101,5101,2024-01-14,96582.1,Transferencia,Aprobado
5102,5102,2024-06-05,169319.05,Mercado Pago,Aprobado
5103,5103,2024-10-02,18282.29,Tarjeta debito,Aprobado
5104,5104,2024-10-09,51377.85,tarjeta credito,Aprobado
5105,5105,2025-04-13,63058.89,Mercado Pago,Aprobado
5106,5106,2025-10-21,136970.23,Tarjeta debito,Pendiente
5107,5107,2025-02-19,10114.83,Tarjeta debito,Aprobado
5108,5108,2026-07-18,556685.82,Mercado Pago,Aprobado
5109,5109,2024-08-22,470992.54,Tarjeta debito,Aprobado
5110,5110,2026-05-08,39631.58,Transferencia,Aprobado
5111,5111,2024-06-05,143203.54,Mercado Pago,Pendiente
5112,5112,2024-08-09,34751.68,Tarjeta credito,Aprobado
5113,5113,2025-06-15,56616.36,Transferencia,Aprobado
5114,5114,2025-03-10,199205.21,Tarjeta credito,Pendiente
5115,5115,2024-01-16,34925.41,Mercado Pago,Pendiente
5116,5116,2025-12-03,139886.09,Tarjeta credito,Aprobado
5117,5117,2025-12-12,28509.13,Mercado Pago,Aprobado
5118,5118,2024-06-02,85184.0,Mercado Pago,Aprobado
5119,5119,2024-11-09,33419.79,Mercado Pago,Pendiente
5120,5120,2024-06-29,23441.64,Transferencia,Aprobado
5121,5121,2025-02-01,86120.74,Tarjeta credito,Aprobado
5122,5122,2025-06-03,28774.72,Tarjeta credito,Aprobado
5123,5123,2026-01-09,12519.35,Tarjeta debito,Aprobado
5124,5124,2025-12-20,0.0,Mercado Pago,Rechazado
5125,5125,2025-12-02,29669.09,Tarjeta credito,Aprobado
5126,5126,2026-04-30,30219.33,Tarjeta credito,Aprobado
5127,5127,2025-02-13,3994.67,Mercado Pago,Aprobado
5128,5128,2026-05-28,22495.33,Mercado Pago,Aprobado
5129,5129,2025-09-08,28613.22,Tarjeta credito,Aprobado
5130,5130,2026-04-09,91078.78,Transferencia,Aprobado
5131,5131,2025-04-15,29080.89,Tarjeta credito,Aprobado
5132,5132,2025-07-05,82426.61,Efectivo,Aprobado
5133,5133,2024-01-14,513372.61,Transferencia,Aprobado
5134,5134,2025-05-07,46714.92,Tarjeta credito,Aprobado
5135,5135,2024-07-09,97983.93,Mercado Pago,Aprobado
5136,5136,2024-11-15,70255.86,Mercado Pago,Aprobado
5137,5137,2024-07-10,60744.78,Mercado Pago,Aprobado
5138,5138,2026-01-30,42038.72,Tarjeta credito,Pendiente
5139,5139,2025-12-19,9548.49,Transferencia,Aprobado
5140,5140,2026-06-20,60859.56,Mercado Pago,Aprobado
5141,5141,2026-01-24,100625.7,Mercado Pago,Aprobado
5142,5142,2026-07-29,211269.54,Tarjeta credito,Pendiente
5143,5143,2026-02-06,166764.72,Transferencia,Aprobado
5144,5144,2025-08-12,85446.72,Tarjeta credito,Aprobado
5145,5145,2026-07-25,6816.94,Transferencia,Aprobado
5146,5146,2025-05-04,137699.5,Tarjeta credito,Aprobado
5147,5147,2024-04-09,47334.41,Tarjeta debito,Aprobado
5148,5148,2024-03-29,29429.25,Transferencia,Aprobado
5149,5149,2025-08-31,35815.87,Tarjeta credito,Aprobado
5150,5150,2025-04-17,290659.52,Tarjeta credito,Aprobado
5151,5151,2024-01-09,6324.84,Tarjeta credito,Aprobado
5152,5152,2025-04-19,31201.53,Tarjeta credito,Aprobado
5153,5153,2026-05-24,15005.26,Tarjeta debito,Aprobado
5154,5154,2025-10-24,107991.82,Tarjeta credito,Aprobado
5155,5155,2024-09-23,30081.17,Mercado Pago,Aprobado
5156,5156,2025-09-14,63274.86,Tarjeta debito,Aprobado
5157,5157,2024-11-28,8665.4,Tarjeta debito,Aprobado
5158,5158,2026-04-25,8922.0,Tarjeta credito,Aprobado
5159,5159,2024-12-06,161445.73,Transferencia,Aprobado
5160,5160,2024-07-13,0.0,Tarjeta credito,Rechazado
5161,5161,2024-06-03,116634.22,Tarjeta credito,Aprobado
5162,5162,2025-12-13,106097.94,Mercado Pago,Pendiente
5163,5163,2025-10-12,146921.19,Transferencia,Aprobado
5164,5164,2026-02-06,196193.96,Tarjeta credito,Aprobado
5165,5165,2024-06-17,26567.4,Mercado Pago,Aprobado
5166,5166,2026-07-24,57387.78,Mercado Pago,Aprobado
5167,5167,2024-07-27,80716.99,Tarjeta credito,Aprobado
5168,5168,2024-04-28,44355.94,Tarjeta credito,Pendiente
5169,5169,2024-05-16,25723.44,Mercado Pago,Aprobado
5170,5170,2026-03-22,45455.29,Tarjeta credito,Aprobado
5171,5171,2025-11-26,102558.67,Tarjeta credito,Aprobado
5172,5172,2024-12-31,89073.2,Tarjeta debito,Aprobado
5173,5173,2025-12-12,77754.6,Tarjeta credito,Aprobado
5174,5174,2024-12-14,29180.48,Tarjeta credito,Pendiente
5175,5175,2024-06-28,35142.17,Tarjeta credito,Aprobado
5176,5176,2026-04-09,4525.6,Mercado Pago,Aprobado
5177,5177,2025-11-14,40336.9,Mercado Pago,Aprobado
5178,5178,2025-12-07,7318.8,Tarjeta credito,Aprobado
5179,5179,2024-11-13,0.0,Efectivo,Rechazado
5180,5180,2025-06-25,107733.14,Efectivo,Aprobado
5181,5181,2026-07-24,27930.09,Transferencia,Aprobado
5182,5182,2024-07-08,27769.61,Transferencia,Pendiente
5183,5183,2026-06-30,216133.56,Transferencia,Aprobado
5184,5184,2024-03-19,47722.08,Mercado Pago,Aprobado
5185,5185,2025-12-27,22779.04,Efectivo,Aprobado
5186,5186,2024-10-01,251973.33,Tarjeta credito,Aprobado
5187,5187,2024-09-21,0.0,Mercado Pago,Rechazado
5188,5188,2026-01-18,77934.56,Transferencia,Aprobado
5189,5189,2024-06-29,30561.4,Tarjeta debito,Aprobado
5190,5190,2026-04-03,250244.39,Transferencia,Aprobado
5191,5191,2024-04-10,17166.64,Tarjeta credito,Pendiente
5192,5192,2024-03-24,25995.79,Transferencia,Aprobado
5193,5193,2025-10-23,0.0,Tarjeta debito,Rechazado
5194,5194,2024-02-28,9816.09,Transferencia,Pendiente
5195,5195,2025-07-30,14201.27,Mercado Pago,Aprobado
5196,5196,2025-01-07,145525.18,Tarjeta credito,Aprobado
5197,5197,2025-12-17,775013.76,Tarjeta debito,Aprobado
5198,5198,2026-04-09,90564.49,Mercado Pago,Aprobado
5199,5199,2024-08-18,28749.64,Tarjeta credito,Aprobado
5200,5200,2025-04-22,87083.2,Efectivo,Aprobado
5201,5201,2025-04-13,104464.75,Efectivo,Aprobado
5202,5202,2025-05-24,19590.81,Mercado Pago,Aprobado
5203,5203,2026-06-10,157626.91,Mercado Pago,Aprobado
5204,5204,2024-10-25,134442.47,Tarjeta credito,Aprobado
5205,5205,2026-01-18,42506.57,Mercado Pago,Aprobado
5206,5206,2025-11-24,10420.36,Tarjeta credito,Aprobado
5207,5207,2025-08-09,8305.77,Mercado Pago,Aprobado
5208,5208,2026-07-27,249374.17,Tarjeta credito,Aprobado
5209,5209,2026-06-26,17543.46,Tarjeta credito,Aprobado
5210,5210,2024-10-10,65781.12,Tarjeta credito,Aprobado
5211,5211,2024-10-09,106041.28,Efectivo,Aprobado
5212,5212,2024-05-07,172334.76,Tarjeta debito,Aprobado
5213,5213,2024-10-24,281560.02,Mercado Pago,Aprobado
5214,5214,2026-06-06,3753.71,mercado pago,Aprobado
5215,5215,2025-08-11,52348.11,Mercado Pago,Aprobado
5216,5216,2026-03-15,27606.82,Transferencia,Aprobado
5217,5217,2024-02-12,67977.81,Tarjeta debito,Aprobado
5218,5218,2025-07-26,56049.53,Tarjeta credito,Aprobado
5219,5219,2026-08-25,56425.71,Tarjeta debito,Aprobado
5220,5220,2025-05-17,10601.56,Tarjeta debito,Aprobado
5221,5221,2025-09-02,92626.42,Mercado Pago,Aprobado
5222,5222,2024-10-17,137053.42,Mercado Pago,Aprobado
5223,5223,2026-02-28,70846.6,Mercado Pago,Aprobado
5224,5224,2026-05-10,26039.94,Tarjeta credito,Aprobado
5225,5225,2026-05-16,9599.14,Transferencia,Aprobado
5226,5226,2025-07-12,179111.22,Transferencia,Pendiente
5227,5227,2025-03-07,27085.1,Tarjeta credito,Aprobado
5228,5228,2025-12-16,29013.07,Mercado Pago,Aprobado
5229,5229,2025-09-24,87488.82,Tarjeta credito,Aprobado
5230,5230,2024-05-24,70969.76,Tarjeta credito,Aprobado
5231,5231,2025-03-28,234650.4,Tarjeta debito,Aprobado
5232,5232,2026-05-18,13861.1,Mercado Pago,Aprobado
5233,5233,2024-01-26,76253.99,Transferencia,Pendiente
5234,5234,2026-06-20,388562.92,Tarjeta credito,Aprobado
5235,5235,2024-11-14,22120.14,Tarjeta credito,Aprobado
5236,5236,2025-10-08,22995.01,Mercado Pago,Aprobado
5237,5237,2024-03-29,54250.25,Transferencia,Aprobado
5238,5238,2025-10-10,20150.75,Tarjeta credito,Aprobado
5239,5239,2024-11-11,104638.72,Mercado Pago,Aprobado
5240,5240,2025-06-13,13610.7,Transferencia,Aprobado
5241,5241,2025-11-14,46875.53,Tarjeta credito,Aprobado
5242,5242,2024-12-12,299758.72,Transferencia,Aprobado
5243,5243,2025-08-21,21154.12,Tarjeta credito,Aprobado
5244,5244,2025-01-29,142579.68,Tarjeta credito,Aprobado
5245,5245,2025-12-29,18254.17,Tarjeta credito,Aprobado
5246,5246,2025-04-25,380451.84,Efectivo,Pendiente
5247,5247,2024-06-14,0.0,Mercado Pago,Rechazado
5248,5248,2024-08-16,16004.69,Tarjeta debito,Aprobado
5249,5249,2025-10-27,0.0,Tarjeta debito,Rechazado
5250,5250,2025-06-29,59458.37,Tarjeta debito,Aprobado
5251,5251,2024-12-27,0.0,Efectivo,Rechazado
5252,5252,2026-02-25,69090.43,Tarjeta credito,Aprobado
5253,5253,2024-10-17,14957.78,Tarjeta credito,Aprobado
5254,5254,2026-03-14,85792.02,Tarjeta debito,Aprobado
5255,5255,2025-08-28,82458.9,Mercado Pago,Aprobado
5256,5256,2024-03-22,14932.4,Mercado Pago,Aprobado
5257,5257,2026-01-30,18227.17,Transferencia,Aprobado
5258,5258,2025-11-22,69623.61,Mercado Pago,Aprobado
5259,5259,2025-07-19,221977.46,Tarjeta credito,Aprobado
5260,5260,2025-09-20,24313.77,Transferencia,Pendiente
5261,5261,2024-04-01,77175.84,Mercado Pago,Aprobado
5262,5262,2024-10-07,140056.36,Tarjeta credito,Aprobado
5263,5263,2025-04-09,9347.46,Tarjeta credito,Aprobado
5264,5264,2025-07-27,77385.81,Tarjeta debito,Pendiente
5265,5265,2025-04-22,94742.37,Tarjeta credito,Aprobado
5266,5266,2024-03-07,0.0,Tarjeta debito,Rechazado
5267,5267,2025-07-05,34783.71,Tarjeta credito,Aprobado
5268,5268,2024-06-16,29776.5,Tarjeta credito,Aprobado
5269,5269,2026-05-27,63549.48,Efectivo,Aprobado
5270,5270,2024-01-19,127904.97,Transferencia,Aprobado
5271,5271,2024-07-27,13688.06,Transferencia,Aprobado
5272,5272,2024-02-22,36396.67,Tarjeta credito,Aprobado
5273,5273,2026-08-17,0.0,Tarjeta credito,Rechazado
5274,5274,2024-02-06,130358.91,Tarjeta debito,Aprobado
5275,5275,2025-08-15,70906.25,Tarjeta credito,Aprobado
5276,5276,2026-06-02,0.0,Tarjeta credito,Rechazado
5277,5277,2024-04-07,58951.32,Efectivo,Aprobado
5278,5278,2026-01-17,411619.86,Transferencia,Aprobado
5279,5279,2026-05-25,309273.6,Mercado Pago,Aprobado
5280,5280,2025-10-22,9693.98,Tarjeta credito,Aprobado
5281,5281,2025-10-14,12563.41,Mercado Pago,Aprobado
5282,5282,2025-05-23,164679.5,Tarjeta debito,Pendiente
5283,5283,2024-06-23,28675.2,Mercado Pago,Aprobado
5284,5284,2024-10-03,41048.42,Tarjeta credito,Aprobado
5285,5285,2026-04-17,51769.21,Transferencia,Aprobado
5286,5286,2024-06-09,62631.98,Transferencia,Aprobado
5287,5287,2024-08-07,0.0,Tarjeta credito,Rechazado
5288,5288,2025-12-22,15345.53,Transferencia,Aprobado
5289,5289,2026-03-11,6943.87,Mercado Pago,Aprobado
5290,5290,2025-02-04,40314.21,Transferencia,Aprobado
5291,5291,2025-11-14,147192.77,Mercado Pago,Aprobado
5292,5292,2024-04-12,40929.76,Efectivo,Aprobado
5293,5293,2024-11-16,27791.37,Mercado Pago,Aprobado
5294,5294,2026-01-14,533445.84,Mercado Pago,Aprobado
5295,5295,2026-05-03,79330.39,Mercado Pago,Aprobado
5296,5296,2025-12-23,85031.32,Tarjeta debito,Aprobado
5297,5297,2025-03-15,61384.59,Mercado Pago,Aprobado
5298,5298,2025-02-01,226099.81,Mercado Pago,Pendiente
5299,5299,2024-12-30,22015.21,Tarjeta credito,Aprobado
5300,5300,2026-01-04,98104.73,Transferencia,Aprobado
5301,5301,2024-08-08,63638.37,Tarjeta credito,Aprobado
5302,5302,2024-05-19,46747.13,Mercado Pago,Aprobado
5303,5303,2026-05-06,7057.19,Mercado Pago,Aprobado
5304,5304,2024-10-29,30709.86,Tarjeta credito,Aprobado
5305,5305,2025-09-26,31684.49,Mercado Pago,Aprobado
5306,5306,2025-07-10,88348.92,tarjeta credito,Pendiente
5307,5307,2024-11-30,30780.89,Mercado Pago,Aprobado
5308,5308,2025-07-28,0.0,Mercado Pago,Rechazado
5309,5309,2024-04-11,59581.49,Tarjeta debito,Aprobado
5310,5310,2026-07-24,179072.55,Transferencia,Aprobado
5311,5311,2026-04-09,16858.11,Transferencia,Aprobado
5312,5312,2024-09-11,467813.68,Tarjeta credito,Aprobado
5313,5313,2025-12-27,124899.16,Mercado Pago,Aprobado
5314,5314,2025-07-12,0.0,Tarjeta debito,Rechazado
5315,5315,2024-07-03,254266.68,Tarjeta credito,Aprobado
5316,5316,2026-06-25,28820.88,Tarjeta debito,Aprobado
5317,5317,2024-03-31,39906.42,Mercado Pago,Aprobado
5318,5318,2026-05-29,39410.65,Mercado Pago,Pendiente
5319,5319,2026-04-07,5176.94,Tarjeta credito,Aprobado
5320,5320,2024-01-06,17370.08,Tarjeta credito,Aprobado
5321,5321,2024-10-16,11999.68,Efectivo,Aprobado
5322,5322,2025-01-13,75513.17,Tarjeta credito,Aprobado
5323,5323,2025-11-23,146298.62,Tarjeta debito,Aprobado
5324,5324,2026-04-08,0.0,Mercado Pago,Rechazado
5325,5325,2024-12-12,24750.96,Tarjeta credito,Aprobado
5326,5326,2024-11-18,105679.9,transferencia,Aprobado
5327,5327,2026-02-06,78554.74,Tarjeta debito,Aprobado
5328,5328,2025-11-15,104656.2,Tarjeta debito,Aprobado
5329,5329,2025-09-24,0.0,Tarjeta credito,Rechazado
5330,5330,2025-06-08,48186.15,Transferencia,Pendiente
5331,5331,2025-04-23,0.0,Transferencia,Rechazado
5332,5332,2026-03-07,207844.73,Transferencia,Aprobado
5333,5333,2026-06-14,186000.81,Tarjeta debito,Aprobado
5334,5334,2025-12-04,78058.45,Tarjeta credito,Aprobado
5335,5335,2026-05-30,195277.73,Tarjeta debito,Aprobado
5336,5336,2025-08-21,40638.58,Efectivo,Aprobado
5337,5337,2025-10-21,0.0,Tarjeta credito,Rechazado
5338,5338,2024-12-21,10001.51,Tarjeta credito,Pendiente
5339,5339,2024-11-02,264314.33,Transferencia,Aprobado
5340,5340,2024-07-25,163584.96,Tarjeta credito,Aprobado
5341,5341,2026-05-16,337804.49,Efectivo,Aprobado
5342,5342,2025-08-01,109536.54,Transferencia,Aprobado
5343,5343,2026-07-23,5461.43,Mercado Pago,Aprobado
5344,5344,2026-05-22,15086.36,Efectivo,Aprobado
5345,5345,2026-02-20,33819.1,Mercado Pago,Aprobado
5346,5346,2026-03-10,23772.03,Tarjeta debito,Aprobado
5347,5347,2025-12-23,12436.63,Tarjeta credito,Aprobado
5348,5348,2025-01-01,104713.47,Transferencia,Aprobado
5349,5349,2026-05-12,9725.35,Tarjeta debito,Aprobado
5350,5350,2024-04-23,10134.18,Mercado Pago,Pendiente
5351,5351,2026-02-03,13563.6,tarjeta credito,Aprobado
5352,5352,2024-07-12,32406.4,Transferencia,Aprobado
5353,5353,2025-12-08,77863.3,Tarjeta credito,Aprobado
5354,5354,2025-05-18,18589.1,Transferencia,Aprobado
5355,5355,2024-02-25,34014.06,Tarjeta credito,Aprobado
5356,5356,2026-02-24,0.0,Efectivo,Rechazado
5357,5357,2025-04-01,57932.48,Tarjeta debito,Aprobado
5358,5358,2026-04-06,29443.13,Tarjeta credito,Aprobado
5359,5359,2025-12-13,23972.09,Tarjeta debito,Aprobado
5360,5360,2024-09-21,222464.3,Transferencia,Aprobado
5361,5361,2024-04-21,68976.58,Tarjeta credito,Aprobado
5362,5362,2026-01-17,62120.66,Mercado Pago,Aprobado
5363,5363,2026-07-06,19740.88,Tarjeta credito,Aprobado
5364,5364,2026-04-08,114699.38,Transferencia,Aprobado
5365,5365,2026-05-29,21039.25,Tarjeta credito,Aprobado
5366,5366,2026-06-17,148446.42,Tarjeta credito,Aprobado
5367,5367,2026-02-02,4975.59,Mercado Pago,Aprobado
5368,5368,2026-04-19,22317.06,Tarjeta credito,Aprobado
5369,5369,2025-11-17,22769.04,Mercado Pago,Aprobado
5370,5370,2024-04-16,17744.38,Tarjeta debito,Aprobado
5371,5371,2025-04-28,28561.92,Transferencia,Pendiente
5372,5372,2025-02-21,43794.84,Transferencia,Aprobado
5373,5373,2026-05-19,77819.74,Mercado Pago,Aprobado
5374,5374,2025-08-04,91798.63,Mercado Pago,Aprobado
5375,5375,2025-12-12,29395.33,Efectivo,Aprobado
5376,5376,2026-04-04,20975.0,Tarjeta debito,Aprobado
5377,5377,2025-11-02,82679.25,Transferencia,Aprobado
5378,5378,2026-05-10,0.0,Tarjeta credito,Rechazado
5379,5379,2025-07-06,197976.92,Tarjeta credito,Aprobado
5380,5380,2024-10-03,18544.1,Tarjeta debito,Aprobado
5381,5381,2024-12-23,24457.02,Efectivo,Aprobado
5382,5382,2026-06-24,29116.69,Tarjeta debito,Aprobado
5383,5383,2024-05-18,22535.0,Transferencia,Aprobado
5384,5384,2024-01-01,23211.64,Tarjeta credito,Aprobado
5385,5385,2024-11-12,10722.9,Tarjeta credito,Aprobado
5386,5386,2025-12-02,14176.12,Mercado Pago,Aprobado
5387,5387,2024-07-24,35940.42,Tarjeta debito,Pendiente
5388,5388,2024-03-31,207721.74,Efectivo,Aprobado
5389,5389,2025-08-17,16326.0,Mercado Pago,Aprobado
5390,5390,2025-08-14,26548.3,Tarjeta debito,Aprobado
5391,5391,2025-06-01,132043.13,Tarjeta credito,Aprobado
5392,5392,2025-12-07,19345.8,Mercado Pago,Aprobado
5393,5393,2024-09-13,54015.95,Tarjeta debito,Aprobado
5394,5394,2024-01-08,40365.27,Tarjeta debito,Aprobado
5395,5395,2024-06-08,53216.18,Tarjeta credito,Aprobado
5396,5396,2026-07-07,17842.26,Tarjeta credito,Aprobado
5397,5397,2024-10-27,17902.69,Transferencia,Aprobado
5398,5398,2025-08-13,53394.52,Tarjeta debito,Aprobado
5399,5399,2026-01-28,1847607.41,Tarjeta credito,Pendiente
5400,5400,2025-03-05,6018.32,Tarjeta credito,Aprobado
5401,5401,2026-07-12,333045.14,Tarjeta debito,Aprobado
5402,5402,2025-05-14,91438.13,Tarjeta debito,Aprobado
5403,5403,2026-03-27,0.0,Mercado Pago,Rechazado
5404,5404,2025-08-18,33751.32,Tarjeta debito,Aprobado
5405,5405,2026-09-02,30288.32,Transferencia,Aprobado
5406,5406,2025-09-05,56509.65,Tarjeta credito,Aprobado
5407,5407,2026-01-03,106523.72,Transferencia,Aprobado
5408,5408,2026-05-22,8054.15,Transferencia,Aprobado
5409,5409,2025-04-30,19690.83,Tarjeta credito,Pendiente
5410,5410,2025-04-18,0.0,Tarjeta credito,Rechazado
5411,5411,2024-08-23,11800.82,Transferencia,Aprobado
5412,5412,2025-08-04,40149.66,Mercado Pago,Pendiente
5413,5413,2024-01-07,36393.14,Efectivo,Aprobado
5414,5414,2025-12-23,101109.33,Tarjeta credito,Aprobado
5415,5415,2024-11-02,11437.89,Tarjeta debito,Aprobado
5416,5416,2024-10-18,18723.86,Transferencia,Aprobado
5417,5417,2024-05-13,17500.18,Transferencia,Aprobado
5418,5418,2024-07-30,36129.99,Tarjeta debito,Aprobado
5419,5419,2025-12-11,26150.41,Transferencia,Aprobado
5420,5420,2026-05-27,110371.3,Transferencia,Aprobado
5421,5421,2025-12-14,72243.8,Mercado Pago,Pendiente
5422,5422,2024-11-25,22379.85,Tarjeta credito,Aprobado
5423,5423,2026-04-11,184170.04,Mercado Pago,Pendiente
5424,5424,2026-01-25,61617.13,Tarjeta debito,Aprobado
5425,5425,2024-01-15,0.0,Tarjeta credito,Rechazado
5426,5426,2024-09-06,31202.97,Tarjeta debito,Aprobado
5427,5427,2025-06-07,93773.58,Efectivo,Pendiente
5428,5428,2024-06-04,68841.33,Tarjeta credito,Aprobado
5429,5429,2026-06-27,13761.1,Efectivo,Aprobado
5430,5430,2024-01-22,27723.7,Mercado Pago,Aprobado
5431,5431,2024-09-29,142812.95,Tarjeta credito,Pendiente
5432,5432,2025-07-11,229788.29,Tarjeta credito,Aprobado
5433,5433,2025-05-27,13326.85,Tarjeta debito,Aprobado
5434,5434,2026-08-08,42730.7,Mercado Pago,Aprobado
5435,5435,2025-04-30,43598.89,Mercado Pago,Aprobado
5436,5436,2026-08-10,37070.34,Tarjeta debito,Aprobado
5437,5437,2026-04-25,24158.98,Tarjeta credito,Aprobado
5438,5438,2024-04-19,16365.83,Tarjeta credito,Aprobado
5439,5439,2026-05-13,22426.57,Transferencia,Pendiente
5440,5440,2025-11-19,14594.96,Tarjeta debito,Aprobado
5441,5441,2025-12-23,37715.71,Transferencia,Aprobado
5442,5442,2025-12-30,3880.5,Transferencia,Aprobado
5443,5443,2024-12-26,33888.33,Transferencia,Aprobado
5444,5444,2025-12-21,130262.95,Mercado Pago,Pendiente
5445,5445,2025-03-29,21175.56,Transferencia,Aprobado
5446,5446,2024-02-18,96638.68,Transferencia,Aprobado
5447,5447,2024-08-11,49084.18,Transferencia,Aprobado
5448,5448,2024-07-30,74585.81,Tarjeta debito,Aprobado
5449,5449,2025-12-01,154565.16,Tarjeta debito,Pendiente
5450,5450,2026-02-20,39148.12,Efectivo,Aprobado
5451,5451,2026-06-10,0.0,Efectivo,Rechazado
5452,5452,2026-07-27,96046.29,Mercado Pago,Aprobado
5453,5453,2024-05-18,49399.92,Tarjeta credito,Aprobado
5454,5454,2024-02-17,29941.56,Tarjeta debito,Aprobado
5455,5455,2026-06-05,50062.08,Tarjeta credito,Aprobado
5456,5456,2025-06-24,107148.15,Mercado Pago,Pendiente
5457,5457,2024-09-29,77382.13,Tarjeta debito,Aprobado
5458,5458,2026-02-17,27773.18,Transferencia,Aprobado
5459,5459,2025-04-04,30363.96,Mercado Pago,Aprobado
5460,5460,2025-07-07,12003.05,Efectivo,Aprobado
5461,5461,2024-12-06,24124.57,Tarjeta credito,Aprobado
5462,5462,2026-08-20,29266.63,Tarjeta credito,Aprobado
5463,5463,2024-03-26,38117.32,Mercado Pago,Aprobado
5464,5464,2024-09-05,104845.36,Transferencia,Aprobado
5465,5465,2024-10-19,26337.96,Tarjeta credito,Aprobado
5466,5466,2025-06-17,49849.72,Tarjeta debito,Aprobado
5467,5467,2025-08-12,108683.4,Tarjeta credito,Pendiente
5468,5468,2026-01-01,140379.44,Tarjeta credito,Aprobado
5469,5469,2026-04-12,65384.98,Tarjeta credito,Aprobado
5470,5470,2024-07-14,100082.35,Transferencia,Aprobado
5471,5471,2025-01-22,176425.02,Tarjeta credito,Aprobado
5472,5472,2026-04-24,12641.66,Mercado Pago,Aprobado
5473,5473,2026-01-23,47430.89,tarjeta credito,Aprobado
5474,5474,2024-10-18,18386.58,Tarjeta credito,Pendiente
5475,5475,2025-09-14,22148.72,Transferencia,Aprobado
5476,5476,2025-03-07,18250.04,Transferencia,Aprobado
5477,5477,2026-08-11,82368.34,Transferencia,Aprobado
5478,5478,2025-12-07,107373.59,Efectivo,Aprobado
5479,5479,2025-07-04,24773.5,Tarjeta credito,Aprobado
5480,5480,2026-05-21,7798.88,Tarjeta debito,Aprobado
5481,5481,2025-11-05,39463.69,Tarjeta debito,Aprobado
5482,5482,2026-05-13,69041.82,Mercado Pago,Aprobado
5483,5483,2024-09-20,0.0,Transferencia,Rechazado
5484,5484,2025-06-07,243958.49,Transferencia,Aprobado
5485,5485,2024-03-06,16674.63,Mercado Pago,Aprobado
5486,5486,2024-05-04,30763.88,Transferencia,Aprobado
5487,5487,2024-04-07,0.0,Transferencia,Rechazado
5488,5488,2026-05-12,191256.48,Tarjeta credito,Aprobado
5489,5489,2026-06-08,58860.34,Tarjeta debito,Pendiente
5490,5490,2024-04-15,54246.43,Tarjeta credito,Pendiente
5491,5491,2025-06-18,56388.66,Tarjeta debito,Aprobado
5492,5492,2025-12-23,0.0,Tarjeta credito,Rechazado
5493,5493,2024-05-10,34700.04,Mercado Pago,Aprobado
5494,5494,2024-05-25,0.0,Tarjeta credito,Rechazado
5495,5495,2025-04-06,129751.62,Tarjeta debito,Aprobado
5496,5496,2024-07-21,263421.55,Tarjeta credito,Pendiente
5497,5497,2025-08-12,31509.14,Transferencia,Aprobado
5498,5498,2025-12-19,248482.56,Tarjeta debito,Aprobado
5499,5499,2024-11-26,15845.24,Mercado Pago,Aprobado
5500,5500,2025-06-14,50639.12,Tarjeta credito,Aprobado
5501,5501,2025-12-26,229503.84,Transferencia,Pendiente
5502,5502,2025-06-09,5463.33,Transferencia,Aprobado
5503,5503,2024-08-01,115959.93,Tarjeta debito,Aprobado
5504,5504,2026-01-01,0.0,Efectivo,Rechazado
5505,5505,2024-12-15,20208.48,Tarjeta credito,Aprobado
5506,5506,2025-01-08,172564.84,Tarjeta debito,Aprobado
5507,5507,2025-11-15,125924.36,Tarjeta debito,Pendiente
5508,5508,2025-12-03,84381.97,Tarjeta credito,Aprobado
5509,5509,2025-08-20,4306.12,Tarjeta debito,Aprobado
5510,5510,2025-11-17,79049.97,Transferencia,Pendiente
5511,5511,2026-02-01,31393.64,Tarjeta credito,Aprobado
5512,5512,2026-06-10,48274.97,Transferencia,Aprobado
5513,5513,2024-03-09,120726.56,Tarjeta credito,Pendiente
5514,5514,2026-06-18,49709.95,Tarjeta credito,Aprobado
5515,5515,2025-02-04,18603.34,Transferencia,Pendiente
5516,5516,2024-07-18,0.0,Tarjeta credito,Rechazado
5517,5517,2025-08-03,26883.65,Tarjeta debito,Aprobado
5518,5518,2026-04-12,0.0,Mercado Pago,Rechazado
5519,5519,2026-06-29,15153.92,Transferencia,Aprobado
5520,5520,2025-02-10,12085.55,Tarjeta debito,Aprobado
5521,5521,2026-04-26,243694.7,Mercado Pago,Aprobado
5522,5522,2024-08-20,33615.92,Tarjeta credito,Aprobado
5523,5523,2026-01-01,59140.89,Tarjeta credito,Aprobado
5524,5524,2024-08-09,335923.52,Tarjeta credito,Aprobado
5525,5525,2025-01-11,32197.33,Tarjeta credito,Aprobado
5526,5526,2024-04-12,9381.54,Transferencia,Aprobado
5527,5527,2024-11-15,22551.82,Mercado Pago,Aprobado
5528,5528,2024-11-09,273503.79,Tarjeta credito,Aprobado
5529,5529,2025-10-04,66721.66,Transferencia,Aprobado
5530,5530,2025-09-13,68190.57,Tarjeta debito,Aprobado
5531,5531,2026-02-15,18525.72,Tarjeta debito,Aprobado
5532,5532,2025-12-17,79852.94,Mercado Pago,Aprobado
5533,5533,2026-07-08,89580.6,Mercado Pago,Pendiente
5534,5534,2026-07-25,380032.06,Mercado Pago,Pendiente
5535,5535,2024-03-30,26087.22,Tarjeta debito,Aprobado
5536,5536,2025-07-29,15336.15,Tarjeta debito,Aprobado
5537,5537,2024-12-26,22498.53,Transferencia,Aprobado
5538,5538,2024-12-03,0.0,Transferencia,Rechazado
5539,5539,2025-09-11,11705.91,Tarjeta credito,Aprobado
5540,5540,2026-08-13,19973.82,Tarjeta credito,Aprobado
5541,5541,2025-11-22,88755.49,Tarjeta debito,Aprobado
5542,5542,2026-08-13,5038.56,Mercado Pago,Aprobado
5543,5543,2026-07-08,9122.5,Mercado Pago,Aprobado
5544,5544,2024-02-24,103826.59,Transferencia,Aprobado
5545,5545,2024-05-28,41310.93,Tarjeta credito,Aprobado
5546,5546,2025-09-06,126537.69,Transferencia,Aprobado
5547,5547,2026-04-29,13498.51,Mercado Pago,Aprobado
5548,5548,2026-07-27,116596.91,Mercado Pago,Aprobado
5549,5549,2024-09-12,11671.02,efectivo,Aprobado
5550,5550,2024-10-03,14478.71,Mercado Pago,Aprobado
5551,5551,2026-05-26,21151.28,Tarjeta credito,Aprobado
5552,5552,2025-09-26,155937.21,Tarjeta debito,Aprobado
5553,5553,2026-02-23,14274.16,Tarjeta credito,Aprobado
5554,5554,2025-12-07,57310.34,Tarjeta credito,Pendiente
5555,5555,2025-03-22,95466.27,Tarjeta debito,Aprobado
5556,5556,2026-07-31,28972.1,Transferencia,Aprobado
5557,5557,2024-03-27,11291.09,Tarjeta debito,Aprobado
5558,5558,2025-05-24,52801.12,Tarjeta credito,Aprobado
5559,5559,2024-02-15,17022.98,Tarjeta credito,Pendiente
5560,5560,2025-09-16,130417.82,Mercado Pago,Aprobado
5561,5561,2026-07-21,63408.71,Mercado Pago,Aprobado
5562,5562,2026-03-19,113197.26,Tarjeta credito,Aprobado
5563,5563,2024-09-29,5067.21,Tarjeta credito,Aprobado
5564,5564,2025-04-28,380582.46,Mercado Pago,Pendiente
5565,5565,2024-12-17,46349.61,Efectivo,Aprobado
5566,5566,2024-09-19,69632.89,Mercado Pago,Aprobado
5567,5567,2025-08-20,0.0,Tarjeta debito,Rechazado
5568,5568,2025-06-10,9277.1,Tarjeta credito,Aprobado
5569,5569,2026-03-13,0.0,Transferencia,Rechazado
5570,5570,2024-12-09,25929.86,Mercado Pago,Aprobado
5571,5571,2026-02-08,56961.89,Tarjeta credito,Aprobado
5572,5572,2024-08-24,81980.79,Mercado Pago,Aprobado
5573,5573,2025-07-21,88931.28,Mercado Pago,Aprobado
5574,5574,2025-06-11,7113.74,Tarjeta credito,Aprobado
5575,5575,2025-08-09,25729.36,Mercado Pago,Aprobado
5576,5576,2026-04-02,20704.57,Efectivo,Aprobado
5577,5577,2025-11-08,57780.3,Tarjeta credito,Aprobado
5578,5578,2024-12-03,31618.83,Transferencia,Aprobado
5579,5579,2024-02-02,0.0,Mercado Pago,Rechazado
5580,5580,2024-12-09,196332.42,Tarjeta credito,Aprobado
5581,5581,2026-01-05,103471.78,Efectivo,Aprobado
5582,5582,2026-07-09,4618.83,Tarjeta credito,Aprobado
5583,5583,2025-06-07,187534.03,Tarjeta credito,Aprobado
5584,5584,2024-05-11,26425.52,Tarjeta credito,Aprobado
5585,5585,2024-12-18,18971.7,Transferencia,Aprobado
5586,5586,2024-03-13,92726.44,Tarjeta debito,Aprobado
5587,5587,2026-03-10,124485.03,Efectivo,Pendiente
5588,5588,2025-12-01,25071.82,Tarjeta debito,Aprobado
5589,5589,2024-12-06,110150.85,Transferencia,Aprobado
5590,5590,2024-11-08,514598.94,Tarjeta credito,Pendiente
5591,5591,2025-11-17,337261.68,Tarjeta credito,Aprobado
5592,5592,2026-04-28,14748.58,Mercado Pago,Aprobado
5593,5593,2024-07-27,27421.22,Transferencia,Aprobado
5594,5594,2024-11-13,34820.32,Transferencia,Aprobado
5595,5595,2025-08-18,44395.04,Tarjeta credito,Aprobado
5596,5596,2025-12-23,74693.47,Mercado Pago,Aprobado
5597,5597,2024-11-16,7802.8,Tarjeta credito,Aprobado
5598,5598,2025-01-19,72011.34,Tarjeta credito,Aprobado
5599,5599,2024-10-27,37832.99,Tarjeta credito,Aprobado
5600,5600,2024-09-23,10358.27,Mercado Pago,Aprobado
5601,5601,2024-12-27,35195.67,Transferencia,Aprobado
5602,5602,2025-04-14,56146.95,Mercado Pago,Aprobado
5603,5603,2024-03-23,207939.34,Mercado Pago,Aprobado
5604,5604,2025-04-19,52530.55,Tarjeta credito,Aprobado
5605,5605,2026-04-28,26136.05,Tarjeta debito,Aprobado
5606,5606,2025-06-12,450459.66,Tarjeta debito,Aprobado
5607,5607,2026-06-15,231223.79,Tarjeta debito,Aprobado
5608,5608,2025-10-10,131141.28,Transferencia,Aprobado
5609,5609,2024-08-30,30579.84,Transferencia,Aprobado
5610,5610,2025-12-20,326540.76,Transferencia,Aprobado
5611,5611,2024-08-25,202052.41,Tarjeta debito,Aprobado
5612,5612,2025-08-30,45301.27,Tarjeta credito,Aprobado
5613,5613,2025-12-06,112796.76,Mercado Pago,Pendiente
5614,5614,2025-03-14,45158.36,Mercado Pago,Aprobado
5615,5615,2024-05-24,0.0,Mercado Pago,Rechazado
5616,5616,2025-08-04,17819.11,Mercado Pago,Aprobado
5617,5617,2024-11-12,204037.07,Mercado Pago,Aprobado
5618,5618,2025-12-09,105383.34,Tarjeta credito,Aprobado
5619,5619,2025-09-27,18704.29,Tarjeta credito,Aprobado
5620,5620,2026-06-04,45599.85,Tarjeta debito,Aprobado
5621,5621,2024-12-19,25636.16,Tarjeta credito,Aprobado
5622,5622,2025-12-05,14227.78,Tarjeta debito,Aprobado
5623,5623,2024-05-04,0.0,Efectivo,Rechazado
5624,5624,2024-02-17,31905.51,Tarjeta credito,Aprobado
5625,5625,2026-07-24,56184.51,Tarjeta debito,Aprobado
5626,5626,2024-02-06,258635.55,Tarjeta credito,Aprobado
5627,5627,2025-09-15,50311.99,Mercado Pago,Aprobado
5628,5628,2026-03-08,27547.35,Mercado Pago,Aprobado
5629,5629,2024-12-09,83636.69,Tarjeta debito,Aprobado
5630,5630,2024-06-14,9520.88,Transferencia,Aprobado
5631,5631,2024-09-08,102105.31,Tarjeta credito,Pendiente
5632,5632,2025-06-24,119358.58,Transferencia,Aprobado
5633,5633,2026-05-29,49960.22,Transferencia,Aprobado
5634,5634,2025-06-28,39941.08,Tarjeta credito,Aprobado
5635,5635,2025-07-15,193072.44,Tarjeta debito,Aprobado
5636,5636,2026-04-25,89620.33,Tarjeta credito,Aprobado
5637,5637,2025-01-23,14823.94,Tarjeta debito,Aprobado
5638,5638,2024-06-19,376416.8,Mercado Pago,Aprobado
5639,5639,2025-12-19,9313.26,Tarjeta credito,Aprobado
5640,5640,2024-08-24,0.0,Tarjeta credito,Rechazado
5641,5641,2025-04-18,94669.69,Tarjeta debito,Aprobado
5642,5642,2025-06-29,35239.24,Transferencia,Aprobado
5643,5643,2026-07-01,0.0,Transferencia,Rechazado
5644,5644,2025-11-04,51379.04,efectivo,Aprobado
5645,5645,2026-08-26,28458.63,Tarjeta credito,Aprobado
5646,5646,2026-06-03,93688.4,Mercado Pago,Aprobado
5647,5647,2025-04-19,35212.94,Tarjeta debito,Aprobado
5648,5648,2026-06-18,50071.0,Tarjeta credito,Aprobado
5649,5649,2024-03-19,69255.44,Tarjeta debito,Aprobado
5650,5650,2024-02-12,119243.36,Tarjeta credito,Aprobado
5651,5651,2025-09-06,117870.72,Mercado Pago,Aprobado
5652,5652,2024-03-07,36906.58,Tarjeta debito,Aprobado
5653,5653,2025-04-23,0.0,Transferencia,Rechazado
5654,5654,2026-01-31,71820.3,Tarjeta credito,Aprobado
5655,5655,2026-05-21,42105.24,Mercado Pago,Aprobado
5656,5656,2025-11-17,205575.83,Tarjeta debito,Aprobado
5657,5657,2025-04-17,298310.8,Tarjeta credito,Aprobado
5658,5658,2024-09-13,73997.99,Tarjeta debito,Aprobado
5659,5659,2024-03-09,7710.72,Transferencia,Aprobado
5660,5660,2025-07-29,71306.11,Mercado Pago,Pendiente
5661,5661,2024-11-20,15729.6,Tarjeta credito,Pendiente
5662,5662,2024-09-25,28861.3,Tarjeta credito,Pendiente
5663,5663,2025-12-15,61939.28,Tarjeta debito,Aprobado
5664,5664,2026-09-02,0.0,Efectivo,Rechazado
5665,5665,2025-04-10,62169.31,Efectivo,Aprobado
5666,5666,2024-01-24,4264.11,Tarjeta debito,Aprobado
5667,5667,2025-12-26,14845.27,Mercado Pago,Aprobado
5668,5668,2025-05-01,179595.81,Mercado Pago,Aprobado
5669,5669,2026-08-24,114893.17,Tarjeta debito,Aprobado
5670,5670,2026-06-08,16784.54,Transferencia,Aprobado
5671,5671,2024-09-26,25348.86,Efectivo,Aprobado
5672,5672,2024-05-21,17704.94,Mercado Pago,Aprobado
5673,5673,2024-06-13,101887.39,Transferencia,Aprobado
5674,5674,2026-03-08,41168.64,Tarjeta credito,Aprobado
5675,5675,2025-12-27,9712.2,Tarjeta debito,Aprobado
5676,5676,2025-03-25,19478.64,Mercado Pago,Aprobado
5677,5677,2024-06-27,45122.56,Mercado Pago,Aprobado
5678,5678,2024-11-16,39280.97,Mercado Pago,Aprobado
5679,5679,2025-04-22,39615.82,Transferencia,Aprobado
5680,5680,2025-12-16,47030.04,Tarjeta debito,Aprobado
5681,5681,2025-10-10,7171.14,Mercado Pago,Aprobado
5682,5682,2025-09-25,70637.42,Transferencia,Aprobado
5683,5683,2026-04-19,291119.04,Efectivo,Aprobado
5684,5684,2024-12-29,15258.01,Transferencia,Aprobado
5685,5685,2026-07-02,13152.4,Tarjeta credito,Aprobado
5686,5686,2024-10-08,0.0,Tarjeta debito,Rechazado
5687,5687,2025-04-10,24249.3,Tarjeta credito,Aprobado
5688,5688,2025-06-04,230329.66,Tarjeta credito,Aprobado
5689,5689,2024-04-19,121733.99,Mercado Pago,Aprobado
5690,5690,2024-08-12,5825.4,Tarjeta credito,Aprobado
5691,5691,2025-03-17,8335.78,Tarjeta credito,Aprobado
5692,5692,2024-12-10,62747.08,Tarjeta credito,Aprobado
5693,5693,2026-06-01,12782.66,Efectivo,Aprobado
5694,5694,2024-03-04,14483.41,Tarjeta debito,Aprobado
5695,5695,2024-03-16,70708.62,Mercado Pago,Aprobado
5696,5696,2024-11-07,79116.25,Mercado Pago,Aprobado
5697,5697,2024-03-26,37652.74,Efectivo,Aprobado
5698,5698,2024-07-01,10732.1,Transferencia,Aprobado
5699,5699,2026-01-01,69166.19,Tarjeta credito,Aprobado
5700,5700,2024-10-14,34412.05,Efectivo,Pendiente
5701,5701,2026-05-29,14774.3,Tarjeta debito,Pendiente
5702,5702,2024-02-13,36050.82,Tarjeta debito,Aprobado
5703,5703,2024-10-07,95620.13,Tarjeta credito,Aprobado
5704,5704,2024-11-13,0.0,Tarjeta credito,Rechazado
5705,5705,2024-06-20,14357.42,Tarjeta credito,Aprobado
5706,5706,2025-07-31,54553.22,Mercado Pago,Aprobado
5707,5707,2024-11-25,26397.29,Efectivo,Aprobado
5708,5708,2024-12-16,58767.96,Mercado Pago,Aprobado
5709,5709,2024-10-10,10259.58,Transferencia,Pendiente
5710,5710,2025-12-21,45018.83,Tarjeta credito,Aprobado
5711,5711,2026-05-19,35054.9,Tarjeta credito,Aprobado
5712,5712,2025-02-16,10567.19,Transferencia,Aprobado
5713,5713,2025-05-04,55541.85,Tarjeta debito,Aprobado
5714,5714,2024-10-26,146019.05,Transferencia,Aprobado
5715,5715,2024-01-25,35458.8,Tarjeta debito,Aprobado
5716,5716,2025-11-08,18360.39,Transferencia,Aprobado
5717,5717,2025-05-20,145139.64,Tarjeta credito,Aprobado
5718,5718,2025-10-07,38085.19,Mercado Pago,Aprobado
5719,5719,2024-11-26,11104.11,Tarjeta credito,Aprobado
5720,5720,2024-05-22,32217.96,Tarjeta credito,Aprobado
5721,5721,2026-02-06,13282.66,Tarjeta credito,Aprobado
5722,5722,2025-11-06,27546.89,Mercado Pago,Aprobado
5723,5723,2025-11-29,90702.29,Transferencia,Aprobado
5724,5724,2025-12-13,48634.54,Tarjeta credito,Aprobado
5725,5725,2025-11-06,43113.53,Transferencia,Aprobado
5726,5726,2025-01-16,237941.7,Tarjeta credito,Aprobado
5727,5727,2024-03-28,120573.41,Tarjeta debito,Pendiente
5728,5728,2026-08-01,69115.77,Mercado Pago,Aprobado
5729,5729,2024-08-06,18682.04,Mercado Pago,Aprobado
5730,5730,2024-04-04,16515.1,Tarjeta credito,Aprobado
5731,5731,2024-04-26,57738.28,Efectivo,Aprobado
5732,5732,2025-05-05,109555.64,Mercado Pago,Aprobado
5733,5733,2026-03-28,34462.51,Tarjeta credito,Pendiente
5734,5734,2026-01-17,56178.11,transferencia,Aprobado
5735,5735,2025-11-09,10766.26,Mercado Pago,Aprobado
5736,5736,2024-08-23,50918.48,Tarjeta credito,Aprobado
5737,5737,2026-04-01,37778.98,Mercado Pago,Aprobado
5738,5738,2025-08-12,22678.54,Tarjeta credito,Aprobado
5739,5739,2024-11-23,23736.62,Tarjeta credito,Aprobado
5740,5740,2024-05-08,77913.98,Transferencia,Aprobado
5741,5741,2026-03-10,231741.57,Transferencia,Aprobado
5742,5742,2024-12-13,69947.05,Mercado Pago,Aprobado
5743,5743,2024-12-08,63183.01,Mercado Pago,Aprobado
5744,5744,2024-01-05,25375.4,Tarjeta credito,Aprobado
5745,5745,2024-03-23,125662.65,Tarjeta credito,Aprobado
5746,5746,2025-09-06,8899.47,Transferencia,Aprobado
5747,5747,2024-05-28,51364.29,Transferencia,Aprobado
5748,5748,2026-01-01,51123.83,Mercado Pago,Aprobado
5749,5749,2024-04-14,36512.26,Tarjeta debito,Aprobado
5750,5750,2025-11-25,11864.61,Transferencia,Aprobado
5751,5751,2024-11-13,34585.12,Tarjeta credito,Aprobado
5752,5752,2024-12-20,21016.82,Transferencia,Aprobado
5753,5753,2025-01-16,169520.73,Mercado Pago,Pendiente
5754,5754,2025-03-03,31345.13,Tarjeta credito,Aprobado
5755,5755,2025-12-29,87504.57,Transferencia,Pendiente
5756,5756,2025-02-17,43870.16,Transferencia,Aprobado
5757,5757,2024-04-14,345744.18,Transferencia,Aprobado
5758,5758,2024-08-07,34948.18,Mercado Pago,Aprobado
5759,5759,2024-11-05,15463.43,Mercado Pago,Aprobado
5760,5760,2026-04-25,31114.71,Efectivo,Aprobado
5761,5761,2024-09-03,43672.86,Mercado Pago,Aprobado
5762,5762,2026-06-26,37214.55,Transferencia,Aprobado
5763,5763,2024-04-27,21470.68,Tarjeta credito,Aprobado
5764,5764,2025-12-10,214283.28,Mercado Pago,Aprobado
5765,5765,2024-02-12,14690.6,Transferencia,Aprobado
5766,5766,2025-07-12,24821.12,Tarjeta credito,Aprobado
5767,5767,2024-02-11,150443.41,Mercado Pago,Aprobado
5768,5768,2025-06-19,80846.66,Efectivo,Aprobado
5769,5769,2025-01-12,87081.88,Tarjeta credito,Aprobado
5770,5770,2026-04-25,34351.77,Tarjeta credito,Aprobado
5771,5771,2024-02-22,11575.91,Tarjeta credito,Aprobado
5772,5772,2024-07-19,24799.58,Mercado Pago,Aprobado
5773,5773,2024-06-15,27065.5,Mercado Pago,Aprobado
5774,5774,2025-07-11,137695.13,Tarjeta debito,Pendiente
5775,5775,2024-11-26,343296.56,Tarjeta credito,Aprobado
5776,5776,2024-07-23,1963785.26,Transferencia,Aprobado
5777,5777,2025-04-08,18984.0,Tarjeta credito,Aprobado
5778,5778,2025-09-03,303286.48,Tarjeta credito,Aprobado
5779,5779,2026-05-01,60446.88,Mercado Pago,Aprobado
5780,5780,2024-01-07,18595.96,Tarjeta credito,Aprobado
5781,5781,2025-04-28,98203.96,Mercado Pago,Aprobado
5782,5782,2025-03-21,35344.42,Tarjeta credito,Pendiente
5783,5783,2026-01-28,81972.94,Tarjeta credito,Aprobado
5784,5784,2024-03-28,151595.69,Transferencia,Aprobado
5785,5785,2024-06-26,53943.04,Tarjeta credito,Pendiente
5786,5786,2025-09-22,66272.25,Mercado Pago,Aprobado
5787,5787,2025-08-02,0.0,Tarjeta debito,Rechazado
5788,5788,2024-07-12,0.0,Tarjeta credito,Rechazado
5789,5789,2026-03-20,0.0,Tarjeta credito,Rechazado
5790,5790,2025-08-07,0.0,Mercado Pago,Rechazado
5791,5791,2024-04-11,3953.22,Tarjeta credito,Aprobado
5792,5792,2024-06-01,26385.28,Mercado Pago,Pendiente
5793,5793,2026-04-16,10540.4,Tarjeta credito,Aprobado
5794,5794,2025-09-27,85991.01,Tarjeta credito,Aprobado
5795,5795,2025-07-24,14850.12,Tarjeta credito,Aprobado
5796,5796,2024-12-21,13213.26,Tarjeta debito,Aprobado
5797,5797,2024-07-01,87332.84,Efectivo,Aprobado
5798,5798,2025-11-11,61829.82,Tarjeta debito,Aprobado
5799,5799,2025-12-03,7736.34,Tarjeta credito,Aprobado
5800,5800,2025-04-03,13724.51,Tarjeta debito,Aprobado
5801,5801,2025-06-01,47960.05,Tarjeta credito,Pendiente
5802,5802,2024-08-03,10989.24,Tarjeta credito,Pendiente
5803,5803,2025-06-08,8455.07,Tarjeta credito,Pendiente
5804,5804,2024-12-17,4319.94,Mercado Pago,Aprobado
5805,5805,2024-03-23,218117.45,Tarjeta credito,Aprobado
5806,5806,2026-04-26,210976.89,Tarjeta debito,Aprobado
5807,5807,2024-08-24,19951.88,Mercado Pago,Pendiente
5808,5808,2024-11-13,22540.95,Transferencia,Pendiente
5809,5809,2025-07-31,13347.45,Mercado Pago,Aprobado
5810,5810,2026-07-08,11682.24,Mercado Pago,Aprobado
5811,5811,2024-04-16,0.0,Tarjeta credito,Rechazado
5812,5812,2024-07-20,7878.32,Mercado Pago,Aprobado
5813,5813,2024-01-21,55626.12,Tarjeta credito,Aprobado
5814,5814,2026-01-10,23349.16,Tarjeta credito,Aprobado
5815,5815,2025-10-23,75471.66,Mercado Pago,Aprobado
5816,5816,2026-03-28,0.0,Tarjeta debito,Rechazado
5817,5817,2024-12-04,91258.91,Tarjeta credito,Aprobado
5818,5818,2025-08-14,27919.15,Mercado Pago,Aprobado
5819,5819,2025-04-24,82828.54,Mercado Pago,Aprobado
5820,5820,2024-02-20,139577.75,Tarjeta credito,Aprobado
5821,5821,2025-02-15,54217.88,Tarjeta credito,Pendiente
5822,5822,2024-07-14,0.0,Tarjeta credito,Rechazado
5823,5823,2025-10-30,205352.35,Mercado Pago,Aprobado
5824,5824,2026-08-23,24673.64,Mercado Pago,Aprobado
5825,5825,2024-02-19,50390.49,Mercado Pago,Aprobado
5826,5826,2026-04-16,85585.76,Tarjeta credito,Aprobado
5827,5827,2025-12-06,0.0,Tarjeta credito,Rechazado
5828,5828,2025-08-17,9603.14,Tarjeta debito,Pendiente
5829,5829,2024-09-13,58743.2,Tarjeta credito,Aprobado
5830,5830,2025-11-27,10913.19,Transferencia,Aprobado
5831,5831,2024-12-18,90440.03,Mercado Pago,Aprobado
5832,5832,2024-08-19,27482.86,Mercado Pago,Aprobado
5833,5833,2025-04-03,35492.76,Transferencia,Aprobado
5834,5834,2025-07-29,11381.75,Transferencia,Aprobado
5835,5835,2024-12-27,340557.35,tarjeta credito,Aprobado
5836,5836,2025-04-09,66002.45,Transferencia,Pendiente
5837,5837,2026-04-15,83142.22,Tarjeta credito,Aprobado
5838,5838,2026-04-13,27937.11,Tarjeta debito,Aprobado
5839,5839,2026-01-11,0.0,Mercado Pago,Rechazado
5840,5840,2024-04-22,113077.44,Tarjeta credito,Aprobado
5841,5841,2025-08-28,59856.64,Transferencia,Aprobado
5842,5842,2025-08-05,211875.75,Mercado Pago,Aprobado
5843,5843,2025-09-29,69648.08,Tarjeta credito,Aprobado
5844,5844,2025-03-02,233685.73,Tarjeta credito,Aprobado
5845,5845,2025-12-19,144305.32,Transferencia,Aprobado
5846,5846,2025-02-06,202265.7,Tarjeta credito,Pendiente
5847,5847,2024-04-09,74867.95,Mercado Pago,Aprobado
5848,5848,2024-11-23,46629.82,Transferencia,Aprobado
5849,5849,2024-07-26,24280.7,Tarjeta credito,Pendiente
5850,5850,2024-10-26,276258.86,Tarjeta debito,Aprobado
5851,5851,2025-05-10,15467.8,Tarjeta credito,Pendiente
5852,5852,2025-12-14,46488.7,Mercado Pago,Pendiente
5853,5853,2025-03-13,5088.25,Tarjeta credito,Aprobado
5854,5854,2026-05-09,173629.76,Mercado Pago,Pendiente
5855,5855,2026-06-09,49490.77,Tarjeta debito,Aprobado
5856,5856,2025-12-24,79076.92,Tarjeta credito,Aprobado
5857,5857,2025-06-20,0.0,Mercado Pago,Rechazado
5858,5858,2024-02-13,154368.54,Tarjeta debito,Aprobado
5859,5859,2024-05-23,74015.68,Tarjeta credito,Aprobado
5860,5860,2025-04-15,73073.86,Tarjeta credito,Aprobado
5861,5861,2024-09-22,57198.82,Tarjeta credito,Aprobado
5862,5862,2024-04-28,20168.12,Mercado Pago,Aprobado
5863,5863,2024-04-20,101679.56,Mercado Pago,Aprobado
5864,5864,2025-08-17,189560.8,Tarjeta credito,Pendiente
5865,5865,2025-02-04,23746.95,Tarjeta credito,Pendiente
5866,5866,2024-12-26,28353.07,Mercado Pago,Aprobado
5867,5867,2024-06-14,756090.77,Efectivo,Aprobado
5868,5868,2024-12-16,7327.25,Tarjeta credito,Aprobado
5869,5869,2025-10-18,127293.24,Tarjeta credito,Aprobado
5870,5870,2026-03-08,52377.8,Tarjeta credito,Aprobado
5871,5871,2025-02-24,14522.45,Tarjeta credito,Aprobado
5872,5872,2025-12-04,0.0,Tarjeta debito,Rechazado
5873,5873,2025-05-01,121767.36,Transferencia,Aprobado
5874,5874,2026-07-08,85308.45,Tarjeta credito,Aprobado
5875,5875,2025-06-21,103131.92,Transferencia,Aprobado
5876,5876,2026-02-06,21652.42,Tarjeta credito,Aprobado
5877,5877,2025-11-20,299789.41,Transferencia,Aprobado
5878,5878,2025-10-20,22962.02,Efectivo,Pendiente
5879,5879,2025-08-09,39150.37,Tarjeta credito,Aprobado
5880,5880,2026-02-25,10382.96,Tarjeta credito,Aprobado
5881,5881,2024-02-21,36582.39,Tarjeta credito,Aprobado
5882,5882,2025-09-25,264762.03,Tarjeta credito,Aprobado
5883,5883,2025-11-04,40732.94,Mercado Pago,Aprobado
5884,5884,2025-07-25,8008.72,Tarjeta credito,Aprobado
5885,5885,2025-07-06,193398.02,Tarjeta credito,Aprobado
5886,5886,2025-05-12,47727.44,Mercado Pago,Aprobado
5887,5887,2024-03-08,113629.85,Tarjeta credito,Aprobado
5888,5888,2026-01-03,45402.16,Transferencia,Aprobado
5889,5889,2026-08-05,159365.44,Transferencia,Aprobado
5890,5890,2024-12-09,16853.01,Mercado Pago,Aprobado
5891,5891,2025-11-06,56645.92,Transferencia,Aprobado
5892,5892,2025-12-26,111180.93,Mercado Pago,Aprobado
5893,5893,2024-02-02,66394.72,Transferencia,Aprobado
5894,5894,2025-12-11,148706.51,Tarjeta credito,Aprobado
5895,5895,2025-02-23,0.0,Tarjeta credito,Rechazado
5896,5896,2025-12-11,25420.17,Tarjeta credito,Aprobado
5897,5897,2026-05-01,0.0,Transferencia,Rechazado
5898,5898,2024-04-19,39800.14,Transferencia,Aprobado
5899,5899,2025-06-01,251163.94,Transferencia,Pendiente
5900,5900,2024-12-20,4862.74,Tarjeta debito,Aprobado
5901,5901,2025-12-27,82969.47,Tarjeta credito,Aprobado
5902,5902,2024-11-30,229894.32,Mercado Pago,Aprobado
5903,5903,2024-07-27,131122.22,Mercado Pago,Aprobado
5904,5904,2025-02-02,39906.09,Mercado Pago,Aprobado
5905,5905,2025-01-29,13397.58,Mercado Pago,Aprobado
5906,5906,2026-01-26,56391.55,Transferencia,Aprobado
5907,5907,2026-04-22,0.0,Efectivo,Rechazado
5908,5908,2024-02-27,15306.66,Transferencia,Aprobado
5909,5909,2026-08-30,83581.68,Tarjeta credito,Aprobado
5910,5910,2026-01-22,72227.18,Tarjeta credito,Aprobado
5911,5911,2025-05-23,20875.83,Transferencia,Aprobado
5912,5912,2026-08-20,7905.38,Tarjeta credito,Aprobado
5913,5913,2024-02-24,118835.83,Transferencia,Aprobado
5914,5914,2025-10-30,173628.18,Mercado Pago,Aprobado
5915,5915,2025-05-20,81788.73,Tarjeta debito,Aprobado
5916,5916,2025-12-09,12936.21,Tarjeta credito,Aprobado
5917,5917,2026-04-06,121380.78,Mercado Pago,Aprobado
5918,5918,2026-05-12,0.0,Tarjeta credito,Rechazado
5919,5919,2025-07-27,125339.3,Transferencia,Aprobado
5920,5920,2025-10-11,35683.32,Tarjeta credito,Aprobado
5921,5921,2025-12-21,37743.1,Tarjeta credito,Aprobado
5922,5922,2024-04-16,131899.39,Tarjeta debito,Aprobado
5923,5923,2025-03-05,34458.48,Mercado Pago,Aprobado
5924,5924,2024-04-05,23555.71,Transferencia,Aprobado
5925,5925,2024-07-18,17465.94,Tarjeta debito,Aprobado
5926,5926,2025-04-08,116258.86,Tarjeta debito,Aprobado
5927,5927,2025-01-11,11163.75,Tarjeta credito,Aprobado
5928,5928,2024-11-03,17719.18,Tarjeta credito,Aprobado
5929,5929,2024-04-16,73769.55,Transferencia,Aprobado
5930,5930,2026-07-11,107126.56,Tarjeta credito,Aprobado
5931,5931,2025-01-29,99612.45,Tarjeta debito,Aprobado
5932,5932,2024-10-19,127366.3,Mercado Pago,Aprobado
5933,5933,2026-04-06,39798.23,Efectivo,Aprobado
5934,5934,2024-02-12,285167.72,Tarjeta credito,Pendiente
5935,5935,2026-02-13,275393.96,Tarjeta credito,Aprobado
5936,5936,2025-11-17,56181.14,Mercado Pago,Aprobado
5937,5937,2025-11-20,22112.36,Mercado Pago,Pendiente
5938,5938,2025-08-24,81835.76,Tarjeta debito,Aprobado
5939,5939,2026-03-05,93053.12,Tarjeta credito,Aprobado
5940,5940,2024-05-07,38429.81,Tarjeta credito,Aprobado
5941,5941,2024-12-30,14335.49,Transferencia,Aprobado
5942,5942,2026-08-13,70021.98,Efectivo,Aprobado
5943,5943,2024-04-17,53325.22,Tarjeta debito,Aprobado
5944,5944,2025-03-05,75366.2,Transferencia,Aprobado
5945,5945,2025-07-05,254921.32,Transferencia,Aprobado
5946,5946,2024-02-27,6181.15,Tarjeta debito,Aprobado
5947,5947,2025-09-29,249150.63,Transferencia,Aprobado
5948,5948,2024-08-03,94613.3,Tarjeta credito,Aprobado
5949,5949,2025-01-08,28343.96,Tarjeta credito,Aprobado
5950,5950,2025-11-29,11158.92,Efectivo,Aprobado
5951,5951,2025-10-30,31874.42,Tarjeta credito,Aprobado
5952,5952,2024-10-20,0.0,Tarjeta debito,Rechazado
5953,5953,2025-09-23,37298.75,Tarjeta debito,Aprobado
5954,5954,2024-07-29,16907.79,Tarjeta credito,Aprobado
5955,5955,2026-07-20,36141.72,Tarjeta debito,Aprobado
5956,5956,2024-07-29,97503.62,Tarjeta credito,Aprobado
5957,5957,2024-03-31,9183.4,Tarjeta credito,Aprobado
5958,5958,2024-11-09,44324.24,Mercado Pago,Aprobado
5959,5959,2024-12-12,14662.82,Transferencia,Aprobado
5960,5960,2024-07-16,34545.92,Tarjeta credito,Aprobado
5961,5961,2026-04-14,7202.25,Tarjeta debito,Aprobado
5962,5962,2025-12-07,55391.28,Mercado Pago,Pendiente
5963,5963,2025-06-17,32796.85,Transferencia,Aprobado
5964,5964,2026-03-02,10838.11,Tarjeta credito,Aprobado
5965,5965,2025-01-30,132483.84,Tarjeta credito,Aprobado
5966,5966,2025-10-29,47905.38,Mercado Pago,Aprobado
5967,5967,2025-11-21,69128.96,Tarjeta credito,Aprobado
5968,5968,2026-03-08,55810.44,Efectivo,Aprobado
5969,5969,2024-11-02,0.0,Transferencia,Rechazado
5970,5970,2025-07-22,119314.08,Transferencia,Aprobado
5971,5971,2024-08-31,13548.42,Mercado Pago,Aprobado
5972,5972,2024-02-05,17492.78,Tarjeta credito,Aprobado
5973,5973,2025-11-09,64070.17,Efectivo,Aprobado
5974,5974,2024-07-23,32637.81,Mercado Pago,Pendiente
5975,5975,2025-03-02,14122.89,Transferencia,Pendiente
5976,5976,2025-05-24,60814.49,Efectivo,Aprobado
5977,5977,2024-12-30,36104.46,Tarjeta credito,Aprobado
5978,5978,2025-12-03,164362.62,Mercado Pago,Aprobado
5979,5979,2024-03-30,79798.68,Transferencia,Aprobado
5980,5980,2024-02-29,102326.23,Tarjeta credito,Aprobado
5981,5981,2024-09-12,55252.8,Efectivo,Pendiente
5982,5982,2025-11-06,144298.66,Efectivo,Aprobado
5983,5983,2024-12-12,24280.29,Mercado Pago,Aprobado
5984,5984,2024-11-16,56147.27,Tarjeta debito,Aprobado
5985,5985,2024-11-25,111679.09,Tarjeta debito,Aprobado
5986,5986,2024-10-03,50709.4,Transferencia,Aprobado
5987,5987,2025-11-17,68810.07,Tarjeta debito,Aprobado
5988,5988,2026-05-09,212703.94,Tarjeta debito,Aprobado
5989,5989,2026-06-09,42231.12,Tarjeta debito,Aprobado
5990,5990,2024-05-03,25816.88,Mercado Pago,Pendiente
5991,5991,2024-07-30,5552.44,Tarjeta debito,Aprobado
5992,5992,2026-05-02,64930.54,Transferencia,Aprobado
5993,5993,2024-01-05,290763.07,Mercado Pago,Aprobado
5994,5994,2025-12-24,20211.58,Mercado Pago,Aprobado
5995,5995,2024-11-10,6804.04,Tarjeta credito,Pendiente
5996,5996,2025-05-17,121654.36,Tarjeta credito,Aprobado
5997,5997,2024-06-05,158455.47,Mercado Pago,Aprobado
5998,5998,2025-02-03,57040.56,Transferencia,Aprobado
5999,5999,2024-01-21,121928.89,Efectivo,Aprobado
6000,6000,2025-04-02,299356.95,Transferencia,Aprobado
6001,6001,2025-12-23,0.0,Transferencia,Rechazado
6002,6002,2026-03-09,22193.96,Transferencia,Pendiente
6003,6003,2024-08-24,32765.7,Tarjeta credito,Pendiente
6004,6004,2024-12-16,7984.76,Mercado Pago,Aprobado
6005,6005,2026-04-12,131297.66,Mercado Pago,Pendiente
6006,6006,2025-09-05,53622.84,Mercado Pago,Aprobado
6007,6007,2024-06-29,9389.72,Mercado Pago,Aprobado
6008,6008,2026-07-01,0.0,Transferencia,Rechazado
6009,6009,2025-04-02,6207.43,Tarjeta debito,Aprobado
6010,6010,2025-05-23,11827.94,Tarjeta debito,Aprobado
6011,6011,2025-03-16,38750.75,Mercado Pago,Aprobado
6012,6012,2024-12-22,111000.14,Tarjeta credito,Aprobado
6013,6013,2025-06-10,48621.22,Tarjeta credito,Aprobado
6014,6014,2024-11-20,66783.65,Mercado Pago,Aprobado
6015,6015,2025-06-28,42075.86,Tarjeta debito,Pendiente
6016,6016,2024-10-22,27299.22,Tarjeta debito,Aprobado
6017,6017,2024-01-13,35193.53,Tarjeta credito,Aprobado
6018,6018,2026-04-09,226679.94,Tarjeta credito,Aprobado
6019,6019,2025-10-05,55131.55,Tarjeta credito,Aprobado
6020,6020,2026-02-13,0.0,Mercado Pago,Rechazado
6021,6021,2026-06-18,36524.02,Tarjeta credito,Aprobado
6022,6022,2024-12-03,4596.48,Transferencia,Aprobado
6023,6023,2025-07-12,10129.97,Tarjeta credito,Aprobado
6024,6024,2025-07-16,89659.71,Efectivo,Aprobado
6025,6025,2024-03-12,9528.96,Tarjeta debito,Aprobado
6026,6026,2026-06-18,38048.18,Efectivo,Aprobado
6027,6027,2025-05-05,14742.89,Mercado Pago,Aprobado
6028,6028,2025-09-16,10209.27,Mercado Pago,Aprobado
6029,6029,2025-04-11,0.0,Efectivo,Rechazado
6030,6030,2024-04-26,27353.18,Tarjeta debito,Aprobado
6031,6031,2026-07-09,296695.21,Tarjeta debito,Aprobado
6032,6032,2025-04-03,41417.4,Transferencia,Aprobado
6033,6033,2024-10-17,71163.9,Tarjeta credito,Aprobado
6034,6034,2026-06-20,24457.38,Transferencia,Aprobado
6035,6035,2026-02-26,101937.56,Tarjeta debito,Aprobado
6036,6036,2026-03-25,36721.5,Transferencia,Aprobado
6037,6037,2024-11-13,51031.24,Tarjeta debito,Aprobado
6038,6038,2026-08-29,273525.83,Mercado Pago,Aprobado
6039,6039,2024-08-25,13542.19,Efectivo,Aprobado
6040,6040,2024-06-24,33342.11,Tarjeta debito,Aprobado
6041,6041,2024-05-14,14756.98,Tarjeta credito,Aprobado
6042,6042,2024-07-08,0.0,Tarjeta credito,Rechazado
6043,6043,2025-03-08,154018.54,Tarjeta credito,Aprobado
6044,6044,2024-12-13,38474.72,tarjeta credito,Aprobado
6045,6045,2024-01-13,7498.49,Transferencia,Aprobado
6046,6046,2025-02-08,45203.38,Mercado Pago,Aprobado
6047,6047,2024-11-08,29019.69,Tarjeta credito,Aprobado
6048,6048,2025-04-25,33758.19,Transferencia,Pendiente
6049,6049,2024-01-27,12980.01,Transferencia,Aprobado
6050,6050,2024-06-14,21135.01,Tarjeta credito,Aprobado
6051,6051,2024-07-24,35107.78,Tarjeta credito,Aprobado
6052,6052,2025-06-26,29428.02,Mercado Pago,Aprobado
6053,6053,2024-08-19,82503.22,Transferencia,Aprobado
6054,6054,2024-05-18,192100.06,Tarjeta credito,Aprobado
6055,6055,2025-12-20,0.0,Tarjeta credito,Rechazado
6056,6056,2024-09-15,36129.17,Tarjeta credito,Aprobado
6057,6057,2024-03-03,0.0,Tarjeta credito,Rechazado
6058,6058,2025-06-14,41832.9,Tarjeta debito,Pendiente
6059,6059,2025-07-27,8563.34,Tarjeta credito,Aprobado
6060,6060,2025-12-19,24758.42,Tarjeta credito,Aprobado
6061,6061,2025-07-28,7511.28,Transferencia,Pendiente
6062,6062,2024-07-28,45704.78,Tarjeta debito,Aprobado
6063,6063,2025-02-23,24972.53,Efectivo,Aprobado
6064,6064,2024-11-08,86927.78,Mercado Pago,Aprobado
6065,6065,2025-05-30,11067.84,Tarjeta credito,Aprobado
6066,6066,2025-09-06,74207.31,Transferencia,Aprobado
6067,6067,2025-12-13,63247.05,Tarjeta credito,Pendiente
6068,6068,2026-06-13,87385.41,Tarjeta credito,Aprobado
6069,6069,2025-06-23,46035.21,Transferencia,Aprobado
6070,6070,2024-02-01,0.0,Tarjeta debito,Rechazado
6071,6071,2025-04-20,118772.64,tarjeta debito,Aprobado
6072,6072,2024-05-31,47361.61,Tarjeta credito,Aprobado
6073,6073,2024-08-16,39897.15,Tarjeta debito,Pendiente
6074,6074,2025-06-19,25103.31,Transferencia,Aprobado
6075,6075,2026-07-30,91470.14,Tarjeta credito,Aprobado
6076,6076,2025-09-11,24489.36,Tarjeta credito,Aprobado
6077,6077,2025-08-21,76851.16,Mercado Pago,Aprobado
6078,6078,2024-03-19,105798.34,Tarjeta credito,Aprobado
6079,6079,2026-06-10,113213.33,Mercado Pago,Aprobado
6080,6080,2026-07-19,24245.46,Tarjeta credito,Aprobado
6081,6081,2025-05-12,31548.35,Tarjeta credito,Aprobado
6082,6082,2025-12-06,13603.49,Mercado Pago,Aprobado
6083,6083,2024-12-14,56092.9,Tarjeta credito,Aprobado
6084,6084,2025-02-05,113757.72,Mercado Pago,Pendiente
6085,6085,2025-08-24,0.0,Tarjeta debito,Rechazado
6086,6086,2024-09-20,159365.1,Tarjeta debito,Aprobado
6087,6087,2024-01-12,36500.1,Tarjeta debito,Aprobado
6088,6088,2024-07-18,0.0,Tarjeta credito,Rechazado
6089,6089,2024-12-29,40913.42,Tarjeta credito,Aprobado
6090,6090,2025-11-28,39314.42,transferencia,Aprobado
6091,6091,2024-12-23,171610.89,transferencia,Aprobado
6092,6092,2026-02-04,34957.02,Tarjeta credito,Aprobado
6093,6093,2025-03-13,19816.65,Mercado Pago,Aprobado
6094,6094,2026-03-16,70558.94,Mercado Pago,Aprobado
6095,6095,2024-06-20,0.0,Mercado Pago,Rechazado
6096,6096,2025-03-17,408231.96,Transferencia,Aprobado
6097,6097,2024-07-14,180940.67,Transferencia,Aprobado
6098,6098,2025-07-23,19426.38,Tarjeta debito,Aprobado
6099,6099,2025-02-01,74421.64,Transferencia,Aprobado
6100,6100,2025-12-06,37495.54,Tarjeta credito,Aprobado
6101,6101,2026-07-14,43625.91,Mercado Pago,Pendiente
6102,6102,2025-03-02,36965.64,Tarjeta debito,Aprobado
6103,6103,2024-01-10,482866.25,Efectivo,Aprobado
6104,6104,2026-01-13,30954.62,Tarjeta credito,Aprobado
6105,6105,2024-12-27,47557.64,Mercado Pago,Aprobado
6106,6106,2024-11-07,4603.03,Transferencia,Aprobado
6107,6107,2024-09-27,22492.45,Mercado Pago,Aprobado
6108,6108,2024-06-28,13848.21,Tarjeta debito,Aprobado
6109,6109,2024-06-07,375493.72,Tarjeta credito,Aprobado
6110,6110,2024-01-11,77275.22,Tarjeta debito,Aprobado
6111,6111,2025-06-18,0.0,Tarjeta credito,Rechazado
6112,6112,2025-07-06,51483.73,Mercado Pago,Aprobado
6113,6113,2025-11-21,99629.91,Mercado Pago,Aprobado
6114,6114,2025-02-21,14821.23,Transferencia,Aprobado
6115,6115,2024-09-28,30699.89,Transferencia,Aprobado
6116,6116,2024-12-20,61883.06,Mercado Pago,Aprobado
6117,6117,2025-07-25,14191.72,Tarjeta credito,Aprobado
6118,6118,2025-10-23,4728.78,Mercado Pago,Aprobado
6119,6119,2025-12-08,52978.31,Tarjeta credito,Aprobado
6120,6120,2025-03-24,57198.98,Mercado Pago,Aprobado
6121,6121,2026-04-20,0.0,Efectivo,Rechazado
6122,6122,2025-10-30,9426.02,Mercado Pago,Pendiente
6123,6123,2024-01-06,29860.62,Tarjeta credito,Aprobado
6124,6124,2025-06-20,154420.09,Transferencia,Aprobado
6125,6125,2025-07-07,0.0,Mercado Pago,Rechazado
6126,6126,2025-09-22,14577.78,Tarjeta debito,Aprobado
6127,6127,2026-03-26,105072.85,Mercado Pago,Aprobado
6128,6128,2026-08-04,53229.42,Tarjeta debito,Aprobado
6129,6129,2024-05-02,142109.86,Mercado Pago,Aprobado
6130,6130,2025-05-15,37627.62,Mercado Pago,Aprobado
6131,6131,2025-04-08,0.0,Mercado Pago,Rechazado
6132,6132,2024-10-25,70503.61,Efectivo,Aprobado
6133,6133,2026-04-22,33792.76,Mercado Pago,Aprobado
6134,6134,2024-03-28,21740.66,Tarjeta debito,Aprobado
6135,6135,2025-02-23,122178.71,Tarjeta debito,Aprobado
6136,6136,2024-09-12,5123.69,Transferencia,Aprobado
6137,6137,2025-10-10,22641.11,Tarjeta debito,Aprobado
6138,6138,2024-12-10,57307.22,Tarjeta debito,Aprobado
6139,6139,2024-08-18,376336.84,Tarjeta credito,Aprobado
6140,6140,2024-04-19,10233.49,Tarjeta credito,Aprobado
6141,6141,2026-05-20,28128.73,Tarjeta credito,Aprobado
6142,6142,2025-11-11,0.0,Tarjeta debito,Rechazado
6143,6143,2024-11-04,210341.98,Tarjeta credito,Aprobado
6144,6144,2026-06-19,0.0,Tarjeta credito,Rechazado
6145,6145,2024-05-28,151952.47,Tarjeta credito,Aprobado
6146,6146,2026-05-20,26544.15,Mercado Pago,Aprobado
6147,6147,2025-12-08,39788.87,Tarjeta credito,Aprobado
6148,6148,2024-07-30,8540.39,Tarjeta credito,Aprobado
6149,6149,2024-11-04,54777.15,Transferencia,Aprobado
6150,6150,2024-12-27,51984.32,Transferencia,Pendiente
6151,6151,2025-02-10,0.0,Tarjeta credito,Rechazado
6152,6152,2024-12-08,175090.99,Tarjeta credito,Aprobado
6153,6153,2025-04-27,51856.76,Tarjeta credito,Aprobado
6154,6154,2026-05-19,49340.43,Efectivo,Pendiente
6155,6155,2026-01-20,50603.57,Tarjeta credito,Aprobado
6156,6156,2025-12-25,0.0,Mercado Pago,Rechazado
6157,6157,2025-01-20,27622.21,Tarjeta credito,Aprobado
6158,6158,2026-07-11,499079.75,Tarjeta credito,Aprobado
6159,6159,2026-07-27,10551.82,Efectivo,Aprobado
6160,6160,2025-05-30,12686.64,Tarjeta debito,Aprobado
6161,6161,2024-02-12,174060.18,Tarjeta credito,Pendiente
6162,6162,2025-11-17,49799.0,Tarjeta credito,Aprobado
6163,6163,2025-10-28,330274.08,Mercado Pago,Aprobado
6164,6164,2025-05-02,66999.87,Tarjeta credito,Aprobado
6165,6165,2024-10-23,32914.14,Mercado Pago,Aprobado
6166,6166,2026-04-23,8077.75,Tarjeta debito,Aprobado
6167,6167,2024-09-20,0.0,Efectivo,Rechazado
6168,6168,2024-06-03,22042.02,Tarjeta credito,Aprobado
6169,6169,2025-03-18,37517.67,Transferencia,Aprobado
6170,6170,2025-03-14,166173.28,Transferencia,Aprobado
6171,6171,2024-10-30,92971.55,Tarjeta credito,Aprobado
6172,6172,2026-07-04,76625.47,Transferencia,Aprobado
6173,6173,2026-03-25,0.0,Tarjeta debito,Rechazado
6174,6174,2024-08-12,26775.91,Tarjeta credito,Aprobado
6175,6175,2025-04-12,10712.12,Tarjeta debito,Aprobado
6176,6176,2024-07-13,11501.07,Mercado Pago,Aprobado
6177,6177,2025-12-05,49436.49,Efectivo,Aprobado
6178,6178,2024-11-14,46330.2,Mercado Pago,Aprobado
6179,6179,2026-01-04,120491.58,Tarjeta credito,Aprobado
6180,6180,2024-03-09,302815.51,Tarjeta debito,Aprobado
6181,6181,2025-08-12,10372.89,Tarjeta credito,Aprobado
6182,6182,2026-04-17,30587.14,Tarjeta debito,Aprobado
6183,6183,2025-05-13,12623.96,Tarjeta debito,Aprobado
6184,6184,2025-09-25,31591.24,Tarjeta credito,Aprobado
6185,6185,2024-06-15,124121.75,Mercado Pago,Aprobado
6186,6186,2026-04-10,55066.96,Efectivo,Aprobado
6187,6187,2026-05-28,35872.66,Tarjeta credito,Aprobado
6188,6188,2025-11-07,21223.69,Efectivo,Pendiente
6189,6189,2026-07-18,42226.59,Tarjeta credito,Aprobado
6190,6190,2026-05-17,14597.0,Transferencia,Pendiente
6191,6191,2026-05-11,11966.4,Tarjeta credito,Aprobado
6192,6192,2026-06-07,120272.36,Tarjeta debito,Aprobado
6193,6193,2025-04-26,45302.35,Mercado Pago,Aprobado
6194,6194,2025-07-13,42910.51,Tarjeta credito,Aprobado
6195,6195,2025-10-10,0.0,Tarjeta debito,Rechazado
6196,6196,2024-08-10,15406.83,Transferencia,Aprobado
6197,6197,2025-05-07,24747.27,Efectivo,Aprobado
6198,6198,2024-10-03,63345.9,Tarjeta credito,Aprobado
6199,6199,2026-06-23,100110.28,Tarjeta debito,Aprobado
6200,6200,2025-08-18,13863.09,Efectivo,Aprobado
6201,6201,2025-11-18,146689.8,Tarjeta debito,Aprobado
6202,6202,2026-02-24,34990.94,Mercado Pago,Aprobado
6203,6203,2026-07-16,114489.84,Tarjeta credito,Aprobado
6204,6204,2024-08-24,54290.59,Tarjeta debito,Aprobado
6205,6205,2024-05-16,67872.04,Tarjeta debito,Aprobado
6206,6206,2025-11-24,22276.4,Transferencia,Aprobado
6207,6207,2024-11-22,254055.91,Tarjeta credito,Aprobado
6208,6208,2025-10-26,0.0,Tarjeta credito,Rechazado
6209,6209,2024-03-15,13663.64,Tarjeta credito,Aprobado
6210,6210,2024-08-25,46237.41,Tarjeta credito,Aprobado
6211,6211,2025-04-27,18054.9,Mercado Pago,Aprobado
6212,6212,2025-03-04,45970.79,Tarjeta credito,Pendiente
6213,6213,2025-02-16,47008.5,Mercado Pago,Aprobado
6214,6214,2025-04-28,26668.02,Tarjeta credito,Aprobado
6215,6215,2025-05-10,35547.03,Efectivo,Aprobado
6216,6216,2025-11-06,103080.33,Tarjeta debito,Aprobado
6217,6217,2026-08-22,76158.05,Tarjeta debito,Aprobado
6218,6218,2026-07-24,28671.78,Mercado Pago,Aprobado
6219,6219,2024-06-01,35440.7,Mercado Pago,Aprobado
6220,6220,2025-01-27,203038.5,Mercado Pago,Aprobado
6221,6221,2026-05-11,0.0,Tarjeta credito,Rechazado
6222,6222,2025-08-28,17357.4,Efectivo,Pendiente
6223,6223,2025-04-09,11869.88,Mercado Pago,Aprobado
6224,6224,2024-07-24,48240.77,Tarjeta credito,Aprobado
6225,6225,2024-10-05,0.0,Transferencia,Rechazado
6226,6226,2024-09-03,0.0,Tarjeta debito,Rechazado
6227,6227,2024-08-30,57238.24,Tarjeta debito,Aprobado
6228,6228,2025-07-24,167314.26,Tarjeta credito,Aprobado
6229,6229,2024-02-23,67197.94,Mercado Pago,Aprobado
6230,6230,2026-05-02,28127.95,Tarjeta credito,Aprobado
6231,6231,2024-09-07,228549.24,Tarjeta debito,Aprobado
6232,6232,2024-01-26,46242.87,Transferencia,Aprobado
6233,6233,2026-04-21,22261.28,Tarjeta credito,Aprobado
6234,6234,2026-07-15,47850.47,Tarjeta credito,Aprobado
6235,6235,2025-12-29,0.0,mercado pago,Rechazado
6236,6236,2024-08-30,190151.99,Transferencia,Aprobado
6237,6237,2025-05-25,11201.72,Tarjeta debito,Aprobado
6238,6238,2026-05-20,55623.76,Tarjeta debito,Aprobado
6239,6239,2025-10-10,28105.82,Transferencia,Aprobado
6240,6240,2025-07-20,4856.24,Tarjeta debito,Aprobado
6241,6241,2025-02-09,78109.69,Tarjeta credito,Aprobado
6242,6242,2025-12-29,42657.0,Tarjeta credito,Pendiente
6243,6243,2024-12-20,14039.07,Tarjeta debito,Aprobado
6244,6244,2025-11-10,9283.99,Tarjeta debito,Aprobado
6245,6245,2026-03-25,101271.39,Mercado Pago,Aprobado
6246,6246,2024-01-27,0.0,Tarjeta credito,Rechazado
6247,6247,2024-01-30,116113.81,Mercado Pago,Aprobado
6248,6248,2025-03-01,3757.89,Transferencia,Aprobado
6249,6249,2025-10-19,45507.5,Tarjeta debito,Aprobado
6250,6250,2024-09-07,13369.86,Tarjeta debito,Aprobado
6251,6251,2025-04-10,4698.99,Tarjeta credito,Aprobado
6252,6252,2025-03-18,490426.67,Transferencia,Aprobado
6253,6253,2024-02-02,8354.6,Mercado Pago,Aprobado
6254,6254,2025-08-15,104238.24,Mercado Pago,Aprobado
6255,6255,2025-11-13,46816.17,Tarjeta credito,Aprobado
6256,6256,2026-03-15,61423.0,Transferencia,Aprobado
6257,6257,2024-07-27,30786.28,Tarjeta credito,Pendiente
6258,6258,2026-07-04,179766.22,Tarjeta credito,Aprobado
6259,6259,2024-08-23,182847.38,Efectivo,Aprobado
6260,6260,2025-07-25,39313.98,Transferencia,Aprobado
6261,6261,2025-10-28,52608.43,Tarjeta credito,Aprobado
6262,6262,2025-11-29,172114.02,Tarjeta debito,Aprobado
6263,6263,2025-02-05,0.0,Tarjeta debito,Rechazado
6264,6264,2026-03-26,68709.63,Transferencia,Aprobado
6265,6265,2026-07-31,11088.38,Tarjeta credito,Aprobado
6266,6266,2024-06-24,42676.31,Tarjeta credito,Aprobado
6267,6267,2025-04-22,25618.58,Tarjeta credito,Aprobado
6268,6268,2026-07-06,37137.82,Tarjeta debito,Pendiente
6269,6269,2025-11-08,340410.77,Tarjeta credito,Aprobado
6270,6270,2026-03-14,2340645.18,Mercado Pago,Aprobado
6271,6271,2026-02-22,159687.67,Tarjeta credito,Aprobado
6272,6272,2025-09-03,96022.13,Transferencia,Aprobado
6273,6273,2025-04-08,3949.82,Transferencia,Aprobado
6274,6274,2025-03-18,5551.0,Transferencia,Aprobado
6275,6275,2024-11-04,43542.59,Mercado Pago,Pendiente
6276,6276,2025-03-02,107431.12,Tarjeta credito,Aprobado
6277,6277,2024-07-10,42472.41,Tarjeta credito,Aprobado
6278,6278,2025-07-18,23784.14,Transferencia,Aprobado
6279,6279,2024-11-14,61701.35,Mercado Pago,Aprobado
6280,6280,2025-12-17,26398.91,Transferencia,Aprobado
6281,6281,2026-02-12,15572.0,Tarjeta debito,Aprobado
6282,6282,2025-11-22,285970.77,Efectivo,Aprobado
6283,6283,2026-04-24,71189.0,Mercado Pago,Aprobado
6284,6284,2026-07-15,108469.55,Mercado Pago,Aprobado
6285,6285,2025-06-14,26618.28,Tarjeta credito,Aprobado
6286,6286,2025-06-13,0.0,Transferencia,Rechazado
6287,6287,2025-12-11,27631.92,Transferencia,Aprobado
6288,6288,2026-05-31,123284.23,Mercado Pago,Aprobado
6289,6289,2024-08-22,150544.34,Transferencia,Aprobado
6290,6290,2025-11-30,51539.76,Tarjeta credito,Aprobado
6291,6291,2025-04-06,79821.9,Efectivo,Aprobado
6292,6292,2025-12-13,11302.74,Mercado Pago,Aprobado
6293,6293,2026-07-26,88591.95,Tarjeta credito,Aprobado
6294,6294,2024-07-20,81621.67,Tarjeta debito,Aprobado
6295,6295,2024-01-17,19180.69,Tarjeta credito,Pendiente
6296,6296,2024-11-14,34770.23,Mercado Pago,Aprobado
6297,6297,2024-03-01,10032.56,Tarjeta credito,Aprobado
6298,6298,2025-12-07,37768.3,Tarjeta debito,Aprobado
6299,6299,2025-05-11,5722.19,Mercado Pago,Aprobado
6300,6300,2025-04-05,10179.67,Tarjeta credito,Aprobado
6301,6301,2026-07-19,71988.85,Transferencia,Aprobado
6302,6302,2024-07-24,58555.09,Transferencia,Aprobado
6303,6303,2024-05-17,101451.21,Tarjeta credito,Aprobado
6304,6304,2025-05-08,74223.48,Mercado Pago,Aprobado
6305,6305,2024-10-13,21392.25,Mercado Pago,Aprobado
6306,6306,2024-03-26,77124.19,Tarjeta debito,Pendiente
6307,6307,2026-04-02,107374.27,Tarjeta credito,Aprobado
6308,6308,2025-08-26,74697.94,Tarjeta credito,Aprobado
6309,6309,2026-02-19,49018.12,Tarjeta debito,Aprobado
6310,6310,2025-04-01,195476.28,Tarjeta debito,Pendiente
6311,6311,2024-10-25,63086.06,Transferencia,Aprobado
6312,6312,2024-05-15,73429.73,Tarjeta credito,Aprobado
6313,6313,2026-02-28,45199.74,Tarjeta credito,Aprobado
6314,6314,2025-02-09,140258.19,Tarjeta credito,Aprobado
6315,6315,2026-07-17,31743.65,Tarjeta credito,Aprobado
6316,6316,2024-04-30,28974.76,Efectivo,Aprobado
6317,6317,2024-04-03,188560.32,Tarjeta debito,Aprobado
6318,6318,2024-12-13,54296.65,Tarjeta credito,Aprobado
6319,6319,2026-04-21,89175.53,Transferencia,Aprobado
6320,6320,2024-10-22,51327.46,Mercado Pago,Aprobado
6321,6321,2026-03-23,0.0,Tarjeta credito,Rechazado
6322,6322,2025-08-17,707538.24,Mercado Pago,Aprobado
6323,6323,2024-01-03,72291.12,Tarjeta debito,Aprobado
6324,6324,2026-02-16,51199.76,Efectivo,Pendiente
6325,6325,2024-08-08,72243.65,Tarjeta credito,Aprobado
6326,6326,2024-09-30,38236.2,Tarjeta debito,Aprobado
6327,6327,2025-10-26,52718.56,Mercado Pago,Aprobado
6328,6328,2026-02-26,107026.23,Tarjeta credito,Aprobado
6329,6329,2026-07-27,111712.94,Tarjeta credito,Aprobado
6330,6330,2025-02-17,47946.98,Transferencia,Aprobado
6331,6331,2024-03-03,106387.38,Mercado Pago,Aprobado
6332,6332,2024-02-24,146207.06,Mercado Pago,Aprobado
6333,6333,2025-11-20,0.0,Tarjeta credito,Rechazado
6334,6334,2025-09-22,39482.39,Tarjeta credito,Aprobado
6335,6335,2025-12-25,85863.06,Tarjeta debito,Aprobado
6336,6336,2024-11-20,8379.47,Tarjeta credito,Aprobado
6337,6337,2026-03-22,20143.39,Transferencia,Aprobado
6338,6338,2024-05-05,81535.16,Mercado Pago,Aprobado
6339,6339,2026-07-30,27645.42,Tarjeta debito,Aprobado
6340,6340,2024-12-28,33947.37,Transferencia,Aprobado
6341,6341,2025-10-19,130553.17,Tarjeta credito,Aprobado
6342,6342,2025-06-20,4523.4,Transferencia,Aprobado
6343,6343,2024-12-28,14493.3,Tarjeta credito,Aprobado
6344,6344,2025-11-19,41454.38,Transferencia,Aprobado
6345,6345,2024-03-11,5318.01,Tarjeta debito,Aprobado
6346,6346,2025-02-06,52187.2,Tarjeta debito,Aprobado
6347,6347,2025-12-16,25907.81,Mercado Pago,Aprobado
6348,6348,2025-03-13,40002.04,Tarjeta credito,Aprobado
6349,6349,2025-11-24,39469.53,Transferencia,Pendiente
6350,6350,2025-06-06,20194.24,Tarjeta credito,Aprobado
6351,6351,2026-03-18,42061.94,Tarjeta credito,Aprobado
6352,6352,2025-07-24,74469.66,Tarjeta debito,Aprobado
6353,6353,2025-03-22,38225.28,Tarjeta credito,Aprobado
6354,6354,2024-12-10,44633.72,Tarjeta credito,Aprobado
6355,6355,2026-02-21,50047.09,Tarjeta debito,Aprobado
6356,6356,2024-01-20,883773.58,Transferencia,Aprobado
6357,6357,2025-03-30,90228.36,Tarjeta credito,Aprobado
6358,6358,2024-12-30,90620.7,Mercado Pago,Aprobado
6359,6359,2026-04-18,79379.23,Transferencia,Aprobado
6360,6360,2025-04-28,157104.53,Tarjeta debito,Aprobado
6361,6361,2024-07-19,22849.4,Mercado Pago,Aprobado
6362,6362,2026-07-09,182763.96,Tarjeta credito,Aprobado
6363,6363,2024-04-13,195390.06,Tarjeta credito,Aprobado
6364,6364,2025-06-07,55548.6,Transferencia,Aprobado
6365,6365,2024-12-22,4511.95,Mercado Pago,Aprobado
6366,6366,2025-03-03,13218.37,Mercado Pago,Pendiente
6367,6367,2024-08-22,101102.3,Tarjeta credito,Aprobado
6368,6368,2026-02-02,88150.02,Tarjeta credito,Aprobado
6369,6369,2024-08-01,27414.76,Tarjeta credito,Pendiente
6370,6370,2026-06-01,60220.22,Tarjeta debito,Aprobado
6371,6371,2024-11-03,9437.83,Tarjeta debito,Aprobado
6372,6372,2024-02-15,37857.03,Tarjeta debito,Aprobado
6373,6373,2025-08-30,47703.01,Efectivo,Aprobado
6374,6374,2025-12-20,401671.78,Mercado Pago,Aprobado
6375,6375,2024-11-25,10012.59,Tarjeta credito,Aprobado
6376,6376,2024-04-10,54643.5,Mercado Pago,Aprobado
6377,6377,2026-03-23,11472.47,Efectivo,Aprobado
6378,6378,2024-09-06,149225.99,Mercado Pago,Aprobado
6379,6379,2025-10-02,30532.95,Transferencia,Aprobado
6380,6380,2024-12-29,0.0,Tarjeta credito,Rechazado
6381,6381,2026-04-20,62876.48,Mercado Pago,Aprobado
6382,6382,2024-06-01,37168.83,Tarjeta credito,Aprobado
6383,6383,2025-06-06,160018.03,Transferencia,Aprobado
6384,6384,2026-06-08,233486.14,Mercado Pago,Aprobado
6385,6385,2024-04-25,131526.81,Mercado Pago,Aprobado
6386,6386,2026-05-26,144450.51,Tarjeta credito,Pendiente
6387,6387,2024-10-31,72157.9,Mercado Pago,Aprobado
6388,6388,2024-01-23,35047.95,Tarjeta credito,Aprobado
6389,6389,2026-05-25,54144.95,Mercado Pago,Aprobado
6390,6390,2024-01-16,7097.25,Tarjeta credito,Aprobado
6391,6391,2026-05-01,0.0,Tarjeta credito,Rechazado
6392,6392,2026-06-12,82158.92,Efectivo,Aprobado
6393,6393,2026-07-25,9036.94,Transferencia,Pendiente
6394,6394,2026-06-21,54560.62,Tarjeta credito,Aprobado
6395,6395,2024-11-28,10861.18,Tarjeta debito,Pendiente
6396,6396,2024-05-17,107126.91,Transferencia,Aprobado
6397,6397,2024-01-13,197632.72,Mercado Pago,Aprobado
6398,6398,2024-10-25,6676.46,Tarjeta credito,Pendiente
6399,6399,2025-06-10,59363.9,Transferencia,Aprobado
6400,6400,2025-09-04,45886.46,Tarjeta debito,Pendiente
6401,6401,2024-07-25,118896.32,Tarjeta credito,Aprobado
6402,6402,2026-08-15,176632.04,transferencia,Aprobado
6403,6403,2025-05-31,16876.03,Tarjeta credito,Aprobado
6404,6404,2024-12-06,50717.88,Transferencia,Aprobado
6405,6405,2024-06-15,30610.89,Mercado Pago,Aprobado
6406,6406,2025-12-15,11151.93,Efectivo,Aprobado
6407,6407,2025-04-12,33082.33,Transferencia,Aprobado
6408,6408,2024-06-07,78651.33,Tarjeta debito,Aprobado
6409,6409,2026-05-10,26884.32,Mercado Pago,Aprobado
6410,6410,2024-07-07,12739.26,Tarjeta credito,Aprobado
6411,6411,2026-03-14,95232.64,Tarjeta credito,Aprobado
6412,6412,2024-07-15,8357.85,Mercado Pago,Aprobado
6413,6413,2024-07-24,99734.7,Mercado Pago,Aprobado
6414,6414,2025-01-01,19945.64,Tarjeta debito,Aprobado
6415,6415,2024-06-29,0.0,Tarjeta credito,Rechazado
6416,6416,2024-08-19,57508.99,Transferencia,Aprobado
6417,6417,2024-06-08,40882.82,Efectivo,Aprobado
6418,6418,2026-08-13,9083.96,Mercado Pago,Aprobado
6419,6419,2024-12-26,219043.56,Tarjeta credito,Pendiente
6420,6420,2025-07-02,42287.98,Tarjeta debito,Aprobado
6421,6421,2025-10-31,9639.86,Transferencia,Aprobado
6422,6422,2025-09-01,67015.85,Tarjeta credito,Aprobado
6423,6423,2025-02-16,18122.82,Tarjeta credito,Aprobado
6424,6424,2024-06-03,34053.32,Transferencia,Aprobado
6425,6425,2024-05-02,178451.77,Mercado Pago,Aprobado
6426,6426,2025-05-05,32907.79,Tarjeta credito,Aprobado
6427,6427,2026-07-28,2195.54,Efectivo,Aprobado
6428,6428,2025-03-09,22643.66,Efectivo,Aprobado
6429,6429,2024-09-21,294853.52,Efectivo,Aprobado
6430,6430,2025-10-30,11472.53,Tarjeta credito,Aprobado
6431,6431,2025-06-07,20819.84,Tarjeta credito,Aprobado
6432,6432,2026-06-26,54801.37,Mercado Pago,Aprobado
6433,6433,2025-01-12,72570.05,Mercado Pago,Aprobado
6434,6434,2024-03-24,11266.42,Tarjeta credito,Pendiente
6435,6435,2024-08-07,40873.42,Mercado Pago,Aprobado
6436,6436,2024-03-05,310379.63,Transferencia,Pendiente
6437,6437,2024-11-08,3920.82,Tarjeta credito,Aprobado
6438,6438,2026-07-21,123642.2,Tarjeta credito,Aprobado
6439,6439,2025-06-02,89871.91,Mercado Pago,Aprobado
6440,6440,2024-09-23,326862.24,Tarjeta debito,Aprobado
6441,6441,2025-10-07,109788.53,Transferencia,Aprobado
6442,6442,2025-03-21,100061.04,Tarjeta debito,Aprobado
6443,6443,2024-07-17,3948.09,Tarjeta credito,Aprobado
6444,6444,2025-03-19,16985.42,Mercado Pago,Aprobado
6445,6445,2024-03-13,190105.7,Tarjeta credito,Aprobado
6446,6446,2025-12-16,20499.39,Transferencia,Aprobado
6447,6447,2024-07-08,13182.97,Mercado Pago,Pendiente
6448,6448,2024-07-23,31933.51,Tarjeta credito,Aprobado
6449,6449,2026-06-14,413292.97,Tarjeta debito,Aprobado
6450,6450,2024-06-02,18277.33,Efectivo,Aprobado
6451,6451,2024-03-17,66164.68,Tarjeta credito,Aprobado
6452,6452,2025-06-21,29311.1,Mercado Pago,Aprobado
6453,6453,2024-04-08,100445.28,Tarjeta debito,Aprobado
6454,6454,2024-11-23,34489.42,Mercado Pago,Pendiente
6455,6455,2026-06-28,28337.79,Transferencia,Aprobado
6456,6456,2024-06-01,26430.85,Tarjeta debito,Aprobado
6457,6457,2025-10-23,38527.21,Efectivo,Pendiente
6458,6458,2024-08-31,19642.11,Tarjeta credito,Aprobado
6459,6459,2026-08-11,27821.64,Transferencia,Aprobado
6460,6460,2024-12-14,113564.24,Mercado Pago,Aprobado
6461,6461,2024-10-08,0.0,Tarjeta credito,Rechazado
6462,6462,2025-03-25,24990.82,Tarjeta debito,Aprobado
6463,6463,2025-08-15,15972.34,Tarjeta debito,Pendiente
6464,6464,2024-05-08,137900.86,Tarjeta credito,Aprobado
6465,6465,2025-09-24,23468.32,Transferencia,Aprobado
6466,6466,2025-04-26,10920.23,Tarjeta debito,Aprobado
6467,6467,2024-03-10,40433.94,Tarjeta credito,Aprobado
6468,6468,2025-05-10,9266.97,Tarjeta debito,Aprobado
6469,6469,2024-05-03,68614.63,Tarjeta credito,Aprobado
6470,6470,2024-08-02,143849.62,Tarjeta credito,Aprobado
6471,6471,2024-12-25,83623.02,Mercado Pago,Aprobado
6472,6472,2024-09-23,48872.86,Efectivo,Aprobado
6473,6473,2026-08-21,89717.55,Tarjeta credito,Aprobado
6474,6474,2025-07-24,17010.25,Tarjeta credito,Aprobado
6475,6475,2025-07-29,0.0,Tarjeta debito,Rechazado
6476,6476,2024-05-27,740814.39,Tarjeta debito,Aprobado
6477,6477,2024-09-06,24293.65,Mercado Pago,Aprobado
6478,6478,2024-08-19,19261.72,Tarjeta credito,Pendiente
6479,6479,2024-02-09,5029.95,Mercado Pago,Aprobado
6480,6480,2024-06-23,19213.85,Tarjeta credito,Aprobado
6481,6481,2025-11-06,453430.0,Tarjeta credito,Aprobado
6482,6482,2025-11-13,56670.7,Mercado Pago,Aprobado
6483,6483,2026-03-13,177246.26,Transferencia,Pendiente
6484,6484,2025-05-23,13445.82,Tarjeta credito,Aprobado
6485,6485,2026-07-21,230865.76,Tarjeta debito,Aprobado
6486,6486,2026-03-12,7315.66,Mercado Pago,Pendiente
6487,6487,2024-02-03,275667.29,Transferencia,Aprobado
6488,6488,2025-10-09,164215.25,Tarjeta credito,Pendiente
6489,6489,2025-08-14,0.0,Mercado Pago,Rechazado
6490,6490,2026-06-16,110103.48,Mercado Pago,Pendiente
6491,6491,2024-09-30,6619.54,Tarjeta debito,Pendiente
6492,6492,2024-10-12,39423.02,Efectivo,Aprobado
6493,6493,2024-06-22,19757.29,Tarjeta credito,Pendiente
6494,6494,2024-03-21,45824.65,Transferencia,Aprobado
6495,6495,2024-09-15,78433.02,Tarjeta credito,Aprobado
6496,6496,2026-03-08,8904.52,Transferencia,Aprobado
6497,6497,2025-03-15,135046.06,Transferencia,Aprobado
6498,6498,2026-08-10,40980.9,Efectivo,Aprobado
6499,6499,2025-11-08,45649.31,Tarjeta debito,Aprobado
6500,6500,2025-05-18,80620.56,Transferencia,Pendiente
6501,6501,2024-07-27,9893.92,Tarjeta debito,Aprobado
6502,6502,2024-07-05,77724.56,Mercado Pago,Aprobado
6503,6503,2024-07-28,26580.77,Mercado Pago,Aprobado
6504,6504,2025-08-08,27989.66,Transferencia,Aprobado
6505,6505,2024-11-14,35866.55,Mercado Pago,Aprobado
6506,6506,2024-02-21,0.0,Mercado Pago,Rechazado
6507,6507,2025-07-03,41392.05,Transferencia,Aprobado
6508,6508,2024-10-01,23753.4,Tarjeta credito,Aprobado
6509,6509,2025-09-03,18320.61,Transferencia,Aprobado
6510,6510,2026-03-27,228422.76,Tarjeta debito,Aprobado
6511,6511,2026-08-17,0.0,Tarjeta credito,Rechazado
6512,6512,2024-11-19,308761.54,Mercado Pago,Aprobado
6513,6513,2024-11-17,68340.5,Tarjeta credito,Aprobado
6514,6514,2024-03-06,34080.79,Tarjeta credito,Aprobado
6515,6515,2025-06-15,221248.69,Mercado Pago,Aprobado
6516,6516,2026-03-28,57783.54,Tarjeta debito,Aprobado
6517,6517,2026-04-23,92435.24,Tarjeta credito,Aprobado
6518,6518,2025-01-05,0.0,Mercado Pago,Rechazado
6519,6519,2024-03-22,15009.36,Tarjeta credito,Aprobado
6520,6520,2025-03-06,73518.82,Tarjeta debito,Aprobado
6521,6521,2025-05-07,44144.16,Mercado Pago,Pendiente
6522,6522,2024-03-22,148001.47,Tarjeta debito,Aprobado
6523,6523,2026-04-26,100616.1,Transferencia,Pendiente
6524,6524,2026-03-28,19300.23,Transferencia,Aprobado
6525,6525,2025-10-29,0.0,Tarjeta debito,Rechazado
6526,6526,2026-08-26,8696.69,Tarjeta credito,Aprobado
6527,6527,2025-06-07,22160.7,Tarjeta debito,Aprobado
6528,6528,2026-06-26,15750.36,Tarjeta debito,Aprobado
6529,6529,2024-01-18,27789.8,Mercado Pago,Aprobado
6530,6530,2026-04-08,136705.94,Tarjeta credito,Aprobado
6531,6531,2024-06-14,66520.44,Transferencia,Aprobado
6532,6532,2024-12-09,9360.77,Tarjeta credito,Aprobado
6533,6533,2025-02-08,33994.42,Transferencia,Aprobado
6534,6534,2026-01-07,28616.65,Transferencia,Aprobado
6535,6535,2024-01-05,132902.78,Transferencia,Aprobado
6536,6536,2026-04-23,214276.23,Tarjeta credito,Aprobado
6537,6537,2024-06-09,271910.92,Transferencia,Aprobado
6538,6538,2025-09-10,179307.03,Tarjeta credito,Aprobado
6539,6539,2025-03-05,323953.07,Mercado Pago,Aprobado
6540,6540,2025-08-20,331689.92,Transferencia,Aprobado
6541,6541,2026-06-03,57448.7,Tarjeta debito,Aprobado
6542,6542,2025-06-05,62470.97,Mercado Pago,Aprobado
6543,6543,2024-11-14,0.0,Tarjeta credito,Rechazado
6544,6544,2025-07-29,0.0,Transferencia,Rechazado
6545,6545,2024-03-08,20475.8,Tarjeta debito,Aprobado
6546,6546,2025-07-24,36882.42,Transferencia,Aprobado
6547,6547,2024-08-04,0.0,Mercado Pago,Rechazado
6548,6548,2024-08-12,23491.46,Mercado Pago,Aprobado
6549,6549,2026-01-08,88078.66,Tarjeta credito,Aprobado
6550,6550,2025-12-16,27315.72,Transferencia,Aprobado
6551,6551,2024-07-21,0.0,Tarjeta debito,Rechazado
6552,6552,2026-04-20,28943.24,Transferencia,Aprobado
6553,6553,2024-10-10,47197.86,Tarjeta credito,Aprobado
6554,6554,2025-05-25,46018.18,Tarjeta credito,Aprobado
6555,6555,2024-05-29,12355.24,Tarjeta debito,Aprobado
6556,6556,2026-08-30,51408.39,Efectivo,Aprobado
6557,6557,2026-08-08,17204.83,Efectivo,Aprobado
6558,6558,2026-03-19,215282.83,Transferencia,Aprobado
6559,6559,2025-12-03,0.0,Tarjeta credito,Rechazado
6560,6560,2025-11-05,15169.11,Tarjeta debito,Aprobado
6561,6561,2025-01-08,26121.11,Efectivo,Aprobado
6562,6562,2025-11-01,68991.41,Tarjeta debito,Aprobado
6563,6563,2026-06-04,14538.9,Tarjeta credito,Aprobado
6564,6564,2025-02-07,150150.56,Tarjeta debito,Aprobado
6565,6565,2024-11-20,42094.5,Mercado Pago,Pendiente
6566,6566,2025-05-24,19884.67,Tarjeta credito,Pendiente
6567,6567,2024-12-11,134022.46,Tarjeta debito,Pendiente
6568,6568,2024-11-09,42412.89,Tarjeta credito,Aprobado
6569,6569,2025-06-12,93168.36,Tarjeta credito,Aprobado
6570,6570,2024-04-21,335954.85,Tarjeta credito,Aprobado
6571,6571,2025-02-12,10589.62,Mercado Pago,Aprobado
6572,6572,2025-07-26,13425.54,Efectivo,Aprobado
6573,6573,2025-01-29,58347.08,Tarjeta debito,Aprobado
6574,6574,2025-08-21,94307.76,Transferencia,Aprobado
6575,6575,2026-01-13,79922.57,Tarjeta credito,Aprobado
6576,6576,2025-02-14,326209.02,Mercado Pago,Aprobado
6577,6577,2025-02-13,15972.36,Transferencia,Aprobado
6578,6578,2025-04-25,0.0,Mercado Pago,Rechazado
6579,6579,2026-03-10,9535.1,Transferencia,Aprobado
6580,6580,2026-07-24,23755.38,Transferencia,Aprobado
6581,6581,2024-10-07,34794.62,Tarjeta debito,Aprobado
6582,6582,2025-07-10,410542.3,Tarjeta credito,Aprobado
6583,6583,2026-05-15,35119.58,Efectivo,Aprobado
6584,6584,2025-02-23,33307.37,Transferencia,Aprobado
6585,6585,2026-02-01,41371.28,Mercado Pago,Aprobado
6586,6586,2024-12-23,9381.28,Tarjeta credito,Pendiente
6587,6587,2026-04-02,38434.27,Mercado Pago,Aprobado
6588,6588,2025-02-07,42842.99,Transferencia,Aprobado
6589,6589,2024-09-17,19068.5,Transferencia,Aprobado
6590,6590,2026-05-09,191432.09,Tarjeta debito,Aprobado
6591,6591,2024-08-16,27561.34,Tarjeta credito,Aprobado
6592,6592,2026-01-31,33071.95,Tarjeta debito,Aprobado
6593,6593,2026-06-08,132731.0,Transferencia,Pendiente
6594,6594,2024-01-19,30254.34,Tarjeta debito,Pendiente
6595,6595,2024-09-23,186523.8,Tarjeta credito,Aprobado
6596,6596,2026-05-09,64815.22,Tarjeta debito,Aprobado
6597,6597,2024-06-10,87554.76,Tarjeta credito,Aprobado
6598,6598,2026-03-06,183020.18,Mercado Pago,Aprobado
6599,6599,2025-09-03,53010.87,Tarjeta credito,Aprobado
6600,6600,2025-11-19,0.0,Efectivo,Rechazado
6601,6601,2025-12-13,9746.95,Tarjeta debito,Aprobado
6602,6602,2025-12-26,20101.36,Mercado Pago,Aprobado
6603,6603,2024-07-10,120270.16,Mercado Pago,Aprobado
6604,6604,2025-01-05,27622.82,Tarjeta credito,Aprobado
6605,6605,2024-02-28,121837.94,Tarjeta credito,Pendiente
6606,6606,2025-08-19,32246.19,Efectivo,Aprobado
6607,6607,2024-07-13,71511.86,Transferencia,Aprobado
6608,6608,2024-02-14,12573.31,Transferencia,Aprobado
6609,6609,2024-07-03,12229.98,Efectivo,Aprobado
6610,6610,2024-04-17,17726.02,Efectivo,Aprobado
6611,6611,2024-02-10,51094.48,Tarjeta credito,Aprobado
6612,6612,2024-06-26,0.0,Transferencia,Rechazado
6613,6613,2024-12-03,287415.86,Tarjeta debito,Aprobado
6614,6614,2025-09-06,26743.51,tarjeta credito,Aprobado
6615,6615,2025-06-24,110878.05,Tarjeta credito,Aprobado
6616,6616,2024-02-12,21204.14,Mercado Pago,Aprobado
6617,6617,2026-02-21,255125.31,Tarjeta credito,Aprobado
6618,6618,2024-09-07,24426.45,Efectivo,Aprobado
6619,6619,2025-08-09,73631.99,Mercado Pago,Aprobado
6620,6620,2025-11-24,0.0,Tarjeta credito,Rechazado
6621,6621,2024-06-01,18581.36,Mercado Pago,Aprobado
6622,6622,2025-02-26,12080.67,Tarjeta credito,Aprobado
6623,6623,2026-03-06,67065.18,Tarjeta debito,Aprobado
6624,6624,2024-01-21,25996.0,Mercado Pago,Aprobado
6625,6625,2026-03-21,26625.31,Transferencia,Aprobado
6626,6626,2024-04-05,27135.68,Tarjeta credito,Aprobado
6627,6627,2025-08-07,19348.29,Mercado Pago,Aprobado
6628,6628,2024-05-12,9480.01,Mercado Pago,Aprobado
6629,6629,2024-10-21,16369.05,Tarjeta debito,Aprobado
6630,6630,2025-02-01,25368.75,Transferencia,Aprobado
6631,6631,2025-11-05,0.0,Mercado Pago,Rechazado
6632,6632,2024-03-04,45095.9,Mercado Pago,Aprobado
6633,6633,2024-05-15,86988.9,Mercado Pago,Aprobado
6634,6634,2026-08-22,27786.69,tarjeta credito,Aprobado
6635,6635,2024-03-01,0.0,Mercado Pago,Rechazado
6636,6636,2024-04-17,17243.14,Tarjeta credito,Aprobado
6637,6637,2024-08-08,0.0,Tarjeta credito,Rechazado
6638,6638,2026-01-21,19667.17,Tarjeta credito,Aprobado
6639,6639,2024-08-02,22469.23,Transferencia,Aprobado
6640,6640,2025-12-15,46710.01,Transferencia,Aprobado
6641,6641,2025-10-20,51757.74,Tarjeta debito,Aprobado
6642,6642,2025-12-30,11951.67,Tarjeta debito,Pendiente
6643,6643,2024-09-08,46378.59,Transferencia,Aprobado
6644,6644,2024-10-19,87122.14,Tarjeta debito,Aprobado
6645,6645,2024-11-22,35744.52,Tarjeta credito,Aprobado
6646,6646,2024-04-03,12503.42,Efectivo,Aprobado
6647,6647,2025-08-13,22567.96,Transferencia,Aprobado
6648,6648,2024-04-23,71135.24,Tarjeta credito,Aprobado
6649,6649,2025-05-30,83437.73,Tarjeta credito,Aprobado
6650,6650,2024-06-09,14845.38,Mercado Pago,Aprobado
6651,6651,2024-04-17,14581.27,Tarjeta debito,Aprobado
6652,6652,2024-10-16,16671.41,Tarjeta debito,Aprobado
6653,6653,2026-06-03,59386.85,Transferencia,Aprobado
6654,6654,2026-08-06,7850.15,Tarjeta debito,Aprobado
6655,6655,2025-12-28,87994.08,Mercado Pago,Aprobado
6656,6656,2026-04-11,4400.28,Mercado Pago,Aprobado
6657,6657,2026-01-11,82699.47,Tarjeta debito,Aprobado
6658,6658,2025-10-25,0.0,Mercado Pago,Rechazado
6659,6659,2024-10-25,34695.01,Tarjeta debito,Aprobado
6660,6660,2025-09-28,90391.08,Mercado Pago,Aprobado
6661,6661,2025-10-07,34679.33,Mercado Pago,Aprobado
6662,6662,2025-08-17,185338.3,Tarjeta debito,Aprobado
6663,6663,2024-07-22,21576.98,Mercado Pago,Pendiente
6664,6664,2024-04-14,15005.9,Tarjeta credito,Aprobado
6665,6665,2025-11-13,152072.86,Mercado Pago,Aprobado
6666,6666,2026-02-25,24692.83,Mercado Pago,Aprobado
6667,6667,2025-07-05,95382.8,Transferencia,Aprobado
6668,6668,2024-02-06,72339.14,Tarjeta credito,Pendiente
6669,6669,2024-09-12,9336.4,Tarjeta credito,Aprobado
6670,6670,2026-06-08,0.0,Tarjeta credito,Rechazado
6671,6671,2025-02-03,56987.17,Mercado Pago,Aprobado
6672,6672,2025-03-24,14150.79,Tarjeta credito,Aprobado
6673,6673,2025-06-26,65285.4,Tarjeta credito,Aprobado
6674,6674,2026-07-17,26613.06,Tarjeta debito,Aprobado
6675,6675,2024-09-29,103140.8,Tarjeta credito,Aprobado
6676,6676,2025-12-13,12583.31,Tarjeta credito,Aprobado
6677,6677,2025-08-05,72924.85,Tarjeta debito,Aprobado
6678,6678,2026-07-25,15425.53,Mercado Pago,Aprobado
6679,6679,2024-12-19,11762.73,Transferencia,Aprobado
6680,6680,2025-12-05,27266.22,Tarjeta credito,Aprobado
6681,6681,2026-04-12,74578.94,Tarjeta debito,Aprobado
6682,6682,2026-08-28,188420.52,Tarjeta debito,Aprobado
6683,6683,2025-11-20,63157.67,Tarjeta credito,Aprobado
6684,6684,2024-08-24,230678.86,Transferencia,Aprobado
6685,6685,2025-10-12,0.0,Tarjeta debito,Rechazado
6686,6686,2024-11-23,14606.18,Tarjeta credito,Aprobado
6687,6687,2025-07-21,15397.09,Tarjeta credito,Aprobado
6688,6688,2025-03-30,0.0,Tarjeta credito,Rechazado
6689,6689,2026-07-21,27321.32,Tarjeta credito,Aprobado
6690,6690,2026-07-09,115637.94,Mercado Pago,Aprobado
6691,6691,2025-10-24,43887.84,efectivo,Aprobado
6692,6692,2025-12-06,60774.23,Mercado Pago,Aprobado
6693,6693,2026-03-27,33100.06,Efectivo,Pendiente
6694,6694,2025-02-15,15991.51,Mercado Pago,Aprobado
6695,6695,2024-05-08,29617.02,Tarjeta credito,Aprobado
6696,6696,2024-12-18,22427.88,Tarjeta debito,Aprobado
6697,6697,2025-12-07,139050.45,Tarjeta debito,Aprobado
6698,6698,2025-03-09,82769.61,Efectivo,Aprobado
6699,6699,2024-03-22,60859.0,Tarjeta credito,Aprobado
6700,6700,2025-11-19,291725.8,tarjeta credito,Aprobado
6701,6701,2024-01-16,25550.82,Mercado Pago,Aprobado
6702,6702,2024-04-03,76880.46,Tarjeta credito,Aprobado
6703,6703,2024-12-03,83455.55,Tarjeta credito,Aprobado
6704,6704,2024-12-21,80631.44,Tarjeta credito,Aprobado
6705,6705,2025-08-21,11307.51,Tarjeta credito,Aprobado
6706,6706,2025-12-06,18844.57,Tarjeta debito,Aprobado
6707,6707,2024-09-08,70275.21,Tarjeta credito,Aprobado
6708,6708,2025-03-03,58938.2,Mercado Pago,Aprobado
6709,6709,2024-11-22,39390.0,Tarjeta credito,Aprobado
6710,6710,2024-05-03,13614.47,Mercado Pago,Aprobado
6711,6711,2026-07-12,99350.34,Tarjeta credito,Aprobado
6712,6712,2024-04-21,152809.64,Transferencia,Aprobado
6713,6713,2024-09-30,0.0,Tarjeta credito,Rechazado
6714,6714,2025-12-25,85254.44,Tarjeta credito,Aprobado
6715,6715,2025-06-23,69219.84,Tarjeta debito,Aprobado
6716,6716,2025-05-04,142304.4,Transferencia,Pendiente
6717,6717,2026-07-06,396509.62,Efectivo,Aprobado
6718,6718,2025-10-06,49535.62,Tarjeta debito,Aprobado
6719,6719,2024-08-05,33576.4,Tarjeta debito,Aprobado
6720,6720,2025-01-27,240922.56,Tarjeta debito,Aprobado
6721,6721,2025-09-16,0.0,Tarjeta credito,Rechazado
6722,6722,2025-12-25,25722.81,Efectivo,Aprobado
6723,6723,2024-05-10,172047.16,Tarjeta credito,Pendiente
6724,6724,2024-12-04,79211.56,Mercado Pago,Aprobado
6725,6725,2024-10-20,11571.63,Efectivo,Aprobado
6726,6726,2025-10-29,26667.68,Mercado Pago,Aprobado
6727,6727,2024-03-28,46057.02,Transferencia,Aprobado
6728,6728,2024-02-27,0.0,Tarjeta credito,Rechazado
6729,6729,2024-08-01,91651.32,Tarjeta credito,Pendiente
6730,6730,2025-10-21,12350.61,Tarjeta credito,Aprobado
6731,6731,2025-03-15,201501.12,Tarjeta credito,Aprobado
6732,6732,2025-04-11,20196.39,Transferencia,Aprobado
6733,6733,2026-07-21,103905.47,Mercado Pago,Aprobado
6734,6734,2024-05-10,62934.7,Tarjeta debito,Aprobado
6735,6735,2025-02-08,33666.32,Transferencia,Aprobado
6736,6736,2025-08-05,15634.36,Tarjeta debito,Aprobado
6737,6737,2024-03-05,134219.64,Tarjeta credito,Aprobado
6738,6738,2026-07-06,0.0,Tarjeta credito,Rechazado
6739,6739,2025-11-01,68233.42,Mercado Pago,Aprobado
6740,6740,2026-07-14,81232.45,Tarjeta debito,Aprobado
6741,6741,2024-02-06,145621.74,Mercado Pago,Aprobado
6742,6742,2024-12-18,81654.94,Efectivo,Aprobado
6743,6743,2024-06-14,94747.46,Transferencia,Aprobado
6744,6744,2024-04-14,151517.77,Tarjeta debito,Aprobado
6745,6745,2025-11-13,0.0,Tarjeta credito,Rechazado
6746,6746,2024-01-16,11532.92,Transferencia,Aprobado
6747,6747,2026-03-27,0.0,Transferencia,Rechazado
6748,6748,2026-06-23,15076.11,Tarjeta credito,Aprobado
6749,6749,2024-09-13,0.0,Tarjeta credito,Rechazado
6750,6750,2025-09-22,111119.71,Tarjeta credito,Aprobado
6751,6751,2025-11-10,12013.05,Mercado Pago,Aprobado
6752,6752,2024-11-27,157831.56,Tarjeta debito,Aprobado
6753,6753,2025-05-09,8873.54,Transferencia,Aprobado
6754,6754,2025-03-17,57547.67,Mercado Pago,Pendiente
6755,6755,2025-01-06,56249.33,Tarjeta debito,Aprobado
6756,6756,2025-05-22,74958.33,Mercado Pago,Aprobado
6757,6757,2025-07-29,14352.78,Tarjeta credito,Aprobado
6758,6758,2025-05-26,42566.74,Tarjeta debito,Aprobado
6759,6759,2026-03-12,54565.92,Tarjeta credito,Aprobado
6760,6760,2026-07-25,415978.34,Mercado Pago,Aprobado
6761,6761,2025-05-16,93658.82,Tarjeta credito,Aprobado
6762,6762,2026-07-11,16512.39,Tarjeta credito,Aprobado
6763,6763,2024-05-06,8595.97,Transferencia,Aprobado
6764,6764,2024-12-02,15974.51,Transferencia,Aprobado
6765,6765,2026-04-03,0.0,Tarjeta debito,Rechazado
6766,6766,2024-06-21,126902.63,Tarjeta credito,Pendiente
6767,6767,2025-12-26,28335.46,Mercado Pago,Aprobado
6768,6768,2024-02-25,40358.64,Tarjeta credito,Aprobado
6769,6769,2025-05-20,174414.42,Transferencia,Pendiente
6770,6770,2025-05-17,44682.54,Tarjeta credito,Aprobado
6771,6771,2024-02-14,256242.91,Tarjeta debito,Aprobado
6772,6772,2024-07-31,109941.84,Tarjeta credito,Pendiente
6773,6773,2025-12-09,20778.88,Tarjeta credito,Aprobado
6774,6774,2026-05-16,207852.56,Tarjeta credito,Aprobado
6775,6775,2026-02-15,13236.14,Tarjeta credito,Aprobado
6776,6776,2026-05-19,85096.29,Efectivo,Aprobado
6777,6777,2026-07-28,57730.8,Transferencia,Pendiente
6778,6778,2026-05-29,111314.95,Tarjeta credito,Aprobado
6779,6779,2024-07-14,126851.03,Mercado Pago,Aprobado
6780,6780,2024-03-04,0.0,Transferencia,Rechazado
6781,6781,2025-10-30,17156.04,Tarjeta credito,Aprobado
6782,6782,2026-03-21,34913.59,Tarjeta credito,Aprobado
6783,6783,2025-01-28,75061.8,Mercado Pago,Aprobado
6784,6784,2025-11-03,44530.72,Mercado Pago,Aprobado
6785,6785,2025-11-23,72150.67,Transferencia,Aprobado
6786,6786,2024-07-02,56488.48,Transferencia,Aprobado
6787,6787,2025-11-30,40539.78,Tarjeta credito,Aprobado
6788,6788,2026-04-10,37203.45,Tarjeta debito,Aprobado
6789,6789,2025-02-23,88122.27,Tarjeta debito,Aprobado
6790,6790,2025-10-03,54574.59,Mercado Pago,Aprobado
6791,6791,2024-02-12,39119.12,Tarjeta credito,Aprobado
6792,6792,2025-03-04,12848.01,Transferencia,Aprobado
6793,6793,2024-01-08,12691.51,Tarjeta credito,Aprobado
6794,6794,2025-05-28,9791.65,Tarjeta debito,Aprobado
6795,6795,2026-07-10,29355.02,Transferencia,Aprobado
6796,6796,2025-12-10,29359.37,Tarjeta credito,Aprobado
6797,6797,2024-03-12,71639.1,Tarjeta credito,Aprobado
6798,6798,2025-09-20,292914.21,Tarjeta credito,Pendiente
6799,6799,2025-11-24,43648.49,Tarjeta credito,Aprobado
6800,6800,2024-12-17,24647.19,Transferencia,Aprobado
6801,6801,2024-11-01,0.0,Tarjeta debito,Rechazado
6802,6802,2026-04-24,17057.54,Tarjeta credito,Aprobado
6803,6803,2025-04-18,39834.75,Transferencia,Aprobado
6804,6804,2024-01-14,19446.83,Tarjeta credito,Aprobado
6805,6805,2025-02-07,0.0,Tarjeta credito,Rechazado
6806,6806,2024-06-24,70049.46,Mercado Pago,Aprobado
6807,6807,2026-08-14,10003.34,Tarjeta credito,Aprobado
6808,6808,2024-09-07,0.0,Tarjeta debito,Rechazado
6809,6809,2026-04-10,13296.74,Tarjeta credito,Aprobado
6810,6810,2024-05-14,81723.85,Tarjeta credito,Aprobado
6811,6811,2024-09-14,77165.91,Tarjeta credito,Aprobado
6812,6812,2025-04-19,186104.82,Efectivo,Aprobado
6813,6813,2025-07-27,0.0,Tarjeta debito,Rechazado
6814,6814,2024-12-08,20021.59,Mercado Pago,Aprobado
6815,6815,2026-02-05,23067.84,Transferencia,Aprobado
6816,6816,2024-10-29,35070.84,Transferencia,Aprobado
6817,6817,2025-06-14,44476.35,Mercado Pago,Aprobado
6818,6818,2024-12-12,42004.05,Tarjeta credito,Aprobado
6819,6819,2025-03-24,19260.8,Tarjeta debito,Aprobado
6820,6820,2025-04-18,39703.33,Mercado Pago,Aprobado
6821,6821,2024-09-16,123287.98,Tarjeta credito,Aprobado
6822,6822,2024-04-28,41160.16,Transferencia,Aprobado
6823,6823,2025-09-17,25790.3,Tarjeta credito,Pendiente
6824,6824,2025-01-04,27562.08,Transferencia,Pendiente
6825,6825,2024-03-01,51256.9,Tarjeta credito,Aprobado
6826,6826,2026-04-20,0.0,Tarjeta credito,Rechazado
6827,6827,2024-04-17,132144.55,Tarjeta debito,Aprobado
6828,6828,2025-02-07,124929.68,Tarjeta credito,Aprobado
6829,6829,2025-06-07,142916.64,Tarjeta credito,Pendiente
6830,6830,2026-05-31,2286.09,Tarjeta debito,Aprobado
6831,6831,2026-08-17,26113.56,Tarjeta credito,Aprobado
6832,6832,2024-11-18,14302.66,Tarjeta debito,Aprobado
6833,6833,2026-01-16,13241.08,Tarjeta debito,Aprobado
6834,6834,2026-04-13,56444.2,Mercado Pago,Aprobado
6835,6835,2026-06-28,14644.28,Transferencia,Aprobado
6836,6836,2024-12-01,13080.31,Tarjeta debito,Pendiente
6837,6837,2025-05-09,223938.84,Tarjeta credito,Aprobado
6838,6838,2025-02-01,27634.73,Efectivo,Aprobado
6839,6839,2025-12-23,17235.58,Tarjeta credito,Aprobado
6840,6840,2024-11-24,0.0,Mercado Pago,Rechazado
6841,6841,2026-07-22,16493.78,Tarjeta credito,Aprobado
6842,6842,2026-06-05,19233.19,Mercado Pago,Aprobado
6843,6843,2025-07-30,19146.71,Tarjeta debito,Aprobado
6844,6844,2026-04-01,48828.57,Tarjeta credito,Aprobado
6845,6845,2024-12-30,121289.32,Transferencia,Aprobado
6846,6846,2024-07-18,111205.68,Efectivo,Aprobado
6847,6847,2026-08-27,65288.68,Mercado Pago,Pendiente
6848,6848,2024-09-09,80711.22,Tarjeta credito,Aprobado
6849,6849,2024-04-16,164707.75,Tarjeta debito,Aprobado
6850,6850,2025-02-20,131884.5,Tarjeta credito,Aprobado
6851,6851,2024-12-02,60382.45,Tarjeta debito,Aprobado
6852,6852,2024-12-21,14218.3,Tarjeta credito,Aprobado
6853,6853,2025-04-18,14972.39,Efectivo,Aprobado
6854,6854,2025-12-12,17041.27,Tarjeta credito,Aprobado
6855,6855,2024-08-05,61132.96,Transferencia,Aprobado
6856,6856,2026-01-29,9944.15,Transferencia,Pendiente
6857,6857,2024-04-22,47026.44,Mercado Pago,Aprobado
6858,6858,2024-04-17,47794.88,Mercado Pago,Aprobado
6859,6859,2025-01-25,37025.42,Tarjeta debito,Aprobado
6860,6860,2024-06-13,48960.04,Tarjeta credito,Aprobado
6861,6861,2026-05-29,33963.76,Tarjeta credito,Aprobado
6862,6862,2024-10-08,15594.66,Tarjeta credito,Aprobado
6863,6863,2025-10-03,0.0,Tarjeta debito,Rechazado
6864,6864,2024-01-17,74401.54,Transferencia,Aprobado
6865,6865,2025-06-03,45687.35,Tarjeta credito,Aprobado
6866,6866,2024-03-29,11839.22,Tarjeta credito,Aprobado
6867,6867,2024-11-22,224869.74,Transferencia,Aprobado
6868,6868,2026-01-19,23872.57,Tarjeta credito,Aprobado
6869,6869,2025-09-28,19275.72,Transferencia,Aprobado
6870,6870,2024-08-08,43069.37,Mercado Pago,Aprobado
6871,6871,2024-02-09,75005.36,transferencia,Aprobado
6872,6872,2024-03-24,81381.18,Transferencia,Aprobado
6873,6873,2025-05-04,109067.16,Transferencia,Aprobado
6874,6874,2025-01-02,46636.44,Transferencia,Aprobado
6875,6875,2024-03-24,20679.4,Tarjeta credito,Aprobado
6876,6876,2026-04-25,72809.48,Tarjeta credito,Aprobado
6877,6877,2025-11-16,13002.73,Tarjeta credito,Aprobado
6878,6878,2024-01-19,118976.96,Transferencia,Aprobado
6879,6879,2024-06-28,0.0,Tarjeta debito,Rechazado
6880,6880,2025-09-14,15580.54,Mercado Pago,Aprobado
6881,6881,2026-03-21,12987.84,Tarjeta credito,Aprobado
6882,6882,2026-03-03,38259.85,Mercado Pago,Aprobado
6883,6883,2024-05-12,58909.55,Transferencia,Aprobado
6884,6884,2024-02-04,72022.26,Tarjeta credito,Aprobado
6885,6885,2025-09-01,86637.38,Mercado Pago,Aprobado
6886,6886,2025-02-06,38691.48,Tarjeta credito,Aprobado
6887,6887,2026-06-21,64140.27,Tarjeta debito,Aprobado
6888,6888,2026-03-06,86806.86,Mercado Pago,Pendiente
6889,6889,2025-12-10,8420.87,Mercado Pago,Aprobado
6890,6890,2025-09-25,54617.62,Tarjeta debito,Pendiente
6891,6891,2024-02-22,11170.37,Tarjeta debito,Aprobado
6892,6892,2025-10-03,71184.54,Mercado Pago,Pendiente
6893,6893,2025-02-05,58585.2,Tarjeta credito,Pendiente
6894,6894,2025-07-15,40905.07,Mercado Pago,Aprobado
6895,6895,2025-10-09,7959.23,Mercado Pago,Pendiente
6896,6896,2024-04-04,84616.64,Mercado Pago,Aprobado
6897,6897,2025-08-17,66339.8,Efectivo,Aprobado
6898,6898,2025-11-16,15010.95,Tarjeta credito,Aprobado
6899,6899,2024-08-25,31884.25,Mercado Pago,Aprobado
6900,6900,2024-12-26,0.0,Tarjeta credito,Rechazado
6901,6901,2026-01-19,25568.07,Mercado Pago,Aprobado
6902,6902,2025-10-15,81314.18,Transferencia,Aprobado
6903,6903,2025-09-24,66180.51,Tarjeta credito,Aprobado
6904,6904,2024-05-08,0.0,Tarjeta credito,Rechazado
6905,6905,2026-03-28,0.0,Efectivo,Rechazado
6906,6906,2025-10-06,33794.45,Mercado Pago,Aprobado
6907,6907,2025-03-12,9444.6,Tarjeta credito,Aprobado
6908,6908,2025-10-23,5032.78,Mercado Pago,Aprobado
6909,6909,2024-08-16,4389.06,Mercado Pago,Aprobado
6910,6910,2025-12-06,18175.72,Tarjeta credito,Aprobado
6911,6911,2024-07-10,25187.74,Transferencia,Aprobado
6912,6912,2024-09-20,16978.48,Mercado Pago,Aprobado
6913,6913,2024-04-02,10742.52,Tarjeta credito,Aprobado
6914,6914,2025-05-28,12872.19,Mercado Pago,Aprobado
6915,6915,2026-06-21,29414.66,Mercado Pago,Aprobado
6916,6916,2025-04-14,65833.32,Tarjeta credito,Aprobado
6917,6917,2026-08-10,25701.78,Tarjeta credito,Aprobado
6918,6918,2025-03-28,21307.92,Tarjeta credito,Aprobado
6919,6919,2026-05-29,17506.61,Mercado Pago,Aprobado
6920,6920,2024-07-04,11719.09,Tarjeta credito,Aprobado
6921,6921,2024-10-27,131084.65,Tarjeta credito,Aprobado
6922,6922,2024-09-06,79845.4,Mercado Pago,Aprobado
6923,6923,2024-04-28,15841.04,Transferencia,Aprobado
6924,6924,2026-01-02,118673.1,Tarjeta credito,Aprobado
6925,6925,2024-02-03,35823.34,Tarjeta debito,Aprobado
6926,6926,2026-07-31,17549.55,Efectivo,Aprobado
6927,6927,2024-02-11,0.0,Tarjeta debito,Rechazado
6928,6928,2024-07-24,66595.26,Tarjeta credito,Aprobado
6929,6929,2025-01-16,28413.76,Tarjeta credito,Aprobado
6930,6930,2025-12-26,0.0,Tarjeta credito,Rechazado
6931,6931,2026-07-25,64125.84,Tarjeta credito,Aprobado
6932,6932,2024-03-04,3732.56,Tarjeta debito,Aprobado
6933,6933,2026-08-21,6535.71,Tarjeta credito,Aprobado
6934,6934,2025-11-21,42867.25,tarjeta debito,Aprobado
6935,6935,2024-09-12,12355.93,Tarjeta credito,Aprobado
6936,6936,2024-03-25,14322.67,Mercado Pago,Aprobado
6937,6937,2025-10-25,213636.24,Transferencia,Aprobado
6938,6938,2026-07-14,64937.25,Transferencia,Pendiente
6939,6939,2024-05-30,0.0,Tarjeta credito,Rechazado
6940,6940,2024-12-05,36452.32,Tarjeta debito,Aprobado
6941,6941,2026-01-04,21363.31,Mercado Pago,Aprobado
6942,6942,2026-07-02,138036.22,Tarjeta credito,Aprobado
6943,6943,2026-04-29,82294.57,Transferencia,Pendiente
6944,6944,2025-07-16,15261.84,Mercado Pago,Aprobado
6945,6945,2025-07-13,12229.75,Mercado Pago,Aprobado
6946,6946,2024-03-04,121606.46,Tarjeta credito,Aprobado
6947,6947,2026-07-28,65264.16,Tarjeta credito,Aprobado
6948,6948,2026-03-27,112301.55,Efectivo,Aprobado
6949,6949,2025-06-02,37888.51,Tarjeta debito,Aprobado
6950,6950,2024-10-03,107728.58,Tarjeta credito,Aprobado
6951,6951,2025-02-18,215947.92,Tarjeta credito,Aprobado
6952,6952,2024-10-19,0.0,Transferencia,Rechazado
6953,6953,2025-12-20,59919.03,Mercado Pago,Aprobado
6954,6954,2025-01-08,104909.47,Tarjeta credito,Aprobado
6955,6955,2024-03-30,10585.19,Tarjeta credito,Aprobado
6956,6956,2024-10-23,49159.89,Mercado Pago,Aprobado
6957,6957,2025-04-13,69841.24,Mercado Pago,Aprobado
6958,6958,2024-06-07,0.0,Tarjeta credito,Rechazado
6959,6959,2026-06-19,24290.02,Tarjeta credito,Aprobado
6960,6960,2024-04-29,54040.83,Tarjeta debito,Aprobado
6961,6961,2026-03-26,50586.56,Tarjeta credito,Pendiente
6962,6962,2025-06-29,90566.99,Tarjeta credito,Aprobado
6963,6963,2026-04-11,2125.57,Mercado Pago,Pendiente
6964,6964,2026-07-16,450242.79,Tarjeta credito,Aprobado
6965,6965,2024-09-19,65793.09,Tarjeta debito,Aprobado
6966,6966,2026-01-02,37276.08,Tarjeta credito,Aprobado
6967,6967,2024-02-08,54801.99,Tarjeta debito,Aprobado
6968,6968,2025-04-17,110127.43,Transferencia,Aprobado
6969,6969,2025-07-26,33256.69,Tarjeta credito,Aprobado
6970,6970,2025-11-04,66481.02,Tarjeta credito,Aprobado
6971,6971,2026-01-04,125235.85,Tarjeta credito,Pendiente
6972,6972,2024-06-13,52443.37,Tarjeta debito,Aprobado
6973,6973,2025-08-05,35013.58,Tarjeta credito,Aprobado
6974,6974,2025-12-22,17301.98,Mercado Pago,Aprobado
6975,6975,2024-08-01,97641.3,Transferencia,Aprobado
6976,6976,2025-12-27,2104.45,Tarjeta credito,Pendiente
6977,6977,2024-07-10,298544.87,Tarjeta credito,Aprobado
6978,6978,2026-03-14,113783.78,Tarjeta debito,Aprobado
6979,6979,2026-01-23,140764.71,Tarjeta credito,Aprobado
6980,6980,2024-12-30,84372.0,Transferencia,Aprobado
6981,6981,2026-01-28,14867.75,Mercado Pago,Pendiente
6982,6982,2024-08-02,10427.96,Transferencia,Aprobado
6983,6983,2025-07-28,113514.84,Tarjeta debito,Aprobado
6984,6984,2025-11-17,0.0,Tarjeta credito,Rechazado
6985,6985,2024-01-05,34067.1,Transferencia,Aprobado
6986,6986,2025-07-06,57423.44,Tarjeta credito,Aprobado
6987,6987,2025-01-23,49944.18,Tarjeta credito,Pendiente
6988,6988,2024-02-16,72473.82,Efectivo,Aprobado
6989,6989,2024-02-22,17508.2,Transferencia,Aprobado
6990,6990,2025-07-19,232556.99,Tarjeta credito,Aprobado
6991,6991,2026-07-27,61472.13,Mercado Pago,Aprobado
6992,6992,2024-04-03,17021.73,Tarjeta credito,Aprobado
6993,6993,2024-11-30,115790.49,Tarjeta credito,Aprobado
6994,6994,2024-08-25,169755.0,tarjeta debito,Aprobado
6995,6995,2025-10-08,12770.95,Mercado Pago,Aprobado
6996,6996,2026-07-31,55307.46,Tarjeta credito,Aprobado
6997,6997,2024-05-02,18649.71,Transferencia,Aprobado
6998,6998,2024-04-09,51496.68,Tarjeta debito,Aprobado
6999,6999,2024-12-13,0.0,Tarjeta credito,Rechazado
7000,7000,2025-01-18,49256.1,Tarjeta debito,Aprobado
7001,7001,2025-06-30,0.0,Mercado Pago,Rechazado
7002,7002,2026-01-24,124723.38,Tarjeta debito,Aprobado
7003,7003,2024-03-12,50308.69,Tarjeta credito,Aprobado
7004,7004,2025-10-25,76194.46,Tarjeta credito,Aprobado
7005,7005,2026-04-13,85093.78,Efectivo,Aprobado
7006,7006,2024-09-25,31196.48,Tarjeta debito,Pendiente
7007,7007,2026-07-06,50483.5,Tarjeta debito,Aprobado
7008,7008,2024-08-17,62649.39,Tarjeta debito,Aprobado
7009,7009,2024-04-02,49209.78,Tarjeta credito,Aprobado
7010,7010,2025-12-12,107682.03,Efectivo,Aprobado
7011,7011,2026-03-18,48823.18,Mercado Pago,Aprobado
7012,7012,2026-03-31,15998.61,Tarjeta credito,Aprobado
7013,7013,2026-07-23,305345.42,Tarjeta credito,Aprobado
7014,7014,2025-07-01,61776.08,Transferencia,Aprobado
7015,7015,2024-10-04,25034.46,Tarjeta debito,Aprobado
7016,7016,2025-01-12,7742.69,Mercado Pago,Aprobado
7017,7017,2025-09-17,56693.8,Tarjeta credito,Aprobado
7018,7018,2025-12-20,108640.87,Tarjeta debito,Aprobado
7019,7019,2024-01-13,14534.91,Mercado Pago,Aprobado
7020,7020,2025-12-09,115980.59,Tarjeta credito,Aprobado
7021,7021,2026-02-13,60256.86,Mercado Pago,Aprobado
7022,7022,2024-07-13,50209.03,transferencia,Aprobado
7023,7023,2024-03-31,17535.42,Tarjeta debito,Aprobado
7024,7024,2025-07-12,14146.47,Transferencia,Aprobado
7025,7025,2024-02-16,157832.39,Tarjeta credito,Aprobado
7026,7026,2026-06-20,32968.79,Tarjeta credito,Pendiente
7027,7027,2025-12-22,63164.46,Tarjeta credito,Aprobado
7028,7028,2025-03-07,156452.66,Tarjeta credito,Aprobado
7029,7029,2024-12-04,51102.78,Mercado Pago,Pendiente
7030,7030,2026-06-05,23157.25,Tarjeta credito,Aprobado
7031,7031,2026-07-13,55005.25,Tarjeta credito,Aprobado
7032,7032,2024-07-16,59440.48,Tarjeta debito,Aprobado
7033,7033,2024-01-11,23515.91,Transferencia,Aprobado
7034,7034,2024-01-27,8533.01,Mercado Pago,Aprobado
7035,7035,2025-05-27,31478.5,Tarjeta credito,Aprobado
7036,7036,2024-01-24,230933.45,Mercado Pago,Aprobado
7037,7037,2025-05-23,68141.1,Transferencia,Aprobado
7038,7038,2026-08-19,28691.51,Tarjeta credito,Aprobado
7039,7039,2025-10-25,49433.3,Transferencia,Aprobado
7040,7040,2026-07-17,13757.39,Tarjeta credito,Aprobado
7041,7041,2024-12-09,97065.76,Tarjeta credito,Aprobado
7042,7042,2024-11-18,90980.98,Tarjeta credito,Aprobado
7043,7043,2024-08-20,10770.84,Transferencia,Aprobado
7044,7044,2024-11-03,7661.39,tarjeta debito,Aprobado
7045,7045,2024-08-18,10912.41,mercado pago,Aprobado
7046,7046,2025-04-17,62686.63,Tarjeta credito,Aprobado
7047,7047,2024-03-28,29938.3,Transferencia,Aprobado
7048,7048,2025-03-27,88818.97,Transferencia,Aprobado
7049,7049,2025-08-13,346839.14,Transferencia,Aprobado
7050,7050,2024-11-15,835726.2,Mercado Pago,Aprobado
7051,7051,2024-03-06,86511.55,Mercado Pago,Aprobado
7052,7052,2025-12-20,54612.56,Tarjeta debito,Aprobado
7053,7053,2026-03-19,79724.05,Tarjeta credito,Aprobado
7054,7054,2025-11-11,210832.84,Tarjeta credito,Aprobado
7055,7055,2024-07-18,165127.87,Transferencia,Aprobado
7056,7056,2026-04-22,0.0,Efectivo,Rechazado
7057,7057,2024-05-03,28890.48,Tarjeta credito,Aprobado
7058,7058,2025-12-09,20497.29,Tarjeta debito,Aprobado
7059,7059,2025-12-21,82155.34,Tarjeta credito,Aprobado
7060,7060,2026-01-29,121003.68,Tarjeta credito,Aprobado
7061,7061,2025-10-25,32187.55,Tarjeta credito,Aprobado
7062,7062,2024-02-18,35648.57,Efectivo,Aprobado
7063,7063,2024-02-01,38988.93,Tarjeta debito,Aprobado
7064,7064,2025-12-15,37815.48,Mercado Pago,Aprobado
7065,7065,2024-09-14,41251.36,Mercado Pago,Aprobado
7066,7066,2026-09-02,23399.68,Transferencia,Aprobado
7067,7067,2026-08-08,18668.58,Mercado Pago,Aprobado
7068,7068,2026-05-05,145024.7,Tarjeta credito,Aprobado
7069,7069,2025-10-11,110051.26,Tarjeta debito,Aprobado
7070,7070,2024-08-10,22661.67,Transferencia,Aprobado
7071,7071,2026-04-26,75572.59,Tarjeta credito,Aprobado
7072,7072,2024-08-16,180310.1,Transferencia,Aprobado
7073,7073,2026-03-16,143279.19,Transferencia,Aprobado
7074,7074,2026-02-28,205928.31,Transferencia,Aprobado
7075,7075,2024-11-29,34437.75,Tarjeta credito,Aprobado
7076,7076,2024-06-27,26680.9,Tarjeta credito,Aprobado
7077,7077,2025-10-22,33007.84,Tarjeta debito,Pendiente
7078,7078,2024-07-17,25972.46,Tarjeta credito,Aprobado
7079,7079,2024-01-10,57127.94,Tarjeta debito,Pendiente
7080,7080,2024-06-09,104298.24,Tarjeta credito,Aprobado
7081,7081,2026-04-03,53648.43,Tarjeta credito,Aprobado
7082,7082,2024-03-28,38420.28,Tarjeta debito,Pendiente
7083,7083,2024-10-09,94184.38,Tarjeta credito,Aprobado
7084,7084,2024-12-13,27359.17,Mercado Pago,Aprobado
7085,7085,2024-09-07,38088.43,Transferencia,Aprobado
7086,7086,2025-09-13,14756.92,Tarjeta debito,Aprobado
7087,7087,2024-04-28,37276.96,Tarjeta credito,Aprobado
7088,7088,2025-07-18,179224.19,Tarjeta credito,Aprobado
7089,7089,2025-03-19,0.0,Mercado Pago,Rechazado
7090,7090,2025-08-10,27749.68,Tarjeta credito,Aprobado
7091,7091,2025-07-25,214413.91,Mercado Pago,Aprobado
7092,7092,2024-09-24,55054.26,Mercado Pago,Aprobado
7093,7093,2025-11-14,22450.6,Tarjeta credito,Aprobado
7094,7094,2024-01-13,30786.08,Tarjeta debito,Aprobado
7095,7095,2025-03-22,227108.28,Mercado Pago,Aprobado
7096,7096,2024-07-21,77649.96,Tarjeta credito,Aprobado
7097,7097,2024-12-14,17248.59,Transferencia,Aprobado
7098,7098,2024-12-12,38364.14,Tarjeta credito,Aprobado
7099,7099,2025-06-01,108938.38,Mercado Pago,Aprobado
7100,7100,2024-04-14,93810.41,Tarjeta debito,Aprobado
7101,7101,2026-06-01,41714.93,Efectivo,Aprobado
7102,7102,2025-04-26,45038.47,Tarjeta credito,Pendiente
7103,7103,2025-08-16,37318.77,Mercado Pago,Aprobado
7104,7104,2024-10-06,11843.06,Tarjeta credito,Pendiente
7105,7105,2025-08-23,23237.56,Tarjeta credito,Aprobado
7106,7106,2024-12-02,201980.1,Transferencia,Aprobado
7107,7107,2025-05-15,551881.1,Tarjeta debito,Aprobado
7108,7108,2024-12-22,0.0,Mercado Pago,Rechazado
7109,7109,2024-11-10,11465.36,Tarjeta credito,Aprobado
7110,7110,2024-05-26,231235.29,Tarjeta credito,Pendiente
7111,7111,2025-04-05,46543.44,Transferencia,Aprobado
7112,7112,2024-04-24,9957.3,Tarjeta credito,Aprobado
7113,7113,2025-05-14,18333.22,Tarjeta credito,Aprobado
7114,7114,2024-05-10,31691.88,Transferencia,Aprobado
7115,7115,2024-09-29,80224.44,Mercado Pago,Aprobado
7116,7116,2024-10-30,27543.29,Tarjeta credito,Aprobado
7117,7117,2024-07-06,346853.5,Efectivo,Aprobado
7118,7118,2024-12-07,85642.48,Tarjeta credito,Aprobado
7119,7119,2025-09-19,15197.37,Mercado Pago,Aprobado
7120,7120,2026-05-21,0.0,Transferencia,Rechazado
7121,7121,2024-08-19,168190.78,Tarjeta credito,Aprobado
7122,7122,2025-10-22,0.0,Tarjeta credito,Rechazado
7123,7123,2024-09-16,0.0,Transferencia,Rechazado
7124,7124,2025-03-16,10735.21,Tarjeta debito,Aprobado
7125,7125,2026-05-22,178444.32,Efectivo,Aprobado
7126,7126,2025-12-11,25907.03,Tarjeta debito,Pendiente
7127,7127,2025-09-06,50390.66,Tarjeta credito,Aprobado
7128,7128,2025-11-21,54363.01,Tarjeta credito,Aprobado
7129,7129,2024-11-23,90140.8,Mercado Pago,Pendiente
7130,7130,2026-04-17,31551.12,Tarjeta credito,Aprobado
7131,7131,2024-03-12,101838.88,Mercado Pago,Aprobado
7132,7132,2025-12-03,171999.34,Tarjeta credito,Aprobado
7133,7133,2025-12-11,379529.0,Mercado Pago,Aprobado
7134,7134,2025-12-30,16269.9,Tarjeta credito,Aprobado
7135,7135,2025-07-31,36913.15,Tarjeta debito,Aprobado
7136,7136,2024-11-20,36346.7,Tarjeta credito,Aprobado
7137,7137,2024-07-18,94318.12,Mercado Pago,Aprobado
7138,7138,2025-08-23,35365.2,Tarjeta credito,Aprobado
7139,7139,2024-07-06,44679.96,Tarjeta debito,Pendiente
7140,7140,2024-12-10,36558.55,Tarjeta credito,Aprobado
7141,7141,2025-06-22,32288.02,Tarjeta credito,Aprobado
7142,7142,2024-12-01,12550.34,Mercado Pago,Aprobado
7143,7143,2025-09-14,110504.78,Tarjeta debito,Aprobado
7144,7144,2024-03-22,110060.94,Tarjeta credito,Aprobado
7145,7145,2026-03-18,106118.03,Mercado Pago,Aprobado
7146,7146,2024-01-06,45095.09,Mercado Pago,Aprobado
7147,7147,2024-04-10,30365.51,Tarjeta credito,Aprobado
7148,7148,2025-05-12,162045.19,Mercado Pago,Aprobado
7149,7149,2025-06-19,0.0,Transferencia,Rechazado
7150,7150,2025-12-07,92352.59,Tarjeta credito,Aprobado
7151,7151,2025-04-03,29422.61,Tarjeta credito,Aprobado
7152,7152,2026-07-01,52743.91,Tarjeta debito,Aprobado
7153,7153,2025-11-17,295984.32,Tarjeta credito,Aprobado
7154,7154,2026-03-09,51905.54,Mercado Pago,Aprobado
7155,7155,2025-12-17,34400.73,Mercado Pago,Aprobado
7156,7156,2026-06-07,212353.68,Tarjeta credito,Aprobado
7157,7157,2025-06-23,32198.96,Mercado Pago,Aprobado
7158,7158,2026-04-08,12866.24,Mercado Pago,Aprobado
7159,7159,2025-03-12,7082.95,transferencia,Aprobado
7160,7160,2024-10-11,8507.27,Tarjeta debito,Pendiente
7161,7161,2025-11-22,18158.47,Tarjeta credito,Aprobado
7162,7162,2024-02-17,60058.12,Mercado Pago,Pendiente
7163,7163,2024-11-23,412747.59,Tarjeta credito,Aprobado
7164,7164,2025-12-30,112244.96,Mercado Pago,Aprobado
7165,7165,2024-03-12,247910.22,Mercado Pago,Aprobado
7166,7166,2025-04-30,57980.5,Tarjeta credito,Aprobado
7167,7167,2024-07-25,45268.46,Tarjeta credito,Pendiente
7168,7168,2026-02-01,26869.67,Tarjeta debito,Aprobado
7169,7169,2024-03-01,39462.44,Efectivo,Aprobado
7170,7170,2026-05-27,0.0,Tarjeta debito,Rechazado
7171,7171,2026-06-30,29423.39,Tarjeta credito,Aprobado
7172,7172,2025-12-02,72469.76,Efectivo,Aprobado
7173,7173,2024-03-13,4589.54,Tarjeta credito,Aprobado
7174,7174,2024-08-31,12049.36,Mercado Pago,Pendiente
7175,7175,2024-08-08,90688.11,Mercado Pago,Aprobado
7176,7176,2025-01-07,28644.62,Mercado Pago,Aprobado
7177,7177,2025-11-26,178043.0,Tarjeta debito,Aprobado
7178,7178,2025-05-26,150259.06,Mercado Pago,Aprobado
7179,7179,2024-07-02,98119.03,Efectivo,Aprobado
7180,7180,2024-06-04,23654.22,Mercado Pago,Aprobado
7181,7181,2024-08-29,16649.97,Transferencia,Aprobado
7182,7182,2024-08-19,118961.66,Tarjeta debito,Aprobado
7183,7183,2026-05-02,0.0,Tarjeta credito,Rechazado
7184,7184,2025-11-22,46203.4,Tarjeta debito,Aprobado
7185,7185,2024-02-15,49574.83,Tarjeta credito,Aprobado
7186,7186,2024-11-30,208778.52,Tarjeta debito,Aprobado
7187,7187,2026-03-05,53182.24,Tarjeta credito,Aprobado
7188,7188,2024-08-05,100737.51,Mercado Pago,Aprobado
7189,7189,2025-03-31,53952.58,Transferencia,Aprobado
7190,7190,2025-06-14,154582.86,Tarjeta credito,Aprobado
7191,7191,2025-09-06,27167.29,Tarjeta credito,Aprobado
7192,7192,2025-01-03,22800.16,Tarjeta credito,Aprobado
7193,7193,2026-04-28,99004.38,Efectivo,Pendiente
7194,7194,2025-12-11,130852.34,Tarjeta credito,Aprobado
7195,7195,2025-09-04,169469.28,Tarjeta credito,Aprobado
7196,7196,2025-10-31,70642.26,Tarjeta credito,Aprobado
7197,7197,2024-06-22,37374.04,Mercado Pago,Aprobado
7198,7198,2026-01-01,258547.1,Tarjeta credito,Aprobado
7199,7199,2026-02-01,13552.53,Mercado Pago,Aprobado
7200,7200,2024-01-09,305863.88,Efectivo,Aprobado
7201,7201,2024-09-24,31732.62,Transferencia,Aprobado
7202,7202,2025-05-10,3672.73,Tarjeta credito,Aprobado
7203,7203,2025-01-21,44402.56,Transferencia,Aprobado
7204,7204,2026-07-15,7750.14,Tarjeta debito,Aprobado
7205,7205,2024-05-19,63591.36,Mercado Pago,Aprobado
7206,7206,2024-04-02,26068.23,Mercado Pago,Aprobado
7207,7207,2026-04-30,47301.95,Efectivo,Aprobado
7208,7208,2025-11-29,333606.24,Tarjeta credito,Aprobado
7209,7209,2025-07-04,109158.06,Tarjeta credito,Aprobado
7210,7210,2026-01-08,91577.16,Mercado Pago,Aprobado
7211,7211,2026-08-24,25749.07,Tarjeta credito,Aprobado
7212,7212,2026-07-19,96018.9,Tarjeta credito,Aprobado
7213,7213,2024-07-13,15603.34,Tarjeta credito,Aprobado
7214,7214,2024-08-19,78983.71,Efectivo,Aprobado
7215,7215,2024-03-29,9365.63,Tarjeta debito,Aprobado
7216,7216,2024-11-25,41793.53,Tarjeta credito,Aprobado
7217,7217,2026-08-23,22184.52,Tarjeta credito,Pendiente
7218,7218,2024-03-22,14170.45,Tarjeta credito,Aprobado
7219,7219,2025-09-14,72824.08,Tarjeta debito,Aprobado
7220,7220,2025-11-19,7308.82,Transferencia,Pendiente
7221,7221,2025-10-03,53262.5,Mercado Pago,Aprobado
7222,7222,2024-11-27,36766.67,Mercado Pago,Pendiente
7223,7223,2026-05-30,5130.31,Efectivo,Aprobado
7224,7224,2025-10-04,334538.01,Transferencia,Aprobado
7225,7225,2025-10-05,26790.8,Transferencia,Aprobado
7226,7226,2024-07-20,108587.88,Tarjeta credito,Aprobado
7227,7227,2024-02-10,74567.16,Tarjeta credito,Aprobado
7228,7228,2024-05-21,137443.39,Transferencia,Aprobado
7229,7229,2025-09-12,73148.17,Tarjeta debito,Aprobado
7230,7230,2025-09-06,179426.16,Tarjeta credito,Aprobado
7231,7231,2024-09-06,45417.77,Tarjeta credito,Aprobado
7232,7232,2025-07-20,28024.67,Tarjeta credito,Aprobado
7233,7233,2024-05-21,52259.2,Transferencia,Aprobado
7234,7234,2025-01-20,32559.99,Tarjeta credito,Aprobado
7235,7235,2025-07-31,57201.2,Mercado Pago,Aprobado
7236,7236,2026-02-06,7825.8,Efectivo,Aprobado
7237,7237,2024-12-28,21530.69,Efectivo,Pendiente
7238,7238,2025-12-21,39413.44,Mercado Pago,Aprobado
7239,7239,2024-07-20,0.0,Mercado Pago,Rechazado
7240,7240,2024-06-03,194553.24,Efectivo,Aprobado
7241,7241,2026-03-05,98134.22,Tarjeta credito,Aprobado
7242,7242,2024-12-16,51012.13,Mercado Pago,Aprobado
7243,7243,2025-03-29,39738.9,Tarjeta credito,Aprobado
7244,7244,2025-12-01,60779.88,Mercado Pago,Aprobado
7245,7245,2026-08-15,26622.76,Tarjeta debito,Aprobado
7246,7246,2024-10-07,20233.45,Tarjeta credito,Aprobado
7247,7247,2025-04-06,12671.05,Tarjeta debito,Aprobado
7248,7248,2026-05-20,32690.64,Tarjeta credito,Aprobado
7249,7249,2026-07-01,0.0,Transferencia,Rechazado
7250,7250,2025-12-31,40628.94,Tarjeta debito,Aprobado
7251,7251,2025-08-23,0.0,Tarjeta debito,Rechazado
7252,7252,2024-03-03,9656.54,Transferencia,Aprobado
7253,7253,2025-12-06,22550.29,Mercado Pago,Aprobado
7254,7254,2025-01-11,58047.38,Tarjeta debito,Aprobado
7255,7255,2026-08-29,102956.41,Tarjeta credito,Aprobado
7256,7256,2024-08-07,25364.84,Mercado Pago,Aprobado
7257,7257,2024-01-15,233110.95,Transferencia,Pendiente
7258,7258,2024-09-10,28533.74,Tarjeta credito,Aprobado
7259,7259,2025-03-07,10914.48,Tarjeta credito,Aprobado
7260,7260,2025-12-25,39294.63,Tarjeta credito,Aprobado
7261,7261,2025-04-26,13614.02,Mercado Pago,Pendiente
7262,7262,2024-07-03,112996.59,Tarjeta credito,Aprobado
7263,7263,2025-09-19,56114.6,Tarjeta debito,Aprobado
7264,7264,2026-08-31,26513.47,Tarjeta credito,Aprobado
7265,7265,2026-01-31,0.0,Tarjeta credito,Rechazado
7266,7266,2024-12-16,21763.63,Efectivo,Aprobado
7267,7267,2026-07-27,20113.27,Tarjeta credito,Aprobado
7268,7268,2025-03-05,27264.71,Transferencia,Pendiente
7269,7269,2025-11-07,34960.31,Tarjeta credito,Aprobado
7270,7270,2025-10-27,168407.71,Tarjeta credito,Pendiente
7271,7271,2026-07-18,13392.24,Efectivo,Aprobado
7272,7272,2024-10-24,219870.62,Efectivo,Aprobado
7273,7273,2025-12-21,158498.2,Transferencia,Aprobado
7274,7274,2024-08-26,175051.39,Transferencia,Aprobado
7275,7275,2024-04-03,39144.3,Tarjeta debito,Aprobado
7276,7276,2024-11-14,86882.86,Transferencia,Pendiente
7277,7277,2024-10-23,30336.75,Tarjeta credito,Pendiente
7278,7278,2025-11-14,77868.13,Tarjeta credito,Pendiente
7279,7279,2026-07-14,44523.39,Tarjeta credito,Aprobado
7280,7280,2025-10-13,79786.6,Efectivo,Aprobado
7281,7281,2026-05-28,12100.46,Mercado Pago,Aprobado
7282,7282,2024-01-10,72777.92,Tarjeta debito,Aprobado
7283,7283,2026-08-16,110237.68,Tarjeta credito,Aprobado
7284,7284,2025-07-17,12263.77,Tarjeta debito,Aprobado
7285,7285,2024-05-28,5149.78,Tarjeta credito,Aprobado
7286,7286,2025-11-18,21243.92,Tarjeta credito,Aprobado
7287,7287,2025-12-19,172109.77,Transferencia,Aprobado
7288,7288,2025-05-04,136190.76,Efectivo,Aprobado
7289,7289,2025-09-21,2235.52,Mercado Pago,Aprobado
7290,7290,2026-03-15,74331.58,Tarjeta debito,Pendiente
7291,7291,2024-12-06,19891.02,Transferencia,Pendiente
7292,7292,2025-09-28,22727.92,Efectivo,Aprobado
7293,7293,2025-06-11,44514.05,Efectivo,Pendiente
7294,7294,2024-11-09,398040.19,Tarjeta credito,Aprobado
7295,7295,2024-12-02,251082.53,Mercado Pago,Aprobado
7296,7296,2025-12-11,220908.88,Tarjeta debito,Aprobado
7297,7297,2024-07-28,20406.66,Tarjeta debito,Pendiente
7298,7298,2026-05-08,441642.89,Tarjeta credito,Aprobado
7299,7299,2025-12-03,33983.24,Tarjeta credito,Aprobado
7300,7300,2025-07-17,26269.76,Tarjeta debito,Aprobado
7301,7301,2025-04-12,122539.7,Mercado Pago,Aprobado
7302,7302,2024-02-17,27517.24,Tarjeta debito,Aprobado
7303,7303,2025-03-22,14804.0,Transferencia,Aprobado
7304,7304,2025-04-27,4634.32,Tarjeta credito,Aprobado
7305,7305,2026-04-17,17635.65,Tarjeta credito,Aprobado
7306,7306,2025-12-02,39878.93,Tarjeta credito,Aprobado
7307,7307,2025-06-29,29437.13,Tarjeta credito,Aprobado
7308,7308,2025-06-01,10829.38,Tarjeta debito,Aprobado
7309,7309,2025-06-06,226305.16,Mercado Pago,Aprobado
7310,7310,2024-10-13,9306.4,Transferencia,Aprobado
7311,7311,2026-06-10,22466.76,Tarjeta credito,Aprobado
7312,7312,2024-02-17,849199.74,Transferencia,Aprobado
7313,7313,2026-07-17,0.0,Tarjeta credito,Rechazado
7314,7314,2025-01-30,57226.08,Transferencia,Aprobado
7315,7315,2024-05-10,45844.64,Tarjeta credito,Aprobado
7316,7316,2026-05-28,60803.63,Tarjeta debito,Aprobado
7317,7317,2025-05-20,35695.64,Tarjeta debito,Aprobado
7318,7318,2024-09-23,29589.35,Tarjeta credito,Aprobado
7319,7319,2026-02-13,11016.69,Tarjeta debito,Aprobado
7320,7320,2026-08-16,7203.34,Transferencia,Aprobado
7321,7321,2025-07-21,40715.88,Tarjeta debito,Aprobado
7322,7322,2025-02-13,0.0,Transferencia,Rechazado
7323,7323,2025-04-06,107645.14,Tarjeta credito,Aprobado
7324,7324,2024-11-03,35919.3,Transferencia,Aprobado
7325,7325,2024-08-29,0.0,Transferencia,Rechazado
7326,7326,2026-08-25,59011.52,Mercado Pago,Aprobado
7327,7327,2026-03-29,0.0,Mercado Pago,Rechazado
7328,7328,2024-06-18,21010.74,Efectivo,Aprobado
7329,7329,2025-10-22,39416.17,Tarjeta credito,Aprobado
7330,7330,2026-05-07,2278.83,Tarjeta credito,Aprobado
7331,7331,2024-01-05,0.0,Mercado Pago,Rechazado
7332,7332,2024-06-06,0.0,Tarjeta credito,Rechazado
7333,7333,2024-10-16,42107.16,Mercado Pago,Aprobado
7334,7334,2025-09-20,89396.05,Mercado Pago,Aprobado
7335,7335,2024-12-02,75997.12,Mercado Pago,Aprobado
7336,7336,2024-09-13,60255.52,Transferencia,Aprobado
7337,7337,2024-10-25,45269.06,Tarjeta credito,Aprobado
7338,7338,2024-08-06,11004.72,Tarjeta debito,Aprobado
7339,7339,2024-11-25,267922.26,Mercado Pago,Aprobado
7340,7340,2024-02-05,55580.31,Transferencia,Aprobado
7341,7341,2024-02-18,51235.7,Tarjeta credito,Aprobado
7342,7342,2026-03-19,26451.41,Tarjeta credito,Aprobado
7343,7343,2024-03-10,0.0,Tarjeta credito,Rechazado
7344,7344,2025-07-14,33983.07,Tarjeta debito,Aprobado
7345,7345,2024-10-20,13726.95,Tarjeta credito,Aprobado
7346,7346,2024-09-19,28062.33,Tarjeta debito,Aprobado
7347,7347,2025-03-31,156366.16,Mercado Pago,Aprobado
7348,7348,2025-08-01,10715.73,Mercado Pago,Aprobado
7349,7349,2024-08-25,10570.84,Efectivo,Aprobado
7350,7350,2025-12-25,23791.86,Tarjeta credito,Aprobado
7351,7351,2026-03-22,98179.0,Tarjeta debito,Aprobado
7352,7352,2024-05-20,47915.96,Tarjeta credito,Aprobado
7353,7353,2026-06-05,58835.48,Mercado Pago,Aprobado
7354,7354,2025-09-10,250242.66,Mercado Pago,Aprobado
7355,7355,2024-06-21,31120.06,Tarjeta credito,Aprobado
7356,7356,2024-08-19,12122.6,Efectivo,Aprobado
7357,7357,2026-07-16,56331.04,Tarjeta credito,Aprobado
7358,7358,2024-07-31,123244.66,Transferencia,Aprobado
7359,7359,2025-09-10,12087.05,Mercado Pago,Aprobado
7360,7360,2025-01-11,10421.79,Tarjeta credito,Pendiente
7361,7361,2025-09-06,27170.38,Tarjeta credito,Aprobado
7362,7362,2025-09-11,46681.26,Tarjeta credito,Aprobado
7363,7363,2025-05-04,66552.35,Mercado Pago,Pendiente
7364,7364,2025-07-11,26806.32,tarjeta debito,Aprobado
7365,7365,2025-12-16,16046.29,Transferencia,Aprobado
7366,7366,2024-11-26,8006.56,Tarjeta debito,Aprobado
7367,7367,2024-04-28,23962.9,Tarjeta credito,Aprobado
7368,7368,2024-10-03,59949.46,Tarjeta debito,Aprobado
7369,7369,2025-11-11,13487.48,Tarjeta credito,Aprobado
7370,7370,2025-08-07,0.0,Mercado Pago,Rechazado
7371,7371,2025-01-25,28631.54,Tarjeta debito,Aprobado
7372,7372,2024-06-09,104607.66,Tarjeta debito,Aprobado
7373,7373,2025-04-05,28701.07,Efectivo,Aprobado
7374,7374,2025-07-20,73008.59,Tarjeta credito,Aprobado
7375,7375,2026-03-27,0.0,Mercado Pago,Rechazado
7376,7376,2024-01-20,25969.2,Mercado Pago,Aprobado
7377,7377,2026-03-07,43504.79,Transferencia,Aprobado
7378,7378,2026-04-14,44402.31,Tarjeta credito,Aprobado
7379,7379,2025-04-21,18073.48,Mercado Pago,Aprobado
7380,7380,2024-02-18,0.0,Tarjeta credito,Rechazado
7381,7381,2024-05-17,198685.54,Transferencia,Aprobado
7382,7382,2026-08-07,44660.01,Tarjeta credito,Aprobado
7383,7383,2025-12-04,264461.32,Mercado Pago,Pendiente
7384,7384,2024-09-29,143406.31,Tarjeta debito,Aprobado
7385,7385,2025-12-06,11951.68,Mercado Pago,Aprobado
7386,7386,2025-10-26,55600.8,Transferencia,Aprobado
7387,7387,2026-03-07,93918.65,Tarjeta debito,Aprobado
7388,7388,2026-07-20,4751.33,Transferencia,Aprobado
7389,7389,2025-05-14,25241.58,Transferencia,Aprobado
7390,7390,2024-12-27,16917.22,Tarjeta credito,Aprobado
7391,7391,2025-05-18,55015.13,Mercado Pago,Aprobado
7392,7392,2026-04-11,0.0,Mercado Pago,Rechazado
7393,7393,2025-10-07,72518.7,Tarjeta credito,Aprobado
7394,7394,2025-07-31,71975.35,Mercado Pago,Aprobado
7395,7395,2024-11-18,38210.66,Tarjeta credito,Aprobado
7396,7396,2024-02-19,73791.76,Mercado Pago,Aprobado
7397,7397,2026-04-16,115627.68,Tarjeta debito,Aprobado
7398,7398,2025-04-23,28142.37,Mercado Pago,Aprobado
7399,7399,2024-08-31,159240.62,Transferencia,Aprobado
7400,7400,2025-04-19,260345.8,Mercado Pago,Aprobado
7401,7401,2026-07-31,0.0,Tarjeta credito,Rechazado
7402,7402,2025-08-15,25501.53,Transferencia,Aprobado
7403,7403,2025-08-31,12465.86,Tarjeta credito,Aprobado
7404,7404,2024-02-12,15926.58,Tarjeta debito,Aprobado
7405,7405,2024-09-20,8816.05,Tarjeta credito,Aprobado
7406,7406,2025-07-04,44027.9,Transferencia,Aprobado
7407,7407,2026-01-22,26305.5,Tarjeta credito,Aprobado
7408,7408,2024-10-31,24068.64,Tarjeta credito,Aprobado
7409,7409,2024-07-20,63791.7,Efectivo,Aprobado
7410,7410,2024-03-27,15496.8,Tarjeta credito,Aprobado
7411,7411,2025-04-27,14155.38,Transferencia,Aprobado
7412,7412,2025-07-25,4010.08,Tarjeta credito,Aprobado
7413,7413,2024-03-28,377389.16,Tarjeta credito,Aprobado
7414,7414,2025-07-05,53113.23,Efectivo,Aprobado
7415,7415,2025-12-12,294472.67,Tarjeta credito,Aprobado
7416,7416,2025-07-12,38947.57,Mercado Pago,Aprobado
7417,7417,2026-03-14,190140.37,Tarjeta credito,Aprobado
7418,7418,2026-01-29,52349.08,Transferencia,Pendiente
7419,7419,2024-04-28,37597.41,Tarjeta credito,Aprobado
7420,7420,2025-09-13,28020.12,Transferencia,Aprobado
7421,7421,2026-04-02,69019.97,Tarjeta credito,Pendiente
7422,7422,2024-04-13,65570.31,Mercado Pago,Pendiente
7423,7423,2026-09-01,0.0,Tarjeta credito,Rechazado
7424,7424,2024-10-26,1295150.62,Transferencia,Aprobado
7425,7425,2024-10-25,33693.93,Transferencia,Aprobado
7426,7426,2025-09-07,194515.84,Mercado Pago,Aprobado
7427,7427,2026-07-08,21782.01,Tarjeta debito,Aprobado
7428,7428,2024-08-19,42361.3,Tarjeta debito,Aprobado
7429,7429,2026-05-05,62044.91,Tarjeta credito,Aprobado
7430,7430,2025-12-04,47748.19,Tarjeta credito,Aprobado
7431,7431,2024-03-31,87340.29,Tarjeta credito,Aprobado
7432,7432,2026-05-04,117029.45,Transferencia,Aprobado
7433,7433,2025-12-22,495848.08,Transferencia,Aprobado
7434,7434,2025-02-28,264030.16,Tarjeta debito,Aprobado
7435,7435,2025-08-26,0.0,Mercado Pago,Rechazado
7436,7436,2024-12-14,67563.4,Mercado Pago,Aprobado
7437,7437,2025-11-04,173692.5,Transferencia,Aprobado
7438,7438,2026-02-05,105932.29,Mercado Pago,Aprobado
7439,7439,2025-12-21,56674.61,Mercado Pago,Aprobado
7440,7440,2025-11-18,12994.02,Tarjeta credito,Aprobado
7441,7441,2024-12-27,63955.3,Tarjeta debito,Aprobado
7442,7442,2025-05-26,18435.31,Transferencia,Aprobado
7443,7443,2026-03-06,49705.15,Tarjeta debito,Aprobado
7444,7444,2024-03-27,7187.33,Efectivo,Aprobado
7445,7445,2024-01-07,37486.74,Efectivo,Aprobado
7446,7446,2024-04-16,26114.38,Tarjeta credito,Aprobado
7447,7447,2025-05-30,28544.89,Mercado Pago,Aprobado
7448,7448,2025-11-25,33693.49,Mercado Pago,Aprobado
7449,7449,2026-01-19,7547.03,Tarjeta credito,Aprobado
7450,7450,2024-01-05,9314.83,Tarjeta debito,Aprobado
7451,7451,2025-01-02,20759.86,Tarjeta credito,Aprobado
7452,7452,2025-03-05,51095.54,Mercado Pago,Pendiente
7453,7453,2026-08-31,31054.6,Tarjeta debito,Aprobado
7454,7454,2026-01-15,16063.37,Mercado Pago,Pendiente
7455,7455,2024-05-19,93256.92,Tarjeta credito,Aprobado
7456,7456,2026-05-07,23000.37,Mercado Pago,Aprobado
7457,7457,2024-05-22,25193.81,Mercado Pago,Aprobado
7458,7458,2024-03-27,222911.7,Mercado Pago,Aprobado
7459,7459,2024-04-02,169657.27,Transferencia,Aprobado
7460,7460,2025-04-20,56020.48,Tarjeta credito,Aprobado
7461,7461,2024-09-22,22772.39,Efectivo,Pendiente
7462,7462,2024-03-20,67855.55,Transferencia,Aprobado
7463,7463,2024-08-15,77496.98,Mercado Pago,Aprobado
7464,7464,2025-01-29,61909.39,Mercado Pago,Aprobado
7465,7465,2025-12-12,119197.26,Tarjeta credito,Aprobado
7466,7466,2024-06-24,47382.93,Tarjeta debito,Aprobado
7467,7467,2024-02-07,42388.01,Mercado Pago,Aprobado
7468,7468,2025-06-12,69938.02,Mercado Pago,Aprobado
7469,7469,2025-03-07,19265.65,Transferencia,Aprobado
7470,7470,2024-08-27,3892.88,Mercado Pago,Aprobado
7471,7471,2024-08-03,6184.11,Tarjeta debito,Aprobado
7472,7472,2024-12-16,18118.79,Efectivo,Aprobado
7473,7473,2026-05-06,55468.88,Tarjeta debito,Pendiente
7474,7474,2025-03-04,101072.65,Tarjeta credito,Aprobado
7475,7475,2024-11-26,49672.93,Tarjeta credito,Aprobado
7476,7476,2024-12-19,25817.18,Tarjeta credito,Aprobado
7477,7477,2025-04-22,0.0,Tarjeta credito,Rechazado
7478,7478,2024-10-11,220049.59,Mercado Pago,Aprobado
7479,7479,2025-05-26,22953.84,Mercado Pago,Aprobado
7480,7480,2025-02-01,18184.0,Efectivo,Aprobado
7481,7481,2026-05-12,40911.16,Transferencia,Aprobado
7482,7482,2025-03-15,18109.37,Transferencia,Pendiente
7483,7483,2024-07-01,289315.25,Mercado Pago,Aprobado
7484,7484,2026-03-31,47215.68,Tarjeta credito,Aprobado
7485,7485,2024-08-17,22623.5,Transferencia,Aprobado
7486,7486,2026-08-03,0.0,Tarjeta credito,Rechazado
7487,7487,2025-11-29,146214.82,Efectivo,Aprobado
7488,7488,2024-09-14,82592.34,Tarjeta credito,Aprobado
7489,7489,2024-09-16,21908.85,Tarjeta credito,Aprobado
7490,7490,2024-01-14,143556.96,Tarjeta credito,Aprobado
7491,7491,2025-05-25,229588.86,Transferencia,Aprobado
7492,7492,2025-12-02,23832.99,Mercado Pago,Aprobado
7493,7493,2024-06-13,46707.72,Tarjeta credito,Aprobado
7494,7494,2025-01-05,14602.72,Mercado Pago,Aprobado
7495,7495,2024-07-28,5010.92,Tarjeta credito,Aprobado
7496,7496,2026-05-29,18819.59,Transferencia,Aprobado
7497,7497,2025-10-24,0.0,Tarjeta credito,Rechazado
7498,7498,2025-10-15,98973.17,Tarjeta debito,Aprobado
7499,7499,2025-05-17,38231.75,Mercado Pago,Aprobado
7500,7500,2024-07-17,64002.31,Tarjeta credito,Aprobado
7501,7501,2026-08-11,42842.39,Transferencia,Aprobado
7502,7502,2024-07-27,0.0,Mercado Pago,Rechazado
7503,7503,2024-06-09,10367.28,Tarjeta credito,Aprobado
7504,7504,2025-08-19,7657.21,Transferencia,Aprobado
7505,7505,2026-01-01,27527.43,Tarjeta debito,Aprobado
7506,7506,2025-05-31,39870.24,Transferencia,Aprobado
7507,7507,2026-04-17,65879.84,Tarjeta credito,Aprobado
7508,7508,2026-05-01,71382.89,Tarjeta credito,Aprobado
7509,7509,2024-09-29,22933.04,Tarjeta credito,Aprobado
7510,7510,2025-12-28,25808.16,Tarjeta credito,Aprobado
7511,7511,2025-12-31,18506.28,Tarjeta credito,Aprobado
7512,7512,2025-08-07,9545.49,Transferencia,Aprobado
7513,7513,2025-04-13,43993.02,Efectivo,Aprobado
7514,7514,2026-01-28,35483.28,Tarjeta credito,Aprobado
7515,7515,2025-08-24,28592.4,Tarjeta credito,Aprobado
7516,7516,2025-08-18,0.0,Efectivo,Rechazado
7517,7517,2025-12-25,65694.22,Tarjeta credito,Aprobado
7518,7518,2026-04-17,50191.13,Tarjeta credito,Aprobado
7519,7519,2025-11-01,16969.2,Transferencia,Aprobado
7520,7520,2024-05-14,4185.46,Tarjeta credito,Aprobado
7521,7521,2026-08-06,122353.63,Mercado Pago,Aprobado
7522,7522,2025-02-07,8818.18,Tarjeta credito,Aprobado
7523,7523,2024-11-14,62465.94,Mercado Pago,Aprobado
7524,7524,2025-08-28,186369.52,Mercado Pago,Aprobado
7525,7525,2025-06-22,69866.73,Tarjeta debito,Aprobado
7526,7526,2026-01-11,38180.24,Efectivo,Aprobado
7527,7527,2024-05-16,44264.88,Mercado Pago,Aprobado
7528,7528,2025-12-29,120212.13,Transferencia,Aprobado
7529,7529,2025-08-18,3934.62,Mercado Pago,Aprobado
7530,7530,2024-05-14,133732.82,Mercado Pago,Aprobado
7531,7531,2025-10-27,53971.67,Efectivo,Aprobado
7532,7532,2026-04-23,10187.66,Tarjeta debito,Aprobado
7533,7533,2025-08-04,26170.28,Tarjeta debito,Aprobado
7534,7534,2025-06-03,60225.44,Mercado Pago,Aprobado
7535,7535,2026-03-04,42024.18,Mercado Pago,Pendiente
7536,7536,2024-10-18,51406.03,Transferencia,Aprobado
7537,7537,2024-12-08,15439.27,Tarjeta debito,Aprobado
7538,7538,2025-11-25,4316.08,Efectivo,Aprobado
7539,7539,2024-10-15,148475.15,Tarjeta debito,Aprobado
7540,7540,2025-04-24,61746.35,Tarjeta credito,Aprobado
7541,7541,2026-06-05,11330.09,Mercado Pago,Aprobado
7542,7542,2025-09-21,9653.49,Transferencia,Aprobado
7543,7543,2025-05-22,109731.74,Mercado Pago,Aprobado
7544,7544,2024-12-13,18046.66,Tarjeta credito,Aprobado
7545,7545,2026-06-14,62793.28,Tarjeta debito,Aprobado
7546,7546,2024-08-14,248118.53,Tarjeta debito,Aprobado
7547,7547,2024-12-09,14871.99,Tarjeta debito,Aprobado
7548,7548,2026-05-15,445457.65,Mercado Pago,Aprobado
7549,7549,2026-04-06,5357.29,Efectivo,Pendiente
7550,7550,2024-06-08,112565.86,Transferencia,Aprobado
7551,7551,2026-01-06,35895.28,Tarjeta credito,Aprobado
7552,7552,2024-07-19,18512.19,Tarjeta credito,Aprobado
7553,7553,2025-06-11,74304.72,Transferencia,Aprobado
7554,7554,2024-11-02,110746.4,Transferencia,Aprobado
7555,7555,2024-06-23,32948.55,Mercado Pago,Aprobado
7556,7556,2026-07-10,56805.34,Tarjeta credito,Pendiente
7557,7557,2024-07-26,33517.52,Efectivo,Aprobado
7558,7558,2024-03-11,127394.01,Tarjeta debito,Aprobado
7559,7559,2024-02-11,0.0,Mercado Pago,Rechazado
7560,7560,2026-05-15,23693.64,tarjeta debito,Aprobado
7561,7561,2025-11-14,61516.15,Tarjeta debito,Aprobado
7562,7562,2025-01-27,29144.55,Efectivo,Aprobado
7563,7563,2026-05-12,9297.44,Mercado Pago,Pendiente
7564,7564,2024-03-23,99218.61,Transferencia,Aprobado
7565,7565,2025-07-19,90090.96,Transferencia,Aprobado
7566,7566,2025-03-01,32288.11,Mercado Pago,Aprobado
7567,7567,2026-04-07,35221.63,Tarjeta credito,Aprobado
7568,7568,2025-12-31,26074.1,Mercado Pago,Aprobado
7569,7569,2024-10-29,48065.67,Tarjeta credito,Aprobado
7570,7570,2024-11-11,30240.34,Mercado Pago,Aprobado
7571,7571,2024-02-06,9718.3,Tarjeta credito,Aprobado
7572,7572,2025-10-27,0.0,Transferencia,Rechazado
7573,7573,2024-11-07,9276.39,Mercado Pago,Aprobado
7574,7574,2025-05-17,0.0,Tarjeta debito,Rechazado
7575,7575,2026-01-10,36500.04,Mercado Pago,Aprobado
7576,7576,2024-05-16,27699.98,Mercado Pago,Aprobado
7577,7577,2024-09-12,435090.72,Mercado Pago,Aprobado
7578,7578,2025-10-07,52184.35,Mercado Pago,Aprobado
7579,7579,2026-05-14,21815.08,Transferencia,Aprobado
7580,7580,2025-09-24,137780.91,Tarjeta debito,Aprobado
7581,7581,2026-03-07,75355.43,Tarjeta credito,Aprobado
7582,7582,2024-11-01,15324.97,Transferencia,Aprobado
7583,7583,2024-11-29,28403.84,Tarjeta credito,Pendiente
7584,7584,2024-06-26,0.0,Tarjeta credito,Rechazado
7585,7585,2026-01-08,38486.08,Tarjeta debito,Aprobado
7586,7586,2025-07-11,7518.34,Tarjeta credito,Aprobado
7587,7587,2024-09-06,0.0,Mercado Pago,Rechazado
7588,7588,2025-03-23,18566.16,Tarjeta debito,Aprobado
7589,7589,2025-01-31,33617.07,Tarjeta debito,Aprobado
7590,7590,2024-07-04,26817.76,Tarjeta credito,Aprobado
7591,7591,2024-10-12,81721.91,Tarjeta credito,Aprobado
7592,7592,2025-09-15,20071.59,Tarjeta debito,Aprobado
7593,7593,2025-07-05,15961.38,Tarjeta debito,Aprobado
7594,7594,2025-06-28,82418.47,Mercado Pago,Aprobado
7595,7595,2025-03-07,60330.18,Transferencia,Aprobado
7596,7596,2025-11-10,83262.35,Tarjeta credito,Aprobado
7597,7597,2024-04-04,73192.09,Tarjeta credito,Aprobado
7598,7598,2025-10-28,0.0,Tarjeta credito,Rechazado
7599,7599,2024-10-27,26901.5,Efectivo,Aprobado
7600,7600,2024-03-02,82293.7,Tarjeta credito,Aprobado
7601,7601,2024-09-21,69831.95,Tarjeta debito,Aprobado
7602,7602,2025-12-19,86798.5,Transferencia,Pendiente
7603,7603,2025-06-26,16981.47,Tarjeta credito,Pendiente
7604,7604,2024-05-01,11885.02,Transferencia,Aprobado
7605,7605,2024-02-22,94205.73,Tarjeta debito,Aprobado
7606,7606,2025-08-26,23400.32,Tarjeta credito,Aprobado
7607,7607,2024-05-29,0.0,Tarjeta debito,Rechazado
7608,7608,2024-03-06,14812.3,Tarjeta credito,Aprobado
7609,7609,2025-10-08,24753.08,Efectivo,Aprobado
7610,7610,2024-11-01,84783.05,Tarjeta debito,Aprobado
7611,7611,2026-01-21,107987.44,Tarjeta debito,Pendiente
7612,7612,2024-02-14,49617.55,Tarjeta credito,Aprobado
7613,7613,2025-11-26,0.0,Tarjeta credito,Rechazado
7614,7614,2026-08-14,47836.23,Tarjeta credito,Pendiente
7615,7615,2025-01-09,87607.0,Tarjeta debito,Aprobado
7616,7616,2025-01-03,13175.04,Efectivo,Aprobado
7617,7617,2025-08-29,54707.94,Transferencia,Aprobado
7618,7618,2024-09-20,68832.34,Transferencia,Aprobado
7619,7619,2024-12-20,78546.07,Tarjeta credito,Aprobado
7620,7620,2026-06-07,60114.14,Mercado Pago,Aprobado
7621,7621,2024-11-29,20727.94,Efectivo,Aprobado
7622,7622,2025-12-08,301384.8,Tarjeta credito,Aprobado
7623,7623,2025-01-20,272997.53,Mercado Pago,Aprobado
7624,7624,2025-05-24,48685.21,Tarjeta credito,Aprobado
7625,7625,2024-11-08,16514.8,Tarjeta credito,Aprobado
7626,7626,2024-07-24,4902.35,Tarjeta credito,Pendiente
7627,7627,2025-11-20,94168.36,Tarjeta credito,Aprobado
7628,7628,2024-03-11,284393.37,Transferencia,Aprobado
7629,7629,2024-10-18,68983.9,Mercado Pago,Aprobado
7630,7630,2025-02-11,58852.16,Transferencia,Aprobado
7631,7631,2024-11-18,153445.79,Tarjeta credito,Aprobado
7632,7632,2024-11-29,69709.0,Mercado Pago,Pendiente
7633,7633,2026-03-11,76088.34,Tarjeta credito,Pendiente
7634,7634,2024-11-03,14438.2,Tarjeta credito,Aprobado
7635,7635,2025-06-02,36964.66,Tarjeta debito,Aprobado
7636,7636,2024-05-18,76222.16,Tarjeta debito,Aprobado
7637,7637,2025-11-09,49967.71,Tarjeta credito,Aprobado
7638,7638,2025-12-20,8542.48,Mercado Pago,Aprobado
7639,7639,2025-11-06,85156.43,Mercado Pago,Aprobado
7640,7640,2026-02-03,13765.6,Tarjeta debito,Aprobado
7641,7641,2026-08-02,85118.88,Tarjeta credito,Aprobado
7642,7642,2025-08-28,45987.61,Tarjeta debito,Aprobado
7643,7643,2024-08-29,162771.22,Mercado Pago,Aprobado
7644,7644,2025-12-08,207563.82,Tarjeta credito,Aprobado
7645,7645,2024-12-22,25932.42,Tarjeta credito,Aprobado
7646,7646,2026-07-13,18633.92,Tarjeta credito,Aprobado
7647,7647,2026-08-04,0.0,Tarjeta credito,Rechazado
7648,7648,2025-10-29,75154.78,Tarjeta credito,Aprobado
7649,7649,2025-07-15,104283.12,Tarjeta credito,Aprobado
7650,7650,2024-03-17,42688.88,Mercado Pago,Aprobado
7651,7651,2025-07-02,90669.24,Efectivo,Aprobado
7652,7652,2026-07-15,34454.69,Tarjeta credito,Aprobado
7653,7653,2025-07-20,6964.43,Tarjeta credito,Aprobado
7654,7654,2024-06-07,203314.04,Tarjeta credito,Aprobado
7655,7655,2026-05-19,10423.32,Tarjeta credito,Aprobado
7656,7656,2026-06-20,35262.93,Efectivo,Aprobado
7657,7657,2026-03-24,29211.5,Tarjeta credito,Pendiente
7658,7658,2024-09-10,29031.83,Tarjeta debito,Aprobado
7659,7659,2025-11-12,13151.31,Efectivo,Aprobado
7660,7660,2024-09-08,22958.46,Tarjeta debito,Aprobado
7661,7661,2026-06-17,0.0,Transferencia,Rechazado
7662,7662,2026-05-25,40100.52,tarjeta credito,Aprobado
7663,7663,2026-07-27,6355.9,Mercado Pago,Aprobado
7664,7664,2026-03-13,22978.4,Tarjeta credito,Pendiente
7665,7665,2026-04-14,224844.92,tarjeta credito,Aprobado
7666,7666,2026-03-11,14676.81,Tarjeta debito,Aprobado
7667,7667,2024-12-07,31855.18,Tarjeta credito,Aprobado
7668,7668,2025-12-01,970347.81,Transferencia,Pendiente
7669,7669,2025-10-24,84541.9,transferencia,Aprobado
7670,7670,2024-10-05,4741.92,Tarjeta debito,Aprobado
7671,7671,2026-01-02,11330.78,Tarjeta credito,Aprobado
7672,7672,2025-12-29,15696.76,Tarjeta debito,Aprobado
7673,7673,2025-04-20,19377.46,Tarjeta credito,Aprobado
7674,7674,2024-04-04,50577.97,Transferencia,Aprobado
7675,7675,2024-10-05,0.0,Mercado Pago,Rechazado
7676,7676,2025-11-22,86324.28,Efectivo,Aprobado
7677,7677,2024-03-22,141132.86,Mercado Pago,Aprobado
7678,7678,2024-02-23,30094.32,Tarjeta credito,Aprobado
7679,7679,2025-02-17,93695.53,Mercado Pago,Pendiente
7680,7680,2024-11-24,143303.82,Transferencia,Pendiente
7681,7681,2024-07-23,11800.85,Mercado Pago,Aprobado
7682,7682,2024-06-09,38170.77,Tarjeta credito,Aprobado
7683,7683,2025-12-20,0.0,Tarjeta credito,Rechazado
7684,7684,2026-01-15,37428.22,Tarjeta debito,Pendiente
7685,7685,2025-10-23,4663.24,Transferencia,Pendiente
7686,7686,2024-11-24,30345.74,Transferencia,Aprobado
7687,7687,2024-06-10,137501.34,Transferencia,Aprobado
7688,7688,2024-11-14,145541.63,Transferencia,Aprobado
7689,7689,2025-09-15,66750.62,Tarjeta debito,Aprobado
7690,7690,2024-04-27,59587.89,Tarjeta credito,Aprobado
7691,7691,2025-01-26,56722.68,Tarjeta credito,Aprobado
7692,7692,2025-04-21,494231.32,tarjeta credito,Pendiente
7693,7693,2025-12-09,6715.99,Mercado Pago,Aprobado
7694,7694,2026-08-14,29923.39,Tarjeta debito,Aprobado
7695,7695,2024-07-05,70963.72,Transferencia,Aprobado
7696,7696,2026-04-20,14886.45,Tarjeta credito,Aprobado
7697,7697,2024-12-09,20072.44,Tarjeta debito,Aprobado
7698,7698,2025-08-09,196640.46,Transferencia,Aprobado
7699,7699,2025-03-18,18203.23,Transferencia,Aprobado
7700,7700,2025-09-30,11089.2,Tarjeta credito,Pendiente
7701,7701,2024-08-05,57651.24,Tarjeta credito,Aprobado
7702,7702,2026-04-01,214192.81,Tarjeta debito,Aprobado
7703,7703,2024-07-19,0.0,Efectivo,Rechazado
7704,7704,2024-09-22,95675.33,Efectivo,Aprobado
7705,7705,2025-06-08,18765.64,Tarjeta credito,Aprobado
7706,7706,2025-12-08,70526.17,Tarjeta credito,Pendiente
7707,7707,2026-02-19,18558.44,Tarjeta credito,Aprobado
7708,7708,2024-12-08,0.0,Mercado Pago,Rechazado
7709,7709,2026-04-19,27675.72,Tarjeta debito,Aprobado
7710,7710,2024-02-11,0.0,Tarjeta debito,Rechazado
7711,7711,2025-09-18,10898.66,Efectivo,Aprobado
7712,7712,2026-04-23,22654.52,Tarjeta debito,Aprobado
7713,7713,2025-07-02,43355.51,Tarjeta credito,Aprobado
7714,7714,2026-06-16,28466.45,Efectivo,Aprobado
7715,7715,2025-07-26,32302.19,Transferencia,Aprobado
7716,7716,2024-04-12,83460.12,Transferencia,Aprobado
7717,7717,2024-07-20,4923.98,Tarjeta credito,Aprobado
7718,7718,2026-08-22,206391.26,Tarjeta credito,Aprobado
7719,7719,2025-01-03,0.0,Transferencia,Rechazado
7720,7720,2024-12-07,91404.15,Transferencia,Pendiente
7721,7721,2026-04-21,36741.08,Efectivo,Pendiente
7722,7722,2025-12-12,0.0,Mercado Pago,Rechazado
7723,7723,2024-09-27,9766.0,Mercado Pago,Aprobado
7724,7724,2026-05-10,244069.2,Mercado Pago,Aprobado
7725,7725,2024-12-10,62377.06,Transferencia,Aprobado
7726,7726,2025-10-23,114158.15,Transferencia,Aprobado
7727,7727,2025-05-10,13720.61,Transferencia,Aprobado
7728,7728,2024-12-18,39441.91,Tarjeta credito,Aprobado
7729,7729,2026-04-30,26136.9,Tarjeta credito,Aprobado
7730,7730,2026-02-14,22394.28,Transferencia,Aprobado
7731,7731,2026-01-03,24818.04,Mercado Pago,Aprobado
7732,7732,2026-06-13,41179.47,Mercado Pago,Aprobado
7733,7733,2025-02-25,374658.38,Tarjeta credito,Aprobado
7734,7734,2024-08-25,8280.72,Transferencia,Aprobado
7735,7735,2025-03-28,235936.67,Transferencia,Aprobado
7736,7736,2024-12-07,26221.57,Mercado Pago,Pendiente
7737,7737,2024-03-29,0.0,Transferencia,Rechazado
7738,7738,2025-09-19,35680.14,Mercado Pago,Aprobado
7739,7739,2024-06-20,435334.8,Efectivo,Aprobado
7740,7740,2024-12-07,16919.72,Tarjeta debito,Aprobado
7741,7741,2025-10-04,15814.14,Transferencia,Aprobado
7742,7742,2026-04-08,41599.46,Tarjeta credito,Aprobado
7743,7743,2025-03-21,31354.17,Transferencia,Aprobado
7744,7744,2024-12-18,40345.21,Tarjeta credito,Aprobado
7745,7745,2025-01-26,21877.06,Tarjeta credito,Aprobado
7746,7746,2025-11-27,21376.55,Mercado Pago,Aprobado
7747,7747,2025-11-24,220872.4,Tarjeta credito,Aprobado
7748,7748,2026-03-10,24625.75,Tarjeta credito,Aprobado
7749,7749,2026-06-21,151167.66,Tarjeta credito,Aprobado
7750,7750,2024-05-20,41069.48,Efectivo,Aprobado
7751,7751,2026-03-04,205934.88,Tarjeta credito,Aprobado
7752,7752,2026-01-16,44925.78,Tarjeta credito,Aprobado
7753,7753,2025-12-15,36803.5,Tarjeta debito,Aprobado
7754,7754,2024-04-11,59039.76,Mercado Pago,Aprobado
7755,7755,2025-07-21,6246.54,Tarjeta credito,Aprobado
7756,7756,2025-01-25,29020.11,Mercado Pago,Aprobado
7757,7757,2024-11-30,57079.76,Tarjeta debito,Aprobado
7758,7758,2024-07-31,27409.26,Tarjeta credito,Aprobado
7759,7759,2026-08-28,36245.02,Tarjeta credito,Aprobado
7760,7760,2025-05-30,20905.02,Tarjeta credito,Aprobado
7761,7761,2024-06-22,0.0,Tarjeta debito,Rechazado
7762,7762,2024-11-17,91941.83,Tarjeta credito,Aprobado
7763,7763,2024-07-06,110657.29,Tarjeta credito,Aprobado
7764,7764,2024-12-26,83068.77,Mercado Pago,Aprobado
7765,7765,2025-06-26,51297.32,Tarjeta credito,Aprobado
7766,7766,2025-03-31,47236.09,Tarjeta credito,Pendiente
7767,7767,2024-12-13,169808.54,Transferencia,Aprobado
7768,7768,2026-03-30,207594.46,Mercado Pago,Pendiente
7769,7769,2025-10-17,10282.0,Tarjeta credito,Aprobado
7770,7770,2025-07-13,0.0,Tarjeta debito,Rechazado
7771,7771,2024-12-23,32947.56,Mercado Pago,Aprobado
7772,7772,2026-01-09,40343.82,Tarjeta credito,Aprobado
7773,7773,2024-01-06,37890.44,Transferencia,Aprobado
7774,7774,2025-05-11,44218.25,Tarjeta credito,Aprobado
7775,7775,2025-01-11,22052.42,Mercado Pago,Aprobado
7776,7776,2025-09-26,94185.89,Tarjeta credito,Aprobado
7777,7777,2024-02-01,562152.62,Tarjeta credito,Pendiente
7778,7778,2025-07-30,36446.66,Mercado Pago,Aprobado
7779,7779,2025-11-08,18489.11,Tarjeta credito,Aprobado
7780,7780,2026-03-30,55456.27,Mercado Pago,Aprobado
7781,7781,2025-12-13,22042.77,Tarjeta debito,Aprobado
7782,7782,2024-02-23,18263.2,Efectivo,Aprobado
7783,7783,2024-03-10,213319.56,Tarjeta credito,Pendiente
7784,7784,2024-12-24,29675.04,Mercado Pago,Aprobado
7785,7785,2024-03-15,7700.72,Mercado Pago,Aprobado
7786,7786,2026-04-12,230541.16,Transferencia,Aprobado
7787,7787,2024-02-10,33939.71,Mercado Pago,Aprobado
7788,7788,2026-08-13,50122.47,Tarjeta credito,Aprobado
7789,7789,2026-07-10,232037.24,Tarjeta credito,Aprobado
7790,7790,2025-10-16,28796.66,Tarjeta credito,Aprobado
7791,7791,2025-07-15,110382.44,Mercado Pago,Aprobado
7792,7792,2024-06-23,28955.0,Mercado Pago,Aprobado
7793,7793,2024-08-04,32435.44,Tarjeta debito,Pendiente
7794,7794,2024-12-17,32065.7,Tarjeta credito,Aprobado
7795,7795,2024-07-02,0.0,Mercado Pago,Rechazado
7796,7796,2024-05-23,129598.02,Tarjeta credito,Pendiente
7797,7797,2024-03-14,14961.9,Tarjeta credito,Aprobado
7798,7798,2026-08-29,8940.39,Mercado Pago,Aprobado
7799,7799,2026-07-13,29467.32,Efectivo,Pendiente
7800,7800,2025-01-05,0.0,Tarjeta credito,Rechazado
7801,7801,2025-03-24,111379.97,Tarjeta credito,Aprobado
7802,7802,2024-11-01,0.0,Tarjeta debito,Rechazado
7803,7803,2025-11-24,358450.86,Tarjeta debito,Aprobado
7804,7804,2025-08-28,52370.43,Transferencia,Aprobado
7805,7805,2025-12-18,49625.11,Tarjeta credito,Aprobado
7806,7806,2024-08-24,63554.81,Tarjeta credito,Aprobado
7807,7807,2025-05-31,7227.36,Mercado Pago,Pendiente
7808,7808,2024-11-15,0.0,Tarjeta credito,Rechazado
7809,7809,2026-04-29,19892.62,Mercado Pago,Pendiente
7810,7810,2026-03-23,53620.96,Transferencia,Aprobado
7811,7811,2024-10-18,16483.46,Mercado Pago,Aprobado
7812,7812,2024-07-02,342834.36,Mercado Pago,Aprobado
7813,7813,2025-12-06,0.0,Tarjeta credito,Rechazado
7814,7814,2024-06-13,18453.52,Tarjeta credito,Aprobado
7815,7815,2026-05-08,12560.01,Tarjeta credito,Aprobado
7816,7816,2024-07-13,191071.99,Tarjeta credito,Aprobado
7817,7817,2025-12-15,51254.89,Tarjeta credito,Aprobado
7818,7818,2026-03-06,14924.62,Mercado Pago,Aprobado
7819,7819,2024-10-06,101218.22,Transferencia,Aprobado
7820,7820,2025-07-26,14100.93,Tarjeta credito,Pendiente
7821,7821,2026-08-22,9846.82,Mercado Pago,Aprobado
7822,7822,2025-01-13,87127.2,Tarjeta credito,Aprobado
7823,7823,2025-12-06,12279.35,Mercado Pago,Aprobado
7824,7824,2024-11-13,0.0,Tarjeta debito,Rechazado
7825,7825,2025-11-21,27848.73,Tarjeta debito,Pendiente
7826,7826,2025-04-30,15797.1,Tarjeta debito,Aprobado
7827,7827,2025-10-27,0.0,Tarjeta credito,Rechazado
7828,7828,2025-04-21,31606.43,Transferencia,Aprobado
7829,7829,2024-04-13,102674.54,Efectivo,Aprobado
7830,7830,2024-09-23,8919.98,Transferencia,Aprobado
7831,7831,2025-05-06,70526.22,Tarjeta debito,Aprobado
7832,7832,2026-08-22,162828.88,Tarjeta debito,Aprobado
7833,7833,2026-04-09,7384.79,Efectivo,Aprobado
7834,7834,2024-05-22,183037.8,Mercado Pago,Aprobado
7835,7835,2026-05-21,36627.14,Tarjeta credito,Aprobado
7836,7836,2024-03-17,6607.61,Tarjeta credito,Aprobado
7837,7837,2024-03-23,141806.8,Tarjeta credito,Aprobado
7838,7838,2025-06-23,41949.17,Tarjeta debito,Aprobado
7839,7839,2025-11-22,133182.71,Efectivo,Aprobado
7840,7840,2024-03-28,110185.92,Tarjeta credito,Aprobado
7841,7841,2026-01-12,0.0,Mercado Pago,Rechazado
7842,7842,2025-07-18,71964.08,Transferencia,Aprobado
7843,7843,2025-10-18,279285.51,Tarjeta debito,Aprobado
7844,7844,2025-09-22,43070.75,Tarjeta credito,Aprobado
7845,7845,2026-04-11,85509.7,Mercado Pago,Pendiente
7846,7846,2024-05-29,65947.24,Mercado Pago,Aprobado
7847,7847,2024-06-08,40808.4,Transferencia,Aprobado
7848,7848,2025-12-13,146584.03,Tarjeta credito,Aprobado
7849,7849,2024-01-11,13275.49,Transferencia,Aprobado
7850,7850,2025-03-14,53633.3,Efectivo,Aprobado
7851,7851,2026-01-07,340583.62,Tarjeta credito,Aprobado
7852,7852,2024-12-31,24160.28,Transferencia,Aprobado
7853,7853,2025-05-04,0.0,Tarjeta debito,Rechazado
7854,7854,2025-08-05,19759.3,Tarjeta debito,Aprobado
7855,7855,2025-09-05,11448.22,Mercado Pago,Aprobado
7856,7856,2025-07-27,0.0,Mercado Pago,Rechazado
7857,7857,2026-05-25,24338.86,Tarjeta debito,Aprobado
7858,7858,2025-07-05,45356.99,Mercado Pago,Aprobado
7859,7859,2024-03-02,30771.21,Transferencia,Aprobado
7860,7860,2024-02-13,0.0,Mercado Pago,Rechazado
7861,7861,2024-11-15,41349.96,Mercado Pago,Aprobado
7862,7862,2025-11-08,0.0,Mercado Pago,Rechazado
7863,7863,2025-09-26,8785.27,Transferencia,Aprobado
7864,7864,2025-10-31,47132.17,Transferencia,Aprobado
7865,7865,2025-12-15,22048.36,Transferencia,Aprobado
7866,7866,2024-12-21,99891.14,Tarjeta credito,Aprobado
7867,7867,2024-09-08,424535.12,Tarjeta debito,Aprobado
7868,7868,2025-06-09,80211.42,Tarjeta debito,Aprobado
7869,7869,2025-03-30,27046.95,Tarjeta debito,Aprobado
7870,7870,2024-12-01,11809.78,Transferencia,Aprobado
7871,7871,2026-09-01,161828.66,Mercado Pago,Aprobado
7872,7872,2026-07-21,129758.95,Mercado Pago,Aprobado
7873,7873,2024-04-12,38862.1,Tarjeta credito,Aprobado
7874,7874,2024-03-09,10812.59,Tarjeta credito,Aprobado
7875,7875,2024-02-18,18635.69,Tarjeta debito,Aprobado
7876,7876,2024-09-10,54136.09,Tarjeta credito,Pendiente
7877,7877,2026-05-07,99188.41,Tarjeta debito,Aprobado
7878,7878,2025-03-13,48954.24,Tarjeta credito,Aprobado
7879,7879,2024-08-13,37310.49,Transferencia,Aprobado
7880,7880,2024-11-22,50420.11,Mercado Pago,Pendiente
7881,7881,2024-06-13,69846.1,Tarjeta credito,Aprobado
7882,7882,2026-03-03,96530.27,Tarjeta credito,Pendiente
7883,7883,2025-05-10,37806.34,Mercado Pago,Aprobado
7884,7884,2025-12-02,5283.28,Mercado Pago,Aprobado
7885,7885,2025-10-25,35537.77,Transferencia,Aprobado
7886,7886,2025-11-20,53710.88,Mercado Pago,Aprobado
7887,7887,2025-07-31,9992.68,Tarjeta debito,Aprobado
7888,7888,2025-02-07,301388.48,transferencia,Aprobado
7889,7889,2025-05-04,54920.09,Tarjeta debito,Aprobado
7890,7890,2024-06-05,67952.81,Tarjeta credito,Aprobado
7891,7891,2025-12-31,107088.23,Tarjeta debito,Aprobado
7892,7892,2025-01-17,46638.88,Tarjeta credito,Aprobado
7893,7893,2025-12-22,0.0,Tarjeta debito,Rechazado
7894,7894,2025-04-11,16802.89,Tarjeta debito,Aprobado
7895,7895,2026-05-08,17809.03,Tarjeta credito,Pendiente
7896,7896,2024-02-10,215615.62,Tarjeta credito,Aprobado
7897,7897,2024-03-21,37439.1,Tarjeta debito,Aprobado
7898,7898,2025-05-21,82837.03,Tarjeta credito,Aprobado
7899,7899,2024-10-07,7397.8,Tarjeta debito,Pendiente
7900,7900,2024-02-26,30577.95,Mercado Pago,Aprobado
7901,7901,2024-05-20,36611.04,Transferencia,Aprobado
7902,7902,2024-03-28,19670.68,Tarjeta credito,Aprobado
7903,7903,2025-03-27,163765.42,Tarjeta debito,Aprobado
7904,7904,2026-02-14,87023.63,Tarjeta credito,Pendiente
7905,7905,2024-06-14,0.0,Mercado Pago,Rechazado
7906,7906,2024-03-28,102379.63,Mercado Pago,Aprobado
7907,7907,2025-04-03,7891.71,Tarjeta credito,Aprobado
7908,7908,2025-11-21,8586.03,Transferencia,Aprobado
7909,7909,2024-12-27,15069.07,Tarjeta credito,Pendiente
7910,7910,2026-08-08,66518.29,Tarjeta credito,Aprobado
7911,7911,2026-01-19,116100.99,Mercado Pago,Aprobado
7912,7912,2025-01-11,0.0,Tarjeta credito,Rechazado
7913,7913,2025-11-04,53538.58,Tarjeta credito,Aprobado
7914,7914,2024-09-01,127594.52,Efectivo,Aprobado
7915,7915,2026-02-12,180635.06,Efectivo,Aprobado
7916,7916,2025-06-12,104460.69,Mercado Pago,Aprobado
7917,7917,2024-12-13,19688.52,Tarjeta credito,Aprobado
7918,7918,2024-03-18,23853.73,Mercado Pago,Pendiente
7919,7919,2025-11-19,66752.06,Tarjeta credito,Aprobado
7920,7920,2025-09-09,65393.32,Transferencia,Aprobado
7921,7921,2025-08-24,57182.12,Tarjeta credito,Aprobado
7922,7922,2026-07-03,35621.99,Efectivo,Pendiente
7923,7923,2026-05-16,10578.53,Mercado Pago,Pendiente
7924,7924,2024-08-08,53025.38,Tarjeta credito,Aprobado
7925,7925,2025-11-15,132621.83,Transferencia,Aprobado
7926,7926,2024-06-23,17600.9,Mercado Pago,Aprobado
7927,7927,2024-09-11,82416.7,Transferencia,Aprobado
7928,7928,2024-09-18,118689.21,Tarjeta credito,Aprobado
7929,7929,2025-05-06,138754.15,Mercado Pago,Aprobado
7930,7930,2024-12-20,110166.78,Mercado Pago,Aprobado
7931,7931,2024-01-19,95982.73,Tarjeta credito,Aprobado
7932,7932,2025-11-25,18734.66,Transferencia,Pendiente
7933,7933,2026-08-03,10768.17,Tarjeta debito,Aprobado
7934,7934,2026-03-09,95199.53,Tarjeta credito,Aprobado
7935,7935,2024-07-24,24741.96,Tarjeta credito,Aprobado
7936,7936,2024-05-21,28516.87,Tarjeta credito,Aprobado
7937,7937,2025-09-26,7041.64,Tarjeta credito,Aprobado
7938,7938,2025-02-07,3783.77,Tarjeta credito,Aprobado
7939,7939,2026-03-20,29513.62,Tarjeta debito,Aprobado
7940,7940,2025-10-15,20142.19,Mercado Pago,Aprobado
7941,7941,2025-07-17,24906.89,Tarjeta debito,Aprobado
7942,7942,2026-05-09,91078.0,Mercado Pago,Aprobado
7943,7943,2024-12-28,83484.92,Transferencia,Pendiente
7944,7944,2025-12-05,24087.17,Efectivo,Aprobado
7945,7945,2026-08-16,51749.09,Transferencia,Aprobado
7946,7946,2024-06-08,13402.76,Tarjeta credito,Aprobado
7947,7947,2026-05-30,0.0,Tarjeta debito,Rechazado
7948,7948,2024-01-28,8170.38,Mercado Pago,Aprobado
7949,7949,2024-12-19,0.0,Tarjeta credito,Rechazado
7950,7950,2025-05-05,44211.68,Tarjeta debito,Aprobado
7951,7951,2024-10-09,155815.28,Tarjeta credito,Aprobado
7952,7952,2025-01-06,73762.2,Tarjeta credito,Aprobado
7953,7953,2024-09-05,89287.18,Tarjeta credito,Aprobado
7954,7954,2025-04-24,91065.12,Mercado Pago,Pendiente
7955,7955,2024-10-12,107540.0,Transferencia,Aprobado
7956,7956,2024-10-13,90170.32,Transferencia,Aprobado
7957,7957,2025-07-06,61450.73,Tarjeta debito,Aprobado
7958,7958,2024-08-03,9575.59,Tarjeta debito,Aprobado
7959,7959,2025-10-16,64183.59,Tarjeta credito,Aprobado
7960,7960,2024-06-08,47969.08,Efectivo,Aprobado
7961,7961,2024-12-22,58608.82,Mercado Pago,Aprobado
7962,7962,2025-10-12,261124.83,Transferencia,Aprobado
7963,7963,2026-05-24,0.0,Mercado Pago,Rechazado
7964,7964,2025-01-01,9506.93,Mercado Pago,Aprobado
7965,7965,2025-08-05,7206.92,Mercado Pago,Aprobado
7966,7966,2024-11-04,37697.78,Tarjeta credito,Pendiente
7967,7967,2026-07-08,19282.72,Tarjeta credito,Aprobado
7968,7968,2025-11-19,8467.76,Mercado Pago,Aprobado
7969,7969,2024-07-28,24762.18,Efectivo,Aprobado
7970,7970,2026-05-28,114926.67,Mercado Pago,Aprobado
7971,7971,2024-07-16,8974.67,Tarjeta credito,Aprobado
7972,7972,2024-01-30,79296.79,Tarjeta credito,Aprobado
7973,7973,2025-12-21,8858.37,Tarjeta credito,Aprobado
7974,7974,2025-05-08,0.0,Tarjeta credito,Rechazado
7975,7975,2025-12-31,10327.95,Transferencia,Aprobado
7976,7976,2025-12-10,10485.19,Mercado Pago,Aprobado
7977,7977,2024-11-03,104683.68,Tarjeta debito,Aprobado
7978,7978,2025-07-26,162137.07,Transferencia,Aprobado
7979,7979,2025-06-25,26647.08,Mercado Pago,Aprobado
7980,7980,2024-04-03,11040.59,Tarjeta credito,Aprobado
7981,7981,2025-04-18,52901.61,Tarjeta debito,Aprobado
7982,7982,2025-10-13,232374.94,Transferencia,Aprobado
7983,7983,2024-11-29,45161.79,Mercado Pago,Aprobado
7984,7984,2025-08-14,122513.37,Tarjeta debito,Aprobado
7985,7985,2025-07-04,130482.69,Efectivo,Aprobado
7986,7986,2024-12-23,89063.9,Transferencia,Aprobado
7987,7987,2024-01-07,24979.6,Transferencia,Aprobado
7988,7988,2026-07-16,22420.34,Tarjeta credito,Aprobado
7989,7989,2025-06-23,55601.69,Tarjeta credito,Aprobado
7990,7990,2026-01-16,9081.32,Transferencia,Aprobado
7991,7991,2025-02-03,50681.16,Tarjeta credito,Aprobado
7992,7992,2024-08-23,11307.16,Mercado Pago,Aprobado
7993,7993,2025-01-12,10270.76,Tarjeta credito,Pendiente
7994,7994,2025-08-03,97207.59,Tarjeta credito,Aprobado
7995,7995,2024-08-26,87140.01,Tarjeta credito,Aprobado
7996,7996,2025-01-08,28262.86,Mercado Pago,Aprobado
7997,7997,2024-11-15,19380.08,Tarjeta credito,Aprobado
7998,7998,2026-02-12,52485.1,Tarjeta debito,Aprobado
7999,7999,2026-02-21,0.0,Efectivo,Rechazado
8000,8000,2026-06-27,0.0,Tarjeta credito,Rechazado
