pedido_id,cliente_id,fecha,estado,canal_venta
1,889,2024-03-05,Completado,App
2,948,2024-07-13,Completado,Tienda fisica
3,250,2024-11-19,Completado,Tienda fisica
4,309,2026-06-25,Completado,WhatsApp
5,628,2025-09-06,Completado,Marketplace
6,357,2025-11-13,Completado,Tienda fisica
7,634,2024-01-14,Cancelado,Web
8,534,2024-03-02,Completado,Web
9,291,2026-06-17,Completado,App
10,238,2024-12-05,Completado,Marketplace
11,3,2024-07-06,Cancelado,Web
12,198,2024-07-28,Completado,App
13,702,2025-04-23,Completado,Web
14,858,2025-10-12,Completado,WhatsApp
15,729,2025-03-08,Completado,App
16,919,2026-05-24,Completado,Tienda fisica
17,407,2024-11-09,Completado,Web
18,858,2024-07-13,Completado,Web
19,507,2026-01-30,Completado,Tienda fisica
20,469,2024-06-15,Completado,Marketplace
21,66,2025-12-06,Completado,Tienda fisica
22,661,2025-11-23,Completado,Tienda fisica
23,117,2026-05-11,Completado,App
24,246,2024-03-23,Completado,App
25,425,2025-08-23,Cancelado,App
26,992,2025-12-16,Completado,Web
27,450,2025-11-01,Completado,Web
28,214,2026-04-13,Completado,App
29,637,2025-10-01,Completado,Web
30,760,2024-01-10,Completado,Tienda fisica
31,504,2026-02-18,Completado,Tienda fisica
32,412,2026-08-21,Completado ,WhatsApp
33,603,2026-08-05,Cancelado,Web
34,804,2026-06-13,Completado,Tienda fisica
35,400,2026-07-15,Completado,App
36,122,2024-05-10,Completado,WhatsApp
37,236,2025-07-07,Completado,Tienda fisica
38,494,2026-01-06,Cancelado,Web
39,948,2024-12-06,Completado,Tienda fisica
40,315,2024-08-16,Completado,Web
41,854,2025-08-09,Pendiente,TIENDA FISICA
42,409,2025-08-27,Completado,Tienda fisica
43,338,2025-12-20,Completado,App
44,970,2025-05-21,Completado,App
45,14,2026-05-18,Completado,Tienda fisica
46,943,2024-10-16,Completado,Tienda fisica
47,179,2024-11-07,Completado,App
48,652,2026-02-05,Completado,Marketplace
49,509,2024-04-08,Pendiente,Web
50,119,2025-02-17,Completado,Web
51,10,2025-10-30,Completado,Web
52,675,2025-08-09,Completado,Tienda fisica
53,119,2024-11-01,Completado,Marketplace
54,816,2026-04-17,Completado,Tienda fisica
55,849,2026-07-08,Completado,Web
56,173,2025-08-11,Completado,Marketplace
57,956,2024-09-11,Completado,App
58,928,2025-12-12,En preparacion,Tienda fisica
59,236,2024-02-15,Completado,App
60,729,2025-01-02,Completado,Tienda fisica
61,270,2025-04-12,Completado,App
62,787,2024-06-06,Completado,WhatsApp
63,68,2025-12-01,Completado,Web
64,119,2024-08-19,En preparacion,Web
65,816,2024-11-09,Completado,Web
66,536,2024-09-22,Completado,Web
67,390,2024-07-06,Completado,Web
68,117,2024-11-08,Completado,App
69,529,2026-08-29,Completado,Tienda fisica
70,7,2025-12-15,Completado,APP
71,740,2024-12-19,Pendiente,App
72,179,2025-09-13,Pendiente,App
73,971,2025-01-23,Completado,App
74,315,2024-10-24,Completado,App
75,3,2025-05-14,Completado,Web
76,108,2025-02-15,Completado,Web
77,763,2025-05-14,Completado,Tienda fisica
78,740,2024-06-14,Completado,Marketplace
79,743,2024-05-16,Cancelado,Web
80,522,2024-09-29,Completado,App
81,103,2026-04-25,Completado,Web
82,837,2024-08-30,Completado,TIENDA FISICA
83,122,2024-09-12,Completado,App
84,617,2025-12-18,Completado,Marketplace
85,993,2025-02-14,Pendiente,Tienda fisica
86,254,2025-12-17,Completado,Tienda fisica
87,962,2024-10-02,Completado ,Web
88,300,2024-08-05,Completado,Tienda fisica
89,20,2024-04-24,Completado,Marketplace
90,643,2025-09-11,Completado,Web
91,970,2024-05-03,Cancelado,App
92,354,2026-08-22,Completado,WhatsApp
93,879,2025-12-29,Completado,Marketplace
94,450,2026-01-04,Completado,Tienda fisica
95,973,2025-08-02,Completado,App
96,743,2024-03-17,Completado,App
97,278,2025-12-25,Completado,Web
98,46,2025-06-30,Completado,Marketplace
99,115,2026-04-23,Completado,Tienda fisica
100,915,2026-01-09,completado,WhatsApp
101,20,2024-06-29,Completado,Marketplace
102,652,2025-12-05,Cancelado,Tienda fisica
103,634,2024-10-02,Completado,Web
104,495,2024-04-05,Completado,Web
105,179,2024-10-15,Completado,Web
106,96,2026-04-07,Completado,WEB
107,121,2024-05-15,Completado,TIENDA FISICA
108,709,2026-04-17,Completado,Tienda fisica
109,278,2024-12-05,Completado,Web
110,531,2025-07-11,Completado,Web
111,315,2024-05-30,Pendiente,App
112,108,2025-05-18,Completado,WhatsApp
113,447,2025-09-11,Completado,Web
114,286,2025-11-08,Cancelado,App
115,474,2024-11-23,Completado,WhatsApp
116,88,2026-01-14,En preparacion,Web
117,960,2024-12-07,Pendiente,Web
118,708,2025-01-28,Completado,App
119,994,2025-01-05,Completado,Tienda fisica
120,843,2024-12-23,Completado,Web
121,256,2024-09-05,Completado,Web
122,118,2025-01-15,Completado,Tienda fisica
123,119,2024-05-24,Completado,App
124,430,2026-08-29,Completado,App
125,407,2025-05-30,Completado,WhatsApp
126,696,2025-08-08,Completado,Web
127,70,2025-07-26,Completado,Tienda fisica
128,292,2025-10-24,Completado,Web
129,16,2024-03-07,Cancelado,Web
130,983,2025-08-01,Completado,Web
131,920,2024-04-09,Completado,Tienda fisica
132,161,2026-05-22,Completado,Web
133,711,2025-10-31,En preparacion,Tienda fisica
134,302,2026-03-15,Completado,WhatsApp
135,617,2024-09-01,Completado,Web
136,492,2024-03-30,Completado,Web
137,767,2024-03-13,Completado,Tienda fisica
138,617,2025-02-14,Completado,Tienda fisica
139,977,2025-11-29,Completado,App
140,186,2024-04-17,Completado,Web
141,179,2025-04-21,Completado,WhatsApp
142,994,2024-03-07,Completado,App
143,992,2024-11-23,Completado,Web
144,868,2024-08-06,Pendiente,App
145,121,2024-03-11,Cancelado,Tienda fisica
146,750,2025-03-14,Completado,Web
147,833,2025-12-10,Completado,Marketplace
148,992,2024-05-28,Pendiente,App
149,535,2025-11-21,Completado,Tienda fisica
150,248,2025-08-15,En preparacion,Tienda fisica
151,219,2024-12-22,Completado,WhatsApp
152,522,2026-06-07,En preparacion,Web
153,450,2026-08-06,Completado,Tienda fisica
154,643,2025-12-06,Completado,Marketplace
155,652,2026-05-07,Completado,Web
156,239,2026-05-22,Completado,Web
157,234,2026-08-20,Completado,Marketplace
158,22,2025-02-28,Completado,Marketplace
159,973,2025-03-16,Completado,Tienda fisica
160,468,2024-11-21,Completado,App
161,567,2026-07-27,Pendiente,Web
162,617,2025-08-30,Completado,WhatsApp
163,261,2026-03-07,Cancelado,Web
164,161,2024-10-08,Completado,WhatsApp
165,318,2024-05-05,Cancelado,Web
166,805,2025-02-04,Completado,Tienda fisica
167,917,2026-06-30,Completado,WEB
168,618,2024-12-21,Completado,Web
169,153,2025-06-14,Cancelado,Web
170,521,2024-05-09,Pendiente,Web
171,196,2026-08-27,Completado,App
172,715,2026-03-24,Completado,Tienda fisica
173,469,2024-04-20,Completado,Web
174,33,2025-06-27,Completado,Web
175,155,2025-11-03,Completado,Web
176,64,2026-07-09,Completado,Web
177,323,2025-03-21,Completado,App
178,17,2025-01-27,completado,App
179,543,2025-02-16,Completado,WEB
180,362,2024-10-08,Completado,App
181,828,2024-01-30,Completado,WhatsApp
182,927,2024-03-31,Completado,Marketplace
183,963,2024-02-14,Completado,Web
184,180,2024-05-09,Completado,Marketplace
185,276,2025-05-09,Completado,Web
186,977,2025-12-12,Completado,Web
187,816,2024-04-17,Completado,Tienda fisica
188,522,2025-11-02,Cancelado,Web
189,409,2025-06-09,Completado,Tienda fisica
190,873,2024-04-14,Completado,Web
191,364,2025-11-08,Completado,Tienda fisica
192,644,2025-01-13,Completado,Tienda fisica
193,275,2025-11-28,Completado,Web
194,251,2025-06-28,Completado,App
195,784,2025-05-22,Completado,Web
196,336,2025-12-05,Completado,Web
197,294,2024-01-22,Completado,App
198,871,2025-08-20,Completado,WEB
199,315,2026-03-04,Completado,Tienda fisica
200,469,2025-05-13,Completado,Web
201,994,2026-05-26,Completado,Web
202,963,2026-07-23,Completado,Web
203,61,2024-10-09,Completado,Web
204,4,2024-10-22,Pendiente,Web
205,84,2024-11-06,Completado,Tienda fisica
206,438,2025-05-15,Completado,Web
207,965,2026-05-29,Completado,WhatsApp
208,67,2024-03-23,Pendiente,Web
209,275,2026-07-14,Completado,Web
210,767,2025-08-15,Completado,Web
211,786,2025-07-12,Completado,Web
212,474,2025-04-24,Pendiente,Tienda fisica
213,526,2026-03-16,Completado,Tienda fisica
214,657,2025-02-06,Completado,App
215,599,2025-10-27,Completado,Tienda fisica
216,146,2025-12-19,Completado,Tienda fisica
217,181,2024-04-27,Cancelado,Tienda fisica
218,655,2025-11-28,Completado,Web
219,742,2024-09-03,Completado,Tienda fisica
220,691,2024-10-08,Completado,Web
221,587,2025-07-31,Completado,Tienda fisica
222,977,2025-04-14,Completado,Marketplace
223,574,2024-12-26,Completado,Marketplace
224,481,2025-05-10,Completado,Tienda fisica
225,43,2026-04-29,Completado,Web
226,249,2025-05-02,Completado,Marketplace
227,617,2026-08-02,Completado,Marketplace
228,176,2026-05-10,Completado,Tienda fisica
229,473,2024-07-19,Completado,Web
230,31,2024-07-15,Pendiente ,Web
231,717,2024-12-14,Cancelado,Tienda fisica
232,448,2026-03-31,Completado,Web
233,826,2024-12-04,Completado,App
234,70,2024-11-15,Completado,Web
235,466,2024-01-31,Completado,Marketplace
236,119,2024-03-04,Pendiente,Marketplace
237,565,2026-08-09,Pendiente,Web
238,494,2025-10-27,Completado,Marketplace
239,504,2026-01-25,Completado,Web
240,196,2026-07-14,Completado,Web
241,812,2025-08-04,Cancelado,Web
242,364,2024-10-16,Completado,Web
243,567,2024-03-19,Completado,App
244,385,2025-12-31,Completado,Marketplace
245,179,2024-03-21,En preparacion,Web
246,767,2025-12-16,Pendiente,Web
247,851,2024-03-27,Completado,Web
248,448,2025-01-23,Completado,Web
249,754,2026-07-18,Completado,Web
250,407,2026-04-06,Completado,App
251,912,2026-08-04,Completado,App
252,419,2024-10-29,Completado,Web
253,324,2025-09-14,Completado,App
254,951,2025-02-22,Completado,Tienda fisica
255,215,2024-05-10,Cancelado,Tienda fisica
256,567,2025-08-16,Completado,WhatsApp
257,63,2024-12-27,Completado,Web
258,407,2024-07-27,Completado,Web
259,390,2024-11-30,En preparacion,Marketplace
260,69,2024-02-01,Pendiente,Marketplace
261,819,2026-08-20,Completado,App
262,879,2026-01-20,Completado,Tienda fisica
263,769,2024-12-02,Completado,Tienda fisica
264,99,2024-12-26,Completado,Tienda fisica
265,283,2025-11-12,Completado,Web
266,479,2026-07-10,Completado,Web
267,68,2024-04-13,Completado,App
268,442,2026-07-29,Completado,App
269,945,2024-02-16,Pendiente,Marketplace
270,889,2025-06-05,Completado,Web
271,534,2024-04-09,Completado,Tienda fisica
272,336,2024-10-19,Completado,Web
273,295,2024-08-03,Cancelado,Web
274,944,2026-06-25,Completado,Tienda fisica
275,833,2024-04-08,Completado,Web
276,508,2026-03-29,Completado,Web
277,928,2026-04-30,Completado,Marketplace
278,804,2026-04-02,Completado,Web
279,837,2025-06-17,Completado ,Marketplace
280,484,2025-11-20,Completado,Web
281,93,2024-08-07,Completado,Web
282,963,2025-05-10,Cancelado,Marketplace
283,380,2025-10-07,Completado,Web
284,647,2025-04-02,Completado,Tienda fisica
285,886,2025-12-22,Completado,Marketplace
286,779,2025-02-22,Completado,Web
287,510,2026-07-23,Completado,Tienda fisica
288,206,2026-06-15,Completado,WhatsApp
289,767,2024-12-07,Completado,Tienda fisica
290,179,2024-08-22,Completado,Web
291,946,2026-05-15,Completado,Web
292,293,2025-12-05,Completado,App
293,711,2024-03-19,Completado,WEB
294,603,2024-06-04,Completado,App
295,293,2026-01-31,Completado,Web
296,442,2024-04-05,Completado,Web
297,251,2026-01-01,En preparacion,Web
298,155,2025-10-20,Completado,Web
299,146,2025-08-30,Completado,Tienda fisica
300,689,2026-06-11,Completado,App
301,101,2026-01-20,Completado,Web
302,868,2024-06-19,Completado,Marketplace
303,474,2024-01-10,Completado,Marketplace
304,548,2024-06-18,Completado,Tienda fisica
305,336,2025-04-18,Completado,WhatsApp
306,423,2025-04-30,Completado,Web
307,474,2025-12-11,Completado,Tienda fisica
308,638,2026-06-23,Pendiente,Web
309,779,2024-11-09,Pendiente,Tienda fisica
310,580,2024-10-13,Completado,Tienda fisica
311,792,2024-08-02,En preparacion,Web
312,68,2026-06-14,Pendiente,Web
313,428,2024-04-30,Completado,App
314,166,2026-05-12,Completado,Web
315,675,2025-12-12,Completado,Tienda fisica
316,252,2024-12-20,Completado,WhatsApp
317,549,2024-07-19,Completado,Web
318,283,2026-08-01,Completado,Tienda fisica
319,181,2025-10-09,Completado,Tienda fisica
320,837,2024-05-14,Completado,Tienda fisica
321,837,2026-01-25,Completado,Web
322,67,2025-11-14,Completado,Tienda fisica
323,181,2025-12-06,Completado,APP
324,837,2024-12-15,Completado,Marketplace
325,603,2024-03-29,Pendiente,App
326,828,2026-08-23,Completado,Marketplace
327,315,2024-02-24,Completado,Tienda fisica
328,320,2024-07-23,Completado,Web
329,959,2026-05-01,Completado,Web
330,358,2026-03-26,Pendiente,Tienda fisica
331,505,2024-08-03,Completado,Web
332,573,2025-08-23,Completado,Marketplace
333,447,2026-07-11,Completado,Tienda fisica
334,816,2026-02-09,Completado,Tienda fisica
335,46,2025-11-25,Pendiente,Web
336,31,2025-08-14,Completado,Marketplace
337,762,2024-04-02,completado,Tienda fisica
338,315,2026-06-23,Completado,Marketplace
339,173,2025-01-18,Completado,Tienda fisica
340,933,2025-12-24,Completado,Web
341,68,2025-09-03,Completado,App
342,379,2026-02-25,Completado,Web
343,205,2024-08-23,Completado,Tienda fisica
344,663,2024-10-18,Completado,Web
345,119,2024-12-20,Cancelado,APP
346,778,2025-11-17,Completado,Web
347,183,2025-01-08,Completado ,App
348,534,2025-08-27,Completado,Marketplace
349,603,2025-01-10,Completado,Tienda fisica
350,388,2024-09-30,Completado,Web
351,899,2025-10-10,Completado,Tienda fisica
352,409,2024-02-11,Completado,WhatsApp
353,940,2026-01-12,Completado,Tienda fisica
354,281,2026-03-23,Completado,Tienda fisica
355,663,2025-03-23,Completado,Tienda fisica
356,436,2024-10-18,Completado,Web
357,251,2025-10-12,Completado,Web
358,495,2024-12-02,Completado,Web
359,183,2024-08-03,Completado,Web
360,750,2024-12-19,Completado,Web
361,994,2025-08-01,Completado,WhatsApp
362,396,2026-08-01,Pendiente,Web
363,175,2024-10-23,Completado,App
364,395,2024-10-12,Completado,Marketplace
365,867,2025-04-05,Completado,Web
366,27,2025-02-24,Completado,Tienda fisica
367,603,2025-01-14,Completado,Web
368,494,2026-06-14,Completado,Web
369,481,2026-03-26,Completado,App
370,965,2024-09-07,Completado,Web
371,276,2026-03-12,Completado,Web
372,409,2026-02-26,Pendiente,Tienda fisica
373,824,2026-05-17,Completado,Web
374,506,2026-07-23,Completado,Web
375,278,2026-02-09,Completado,Tienda fisica
376,146,2025-08-31,Completado,Web
377,474,2024-11-08,Completado,App
378,256,2025-01-28,completado,Tienda fisica
379,613,2025-06-13,Completado,Web
380,942,2025-01-18,Completado,Marketplace
381,246,2024-12-16,Completado,Tienda fisica
382,293,2024-12-03,Pendiente,Marketplace
383,811,2024-09-10,Completado,Marketplace
384,617,2024-06-30,Completado,Web
385,310,2026-07-13,Completado,Web
386,155,2024-03-15,Completado,Web
387,443,2025-08-05,Cancelado,App
388,628,2025-09-07,Completado,Tienda fisica
389,293,2025-06-28,Completado,Web
390,885,2025-05-14,Completado,Tienda fisica
391,663,2025-03-29,Completado,Web
392,563,2024-11-08,Completado,Web
393,431,2024-06-09,Completado,Web
394,943,2026-01-13,Completado,Marketplace
395,345,2024-12-28,completado,Tienda fisica
396,164,2024-12-28,Completado,Web
397,407,2024-09-19,Completado,App
398,195,2024-04-19,Completado,WhatsApp
399,294,2025-12-24,Completado,Web
400,151,2024-10-18,Completado,Web
401,88,2025-08-10,Completado,Tienda fisica
402,505,2024-08-07,Completado,Web
403,455,2024-05-23,Completado,Tienda fisica
404,38,2025-08-02,Completado,App
405,70,2025-10-11,Completado,Tienda fisica
406,932,2026-05-21,Completado,WhatsApp
407,894,2024-10-10,En preparacion,Web
408,14,2026-08-29,Completado,Web
409,854,2025-03-13,Completado,App
410,178,2024-06-05,Completado,Web
411,350,2024-03-11,Completado,Web
412,743,2024-01-27,Completado,Web
413,233,2024-05-07,Cancelado,App
414,248,2024-11-20,Completado,Tienda fisica
415,816,2024-01-17,Completado,Marketplace
416,1000,2025-10-29,Completado,Tienda fisica
417,139,2026-07-07,Completado,Tienda fisica
418,600,2026-02-19,Completado,App
419,948,2025-03-05,Pendiente,App
420,404,2024-11-09,Completado,Tienda fisica
421,868,2025-04-26,Cancelado,Web
422,390,2024-06-10,Completado,Web
423,855,2025-07-03,Completado,Web
424,494,2025-11-15,Completado,Marketplace
425,658,2026-08-22,Completado,App
426,652,2024-09-13,Completado,WhatsApp
427,898,2026-06-23,Completado,Web
428,183,2026-03-24,Completado,Web
429,855,2025-08-08,Completado,Marketplace
430,740,2025-07-12,Completado,Tienda fisica
431,253,2025-07-10,Completado,Web
432,822,2025-05-31,Cancelado,Tienda fisica
433,794,2024-12-28,Completado,Tienda fisica
434,165,2025-06-27,Completado,Tienda fisica
435,951,2026-01-03,Completado,Marketplace
436,546,2024-10-30,Completado,Tienda fisica
437,572,2024-03-17,Completado,Marketplace
438,494,2025-02-24,Completado,WhatsApp
439,965,2024-03-13,Completado,Web
440,348,2025-11-19,Completado,Tienda fisica
441,873,2025-04-10,Completado,App
442,994,2025-06-19,Completado,Tienda fisica
443,770,2025-10-15,Completado,App
444,119,2024-12-31,Completado,Web
445,534,2025-08-02,Pendiente,Web
446,787,2024-02-10,Completado,Tienda fisica
447,215,2024-01-27,Completado,Web
448,665,2024-09-16,Completado,WhatsApp
449,767,2024-06-13,Completado,Web
450,621,2024-04-01,Completado,App
451,423,2026-01-09,Completado,Tienda fisica
452,143,2024-06-21,Completado,Marketplace
453,617,2025-07-05,Completado,Web
454,713,2026-05-22,Completado,Web
455,575,2026-03-28,Completado,WhatsApp
456,267,2024-08-12,Completado,WEB
457,392,2024-09-26,Pendiente,Web
458,555,2025-12-20,Completado,WhatsApp
459,833,2024-11-17,Completado,Web
460,597,2024-08-17,Completado,Tienda fisica
461,476,2024-06-24,Completado,Marketplace
462,713,2024-12-28,Completado,WhatsApp
463,260,2025-11-21,Completado,Tienda fisica
464,6,2025-08-23,Completado,App
465,430,2025-09-20,Completado,Web
466,652,2026-05-05,Completado,Web
467,691,2026-04-04,Completado,Web
468,80,2026-06-19,Completado,Web
469,872,2025-06-20,Completado ,Tienda fisica
470,346,2025-06-25,Completado,App
471,623,2024-06-25,Completado,Web
472,181,2025-09-06,Completado,Marketplace
473,46,2025-03-31,Completado,WhatsApp
474,670,2024-10-25,Completado,Web
475,567,2026-08-24,Completado,Web
476,64,2025-02-17,En preparacion,Tienda fisica
477,534,2025-08-28,Completado,Web
478,342,2025-10-20,Completado,Web
479,567,2025-05-18,Completado,Web
480,836,2025-12-16,Completado,Web
481,22,2026-01-26,Pendiente,Web
482,388,2026-05-19,Completado,Marketplace
483,711,2025-12-30,Completado,Tienda fisica
484,903,2026-08-04,Completado,Marketplace
485,838,2024-08-21,Completado,Web
486,948,2025-10-03,completado,Marketplace
487,901,2025-01-21,Completado,Tienda fisica
488,121,2025-12-13,Completado,Web
489,362,2024-03-09,Pendiente,Web
490,855,2025-07-03,Completado,App
491,534,2024-03-29,Completado,WhatsApp
492,455,2026-04-05,Completado,App
493,163,2025-08-05,Completado,Web
494,180,2025-06-01,Completado,Tienda fisica
495,672,2024-11-21,Completado,Tienda fisica
496,901,2025-01-14,Completado,WEB
497,251,2025-08-03,Completado,Tienda fisica
498,614,2025-01-30,Completado,App
499,306,2025-01-03,Completado,WhatsApp
500,816,2026-01-27,Completado,Tienda fisica
501,621,2025-02-15,Completado,Web
502,416,2024-12-11,Completado,Web
503,849,2026-07-10,Completado,Web
504,246,2025-02-26,Completado,Web
505,209,2025-03-29,Completado,Web
506,784,2025-10-18,Completado,Web
507,625,2025-09-19,Completado,Web
508,841,2026-06-09,Completado,Marketplace
509,634,2026-05-10,Completado,Marketplace
510,576,2024-11-06,Cancelado,Web
511,115,2026-07-14,Pendiente,Marketplace
512,175,2025-04-29,Completado,App
513,28,2024-07-05,Completado,App
514,146,2025-01-13,Completado,Web
515,638,2025-11-15,Completado,App
516,883,2025-05-21,Completado,Web
517,652,2026-07-16,Completado,Web
518,567,2025-11-06,Completado,WhatsApp
519,491,2025-01-24,Completado,App
520,697,2026-03-13,Completado,Web
521,810,2026-07-06,Completado,Web
522,84,2026-03-31,Completado,App
523,631,2024-03-13,Cancelado,Tienda fisica
524,179,2024-05-04,Cancelado,Marketplace
525,713,2024-08-26,Completado,Tienda fisica
526,3,2025-03-29,Completado,Web
527,764,2025-12-17,Completado,Marketplace
528,447,2025-10-17,Completado,App
529,178,2024-09-14,Completado,Tienda fisica
530,764,2025-03-16,Completado,Web
531,837,2025-08-05,Completado,App
532,743,2024-11-16,Completado,Web
533,152,2026-07-09,Completado,Web
534,385,2025-10-09,Completado,App
535,421,2024-08-10,Completado,Web
536,617,2024-08-21,Completado,Tienda fisica
537,302,2025-12-23,Completado,WhatsApp
538,665,2024-12-12,Completado,Web
539,970,2024-05-11,Completado,Tienda fisica
540,926,2026-07-13,En preparacion,App
541,822,2025-09-16,Completado,TIENDA FISICA
542,341,2026-02-07,Completado,Tienda fisica
543,769,2024-03-09,Completado,Web
544,2,2024-09-09,Completado,Tienda fisica
545,937,2025-10-23,Completado,Web
546,794,2025-05-31,Completado,APP
547,652,2024-01-26,Completado,Web
548,294,2024-11-17,Completado,App
549,876,2024-01-18,Completado,Web
550,353,2024-11-27,Completado,Web
551,152,2026-08-07,Completado,WhatsApp
552,364,2024-12-12,Completado,Web
553,833,2025-12-12,Completado,Tienda fisica
554,670,2024-09-02,Completado,Tienda fisica
555,155,2026-02-15,Cancelado,Tienda fisica
556,68,2024-02-11,Completado,Tienda fisica
557,567,2025-09-29,Completado,Web
558,296,2025-02-06,Completado,Tienda fisica
559,418,2024-07-08,Completado,Marketplace
560,599,2025-11-21,Completado,Tienda fisica
561,531,2026-05-13,Completado,Web
562,409,2024-12-01,Completado,Marketplace
563,119,2024-09-11,completado,Web
564,409,2024-06-12,Completado,WhatsApp
565,775,2025-10-31,Cancelado,Web
566,942,2026-03-22,Completado,Web
567,693,2024-10-06,Completado,App
568,474,2024-01-31,Completado,WEB
569,494,2025-12-27,Completado,Web
570,574,2025-10-27,Completado,Tienda fisica
571,385,2026-01-30,Completado,Tienda fisica
572,729,2025-07-07,Completado,Web
573,663,2024-10-26,Cancelado,App
574,642,2024-12-06,Completado,Tienda fisica
575,358,2025-10-02,Completado,App
576,687,2026-03-22,Completado,Web
577,704,2026-01-27,Completado,Web
578,421,2025-08-13,Completado,Web
579,802,2026-01-03,Completado,Web
580,10,2026-04-14,Completado,Web
581,688,2025-11-08,Completado,Web
582,508,2025-08-30,Completado,Web
583,677,2026-02-27,Completado,Web
584,86,2025-05-01,Completado,App
585,982,2024-12-11,Completado,Web
586,663,2025-02-24,Completado,App
587,684,2024-07-04,Completado,Marketplace
588,179,2025-12-15,Completado,Marketplace
589,838,2025-12-04,Completado,TIENDA FISICA
590,396,2026-07-16,Completado,Web
591,693,2025-12-31,Cancelado,Web
592,517,2025-07-30,Completado,Tienda fisica
593,493,2025-07-10,Completado,Tienda fisica
594,935,2026-07-30,Completado,Web
595,794,2025-05-04,Completado,Web
596,68,2025-02-04,Completado ,Web
597,506,2024-08-06,Completado,Web
598,663,2026-04-03,Completado,Web
599,285,2024-03-15,Completado,App
600,855,2025-04-05,Completado,Web
601,601,2025-10-12,Completado,App
602,643,2026-03-06,Completado,Web
603,326,2025-09-11,Pendiente,Tienda fisica
604,674,2025-12-12,Completado,App
605,617,2024-12-16,Completado,Tienda fisica
606,923,2024-08-21,Cancelado,Tienda fisica
607,457,2024-10-12,Completado,App
608,670,2024-10-29,Completado,Tienda fisica
609,260,2026-06-16,Completado,Tienda fisica
610,505,2025-01-18,Completado,Tienda fisica
611,409,2024-09-15,Completado,Web
612,58,2025-03-06,Completado,WhatsApp
613,161,2024-05-02,Completado,WhatsApp
614,794,2025-07-02,Pendiente,App
615,973,2024-01-11,Completado,Web
616,264,2025-07-19,Completado,Tienda fisica
617,617,2025-01-27,Pendiente,Web
618,265,2025-05-12,Completado,Web
619,270,2024-10-13,Completado,Tienda fisica
620,879,2025-03-29,Completado,App
621,799,2025-11-20,Completado,Web
622,151,2025-09-13,Completado,App
623,706,2025-02-18,Cancelado,Web
624,684,2025-07-30,Completado,App
625,455,2025-05-17,Completado,Tienda fisica
626,599,2024-06-21,Completado,Tienda fisica
627,675,2024-06-11,Completado,Web
628,862,2026-05-29,Completado,Web
629,648,2025-09-27,Completado,WhatsApp
630,173,2026-08-22,Completado,WhatsApp
631,947,2024-07-02,Completado,Web
632,129,2026-07-05,Completado,Web
633,177,2025-04-18,Completado,Web
634,301,2025-01-21,Completado,Tienda fisica
635,587,2024-12-28,Completado,Web
636,68,2026-04-04,En preparacion,Marketplace
637,338,2024-11-02,Completado,Web
638,885,2025-12-30,Completado,Web
639,390,2026-08-02,Completado,Marketplace
640,535,2024-10-28,Completado,Marketplace
641,534,2024-07-17,Completado,Web
642,534,2025-06-05,Completado,Web
643,816,2024-10-18,Completado,Marketplace
644,970,2025-06-02,Pendiente,Web
645,775,2024-09-30,Completado,Tienda fisica
646,233,2024-07-18,Completado,Marketplace
647,91,2024-08-03,Completado,Web
648,652,2025-05-20,Completado,Web
649,567,2024-09-21,Cancelado,App
650,164,2024-09-20,Completado,App
651,556,2026-08-06,Completado,App
652,438,2025-03-22,Completado,WhatsApp
653,619,2024-08-28,Completado,Web
654,729,2024-03-25,Completado,Tienda fisica
655,225,2024-02-22,Completado,WhatsApp
656,912,2024-03-30,Completado,Web
657,407,2026-03-19,En preparacion,Web
658,617,2024-05-21,Completado,Tienda fisica
659,409,2025-12-06,Completado,Web
660,706,2024-11-09,Completado,App
661,489,2024-11-30,Completado,Web
662,702,2025-04-04,Completado,Web
663,637,2025-02-23,Pendiente,Tienda fisica
664,208,2025-01-07,Completado,Web
665,970,2025-05-24,Completado,Marketplace
666,328,2025-12-25,cancelado,Tienda fisica
667,519,2024-09-13,En preparacion,Web
668,40,2026-01-08,Completado,Web
669,353,2024-07-25,Completado,App
670,767,2025-09-18,Completado,Web
671,436,2024-10-18,Completado,App
672,333,2025-08-08,Completado,Tienda fisica
673,285,2025-08-16,Completado,Web
674,74,2025-03-16,Completado,Tienda fisica
675,603,2026-03-17,Completado,WhatsApp
676,468,2024-07-24,Completado,Web
677,278,2025-11-04,Completado,Tienda fisica
678,567,2024-10-22,Completado,Web
679,767,2024-12-11,Completado,Tienda fisica
680,128,2024-03-26,Completado,App
681,970,2026-07-24,Completado,WhatsApp
682,518,2025-03-18,Completado,Web
683,657,2026-02-01,Cancelado,Tienda fisica
684,350,2026-08-14,Completado,Web
685,510,2025-08-30,En preparacion,App
686,828,2024-09-08,Completado,Marketplace
687,150,2026-04-15,Completado,Web
688,977,2025-02-20,Completado,App
689,112,2026-05-22,En preparacion,App
690,329,2024-08-25,Completado,App
691,926,2025-12-08,Completado,Web
692,738,2025-11-04,completado,Web
693,119,2025-01-04,Completado,Marketplace
694,418,2025-06-05,Completado,Marketplace
695,621,2024-03-01,Completado,App
696,623,2024-10-21,Cancelado ,App
697,246,2024-04-27,Completado,Web
698,704,2025-11-18,Completado,Web
699,122,2024-08-11,Completado,Web
700,164,2024-12-15,Completado,App
701,293,2025-11-06,Completado,Marketplace
702,506,2025-11-09,Completado,WEB
703,121,2024-10-23,Completado,Web
704,318,2025-08-23,Completado,Web
705,251,2024-10-03,Cancelado,Web
706,409,2024-04-22,Completado,Web
707,571,2025-02-17,Cancelado,Web
708,522,2026-08-01,Completado,WEB
709,328,2024-07-10,Completado,Web
710,495,2024-12-31,Completado,Web
711,965,2025-05-19,Completado,Web
712,442,2024-02-14,En preparacion,Web
713,268,2024-05-18,Completado,WEB
714,937,2024-08-02,Completado,Web
715,841,2026-01-16,Completado,Web
716,581,2025-08-19,Completado,App
717,122,2024-06-17,Completado,Web
718,183,2026-01-25,Completado,Web
719,119,2025-09-25,Cancelado,Web
720,680,2025-12-04,Completado,Web
721,74,2026-07-03,Completado,Web
722,546,2024-06-19,Completado,App
723,468,2025-08-03,Completado,App
724,409,2024-07-19,Completado,Marketplace
725,739,2026-07-11,Completado,Marketplace
726,233,2024-05-18,Cancelado,App
727,565,2024-03-26,Completado,Web
728,762,2025-07-13,Completado,App
729,342,2026-01-10,Completado,App
730,794,2026-04-04,Completado,Web
731,364,2026-01-06,Completado,Web
732,567,2024-09-24,Completado,App
733,179,2026-02-25,Completado,Tienda fisica
734,70,2024-01-27,Completado,Marketplace
735,396,2025-06-26,Completado,Web
736,179,2025-01-09,Completado,App
737,423,2025-02-20,Completado,Tienda fisica
738,66,2025-06-22,Completado,Web
739,731,2024-01-06,Pendiente,Tienda fisica
740,88,2024-09-05,Completado,Tienda fisica
741,872,2024-06-11,Completado,Web
742,769,2024-04-16,Completado,Marketplace
743,958,2025-02-03,Completado,Web
744,208,2024-12-14,Completado,Marketplace
745,295,2024-11-11,Completado,Tienda fisica
746,110,2026-03-01,Completado,App
747,680,2025-12-14,Completado,App
748,970,2026-07-27,Completado,Web
749,91,2026-04-05,Completado,Tienda fisica
750,409,2025-05-19,Completado,Web
751,248,2024-01-09,Completado,WhatsApp
752,685,2026-08-04,Completado,Tienda fisica
753,713,2025-09-02,Completado,Web
754,318,2026-06-26,Completado,Web
755,254,2025-07-06,Completado,Web
756,713,2024-07-18,Pendiente,Tienda fisica
757,97,2024-12-09,Completado,Web
758,741,2025-07-02,Completado,Tienda fisica
759,970,2025-02-08,Completado,Tienda fisica
760,43,2026-05-16,Completado,WhatsApp
761,342,2025-12-02,Completado,Web
762,457,2024-12-30,Completado,Tienda fisica
763,215,2026-07-13,Completado,Web
764,496,2024-12-16,Completado,Tienda fisica
765,409,2024-02-24,Completado,Web
766,579,2026-04-02,Pendiente,App
767,954,2025-12-24,Completado,Tienda fisica
768,578,2024-09-11,Completado,App
769,178,2026-05-27,Completado,Web
770,572,2025-12-17,Completado,Tienda fisica
771,573,2026-02-06,En preparacion,Web
772,258,2026-07-18,Pendiente,Web
773,430,2026-07-07,Completado,WhatsApp
774,573,2024-09-29,Completado,Web
775,836,2025-03-12,Cancelado,App
776,557,2026-03-06,Completado,App
777,868,2024-01-02,Completado,Web
778,248,2024-03-17,Completado,App
779,612,2024-03-23,Completado,Web
780,587,2025-06-18,Completado,Web
781,912,2024-10-13,Completado,Tienda fisica
782,419,2026-06-25,Cancelado,App
783,401,2026-04-25,Completado,Web
784,948,2024-09-26,Completado,Web
785,713,2026-08-11,Completado,Web
786,253,2024-03-22,En preparacion,Marketplace
787,750,2025-01-23,Completado,Tienda fisica
788,249,2025-01-20,Completado,App
789,857,2024-11-26,Completado,Web
790,252,2024-02-24,Completado,Web
791,200,2024-03-17,Completado,Tienda fisica
792,534,2025-10-05,En preparacion,Web
793,435,2025-03-24,Completado,Marketplace
794,364,2024-11-22,Completado,Tienda fisica
795,943,2025-03-14,Completado,Tienda fisica
796,780,2026-07-10,completado,App
797,633,2024-06-24,Completado,Web
798,276,2026-08-17,Completado,App
799,575,2025-08-07,Pendiente,App
800,448,2025-11-29,Completado,Web
801,28,2026-05-21,Completado,App
802,310,2024-09-13,Completado,Marketplace
803,80,2025-10-06,Completado,Tienda fisica
804,937,2025-03-27,Completado,Tienda fisica
805,944,2025-11-03,Completado,Web
806,833,2026-05-15,Completado,Tienda fisica
807,536,2025-06-28,Completado,Web
808,473,2025-09-26,Completado,App
809,183,2025-01-18,Completado,Tienda fisica
810,637,2025-09-18,Completado,Web
811,421,2026-08-14,Completado,App
812,956,2025-05-09,Completado,WhatsApp
813,543,2025-12-12,Completado,Web
814,350,2024-11-28,Completado,App
815,55,2025-09-05,Completado,App
816,409,2026-05-08,Completado,Web
817,637,2024-02-16,Pendiente,Web
818,64,2025-06-20,Completado,Web
819,883,2024-12-22,Pendiente,Tienda fisica
820,315,2025-07-05,Completado,Tienda fisica
821,637,2025-11-16,Completado,Tienda fisica
822,73,2026-07-21,Completado ,WhatsApp
823,815,2024-02-10,Completado,Web
824,345,2026-04-26,Completado,Web
825,320,2025-11-29,Completado,Tienda fisica
826,968,2025-05-17,Completado,Marketplace
827,385,2026-02-03,Completado,App
828,827,2025-12-25,Completado,Web
829,95,2025-10-03,Completado,Web
830,572,2024-06-12,Completado,Tienda fisica
831,794,2025-11-12,Cancelado,Tienda fisica
832,145,2025-10-04,Completado,Tienda fisica
833,105,2025-07-21,Completado,Marketplace
834,670,2024-06-28,Completado,App
835,183,2026-08-06,Completado,WhatsApp
836,598,2024-11-30,Completado,Web
837,970,2025-10-30,Completado,Marketplace
838,20,2024-10-23,Completado,Marketplace
839,235,2024-01-03,Completado,Web
840,507,2026-01-06,Cancelado,Web
841,28,2024-09-05,Completado,WhatsApp
842,46,2025-07-15,Completado,App
843,217,2025-03-24,Completado,App
844,828,2026-08-04,Completado,WhatsApp
845,412,2024-11-05,Completado,Tienda fisica
846,179,2024-12-21,Completado,App
847,18,2026-02-06,Completado,Tienda fisica
848,438,2026-07-22,Completado,Web
849,164,2025-10-10,Completado,Web
850,618,2024-05-22,Completado,Web
851,621,2024-07-04,Completado,Web
852,238,2024-02-07,Completado,WEB
853,150,2026-03-06,Completado,Web
854,663,2026-05-30,En preparacion,Web
855,843,2025-08-28,En preparacion,Web
856,783,2025-09-02,Completado,App
857,468,2024-05-25,Completado,Web
858,994,2024-06-08,Pendiente,Tienda fisica
859,166,2025-05-21,Completado,Tienda fisica
860,253,2025-08-27,Completado,Web
861,711,2024-01-08,Completado,Web
862,442,2025-10-17,Completado,Tienda fisica
863,453,2024-12-22,Completado,Web
864,2,2024-09-14,Completado,Web
865,928,2024-07-31,Completado,Tienda fisica
866,99,2025-07-11,Completado,Web
867,78,2025-12-22,Completado,Web
868,68,2024-12-06,Cancelado,Web
869,474,2024-01-26,Completado,Marketplace
870,35,2025-09-02,Completado,Web
871,457,2026-08-02,Completado,App
872,845,2026-04-30,Completado,Web
873,23,2024-12-04,Completado,Web
874,13,2026-07-24,Completado,Tienda fisica
875,274,2025-08-10,En preparacion,Web
876,590,2025-05-28,Completado,Tienda fisica
877,66,2025-10-16,Completado,Tienda fisica
878,429,2026-02-06,Completado,Web
879,181,2024-09-11,Completado,Web
880,575,2025-09-01,Completado,Tienda fisica
881,468,2024-09-27,En preparacion,App
882,80,2026-05-14,Completado,Web
883,846,2025-10-04,Cancelado,Tienda fisica
884,582,2025-12-19,Completado,Marketplace
885,476,2024-04-24,Completado,App
886,819,2025-11-08,Completado,WhatsApp
887,162,2024-05-21,Pendiente,Marketplace
888,574,2026-05-12,Completado,Web
889,378,2024-09-30,Completado,Web
890,519,2024-12-29,Completado,Web
891,385,2024-12-07,Completado,Tienda fisica
892,633,2025-02-11,Cancelado,Marketplace
893,619,2026-01-07,Completado,Tienda fisica
894,400,2025-07-28,Completado,Marketplace
895,970,2024-05-08,Pendiente,App
896,986,2026-06-20,Completado,Web
897,270,2024-04-01,Completado,Tienda fisica
898,715,2024-08-26,Cancelado,Web
899,836,2025-02-14,Completado,Web
900,621,2024-05-28,Completado,Tienda fisica
901,553,2025-12-17,Completado,Tienda fisica
902,828,2026-06-06,Completado,Web
903,183,2026-05-09,Completado,Web
904,93,2025-12-06,Completado,Web
905,599,2025-09-20,Completado,Marketplace
906,117,2025-12-12,Completado,Tienda fisica
907,420,2025-03-07,Completado,Web
908,621,2024-01-08,Completado,Web
909,937,2024-07-02,En preparacion,App
910,510,2025-09-20,completado,App
911,864,2024-11-14,Completado,Tienda fisica
912,535,2024-08-14,Completado,Tienda fisica
913,638,2026-03-13,Completado,Web
914,855,2025-11-22,Completado,Web
915,333,2025-02-14,Completado,Web
916,970,2024-04-04,Completado,WhatsApp
917,932,2024-03-02,Completado,Web
918,119,2024-05-10,Completado,Marketplace
919,693,2025-04-01,Completado,Marketplace
920,285,2024-02-24,Completado,Marketplace
921,754,2026-01-17,Completado,Tienda fisica
922,151,2024-06-28,Completado,App
923,663,2024-10-01,Completado,Web
924,248,2024-04-24,Pendiente,WhatsApp
925,661,2026-02-21,Completado,App
926,495,2026-04-19,Completado,Tienda fisica
927,348,2026-04-26,Completado,Web
928,637,2026-04-29,completado,Marketplace
929,867,2025-06-11,Completado,Tienda fisica
930,285,2024-06-25,Completado,Web
931,798,2024-08-10,Completado,Tienda fisica
932,603,2024-11-24,Completado,Tienda fisica
933,992,2024-03-03,Completado,App
934,396,2025-11-28,Completado,Web
935,925,2024-06-28,Completado,Tienda fisica
936,932,2025-05-26,Completado,Marketplace
937,587,2026-08-04,Pendiente,Web
938,2,2024-08-23,Completado,Tienda fisica
939,5,2026-01-02,Completado,Web
940,255,2026-08-08,Pendiente,Tienda fisica
941,348,2024-05-21,Cancelado,Tienda fisica
942,819,2024-07-05,Completado,Web
943,672,2024-12-05,Completado,WhatsApp
944,841,2025-12-26,En preparacion,Web
945,816,2024-04-12,Cancelado,Web
946,436,2026-02-17,Completado,Tienda fisica
947,603,2025-02-18,Completado,Tienda fisica
948,505,2025-11-29,Completado,Web
949,599,2025-01-21,Completado,WhatsApp
950,327,2024-07-10,Completado,Marketplace
951,66,2026-08-14,Completado,Web
952,86,2025-04-12,Completado,Tienda fisica
953,617,2024-05-28,Completado,Marketplace
954,685,2025-04-05,En preparacion,Marketplace
955,396,2024-12-20,Completado ,Web
956,841,2025-08-14,Completado,App
957,291,2026-07-09,Completado,Web
958,522,2024-01-06,Completado,Marketplace
959,122,2025-04-08,Completado,Web
960,68,2025-01-17,Completado,WhatsApp
961,817,2026-04-06,Completado,Web
962,58,2024-05-19,completado,Tienda fisica
963,818,2025-12-16,Completado,Tienda fisica
964,285,2024-12-18,Pendiente,App
965,498,2026-08-05,Completado,App
966,364,2024-03-13,Completado,App
967,879,2024-10-30,Completado,Web
968,306,2024-03-02,Completado,Web
969,563,2026-07-01,Completado,Web
970,926,2026-05-20,Completado,Web
971,381,2025-12-22,Completado,Web
972,628,2024-04-19,Completado,Web
973,96,2026-08-31,Completado,WhatsApp
974,677,2025-11-29,Completado,Tienda fisica
975,943,2026-08-12,Completado,WhatsApp
976,794,2026-07-11,Completado,Marketplace
977,151,2024-02-21,Completado,App
978,596,2025-11-01,Completado,Marketplace
979,55,2025-04-19,Completado,App
980,985,2024-03-08,Completado,App
981,293,2025-08-15,Completado,Web
982,98,2025-10-03,Completado,Tienda fisica
983,762,2025-07-12,Completado,Web
984,453,2024-03-13,Completado,WHATSAPP
985,66,2026-04-24,Completado,Tienda fisica
986,711,2025-12-12,Pendiente,App
987,522,2024-01-22,Completado,Marketplace
988,10,2025-10-10,Completado,WhatsApp
989,567,2024-10-19,Completado,Web
990,264,2024-06-02,Completado,WEB
991,3,2024-02-17,Completado,Tienda fisica
992,425,2024-04-29,Completado,Web
993,855,2025-07-10,Cancelado,Web
994,688,2026-03-27,Completado,Web
995,603,2026-06-30,Completado,Tienda fisica
996,474,2024-01-07,Pendiente,Web
997,543,2024-12-27,completado,Tienda fisica
998,767,2024-04-06,Completado,Web
999,543,2024-04-06,Completado,App
1000,412,2024-03-09,Pendiente,Tienda fisica
1001,883,2024-10-09,Cancelado,Tienda fisica
1002,58,2025-05-03,Completado,Tienda fisica
1003,955,2024-08-22,Completado,Web
1004,750,2026-01-18,Completado,Web
1005,119,2025-12-18,Completado,Web
1006,160,2024-06-01,Completado,Tienda fisica
1007,215,2024-09-06,Cancelado,App
1008,205,2025-02-20,Completado,App
1009,906,2025-04-15,Completado,Tienda fisica
1010,315,2026-01-30,Cancelado,Web
1011,798,2024-08-11,Completado,Marketplace
1012,161,2025-01-31,Completado,Marketplace
1013,959,2026-07-18,Cancelado,Web
1014,68,2025-02-07,Completado,App
1015,436,2026-01-04,Completado,Tienda fisica
1016,469,2024-06-21,Completado,Web
1017,836,2025-11-12,Completado,Tienda fisica
1018,621,2025-09-24,Completado,Tienda fisica
1019,251,2025-11-30,Completado,App
1020,546,2025-11-13,Completado,Web
1021,693,2024-09-03,Completado,App
1022,688,2025-04-09,Completado,WhatsApp
1023,951,2024-10-04,Completado,Tienda fisica
1024,183,2024-10-14,completado,Web
1025,351,2025-06-04,Completado,Tienda fisica
1026,843,2025-04-02,Completado,Tienda fisica
1027,419,2024-05-01,Pendiente,Web
1028,799,2025-08-20,Completado,Web
1029,776,2025-02-26,Completado,WhatsApp
1030,172,2026-04-21,Pendiente,Web
1031,164,2025-07-24,Completado,WhatsApp
1032,837,2025-04-16,Completado,App
1033,474,2024-05-31,Completado,Tienda fisica
1034,285,2025-04-24,Completado,App
1035,535,2025-01-11,En preparacion,Web
1036,326,2026-01-16,Completado,App
1037,587,2024-11-04,Completado,App
1038,994,2025-12-11,Cancelado,Web
1039,711,2025-02-04,Completado,Web
1040,399,2024-12-18,Completado,App
1041,642,2024-05-31,Completado,Tienda fisica
1042,301,2025-09-14,Completado,App
1043,269,2024-12-28,Completado,Tienda fisica
1044,183,2025-04-15,Completado,App
1045,38,2026-05-24,Completado,Web
1046,858,2025-12-24,Completado,Marketplace
1047,420,2026-05-30,Completado,Tienda fisica
1048,181,2024-06-05,Completado,Web
1049,994,2024-06-06,Completado,Tienda fisica
1050,733,2026-05-30,Completado,Web
1051,648,2024-12-11,Cancelado,Web
1052,853,2026-03-28,Completado,Web
1053,510,2026-04-27,Completado,Marketplace
1054,883,2024-11-27,Completado,App
1055,381,2026-03-20,Completado,Web
1056,711,2024-03-29,Completado,Tienda fisica
1057,713,2025-11-17,Completado,Web
1058,816,2024-07-08,Completado,Web
1059,119,2024-04-01,Completado,Web
1060,635,2025-04-18,Completado,Tienda fisica
1061,612,2024-08-24,Completado,Web
1062,970,2024-12-13,Completado,Tienda fisica
1063,640,2026-08-16,Completado,Marketplace
1064,31,2024-12-02,Completado,App
1065,151,2024-05-28,Completado,Marketplace
1066,712,2024-10-17,Completado,Tienda fisica
1067,575,2025-05-23,Completado,Marketplace
1068,430,2024-12-04,Completado,App
1069,623,2024-10-05,Pendiente,Tienda fisica
1070,233,2025-01-24,Completado,Tienda fisica
1071,206,2025-04-18,Completado,WhatsApp
1072,348,2024-09-10,Completado,Marketplace
1073,575,2025-09-18,Completado,Web
1074,475,2024-09-21,Completado,Marketplace
1075,146,2025-12-17,Completado,Web
1076,586,2026-08-15,Completado,Tienda fisica
1077,147,2024-04-12,Completado,Marketplace
1078,343,2026-02-18,Cancelado,Tienda fisica
1079,68,2024-02-08,Completado,Tienda fisica
1080,63,2025-09-17,Completado,Marketplace
1081,396,2025-04-17,Completado,App
1082,68,2025-09-16,Completado,Tienda fisica
1083,262,2024-08-14,Completado,Web
1084,287,2024-05-18,Completado,Web
1085,480,2024-11-04,Completado,Tienda fisica
1086,805,2024-01-29,En preparacion,Tienda fisica
1087,599,2024-10-14,Completado,Marketplace
1088,345,2024-11-05,Completado,Tienda fisica
1089,181,2025-03-08,Completado,App
1090,18,2024-08-27,Completado ,Tienda fisica
1091,293,2024-01-23,Completado,Web
1092,817,2025-04-12,Completado,Tienda fisica
1093,907,2026-04-13,Completado,Web
1094,504,2026-02-27,Completado,Web
1095,973,2025-04-14,Completado,App
1096,173,2026-01-04,Completado,Web
1097,836,2026-01-09,Completado,Tienda fisica
1098,836,2025-12-08,Completado,Tienda fisica
1099,390,2024-09-27,Completado,Tienda fisica
1100,522,2025-10-06,Pendiente,Web
1101,276,2025-06-30,Completado,App
1102,185,2026-08-21,Completado,Web
1103,367,2024-02-12,Completado,Web
1104,70,2024-03-16,Completado,Web
1105,367,2025-09-24,Completado,App
1106,523,2024-06-28,Completado,Web
1107,409,2024-06-02,Completado,Web
1108,738,2026-07-19,Completado,App
1109,846,2024-01-19,completado,Tienda fisica
1110,855,2026-04-03,Completado,Web
1111,675,2025-05-23,Completado,Tienda fisica
1112,481,2024-08-26,Completado,Web
1113,559,2026-06-26,Completado,Tienda fisica
1114,315,2024-06-10,Completado,Marketplace
1115,256,2025-12-18,Completado,App
1116,409,2024-07-03,Completado,Web
1117,711,2024-04-09,Completado,Tienda fisica
1118,183,2024-03-26,Pendiente,Web
1119,160,2025-12-29,Completado,Web
1120,436,2024-01-01,Completado,Tienda fisica
1121,956,2025-10-15,Completado,Web
1122,200,2024-08-10,Completado,App
1123,670,2024-07-06,Completado,Web
1124,858,2024-04-24,Completado,App
1125,565,2024-10-11,Completado,Tienda fisica
1126,733,2025-03-08,Completado,App
1127,91,2024-01-04,Completado,Web
1128,565,2024-03-02,Completado,App
1129,858,2026-06-29,Completado,Web
1130,733,2025-05-10,Completado,Tienda fisica
1131,469,2025-02-16,Completado,Tienda fisica
1132,534,2024-07-13,Completado,Marketplace
1133,211,2024-08-17,Completado,App
1134,965,2025-12-18,Completado,Web
1135,904,2024-06-20,Completado,Web
1136,603,2025-09-28,Pendiente,Web
1137,855,2025-08-30,Completado,Tienda fisica
1138,706,2025-11-22,Completado,App
1139,118,2024-12-28,Completado,Web
1140,268,2024-06-15,Completado,Tienda fisica
1141,853,2026-06-26,Completado,Web
1142,469,2024-11-07,Completado,Tienda fisica
1143,358,2025-05-24,Completado,Tienda fisica
1144,281,2024-04-25,Completado,Tienda fisica
1145,301,2025-06-30,Completado,Tienda fisica
1146,200,2024-01-11,Completado,WhatsApp
1147,567,2024-03-03,Completado,App
1148,567,2024-11-08,Completado,Tienda fisica
1149,942,2024-08-30,completado,WEB
1150,767,2024-12-19,Completado,Tienda fisica
1151,285,2024-10-26,Completado,App
1152,762,2025-08-06,Cancelado,Marketplace
1153,642,2024-02-05,Completado,Web
1154,973,2024-10-29,Completado,Tienda fisica
1155,943,2025-03-08,Completado,Web
1156,338,2026-03-07,Completado,Tienda fisica
1157,948,2026-02-25,Completado,Tienda fisica
1158,802,2025-11-06,Completado,Web
1159,455,2025-09-03,Completado,Marketplace
1160,716,2024-05-20,Completado,Web
1161,121,2026-01-28,Completado,Web
1162,971,2025-10-17,Completado,Tienda fisica
1163,342,2025-09-24,Completado,Tienda fisica
1164,125,2024-11-16,Completado,Tienda fisica
1165,837,2026-07-27,Completado,Web
1166,380,2025-04-27,Completado,App
1167,693,2024-12-30,En preparacion,Tienda fisica
1168,160,2024-02-01,Completado,Web
1169,293,2025-05-01,Completado,Web
1170,348,2025-12-09,Completado,Marketplace
1171,524,2025-06-08,Cancelado,Web
1172,173,2026-01-30,Completado,Tienda fisica
1173,603,2025-02-09,Completado,Web
1174,603,2024-04-24,Completado,WEB
1175,119,2024-06-16,Completado,App
1176,740,2025-06-13,Cancelado,App
1177,599,2026-01-29,Completado,Web
1178,205,2024-11-02,Completado,Marketplace
1179,286,2026-04-10,Pendiente,Tienda fisica
1180,181,2025-06-19,Completado,Web
1181,74,2025-07-03,Completado,WhatsApp
1182,6,2026-07-27,Completado,App
1183,99,2026-05-16,Completado,Web
1184,836,2025-01-17,Completado,Tienda fisica
1185,837,2026-02-05,Completado,Web
1186,590,2025-08-12,Completado,WhatsApp
1187,868,2024-11-10,Completado,Web
1188,522,2026-03-27,Completado,Web
1189,66,2025-04-17,Completado,App
1190,455,2025-02-15,Completado,Web
1191,621,2024-12-27,Completado,Tienda fisica
1192,965,2024-04-02,Completado,Web
1193,361,2025-08-04,Cancelado,Web
1194,260,2026-05-08,Completado,Tienda fisica
1195,932,2025-02-23,Completado,Tienda fisica
1196,146,2024-03-19,En preparacion,Tienda fisica
1197,658,2024-05-07,completado,Web
1198,130,2025-03-05,Completado,Marketplace
1199,336,2025-08-15,Completado,Web
1200,760,2025-02-15,Cancelado ,Marketplace
1201,567,2024-06-26,Completado,Marketplace
1202,647,2026-06-28,Completado,Tienda fisica
1203,721,2026-04-20,Completado,Web
1204,520,2026-07-11,Completado,Tienda fisica
1205,300,2024-08-27,Completado ,Web
1206,836,2024-12-23,Cancelado,WhatsApp
1207,643,2025-09-17,Completado,Web
1208,688,2025-12-25,Completado,Web
1209,565,2026-03-10,Completado,Tienda fisica
1210,750,2026-08-03,Completado,Tienda fisica
1211,111,2024-07-06,Completado,Web
1212,438,2025-11-20,Completado,App
1213,390,2025-03-17,Completado,Web
1214,567,2024-07-20,Completado,Web
1215,345,2025-05-21,Completado,WhatsApp
1216,776,2024-04-01,Completado,Web
1217,525,2025-08-02,Cancelado,Tienda fisica
1218,864,2026-04-23,Completado,Web
1219,816,2025-08-06,Pendiente,TIENDA FISICA
1220,379,2026-07-13,Completado,Web
1221,293,2026-01-17,Completado,Tienda fisica
1222,233,2024-01-24,Completado,Web
1223,959,2025-11-24,Completado,Web
1224,655,2024-04-18,Completado,Marketplace
1225,612,2025-12-20,Completado,Web
1226,419,2024-05-09,Completado,Web
1227,38,2025-08-01,Completado,Marketplace
1228,965,2024-07-25,Completado,App
1229,965,2024-10-03,Completado,Web
1230,698,2025-03-18,Completado,Web
1231,906,2026-06-06,Completado,Web
1232,709,2026-03-23,completado,Web
1233,443,2024-05-04,Completado,Tienda fisica
1234,686,2026-04-20,Completado,Tienda fisica
1235,993,2024-12-10,Pendiente,WhatsApp
1236,61,2024-09-21,Completado,Tienda fisica
1237,133,2024-08-12,Completado,App
1238,81,2026-06-22,Completado,Tienda fisica
1239,20,2024-11-12,Completado,App
1240,430,2026-02-19,Completado,Web
1241,63,2026-01-03,Completado,Marketplace
1242,939,2025-12-06,Completado,Tienda fisica
1243,538,2025-02-04,Completado,Web
1244,179,2024-07-16,pendiente,Web
1245,770,2025-09-26,Pendiente,Tienda fisica
1246,179,2026-08-18,Completado,Web
1247,28,2025-02-11,Completado,Web
1248,281,2024-03-28,Completado,Web
1249,164,2024-03-11,Completado,Web
1250,336,2025-03-15,Pendiente,App
1251,179,2026-06-15,Completado,Tienda fisica
1252,396,2024-12-06,Completado,App
1253,254,2026-05-15,Completado,Tienda fisica
1254,96,2026-08-20,Completado,App
1255,364,2026-04-08,Completado,Web
1256,837,2025-03-28,Completado,Web
1257,431,2025-01-05,Pendiente,App
1258,344,2024-05-29,Completado,Web
1259,798,2024-06-03,Completado,Web
1260,820,2026-03-31,Completado,Web
1261,155,2025-07-17,Completado,Marketplace
1262,534,2026-01-11,Completado,Web
1263,843,2026-03-03,Completado,WhatsApp
1264,750,2024-11-14,Completado,App
1265,742,2024-02-22,Completado,Web
1266,102,2024-02-29,Completado,Web
1267,310,2024-03-23,Pendiente,Web
1268,744,2025-02-28,Cancelado,App
1269,647,2024-09-21,Completado,Tienda fisica
1270,474,2024-03-19,Completado,Tienda fisica
1271,868,2025-07-25,Completado,App
1272,419,2025-04-24,Completado,Tienda fisica
1273,890,2026-05-04,Completado,Marketplace
1274,354,2025-07-02,Completado,Tienda fisica
1275,324,2024-01-08,Completado,App
1276,173,2025-05-27,Completado,Marketplace
1277,68,2024-05-04,En preparacion,Tienda fisica
1278,811,2025-04-28,Completado,Web
1279,331,2026-08-23,Completado,App
1280,409,2024-01-10,En preparacion,WhatsApp
1281,552,2025-12-12,Completado,Web
1282,943,2024-01-25,Completado,Tienda fisica
1283,119,2024-08-22,Cancelado,Web
1284,864,2024-09-07,Completado ,Web
1285,819,2024-06-08,Completado,Tienda fisica
1286,765,2024-12-11,Cancelado,Web
1287,410,2024-05-17,Completado,Tienda fisica
1288,798,2024-01-20,Completado,App
1289,39,2025-04-18,Completado,Web
1290,652,2026-04-04,Completado,Tienda fisica
1291,190,2025-06-26,Completado,App
1292,572,2025-01-27,Completado,App
1293,568,2026-07-03,Completado,WhatsApp
1294,353,2025-12-24,Completado,WhatsApp
1295,898,2025-09-10,Completado,Tienda fisica
1296,281,2025-12-11,Cancelado,Tienda fisica
1297,385,2025-12-11,Completado,Web
1298,428,2025-04-30,Completado,Marketplace
1299,200,2026-03-06,Completado,Web
1300,276,2025-12-28,Completado,Web
1301,841,2025-06-23,Completado,Marketplace
1302,198,2024-07-03,Pendiente,Web
1303,882,2026-04-30,Completado,Web
1304,879,2024-10-28,Completado,Web
1305,961,2024-02-03,Completado,WHATSAPP
1306,200,2024-07-10,Completado,WhatsApp
1307,676,2026-06-30,Completado,App
1308,998,2026-08-01,Completado,Web
1309,238,2024-10-25,Completado,Tienda fisica
1310,811,2026-05-23,Completado,Web
1311,409,2025-07-30,Pendiente,Web
1312,603,2024-11-28,Completado,Web
1313,592,2024-03-30,Completado,Web
1314,118,2026-04-16,Completado,Web
1315,652,2026-06-02,Completado,Web
1316,715,2025-01-17,completado,Tienda fisica
1317,16,2024-06-22,Completado,Web
1318,118,2024-06-18,Completado,App
1319,594,2024-10-13,Completado,Web
1320,965,2024-07-30,Completado,Web
1321,977,2024-12-05,Completado,Marketplace
1322,436,2024-02-04,Completado,Tienda fisica
1323,179,2024-09-08,Completado ,Web
1324,573,2025-07-04,Completado,WhatsApp
1325,599,2024-04-02,Completado,Web
1326,281,2024-02-27,Completado,Web
1327,20,2024-06-12,Completado,App
1328,983,2025-04-03,Completado,Web
1329,705,2025-05-08,Completado,Tienda fisica
1330,928,2026-05-23,Completado,Web
1331,816,2025-03-11,Completado,Web
1332,859,2026-07-13,Completado,Web
1333,5,2026-05-30,Completado,Web
1334,843,2024-11-02,Completado,Tienda fisica
1335,740,2024-05-09,Completado,Web
1336,943,2025-11-22,Completado,Tienda fisica
1337,582,2025-10-11,Pendiente,Marketplace
1338,352,2026-08-23,Completado,App
1339,792,2024-12-07,Completado,Tienda fisica
1340,450,2026-03-04,Completado,Web
1341,942,2024-06-21,Cancelado,Tienda fisica
1342,171,2025-02-05,Completado,Web
1343,590,2025-07-19,Completado,WEB
1344,297,2024-06-15,Completado,Tienda fisica
1345,180,2025-11-01,completado,Web
1346,833,2026-07-02,Pendiente,Web
1347,711,2025-10-24,Completado,Web
1348,624,2026-02-20,Completado,Web
1349,970,2025-12-12,Pendiente,Web
1350,665,2025-02-13,Completado,Marketplace
1351,565,2024-10-15,Pendiente,Web
1352,474,2024-10-04,Completado,Web
1353,429,2026-06-26,Completado,Marketplace
1354,948,2025-03-21,Completado,Web
1355,181,2026-02-05,Completado,Marketplace
1356,621,2025-09-10,Completado,Web
1357,565,2024-12-14,Completado,Web
1358,215,2024-06-25,Cancelado,Web
1359,370,2024-06-21,Completado,App
1360,889,2024-01-12,Completado,Web
1361,294,2025-07-26,Completado,Web
1362,338,2024-12-11,Completado,Web
1363,469,2024-03-20,Completado,Marketplace
1364,918,2025-04-11,Completado,Web
1365,567,2026-02-12,Completado,WhatsApp
1366,816,2024-03-30,Completado,Tienda fisica
1367,843,2025-12-13,Completado,Tienda fisica
1368,762,2024-08-29,Completado,Web
1369,534,2026-07-25,Completado,Web
1370,236,2024-05-18,Completado,Marketplace
1371,525,2025-09-21,Completado,Tienda fisica
1372,750,2024-02-17,Completado,Web
1373,841,2025-02-13,Completado,Tienda fisica
1374,836,2025-08-07,Completado,Web
1375,864,2026-02-22,Completado,Tienda fisica
1376,766,2026-02-19,completado,WhatsApp
1377,118,2026-08-10,Completado,App
1378,442,2026-08-02,Completado,Tienda fisica
1379,885,2025-11-11,Completado,Web
1380,299,2025-12-09,Completado,Tienda fisica
1381,362,2024-07-02,Completado,Web
1382,937,2024-10-05,Completado,Web
1383,486,2025-07-05,Cancelado,Web
1384,396,2026-08-01,Completado,Marketplace
1385,253,2024-04-05,Completado,Web
1386,534,2024-02-19,Completado,Tienda fisica
1387,956,2025-06-25,Completado,Tienda fisica
1388,643,2025-08-01,completado,Web
1389,603,2025-12-02,Cancelado,Marketplace
1390,14,2025-06-27,Completado,Tienda fisica
1391,903,2025-03-07,Completado,Web
1392,716,2024-03-24,Completado,App
1393,599,2025-01-17,Completado,Marketplace
1394,942,2024-01-10,Completado,Web
1395,928,2025-04-04,Completado,Web
1396,750,2025-03-11,Completado,App
1397,702,2026-06-13,Completado,Marketplace
1398,385,2025-05-25,Pendiente,Web
1399,410,2025-03-14,Completado,App
1400,748,2026-07-15,Pendiente,Web
1401,436,2024-01-12,Pendiente,WhatsApp
1402,983,2024-12-19,Cancelado,WhatsApp
1403,572,2024-08-08,Completado,WhatsApp
1404,928,2025-09-17,Completado,Web
1405,345,2026-04-12,Completado,App
1406,110,2024-01-31,Completado,Tienda fisica
1407,652,2026-03-22,Completado,Web
1408,236,2024-11-03,Completado,Tienda fisica
1409,621,2024-05-15,Completado,Web
1410,18,2024-05-18,Completado,App
1411,582,2026-05-01,Completado,Tienda fisica
1412,928,2025-09-27,Completado,WhatsApp
1413,3,2025-06-30,completado,Web
1414,535,2025-02-22,Completado,WhatsApp
1415,691,2025-05-17,Completado,WhatsApp
1416,522,2024-01-14,Completado,Web
1417,574,2025-03-05,Completado,WhatsApp
1418,212,2026-01-09,Completado,Web
1419,474,2024-11-13,Completado,Web
1420,68,2025-04-26,Completado,Web
1421,691,2024-12-31,Pendiente,Web
1422,278,2025-01-27,Completado,Web
1423,829,2024-04-07,Completado,App
1424,418,2025-11-13,Completado,APP
1425,815,2024-06-02,Completado,Web
1426,959,2025-07-21,Completado,App
1427,911,2024-12-12,Completado,Tienda fisica
1428,948,2024-05-15,Completado,Tienda fisica
1429,767,2026-07-10,Completado,Web
1430,693,2026-01-02,Completado,App
1431,87,2026-06-05,Completado,Marketplace
1432,354,2025-07-04,Completado,Web
1433,481,2024-02-03,Completado,WhatsApp
1434,283,2025-05-02,Completado,Web
1435,750,2024-07-20,Completado,App
1436,876,2025-08-13,Completado,Web
1437,585,2024-11-30,Pendiente,Web
1438,522,2024-01-17,Completado,Tienda fisica
1439,68,2024-02-23,Completado,TIENDA FISICA
1440,269,2024-05-03,Completado,Web
1441,166,2024-01-30,Completado,Web
1442,256,2025-12-13,Completado,Tienda fisica
1443,970,2024-02-14,Completado,App
1444,638,2026-04-10,Pendiente,Web
1445,347,2025-12-11,Completado,WEB
1446,238,2025-10-06,Cancelado,Marketplace
1447,794,2026-06-06,Completado,Web
1448,971,2025-01-24,Completado,App
1449,457,2025-04-03,Completado,App
1450,80,2024-12-27,Completado ,Web
1451,711,2025-03-27,Pendiente,Tienda fisica
1452,102,2024-07-02,Completado,Web
1453,663,2025-01-09,Completado,Marketplace
1454,945,2025-04-16,Completado,Tienda fisica
1455,348,2025-08-17,Cancelado,Tienda fisica
1456,564,2025-07-26,Completado,App
1457,285,2026-01-18,Completado,App
1458,849,2024-09-04,Completado,App
1459,864,2024-09-22,Pendiente,Web
1460,505,2024-09-21,Completado,Marketplace
1461,146,2025-10-29,Completado ,Web
1462,970,2024-10-27,Completado,Web
1463,836,2026-06-01,Completado,Web
1464,599,2025-03-22,Completado,Tienda fisica
1465,173,2024-09-08,Completado,Tienda fisica
1466,951,2025-04-23,Completado,App
1467,503,2026-08-08,Pendiente,Tienda fisica
1468,617,2026-03-27,Completado,Tienda fisica
1469,495,2026-04-23,Completado,App
1470,143,2025-03-14,Completado,Web
1471,436,2024-02-10,Completado,App
1472,430,2026-03-25,Completado,Tienda fisica
1473,942,2024-08-01,En preparacion,App
1474,601,2026-03-19,Completado,Tienda fisica
1475,305,2024-11-17,Completado,App
1476,151,2024-10-30,Completado,Tienda fisica
1477,623,2026-07-21,completado,Web
1478,740,2025-12-02,En preparacion,Marketplace
1479,889,2024-11-03,Completado,Web
1480,565,2024-05-11,Completado,Tienda fisica
1481,663,2025-02-04,Completado,App
1482,3,2025-07-08,Completado,Marketplace
1483,410,2025-03-03,Completado,Web
1484,658,2024-10-11,Completado,Web
1485,970,2024-12-26,Completado,TIENDA FISICA
1486,816,2024-12-11,Completado,Marketplace
1487,194,2024-11-28,Completado,Web
1488,143,2026-08-13,Completado,Web
1489,263,2025-04-08,Completado,Marketplace
1490,46,2025-02-25,Completado,App
1491,599,2024-08-05,Completado,Tienda fisica
1492,994,2026-05-10,Completado,Web
1493,63,2024-11-01,Completado,App
1494,353,2025-11-24,Completado,App
1495,648,2024-09-13,Completado,Web
1496,315,2024-05-23,Completado,Web
1497,442,2025-04-27,Completado,Web
1498,281,2026-07-09,cancelado,Tienda fisica
1499,612,2026-01-11,Completado,Tienda fisica
1500,762,2024-06-11,Completado,Marketplace
1501,474,2026-02-13,Completado,Web
1502,817,2025-01-15,Pendiente,App
1503,396,2026-03-08,Completado,Web
1504,127,2026-08-08,Completado,Web
1505,161,2025-08-16,Completado,Tienda fisica
1506,291,2025-03-14,Completado,Tienda fisica
1507,637,2025-12-21,Completado,Tienda fisica
1508,669,2025-07-11,Completado,App
1509,992,2024-11-05,Completado,Tienda fisica
1510,534,2025-03-29,Cancelado,WhatsApp
1511,117,2025-08-30,Completado,Tienda fisica
1512,879,2026-01-25,Completado,Web
1513,784,2024-05-15,Completado,Web
1514,713,2026-08-01,Completado,Tienda fisica
1515,675,2024-07-14,Completado,Tienda fisica
1516,334,2026-06-19,Completado,Web
1517,652,2024-02-03,Completado,Tienda fisica
1518,399,2024-09-26,Completado,Web
1519,652,2026-08-16,Completado,Web
1520,643,2026-01-31,Cancelado,Tienda fisica
1521,442,2025-10-04,Completado,Web
1522,952,2024-03-08,Completado,Tienda fisica
1523,962,2024-05-01,Completado,App
1524,179,2025-11-08,Completado,Web
1525,364,2025-01-16,Completado,Tienda fisica
1526,409,2024-11-03,Completado,Web
1527,296,2025-08-09,Completado,Tienda fisica
1528,474,2024-04-27,Completado,WhatsApp
1529,998,2026-08-23,Completado,App
1530,599,2026-06-29,Completado,Web
1531,652,2025-07-02,En preparacion,WhatsApp
1532,826,2025-08-22,Completado,Marketplace
1533,965,2025-03-01,Completado,WhatsApp
1534,857,2024-02-02,Completado,App
1535,994,2024-02-10,Completado,WhatsApp
1536,489,2024-04-06,Completado,Web
1537,179,2024-10-27,Completado,Marketplace
1538,328,2025-01-04,Cancelado,Web
1539,239,2026-02-08,Completado,App
1540,179,2024-12-30,Completado,App
1541,28,2024-11-01,Pendiente ,WhatsApp
1542,716,2024-12-08,En preparacion,App
1543,567,2025-11-30,Completado ,Web
1544,942,2024-08-27,Completado,App
1545,146,2024-06-01,Completado,Tienda fisica
1546,869,2024-08-06,Completado,Web
1547,520,2025-03-21,Completado,Tienda fisica
1548,238,2024-09-06,Completado,Web
1549,115,2025-02-26,Completado,Tienda fisica
1550,345,2025-03-09,Completado ,Web
1551,951,2026-01-08,Completado,APP
1552,534,2024-02-25,Cancelado,WhatsApp
1553,836,2025-11-22,Completado,App
1554,293,2024-04-15,Completado,TIENDA FISICA
1555,837,2026-07-03,Completado,Web
1556,977,2024-11-23,Completado,App
1557,119,2024-08-02,Completado,Web
1558,268,2026-03-26,Completado,Web
1559,534,2024-08-09,Completado ,App
1560,68,2024-10-01,Completado,WhatsApp
1561,494,2025-01-04,Completado,Web
1562,84,2024-12-06,Completado,Marketplace
1563,283,2025-03-02,Completado,Web
1564,474,2024-06-12,En preparacion,Web
1565,429,2025-12-06,Completado,Marketplace
1566,870,2024-06-06,Completado,WhatsApp
1567,178,2024-12-12,Completado,Tienda fisica
1568,956,2024-11-27,Completado,Tienda fisica
1569,141,2024-01-27,Completado,Web
1570,99,2025-11-04,Cancelado,App
1571,23,2025-12-12,Completado,App
1572,93,2026-03-02,Completado,Tienda fisica
1573,127,2025-08-10,Completado,Web
1574,300,2024-07-07,Completado,Tienda fisica
1575,432,2024-10-30,Cancelado,Web
1576,828,2024-01-12,Completado,Marketplace
1577,994,2025-09-27,Completado,App
1578,965,2024-04-23,Completado,Web
1579,604,2026-01-05,Completado,Web
1580,942,2024-10-05,Completado,Tienda fisica
1581,46,2026-03-24,Completado,App
1582,69,2025-09-06,completado,Tienda fisica
1583,657,2025-11-01,Completado,Web
1584,118,2026-05-23,Cancelado,WhatsApp
1585,179,2024-02-10,Pendiente,App
1586,57,2026-06-28,Completado,Web
1587,567,2024-04-12,Completado,Web
1588,217,2026-03-20,Completado,App
1589,94,2025-11-01,Completado,Tienda fisica
1590,450,2025-09-14,Completado,Web
1591,787,2024-03-14,Completado,Marketplace
1592,578,2025-01-23,Completado,Web
1593,436,2024-07-08,Completado,Web
1594,136,2026-07-03,Completado,Tienda fisica
1595,535,2025-09-20,Cancelado,Tienda fisica
1596,64,2025-09-04,Completado,Tienda fisica
1597,383,2026-07-28,Completado,Web
1598,164,2026-01-11,Completado,App
1599,14,2026-06-13,Completado,Web
1600,828,2024-08-15,Completado,WhatsApp
1601,784,2025-12-18,Completado,Web
1602,973,2025-11-19,completado,Tienda fisica
1603,868,2024-04-23,Completado,Web
1604,565,2024-06-07,Completado,Marketplace
1605,2,2025-09-01,Completado,App
1606,117,2026-03-11,Completado,App
1607,644,2024-05-29,Completado,MARKETPLACE
1608,508,2025-11-11,En preparacion,Tienda fisica
1609,68,2025-07-07,Cancelado,Web
1610,619,2024-09-05,Cancelado,Web
1611,484,2025-11-02,Completado,Tienda fisica
1612,536,2024-06-28,Completado,Tienda fisica
1613,146,2026-03-02,Completado,App
1614,358,2025-07-19,Completado,Web
1615,914,2025-12-07,Completado,App
1616,474,2025-02-01,Completado,App
1617,436,2024-11-21,Pendiente,Web
1618,270,2024-02-29,Completado,Web
1619,413,2025-10-17,Completado,Tienda fisica
1620,739,2025-11-22,cancelado,Web
1621,164,2024-03-22,Completado,Web
1622,179,2026-08-08,Completado,APP
1623,762,2024-03-03,Completado,Web
1624,647,2026-05-18,Pendiente,Web
1625,455,2026-04-28,Completado,Marketplace
1626,155,2025-05-12,Completado,Web
1627,118,2026-02-26,Completado,Tienda fisica
1628,994,2024-01-06,Completado,App
1629,84,2024-01-08,Completado,Tienda fisica
1630,39,2024-01-03,Completado,Tienda fisica
1631,711,2024-12-14,Completado,Tienda fisica
1632,474,2024-11-12,en preparacion,App
1633,270,2024-08-10,Pendiente,Tienda fisica
1634,418,2024-03-18,completado,Web
1635,754,2025-09-21,Completado,Tienda fisica
1636,198,2024-12-14,Completado,Marketplace
1637,133,2025-10-01,Completado,Web
1638,450,2026-04-25,Completado,Web
1639,868,2025-08-22,Completado,Tienda fisica
1640,843,2024-03-26,Completado,Web
1641,923,2026-04-30,Completado,Tienda fisica
1642,143,2025-12-15,Completado,Tienda fisica
1643,516,2024-08-01,Pendiente,App
1644,876,2024-12-16,Completado,Web
1645,693,2026-04-03,Completado,Web
1646,804,2026-06-27,Completado,WhatsApp
1647,955,2026-07-20,Completado,Web
1648,457,2025-02-24,Completado,Tienda fisica
1649,118,2025-12-26,Completado,Tienda fisica
1650,164,2024-12-07,Completado,Marketplace
1651,603,2025-12-29,Completado,Web
1652,151,2024-03-15,completado,App
1653,522,2024-07-19,Completado,Marketplace
1654,535,2025-01-17,Completado,Web
1655,492,2024-05-17,Completado,WhatsApp
1656,55,2026-06-20,Completado,App
1657,200,2025-03-31,Completado,App
1658,118,2025-03-12,En preparacion,Marketplace
1659,291,2024-10-26,Completado,Web
1660,850,2026-02-09,Completado,Web
1661,425,2025-12-08,Completado,Tienda fisica
1662,926,2026-07-01,Completado,Tienda fisica
1663,857,2026-05-03,Completado,Tienda fisica
1664,833,2024-08-08,Pendiente,Marketplace
1665,563,2025-12-26,Completado,WhatsApp
1666,278,2026-01-22,Completado,Web
1667,68,2026-07-04,Completado,Web
1668,329,2025-10-23,Completado,Tienda fisica
1669,293,2026-08-11,Completado,Marketplace
1670,567,2025-09-12,Completado,Tienda fisica
1671,979,2026-08-08,Completado,Tienda fisica
1672,205,2025-06-17,Completado,Tienda fisica
1673,200,2025-07-03,Completado,Tienda fisica
1674,270,2024-09-09,Completado,Tienda fisica
1675,151,2025-02-01,Completado,App
1676,293,2024-12-04,Completado,Tienda fisica
1677,151,2026-03-06,Completado,Web
1678,94,2024-08-15,Completado,App
1679,264,2025-03-12,Completado,Tienda fisica
1680,476,2026-05-12,Completado,Tienda fisica
1681,879,2026-02-12,Completado,Web
1682,2,2026-08-01,Completado,Web
1683,315,2024-10-12,Completado,Web
1684,606,2025-04-25,Pendiente,App
1685,617,2024-10-30,Completado,Tienda fisica
1686,948,2025-01-10,Completado,WhatsApp
1687,677,2025-10-01,Completado,Web
1688,14,2025-12-21,Completado,Tienda fisica
1689,926,2025-08-23,Completado,App
1690,5,2026-07-20,Completado,Web
1691,480,2026-07-20,Completado,Marketplace
1692,894,2024-07-30,Completado,Web
1693,299,2025-10-10,Completado,App
1694,567,2024-05-25,Completado,Marketplace
1695,68,2024-05-11,Completado,Marketplace
1696,324,2025-11-11,Completado,App
1697,826,2024-12-12,Completado,Web
1698,711,2024-08-10,Completado,WEB
1699,567,2025-08-25,Completado,App
1700,652,2024-02-15,Pendiente,Web
1701,289,2024-08-23,Completado,Tienda fisica
1702,798,2025-10-20,Completado,WhatsApp
1703,238,2025-11-28,Completado,Web
1704,520,2025-09-11,En preparacion,Web
1705,261,2025-11-14,En preparacion,App
1706,520,2026-06-06,Completado,Marketplace
1707,729,2025-01-01,Completado,App
1708,438,2025-08-29,completado,Tienda fisica
1709,430,2024-07-18,Pendiente,WhatsApp
1710,310,2025-09-15,Completado,App
1711,328,2025-04-21,Completado,Tienda fisica
1712,734,2025-07-24,Completado,Web
1713,965,2026-04-22,Cancelado,Marketplace
1714,603,2024-07-07,Completado,Tienda fisica
1715,58,2025-10-16,Completado,Web
1716,80,2024-12-14,Completado,App
1717,233,2024-06-14,Completado,App
1718,965,2024-02-12,Completado,Web
1719,688,2025-03-09,Completado,Web
1720,787,2024-11-30,Completado,Tienda fisica
1721,420,2025-09-03,Completado,Tienda fisica
1722,647,2026-03-18,Completado,Web
1723,535,2024-12-28,Completado,Marketplace
1724,944,2026-05-26,Completado,Tienda fisica
1725,977,2025-05-21,Completado,Tienda fisica
1726,940,2025-06-21,Cancelado,Web
1727,270,2025-10-26,En preparacion,Tienda fisica
1728,717,2024-12-30,Completado,App
1729,481,2025-06-28,Completado,Web
1730,688,2024-07-19,Completado,Marketplace
1731,802,2024-11-18,Completado,Tienda fisica
1732,385,2024-12-09,Completado,App
1733,208,2024-12-17,Completado,Web
1734,519,2026-04-24,Completado,App
1735,281,2024-04-12,Completado,Web
1736,469,2024-09-27,Completado,Marketplace
1737,246,2025-06-20,Completado,App
1738,93,2025-08-21,Completado,Marketplace
1739,473,2025-12-01,Completado,App
1740,270,2025-03-01,Completado,Web
1741,976,2025-06-22,Completado,WEB
1742,603,2025-08-07,Completado,Web
1743,746,2026-08-30,Pendiente,Web
1744,253,2026-01-10,Completado,WhatsApp
1745,364,2024-02-09,Pendiente,Tienda fisica
1746,309,2026-04-15,Completado,App
1747,505,2024-09-09,Completado,Tienda fisica
1748,298,2025-08-27,Completado,Marketplace
1749,653,2026-06-26,Completado,WhatsApp
1750,171,2024-11-24,Completado,WhatsApp
1751,471,2026-04-08,Completado,Tienda fisica
1752,522,2026-01-31,Completado,Tienda fisica
1753,238,2026-03-16,Completado,App
1754,637,2025-05-14,Completado,Tienda fisica
1755,294,2024-07-20,Completado,App
1756,573,2024-09-06,Completado,Web
1757,753,2025-05-30,completado,Tienda fisica
1758,425,2026-03-18,Completado,App
1759,457,2024-05-29,Completado,Web
1760,50,2025-04-02,Completado,Web
1761,2,2024-11-13,Completado,Tienda fisica
1762,121,2025-11-19,completado,Web
1763,270,2025-12-19,Completado,Web
1764,28,2024-07-07,Completado,Web
1765,117,2026-07-24,Completado,Tienda fisica
1766,252,2024-11-24,Completado,Web
1767,407,2025-04-28,Completado,App
1768,431,2025-11-22,Completado,Tienda fisica
1769,381,2026-08-20,Completado,Web
1770,179,2024-02-17,Completado,Marketplace
1771,784,2024-03-11,Cancelado ,Web
1772,816,2025-11-27,Completado,Web
1773,268,2024-07-09,Completado,WhatsApp
1774,327,2026-05-11,Completado,Tienda fisica
1775,575,2024-08-09,Pendiente,Web
1776,642,2025-08-31,Completado,Web
1777,396,2026-07-18,Pendiente,Web
1778,494,2025-06-09,Completado,Web
1779,868,2024-11-19,Completado,Web
1780,733,2025-03-03,Completado,Tienda fisica
1781,217,2025-03-19,Completado,Marketplace
1782,599,2025-02-28,Completado,Web
1783,973,2024-02-24,Completado,Web
1784,268,2024-06-24,En preparacion,Web
1785,534,2025-04-26,Completado,Web
1786,663,2024-02-27,Completado,App
1787,603,2026-06-07,Completado,App
1788,642,2026-01-20,Completado,Web
1789,609,2024-10-05,Completado,Web
1790,599,2025-02-08,Completado,Web
1791,419,2024-08-27,Completado,TIENDA FISICA
1792,965,2026-01-24,Completado,Tienda fisica
1793,133,2025-08-16,Completado,App
1794,253,2024-03-06,Pendiente,Tienda fisica
1795,652,2024-05-19,Completado,WhatsApp
1796,623,2024-10-03,Cancelado,App
1797,734,2026-07-23,Completado,WEB
1798,288,2026-03-20,Completado,WhatsApp
1799,684,2025-11-15,Completado,App
1800,325,2025-08-12,Completado,Tienda fisica
1801,829,2024-02-09,Completado,App
1802,105,2024-07-02,Cancelado,App
1803,743,2025-09-23,Completado,Web
1804,590,2025-12-29,Pendiente,Tienda fisica
1805,130,2024-04-05,Completado,App
1806,652,2024-11-08,Completado,Web
1807,223,2024-07-11,Completado,App
1808,303,2026-04-07,Completado,App
1809,20,2025-07-21,Completado,Web
1810,581,2026-06-05,Completado,Tienda fisica
1811,857,2025-09-07,Completado,Web
1812,613,2024-01-05,Completado,Web
1813,396,2025-10-22,Pendiente,Tienda fisica
1814,846,2024-04-19,Completado,Marketplace
1815,460,2026-05-16,Completado,Web
1816,832,2024-12-10,Completado,APP
1817,887,2024-10-26,Completado,Web
1818,977,2024-12-01,Pendiente,Web
1819,832,2024-11-14,Completado,Web
1820,348,2025-08-24,Completado,Web
1821,175,2025-05-17,Completado,App
1822,741,2025-08-09,Completado,Marketplace
1823,841,2024-08-14,Completado,Web
1824,318,2024-08-01,Pendiente,Marketplace
1825,385,2025-04-15,Completado,Marketplace
1826,669,2024-08-08,Completado,Tienda fisica
1827,93,2024-08-26,Pendiente,Web
1828,871,2026-07-12,Completado,Marketplace
1829,674,2026-06-26,Cancelado,Web
1830,299,2025-09-19,Completado,Web
1831,754,2026-05-18,Completado,Marketplace
1832,430,2025-05-02,Completado,Web
1833,80,2025-03-07,Completado,Web
1834,783,2026-02-23,Completado,Tienda fisica
1835,28,2026-05-21,Completado,Web
1836,270,2026-01-09,En preparacion,App
1837,986,2026-08-22,completado,Marketplace
1838,64,2026-01-24,Completado,Web
1839,670,2024-03-20,Completado,Tienda fisica
1840,663,2024-03-29,Completado,Web
1841,717,2025-03-12,Completado,Tienda fisica
1842,2,2025-06-07,Completado,App
1843,621,2026-06-25,Completado,App
1844,638,2025-01-18,Completado ,App
1845,11,2026-07-19,Completado,Tienda fisica
1846,80,2024-06-08,Completado,Marketplace
1847,603,2024-09-06,Completado,Tienda fisica
1848,191,2026-04-27,Completado,WEB
1849,70,2026-05-08,Cancelado,App
1850,206,2025-05-05,Pendiente ,Marketplace
1851,233,2024-12-29,Cancelado,WhatsApp
1852,177,2025-07-04,Completado,Tienda fisica
1853,879,2025-06-19,Completado,Web
1854,535,2024-12-04,Cancelado,Marketplace
1855,543,2025-08-24,Pendiente,Web
1856,275,2026-06-05,Completado,WhatsApp
1857,763,2026-05-11,Completado,Tienda fisica
1858,233,2024-06-07,Completado,Web
1859,385,2024-12-06,Completado,Web
1860,5,2026-04-07,Completado,Web
1861,428,2024-11-16,Completado,Tienda fisica
1862,575,2024-11-06,En preparacion,Tienda fisica
1863,436,2024-12-15,Completado,Marketplace
1864,619,2025-10-18,Completado,Marketplace
1865,657,2025-10-13,Completado,App
1866,683,2026-08-05,Completado,Tienda fisica
1867,233,2024-05-29,Completado ,Tienda fisica
1868,163,2024-12-19,Completado,Tienda fisica
1869,633,2026-02-17,Completado,Web
1870,248,2024-05-11,Completado,Web
1871,535,2026-07-24,Completado,Web
1872,7,2026-05-01,Completado,Marketplace
1873,121,2024-01-24,Completado,App
1874,118,2024-09-22,Completado,Tienda fisica
1875,523,2025-07-26,Completado,App
1876,419,2024-08-31,Pendiente,Web
1877,396,2026-06-07,Pendiente,Tienda fisica
1878,588,2026-06-22,Completado,Tienda fisica
1879,603,2024-10-23,Completado,Web
1880,146,2024-08-26,Completado,Web
1881,574,2025-10-16,Completado,Web
1882,251,2024-06-06,Completado,Tienda fisica
1883,816,2025-02-12,Completado,WhatsApp
1884,70,2025-05-01,Completado,Web
1885,675,2024-10-10,Completado,Web
1886,289,2024-09-20,Completado,App
1887,536,2025-09-18,Completado,MARKETPLACE
1888,534,2024-07-30,Completado,App
1889,937,2025-10-16,Completado,Tienda fisica
1890,652,2026-02-23,Completado,Web
1891,837,2025-07-20,Completado,Web
1892,272,2026-08-08,Completado,Web
1893,939,2026-02-06,Completado,Web
1894,740,2024-12-23,Pendiente,Web
1895,19,2025-07-24,Completado,Web
1896,282,2025-01-30,Pendiente,Web
1897,567,2025-02-08,Completado,Web
1898,582,2026-07-04,Completado,Tienda fisica
1899,812,2024-10-10,Completado,Web
1900,534,2025-09-26,Completado,Web
1901,468,2024-10-05,Completado,Web
1902,837,2025-12-26,Completado,App
1903,575,2026-05-30,Pendiente,App
1904,428,2026-07-08,Pendiente,Web
1905,994,2025-04-19,Completado,Web
1906,300,2026-05-29,Pendiente,Web
1907,179,2025-07-03,Pendiente,Tienda fisica
1908,970,2024-12-16,Completado,Web
1909,650,2025-04-23,Completado,Marketplace
1910,603,2024-12-18,Completado,Web
1911,647,2026-07-19,Completado,Web
1912,2,2025-10-15,Completado,Web
1913,358,2025-12-31,Completado,App
1914,474,2025-02-16,Completado,App
1915,843,2025-11-25,Completado,Tienda fisica
1916,39,2025-10-23,Completado,App
1917,688,2024-04-10,Completado,App
1918,412,2025-08-22,Completado,WhatsApp
1919,119,2025-05-15,Completado,Web
1920,5,2026-02-10,Completado,Web
1921,617,2025-10-12,Completado,Marketplace
1922,693,2026-06-24,Completado,Web
1923,721,2026-07-25,Completado,App
1924,841,2025-06-09,Completado,WhatsApp
1925,535,2024-03-10,Completado,Web
1926,217,2025-11-19,Completado,Web
1927,937,2026-04-04,Completado,App
1928,857,2024-12-07,Completado,App
1929,822,2024-07-04,Completado,Marketplace
1930,404,2024-12-16,Completado,TIENDA FISICA
1931,316,2026-01-09,Completado,App
1932,118,2024-06-18,Completado,Web
1933,480,2024-04-09,completado,MARKETPLACE
1934,303,2026-03-07,Cancelado,Web
1935,971,2025-05-09,Completado ,Tienda fisica
1936,643,2025-12-06,Completado,Web
1937,828,2024-02-15,Completado,Marketplace
1938,118,2025-03-15,Completado,Web
1939,573,2025-08-05,Completado,TIENDA FISICA
1940,200,2025-07-26,En preparacion,Web
1941,353,2024-06-28,Completado,Tienda fisica
1942,160,2024-01-04,Completado,Marketplace
1943,5,2026-03-22,Cancelado,Marketplace
1944,677,2026-04-27,Completado,Web
1945,932,2025-05-06,Completado,Web
1946,816,2024-11-07,Completado,Marketplace
1947,805,2026-08-12,Cancelado,Tienda fisica
1948,28,2025-12-17,Completado,Tienda fisica
1949,347,2025-12-16,Pendiente,Web
1950,266,2025-08-27,Completado,Web
1951,66,2025-11-14,Completado,Web
1952,252,2026-02-17,Completado,Tienda fisica
1953,980,2024-12-07,Cancelado ,Web
1954,545,2025-07-09,Completado,Web
1955,87,2026-05-13,Completado,Web
1956,588,2026-08-19,Cancelado,App
1957,358,2026-01-31,Completado,Tienda fisica
1958,362,2024-08-03,Pendiente,App
1959,534,2025-02-21,Pendiente,App
1960,385,2025-04-12,Completado,Tienda fisica
1961,487,2025-01-20,Completado,App
1962,474,2024-03-28,Completado,Web
1963,173,2026-07-11,Completado,Web
1964,603,2024-05-26,Completado,Web
1965,986,2026-08-28,Completado,Web
1966,474,2024-05-13,Cancelado,Web
1967,712,2024-12-17,Completado,App
1968,965,2024-09-08,completado,App
1969,804,2026-07-15,Completado,WhatsApp
1970,663,2025-07-11,Completado,App
1971,816,2025-11-08,Completado,App
1972,195,2024-03-19,Completado,Web
1973,275,2024-04-27,Completado,Tienda fisica
1974,100,2024-11-15,Pendiente,Web
1975,383,2025-05-15,Completado,Web
1976,873,2025-12-13,Completado,Web
1977,175,2026-03-09,Completado,Tienda fisica
1978,587,2024-07-12,Completado,WhatsApp
1979,58,2025-10-21,Completado,Web
1980,691,2025-06-28,Completado,Tienda fisica
1981,621,2025-11-16,Completado,Tienda fisica
1982,691,2024-05-09,Pendiente,TIENDA FISICA
1983,173,2025-08-22,Cancelado,Web
1984,299,2025-10-23,Completado,Web
1985,495,2024-11-02,Completado,Web
1986,318,2025-12-10,Completado,WhatsApp
1987,328,2024-10-31,Completado,Web
1988,500,2026-06-06,Completado,Web
1989,565,2024-08-19,Completado,Web
1990,302,2026-01-08,Completado,Web
1991,385,2026-05-03,Completado,Marketplace
1992,481,2025-11-26,Completado,App
1993,857,2024-09-21,completado,WHATSAPP
1994,619,2024-09-29,Completado,WhatsApp
1995,162,2026-03-31,Completado,Web
1996,603,2024-12-27,Completado,Web
1997,155,2025-10-22,Completado,Web
1998,926,2026-08-18,Completado,Web
1999,586,2026-06-02,Completado,Web
2000,238,2024-10-10,Completado,Tienda fisica
2001,471,2025-12-11,Completado,App
2002,289,2026-08-14,Completado,Marketplace
2003,841,2025-03-09,Completado,App
2004,828,2025-01-18,Completado,Web
2005,819,2024-02-19,Completado,App
2006,521,2024-11-28,Completado,WhatsApp
2007,647,2024-06-04,Completado,Web
2008,816,2025-09-27,Completado,Web
2009,977,2026-05-14,En preparacion,Web
2010,970,2025-12-06,Pendiente,WhatsApp
2011,762,2025-12-09,Completado,WhatsApp
2012,19,2024-10-11,Completado,Web
2013,959,2025-11-03,Completado,WEB
2014,43,2026-08-20,Completado,Web
2015,600,2025-11-14,Completado,Web
2016,762,2025-06-01,Completado,Web
2017,155,2026-01-20,Completado,Tienda fisica
2018,117,2026-07-06,Pendiente,Tienda fisica
2019,439,2025-12-02,Completado,WhatsApp
2020,494,2025-06-20,Completado,Tienda fisica
2021,194,2025-04-03,Completado,WEB
2022,767,2025-06-30,Completado,WhatsApp
2023,641,2025-08-06,Completado,Web
2024,447,2026-07-03,Completado,Web
2025,943,2025-03-25,Completado,Web
2026,505,2024-08-07,Completado,APP
2027,117,2025-12-05,Completado,App
2028,124,2024-06-06,Completado,Web
2029,72,2024-11-24,Completado,Tienda fisica
2030,518,2025-04-14,completado,Web
2031,536,2026-03-01,Completado,Web
2032,455,2026-01-01,Completado,WhatsApp
2033,617,2025-01-31,Completado,Web
2034,783,2024-12-10,Completado,Web
2035,742,2024-02-09,Completado,Marketplace
2036,284,2026-01-24,Pendiente,Marketplace
2037,455,2024-01-13,Completado,App
2038,575,2024-05-10,Completado,Tienda fisica
2039,350,2024-07-17,Completado,Tienda fisica
2040,173,2024-10-15,Completado,App
2041,256,2024-11-03,Completado,App
2042,766,2026-03-17,Completado,Web
2043,828,2026-06-13,Completado,Web
2044,970,2024-08-04,Completado,Web
2045,963,2024-04-16,Completado,Web
2046,331,2025-11-15,Completado,WEB
2047,217,2025-05-30,Completado,Web
2048,141,2024-10-05,Completado,Tienda fisica
2049,248,2024-10-01,En preparacion,Tienda fisica
2050,599,2025-06-21,Completado,Tienda fisica
2051,200,2025-09-21,Completado,WhatsApp
2052,46,2025-12-20,Completado,WhatsApp
2053,794,2024-12-06,Completado,Web
2054,275,2025-08-28,Completado,Web
2055,586,2025-10-31,Completado,Web
2056,943,2025-06-24,Completado,Web
2057,41,2024-02-07,Pendiente,Web
2058,658,2024-08-20,Completado,App
2059,238,2025-11-27,Completado,WEB
2060,409,2024-12-22,Completado,App
2061,568,2025-04-10,Completado,Tienda fisica
2062,934,2026-01-10,Completado,App
2063,119,2024-04-04,Pendiente,Web
2064,873,2025-10-18,Completado,Tienda fisica
2065,233,2025-02-06,Completado,App
2066,743,2025-02-08,Pendiente,Web
2067,942,2024-12-03,Completado,Web
2068,779,2026-04-18,Completado,App
2069,272,2025-04-15,Completado,App
2070,743,2024-01-02,Completado,Tienda fisica
2071,664,2025-10-01,Pendiente,Marketplace
2072,291,2024-08-11,Completado,Web
2073,994,2025-10-05,Completado,Marketplace
2074,119,2024-05-21,En preparacion,Tienda fisica
2075,97,2024-05-04,Completado,WhatsApp
2076,522,2025-09-14,Completado,Tienda fisica
2077,270,2024-10-07,Completado,Tienda fisica
2078,888,2025-06-30,Completado,App
2079,184,2026-08-16,Completado,App
2080,118,2025-07-09,En preparacion,Web
2081,603,2025-03-12,Completado,Web
2082,669,2025-12-20,Completado,Web
2083,399,2024-02-23,Completado,Web
2084,238,2024-01-24,Completado,Web
2085,392,2024-07-19,Completado,Tienda fisica
2086,714,2026-04-15,Completado,Web
2087,364,2025-03-11,Pendiente,Tienda fisica
2088,846,2025-07-22,Completado,WEB
2089,958,2024-09-12,Completado,Tienda fisica
2090,886,2026-03-29,Completado,Tienda fisica
2091,364,2026-01-03,cancelado,Tienda fisica
2092,309,2026-05-15,Completado,Web
2093,623,2024-11-30,Completado,Web
2094,546,2025-09-25,Completado,Web
2095,9,2024-01-14,Completado,Web
2096,918,2024-08-24,Completado,App
2097,206,2025-04-12,Completado,Tienda fisica
2098,438,2025-02-09,Cancelado,Tienda fisica
2099,238,2024-11-08,Completado,Web
2100,294,2024-04-11,Completado,Web
2101,345,2025-07-19,Completado,Tienda fisica
2102,3,2025-12-10,Completado,Web
2103,732,2025-12-23,Completado,Web
2104,171,2025-12-15,Completado,WhatsApp
2105,323,2025-10-25,Completado,Web
2106,362,2024-03-30,Completado,Web
2107,413,2025-07-19,Completado,WhatsApp
2108,750,2025-06-03,Completado,App
2109,994,2024-05-14,Completado,WhatsApp
2110,338,2026-06-19,Completado,Tienda fisica
2111,676,2026-05-23,Completado,WhatsApp
2112,998,2025-11-30,Completado,Tienda fisica
2113,769,2024-06-20,Completado ,App
2114,474,2025-06-10,Completado,Web
2115,993,2024-08-20,Completado,Web
2116,918,2025-04-22,Completado,Web
2117,168,2024-12-27,Completado,Tienda fisica
2118,706,2025-12-14,Cancelado,WEB
2119,293,2026-04-23,Completado,Marketplace
2120,775,2024-05-18,Completado,Tienda fisica
2121,407,2025-08-04,Pendiente,App
2122,621,2025-06-12,Completado,Tienda fisica
2123,664,2026-02-13,Completado,App
2124,839,2025-11-24,Completado,Web
2125,933,2025-02-01,Completado ,Web
2126,706,2024-06-01,Completado,Web
2127,962,2025-09-10,Completado,App
2128,484,2024-11-18,Completado,App
2129,675,2024-06-08,Completado,WhatsApp
2130,373,2025-08-22,Completado,App
2131,151,2024-02-07,Completado,Web
2132,173,2025-02-05,Completado,Web
2133,162,2025-02-18,Cancelado,Marketplace
2134,575,2024-10-30,Completado,App
2135,345,2026-08-20,Completado,Web
2136,155,2024-08-09,Completado,WhatsApp
2137,22,2026-04-23,Completado,App
2138,675,2024-01-18,Completado,Tienda fisica
2139,641,2025-09-12,Cancelado,Web
2140,251,2024-06-25,Completado,Web
2141,115,2026-07-04,Completado,Web
2142,734,2026-04-17,Completado,Web
2143,364,2024-04-25,Completado,Web
2144,248,2026-06-24,Completado,App
2145,506,2025-09-27,Completado,Marketplace
2146,652,2024-06-03,Completado,App
2147,304,2025-07-20,Completado,Web
2148,7,2024-10-04,Completado,App
2149,156,2026-08-31,Completado,Marketplace
2150,510,2025-12-12,Cancelado,Web
2151,911,2025-03-20,Completado,Tienda fisica
2152,702,2025-12-04,completado,Web
2153,523,2025-05-19,Completado,Web
2154,680,2026-03-24,Pendiente,Web
2155,63,2026-05-08,Completado,Tienda fisica
2156,669,2024-09-25,Completado,Web
2157,623,2024-01-19,En preparacion,Tienda fisica
2158,520,2025-04-27,Completado,Web
2159,253,2024-10-19,Completado,Tienda fisica
2160,928,2025-12-17,Completado,App
2161,506,2024-01-01,Completado,Tienda fisica
2162,364,2025-01-16,Completado,Tienda fisica
2163,994,2024-02-03,Completado,Marketplace
2164,474,2025-04-29,Completado,App
2165,857,2025-03-08,En preparacion,App
2166,652,2026-01-29,Completado,Web
2167,951,2025-03-27,Completado,Marketplace
2168,663,2025-06-30,Completado,Marketplace
2169,644,2025-04-13,Completado,Tienda fisica
2170,619,2024-10-08,Completado,Web
2171,278,2025-11-21,Completado,Tienda fisica
2172,469,2024-11-20,Completado,Web
2173,815,2025-12-18,Cancelado,WhatsApp
2174,822,2024-03-19,Completado,Tienda fisica
2175,293,2025-12-12,Pendiente,Tienda fisica
2176,623,2024-09-28,Pendiente,App
2177,974,2026-04-03,Completado ,App
2178,99,2026-08-15,Completado,Marketplace
2179,119,2024-03-23,Completado,Web
2180,868,2024-07-04,Completado,Tienda fisica
2181,301,2026-08-21,Completado,Web
2182,942,2024-10-11,Pendiente,Web
2183,342,2026-07-27,Completado,Web
2184,271,2025-12-16,Cancelado,Tienda fisica
2185,310,2025-06-24,Completado,Tienda fisica
2186,377,2026-06-27,Completado,Web
2187,944,2026-07-06,Completado,Tienda fisica
2188,68,2024-11-02,Completado,WhatsApp
2189,872,2024-10-18,Completado,Web
2190,688,2024-03-19,Completado,Marketplace
2191,685,2025-03-02,Completado,Tienda fisica
2192,705,2024-12-28,Completado,Tienda fisica
2193,136,2025-06-18,Pendiente,Marketplace
2194,590,2025-09-20,Completado,Tienda fisica
2195,663,2024-02-15,Completado,Web
2196,855,2026-07-28,Pendiente,Tienda fisica
2197,443,2025-07-12,Completado,App
2198,994,2024-06-02,Completado,Tienda fisica
2199,190,2026-01-31,Completado,App
2200,883,2025-05-06,Completado,WhatsApp
2201,276,2026-02-24,Completado,Tienda fisica
2202,364,2024-06-05,Cancelado,Tienda fisica
2203,442,2024-10-27,En preparacion,Tienda fisica
2204,648,2024-10-19,Completado,Web
2205,970,2024-01-11,Completado,Marketplace
2206,711,2024-08-21,Completado,Web
2207,933,2024-12-26,Completado,Web
2208,329,2025-09-21,Completado,App
2209,115,2024-11-26,Pendiente,Web
2210,713,2025-12-11,Completado,Web
2211,627,2024-12-30,Completado,Marketplace
2212,22,2024-11-29,Completado,Tienda fisica
2213,521,2024-10-29,Completado,Tienda fisica
2214,700,2025-01-31,Completado,Web
2215,358,2025-07-26,Completado,Web
2216,88,2024-11-16,Completado,Web
2217,151,2025-12-28,Completado,Web
2218,948,2024-09-04,Completado ,App
2219,211,2025-12-20,Completado,Web
2220,811,2024-09-13,Completado,Tienda fisica
2221,348,2024-12-28,Completado,App
2222,812,2024-09-15,Completado,Marketplace
2223,960,2026-07-10,Completado,Web
2224,66,2025-12-28,Completado,App
2225,281,2024-03-30,Completado,Web
2226,77,2025-12-25,Completado,Web
2227,565,2025-09-08,Completado,Web
2228,823,2024-06-10,Completado,Tienda fisica
2229,422,2024-08-10,Completado,App
2230,300,2025-05-15,Pendiente,Marketplace
2231,576,2025-12-08,Completado,Marketplace
2232,253,2024-04-24,Completado,App
2233,28,2025-08-29,Completado,Web
2234,675,2025-04-09,Completado,Marketplace
2235,521,2026-05-05,Completado,App
2236,776,2026-02-26,Completado,Tienda fisica
2237,433,2024-07-29,Completado,Web
2238,702,2025-09-11,En preparacion,Web
2239,508,2026-03-11,Cancelado,Web
2240,843,2024-08-09,Completado,Web
2241,205,2025-12-11,Cancelado ,Web
2242,889,2024-05-25,Cancelado,App
2243,336,2026-01-30,Cancelado,Web
2244,234,2026-03-11,Completado,Marketplace
2245,575,2024-07-19,Completado,Web
2246,474,2024-08-29,Completado,Web
2247,262,2024-09-29,Completado,Web
2248,467,2026-06-30,Completado,Web
2249,99,2024-10-02,Completado,Tienda fisica
2250,436,2026-07-02,Completado,Web
2251,534,2025-01-19,Completado,App
2252,973,2025-10-07,Cancelado,Web
2253,850,2026-02-10,Completado,Marketplace
2254,306,2026-04-06,Completado,Web
2255,994,2024-01-30,Completado,Web
2256,100,2025-12-04,Completado,WhatsApp
2257,545,2026-03-27,Completado,Marketplace
2258,792,2025-04-06,Completado,Web
2259,811,2024-03-12,Completado,Marketplace
2260,204,2024-09-14,Completado,Tienda fisica
2261,652,2025-08-07,Completado,App
2262,750,2024-09-18,Completado,Web
2263,691,2025-12-14,Pendiente,Marketplace
2264,970,2024-01-13,Completado,WhatsApp
2265,306,2025-04-02,Completado,App
2266,822,2024-11-16,Completado,Tienda fisica
2267,965,2026-01-05,Completado,Web
2268,691,2024-04-15,Completado,Tienda fisica
2269,293,2024-09-02,En preparacion,WhatsApp
2270,783,2024-11-16,Completado,Marketplace
2271,994,2025-11-05,Completado,Web
2272,151,2024-12-15,Completado,WhatsApp
2273,722,2024-10-11,Completado,App
2274,708,2024-09-20,Completado,Web
2275,729,2026-03-30,Completado,Marketplace
2276,1000,2024-07-08,Completado,WhatsApp
2277,474,2025-04-14,Completado,Web
2278,743,2024-04-07,Completado,Tienda fisica
2279,421,2025-08-22,Completado,App
2280,994,2026-05-13,Completado,Tienda fisica
2281,116,2025-06-26,Completado,App
2282,535,2026-04-10,Completado,Tienda fisica
2283,816,2026-02-21,Completado,Web
2284,293,2024-08-28,Completado,App
2285,430,2025-12-01,Completado,Tienda fisica
2286,136,2025-02-08,Completado,Web
2287,995,2025-05-29,Completado,Tienda fisica
2288,765,2024-07-17,Completado,Web
2289,146,2024-08-19,Completado,App
2290,621,2024-08-16,Completado,Web
2291,534,2024-12-09,Completado,Web
2292,576,2024-05-08,Completado,Tienda fisica
2293,724,2026-06-19,Completado,Tienda fisica
2294,960,2024-05-12,Completado,Web
2295,599,2024-07-09,Completado,Web
2296,684,2024-02-24,Completado,Tienda fisica
2297,200,2025-04-01,Completado,App
2298,545,2026-04-10,Completado,Tienda fisica
2299,486,2026-08-02,Completado,Tienda fisica
2300,462,2024-04-26,Completado,Tienda fisica
2301,729,2024-12-31,Completado,Web
2302,832,2025-12-31,Completado,WhatsApp
2303,715,2025-09-23,Completado,WhatsApp
2304,127,2024-01-24,Completado,App
2305,37,2025-11-28,Completado,Web
2306,648,2026-02-24,Completado,Web
2307,146,2025-06-28,Completado,App
2308,166,2024-12-08,Completado,Web
2309,572,2025-03-28,En preparacion,Web
2310,575,2024-10-22,Completado,App
2311,70,2025-10-30,Completado,Tienda fisica
2312,419,2024-06-20,Completado,Web
2313,535,2024-07-28,Completado,Web
2314,119,2026-03-27,Completado,Web
2315,326,2026-02-02,Pendiente,Tienda fisica
2316,994,2024-10-13,Completado,App
2317,959,2025-11-08,Completado,Web
2318,965,2026-03-22,Completado,Tienda fisica
2319,960,2024-11-29,Completado,Web
2320,457,2025-05-29,Completado,Web
2321,46,2025-09-25,Completado,Web
2322,409,2025-11-20,Completado,Tienda fisica
2323,121,2024-12-03,Completado,App
2324,567,2024-03-06,Completado,Marketplace
2325,804,2026-07-15,Completado,Web
2326,734,2025-08-19,Completado,Web
2327,586,2026-02-11,Completado,App
2328,575,2025-12-19,Completado,Web
2329,409,2024-08-14,Completado,Web
2330,339,2024-08-16,Completado,Marketplace
2331,893,2024-01-12,Completado,Web
2332,396,2025-07-08,Completado,App
2333,436,2024-04-28,Completado,Web
2334,836,2026-04-10,Completado,Tienda fisica
2335,328,2025-07-03,Pendiente,Tienda fisica
2336,932,2025-01-09,Completado,Tienda fisica
2337,767,2026-04-12,Completado,Web
2338,68,2024-09-28,En preparacion,Web
2339,567,2025-05-22,completado,App
2340,66,2025-10-27,Completado,WhatsApp
2341,118,2025-11-20,Completado,Web
2342,200,2024-08-14,Completado,Marketplace
2343,803,2024-05-18,Completado,App
2344,848,2025-12-18,Completado,Web
2345,565,2026-02-20,Pendiente,Web
2346,792,2025-06-15,Completado,WhatsApp
2347,779,2024-09-19,Completado,Web
2348,426,2024-12-26,Completado,App
2349,407,2025-04-12,Completado,Web
2350,603,2025-05-13,Completado,Web
2351,223,2024-07-02,Completado,Tienda fisica
2352,118,2024-12-19,Pendiente,WhatsApp
2353,11,2024-11-23,Pendiente,WhatsApp
2354,761,2025-02-01,Completado,App
2355,957,2024-05-10,Cancelado,Tienda fisica
2356,410,2025-10-28,Completado,App
2357,407,2024-06-10,Pendiente,WhatsApp
2358,965,2024-05-31,Completado ,Web
2359,179,2026-06-18,Completado,Marketplace
2360,776,2024-08-21,Completado,Web
2361,652,2025-09-30,Completado,Web
2362,869,2026-06-23,Completado,Web
2363,670,2025-06-08,Completado,Web
2364,168,2024-11-07,Pendiente,Tienda fisica
2365,14,2025-05-29,Completado,App
2366,474,2025-02-22,Completado,App
2367,973,2025-05-31,Completado,Marketplace
2368,320,2024-06-01,Completado,Tienda fisica
2369,20,2026-02-14,Completado,Web
2370,984,2025-04-28,Completado,Tienda fisica
2371,687,2025-05-22,Completado,Tienda fisica
2372,670,2024-11-16,Completado,App
2373,119,2025-12-27,Completado,Web
2374,637,2024-09-26,Completado,App
2375,320,2025-09-03,Completado,Web
2376,275,2024-08-20,Completado,Tienda fisica
2377,22,2025-04-23,Completado,Web
2378,733,2025-09-06,Completado,Web
2379,58,2025-05-02,Completado,Marketplace
2380,469,2024-09-18,Cancelado,Tienda fisica
2381,118,2026-07-30,Completado,Web
2382,299,2026-06-19,Completado,Web
2383,481,2026-03-27,completado,App
2384,970,2024-01-13,Completado,App
2385,841,2026-08-08,Completado,WhatsApp
2386,276,2025-03-26,completado,Tienda fisica
2387,661,2026-07-10,Completado,Marketplace
2388,932,2024-07-26,Completado,Web
2389,970,2025-07-29,Completado,WhatsApp
2390,31,2024-09-24,Completado,Web
2391,711,2024-01-20,Pendiente,App
2392,358,2025-12-06,Completado,Web
2393,623,2024-09-21,Completado,App
2394,510,2025-02-07,Completado,Tienda fisica
2395,575,2024-08-02,Completado,App
2396,565,2025-07-22,Completado,Web
2397,39,2024-04-27,Completado,Web
2398,994,2026-02-15,Completado,Web
2399,481,2026-04-23,Completado,Web
2400,932,2024-04-01,Completado,App
2401,200,2024-08-24,Completado,App
2402,310,2025-04-14,Completado,Web
2403,986,2026-07-22,Completado,Marketplace
2404,767,2025-09-24,Completado,Web
2405,644,2025-12-05,Completado,App
2406,395,2026-08-22,Pendiente,Marketplace
2407,840,2026-07-26,Completado,Marketplace
2408,812,2025-11-04,Cancelado,Tienda fisica
2409,729,2025-06-14,Completado,Web
2410,841,2024-03-21,Completado,Web
2411,642,2025-10-25,Completado,App
2412,28,2024-09-21,Completado,App
2413,248,2025-01-18,Completado,Web
2414,603,2024-05-03,Completado,App
2415,970,2025-04-14,Cancelado,WEB
2416,816,2024-11-17,Cancelado,Web
2417,246,2026-02-02,Completado,Web
2418,347,2025-04-30,Completado,Web
2419,124,2024-03-12,Completado,Tienda fisica
2420,973,2024-04-27,Completado,Marketplace
2421,275,2025-03-13,Cancelado,Tienda fisica
2422,211,2024-07-06,Completado,App
2423,74,2025-04-26,Completado,App
2424,711,2024-07-05,Pendiente,Marketplace
2425,644,2024-09-16,Completado,Web
2426,33,2025-01-07,Completado,Web
2427,733,2024-11-04,Completado,WEB
2428,457,2024-12-25,cancelado,Tienda fisica
2429,63,2025-05-05,Completado,Web
2430,958,2024-09-19,Completado,App
2431,278,2026-08-28,Completado,Tienda fisica
2432,994,2024-08-08,En preparacion ,Web
2433,629,2024-06-07,Completado,App
2434,951,2026-07-09,Completado,Web
2435,260,2026-07-01,completado,Web
2436,364,2025-08-30,Completado,Marketplace
2437,173,2024-06-16,En preparacion,Tienda fisica
2438,178,2024-01-05,Completado,WhatsApp
2439,920,2025-06-13,Completado,Marketplace
2440,315,2024-12-20,Completado,Marketplace
2441,833,2024-12-01,Completado,Web
2442,963,2025-08-23,Completado,Web
2443,381,2024-03-22,Completado,Web
2444,652,2025-04-09,Completado,App
2445,710,2026-01-27,Completado,Web
2446,262,2025-12-29,Completado,Tienda fisica
2447,689,2026-03-13,Completado,Web
2448,156,2025-12-29,Completado,Web
2449,385,2026-08-14,Cancelado,Web
2450,293,2025-04-03,Completado,App
2451,293,2025-05-20,Completado,Web
2452,479,2025-12-05,Completado,App
2453,151,2026-05-15,Completado,Web
2454,383,2025-11-26,Completado,WhatsApp
2455,522,2024-07-25,Pendiente,App
2456,301,2025-07-23,Completado,WhatsApp
2457,396,2025-11-10,En preparacion,Tienda fisica
2458,821,2025-06-05,Completado,App
2459,505,2024-10-27,Completado,Web
2460,238,2025-04-12,Completado,Marketplace
2461,676,2026-06-10,Completado,Tienda fisica
2462,119,2024-07-20,Completado,Web
2463,2,2024-02-13,Completado,Web
2464,315,2025-09-21,Pendiente,Tienda fisica
2465,534,2025-07-10,Completado,Web
2466,828,2024-10-11,Completado,Marketplace
2467,670,2025-06-14,Completado,App
2468,943,2025-11-10,Completado,App
2469,816,2024-12-08,Completado,Tienda fisica
2470,801,2025-10-03,Completado,Marketplace
2471,987,2026-07-07,Completado,Web
2472,906,2025-05-17,Completado,Web
2473,455,2024-03-06,Cancelado,App
2474,291,2024-09-07,Completado,Tienda fisica
2475,729,2024-12-11,Cancelado,Tienda fisica
2476,493,2026-07-26,Completado,Web
2477,44,2026-03-29,Completado,Web
2478,385,2026-01-02,Completado,Web
2479,652,2024-12-21,Completado,Web
2480,204,2025-10-02,Completado,Web
2481,522,2024-07-28,Completado,App
2482,68,2024-04-08,En preparacion,App
2483,181,2024-02-14,Completado,Tienda fisica
2484,843,2025-09-04,Completado,App
2485,976,2024-08-08,completado,Web
2486,104,2024-08-14,Completado,Web
2487,238,2024-12-13,Completado,Web
2488,619,2024-10-17,Completado,Web
2489,435,2024-06-28,Cancelado,WhatsApp
2490,350,2024-09-13,Completado,Tienda fisica
2491,474,2026-02-04,Completado,Web
2492,580,2025-05-14,Completado,WhatsApp
2493,399,2025-06-19,Cancelado,Tienda fisica
2494,811,2026-03-25,Completado,MARKETPLACE
2495,74,2025-12-18,Cancelado,Web
2496,122,2024-07-11,Completado,Web
2497,118,2025-12-01,Completado,App
2498,338,2024-03-07,Completado,App
2499,983,2026-01-10,Completado,Web
2500,693,2024-11-05,Completado,Tienda fisica
2501,943,2024-09-26,Completado,Tienda fisica
2502,64,2026-02-03,Completado,Web
2503,628,2025-04-26,Completado,Web
2504,603,2025-01-18,Completado,App
2505,780,2026-04-25,Completado,Tienda fisica
2506,599,2025-05-26,Completado,App
2507,994,2025-10-06,Completado,Web
2508,590,2026-06-04,Completado,Marketplace
2509,111,2026-01-08,Completado,Web
2510,474,2024-03-07,Cancelado,Web
2511,837,2026-03-17,Completado,Web
2512,246,2024-02-20,Completado,App
2513,293,2026-03-14,Completado,Web
2514,495,2025-03-20,Completado,Web
2515,600,2025-12-03,Completado,Web
2516,519,2024-12-26,Completado,Tienda fisica
2517,385,2025-10-16,Completado,Web
2518,857,2025-09-13,Completado,Tienda fisica
2519,362,2026-02-08,Completado,Marketplace
2520,396,2025-08-14,Completado,Tienda fisica
2521,665,2024-08-03,Completado,Web
2522,811,2025-06-27,Completado,Tienda fisica
2523,663,2024-02-24,Completado,WhatsApp
2524,590,2025-07-25,Completado,Web
2525,348,2025-10-25,Completado,App
2526,68,2025-04-14,Completado,Web
2527,364,2024-03-19,Completado,Marketplace
2528,42,2025-09-25,Completado,Web
2529,603,2025-03-03,Completado,Tienda fisica
2530,419,2024-11-18,Completado,Web
2531,796,2026-04-01,Completado,Web
2532,599,2024-12-23,Completado,WhatsApp
2533,965,2025-10-18,Completado,Marketplace
2534,336,2024-11-24,Completado,Tienda fisica
2535,481,2026-05-25,Completado,Tienda fisica
2536,329,2024-06-14,Pendiente ,Marketplace
2537,710,2026-04-30,Completado,Tienda fisica
2538,841,2024-10-18,Completado,Tienda fisica
2539,957,2026-07-23,Completado,Web
2540,58,2025-11-08,Completado,Marketplace
2541,217,2025-01-01,Completado,Web
2542,300,2026-07-23,Completado,Web
2543,652,2024-12-11,Completado,App
2544,409,2025-11-21,Completado,Web
2545,904,2026-08-01,Completado,Marketplace
2546,489,2025-11-13,Completado,Web
2547,817,2024-07-01,Cancelado,Tienda fisica
2548,110,2025-05-30,Completado,Web
2549,119,2025-08-18,Completado,Web
2550,903,2024-04-20,Completado,Tienda fisica
2551,70,2025-10-01,Completado,Tienda fisica
2552,607,2025-11-15,Completado,Web
2553,652,2026-01-06,Cancelado,Web
2554,970,2026-02-24,Completado,Tienda fisica
2555,951,2024-09-14,Completado,Web
2556,951,2024-05-22,Pendiente,Marketplace
2557,318,2025-04-30,Completado,Marketplace
2558,548,2025-11-07,Completado,Marketplace
2559,39,2026-06-02,Completado,Web
2560,34,2026-05-02,Completado,MARKETPLACE
2561,495,2024-05-28,En preparacion,Web
2562,995,2025-08-30,Completado,App
2563,253,2024-11-22,Completado,App
2564,196,2026-07-18,Completado,Web
2565,876,2024-10-07,Completado,Marketplace
2566,104,2024-08-28,Completado,Tienda fisica
2567,502,2024-09-12,Completado,Web
2568,293,2026-07-13,Completado,Tienda fisica
2569,7,2024-08-31,Completado,Tienda fisica
2570,102,2025-08-19,Completado,App
2571,596,2024-12-25,Completado,App
2572,453,2024-04-11,Completado,Web
2573,390,2024-08-22,Completado,WhatsApp
2574,937,2024-08-31,Completado,Web
2575,534,2025-07-12,Completado,Marketplace
2576,336,2024-12-27,Completado,App
2577,198,2024-05-02,Completado,WhatsApp
2578,77,2026-04-16,Completado,WhatsApp
2579,827,2026-06-28,Completado,App
2580,567,2025-12-22,Completado,Web
2581,691,2024-06-05,Completado,Web
2582,462,2025-07-17,Completado,Web
2583,663,2026-05-24,Pendiente,Web
2584,320,2026-01-11,Completado,Web
2585,320,2024-03-08,Completado,Web
2586,717,2024-11-06,Completado,WhatsApp
2587,855,2024-12-31,Completado,Web
2588,767,2025-12-28,Cancelado,Tienda fisica
2589,716,2025-05-17,Cancelado,Marketplace
2590,543,2025-09-13,Completado,Tienda fisica
2591,155,2024-02-09,Completado,Web
2592,716,2026-03-20,Completado,Tienda fisica
2593,670,2026-03-08,Completado,Tienda fisica
2594,194,2025-06-06,Completado,App
2595,383,2026-01-07,Completado,Web
2596,960,2024-11-19,Completado,Web
2597,377,2025-10-12,Completado,Tienda fisica
2598,712,2025-11-29,Completado,App
2599,970,2025-04-11,Cancelado,Tienda fisica
2600,938,2026-03-29,Completado,Tienda fisica
2601,758,2025-09-25,Completado,Web
2602,430,2024-11-14,Completado,Web
2603,831,2026-02-27,Pendiente,Web
2604,348,2024-08-24,Completado,App
2605,310,2025-04-19,Completado,Tienda fisica
2606,239,2025-11-26,Completado,Web
2607,417,2025-08-10,Completado,Web
2608,535,2024-07-15,Completado,Web
2609,526,2026-04-15,Completado,Tienda fisica
2610,284,2024-01-23,Completado,Web
2611,819,2024-10-30,Pendiente,App
2612,831,2024-07-29,Completado,Tienda fisica
2613,396,2025-10-17,Completado,Web
2614,164,2024-02-03,Completado,App
2615,987,2026-08-07,Completado,App
2616,442,2024-05-02,Pendiente,Web
2617,767,2024-11-18,En preparacion,Web
2618,66,2025-10-18,Completado,Marketplace
2619,236,2024-02-02,Completado,Tienda fisica
2620,663,2025-12-11,Pendiente,Web
2621,867,2025-05-22,Completado,Tienda fisica
2622,802,2025-01-04,Completado,Web
2623,463,2024-09-08,Completado,WEB
2624,306,2026-08-04,Completado,WhatsApp
2625,886,2025-08-30,En preparacion,Web
2626,879,2024-05-23,Completado,Tienda fisica
2627,450,2026-01-18,Completado,Tienda fisica
2628,837,2026-04-13,Completado,Tienda fisica
2629,217,2025-12-24,Completado,App
2630,638,2024-10-31,Completado,Tienda fisica
2631,668,2025-08-09,Completado,Web
2632,752,2024-11-09,Completado,Tienda fisica
2633,168,2024-04-19,Completado,App
2634,658,2024-08-01,Completado,Web
2635,179,2025-01-10,Completado,Tienda fisica
2636,855,2026-08-18,Completado,App
2637,780,2026-08-28,Cancelado,Tienda fisica
2638,733,2026-06-20,Completado,Tienda fisica
2639,833,2025-08-15,completado,Web
2640,236,2024-06-18,Completado,Web
2641,122,2024-12-31,Completado,Web
2642,648,2025-04-09,Completado,Web
2643,982,2026-07-15,Completado,WhatsApp
2644,68,2024-11-14,En preparacion,Web
2645,565,2025-06-22,Completado,Tienda fisica
2646,754,2026-06-11,Completado,Marketplace
2647,253,2024-02-08,Completado,App
2648,476,2024-04-27,Completado,Web
2649,449,2025-07-05,Completado,Tienda fisica
2650,467,2026-08-13,Completado,Tienda fisica
2651,565,2024-11-28,Pendiente,Web
2652,535,2024-05-11,Pendiente,Web
2653,970,2024-02-10,Completado,Tienda fisica
2654,419,2025-12-06,Completado,Marketplace
2655,586,2026-06-09,Completado,Tienda fisica
2656,970,2024-10-04,Completado,Web
2657,97,2025-03-15,Completado,Web
2658,70,2024-08-09,Pendiente,Web
2659,2,2024-01-15,Completado,Tienda fisica
2660,409,2026-05-08,Completado,WhatsApp
2661,419,2024-04-30,Completado ,Web
2662,693,2025-01-11,completado,App
2663,646,2025-07-04,Completado,WhatsApp
2664,536,2024-07-12,Completado,Marketplace
2665,717,2026-05-29,Completado,WhatsApp
2666,261,2026-05-01,Cancelado,Web
2667,473,2024-07-20,Completado,Tienda fisica
2668,194,2025-12-20,Completado,Web
2669,155,2025-03-15,Completado,App
2670,118,2025-10-04,Completado,Tienda fisica
2671,80,2025-12-03,Completado,Web
2672,474,2026-03-15,Completado ,Web
2673,779,2025-06-07,Completado,Marketplace
2674,965,2024-09-29,Completado,WEB
2675,74,2026-05-07,Completado,App
2676,855,2025-03-19,Completado,Web
2677,345,2025-08-23,Completado,Web
2678,543,2025-07-04,Completado,Tienda fisica
2679,3,2024-10-09,Completado,App
2680,663,2025-07-03,Completado,Tienda fisica
2681,420,2025-05-05,Pendiente,Web
2682,205,2024-09-20,Completado,Web
2683,516,2025-02-14,Completado,Tienda fisica
2684,310,2024-04-16,Completado,Tienda fisica
2685,416,2024-12-02,Completado,Tienda fisica
2686,481,2025-11-11,Completado,Web
2687,468,2024-05-12,Completado,Tienda fisica
2688,562,2024-10-17,Completado,Web
2689,887,2024-02-19,Completado,WhatsApp
2690,794,2026-02-16,Completado,Marketplace
2691,107,2025-11-07,Completado,App
2692,364,2025-10-11,Completado,Web
2693,45,2025-12-06,Completado,Tienda fisica
2694,536,2025-11-25,Completado,App
2695,652,2024-01-15,Completado,WhatsApp
2696,175,2025-11-19,Completado,Web
2697,11,2025-05-14,Pendiente,Tienda fisica
2698,276,2025-04-21,Completado,Marketplace
2699,948,2025-12-20,Completado,Marketplace
2700,469,2024-12-29,Completado,Web
2701,954,2024-04-19,Completado,Web
2702,776,2025-08-17,Completado,Web
2703,642,2024-12-20,Completado,Web
2704,603,2025-03-23,Completado,WhatsApp
2705,684,2025-04-29,Completado,Web
2706,474,2024-04-22,Completado,Tienda fisica
2707,801,2026-04-01,Completado,WhatsApp
2708,652,2025-12-24,Completado,Tienda fisica
2709,876,2024-07-13,Completado,Web
2710,155,2025-08-25,Completado,WhatsApp
2711,879,2024-06-02,Completado,App
2712,119,2024-11-23,Completado,Web
2713,447,2026-07-10,Completado,Web
2714,418,2026-06-24,Completado,Web
2715,306,2025-10-31,Completado,Tienda fisica
2716,973,2024-12-28,Completado,Marketplace
2717,431,2024-12-08,Completado,Web
2718,994,2026-02-13,Completado,App
2719,342,2026-07-24,Completado,Web
2720,837,2024-06-06,Completado,Tienda fisica
2721,717,2024-05-10,Completado,Tienda fisica
2722,442,2024-08-23,Completado,Web
2723,575,2024-06-07,Completado,Tienda fisica
2724,181,2024-07-13,Completado,Web
2725,912,2024-11-08,Completado,Web
2726,603,2026-04-09,Pendiente,Tienda fisica
2727,973,2024-01-25,Completado,Web
2728,534,2025-10-10,Completado,Marketplace
2729,200,2024-11-30,Completado,Tienda fisica
2730,933,2024-05-29,Completado,Tienda fisica
2731,783,2025-04-23,Completado,Web
2732,370,2025-02-11,Pendiente,Web
2733,817,2025-02-09,Completado,App
2734,944,2026-02-11,Completado,App
2735,578,2024-10-06,Completado,App
2736,603,2024-01-29,Completado,Tienda fisica
2737,663,2024-01-03,Completado,Marketplace
2738,28,2026-02-21,Completado,Web
2739,828,2024-07-18,Completado ,App
2740,179,2025-07-20,Completado,Web
2741,612,2024-07-06,Cancelado,WhatsApp
2742,587,2024-11-23,Completado,WEB
2743,349,2025-04-19,Pendiente,Web
2744,994,2025-06-26,Completado,Tienda fisica
2745,519,2024-11-16,Completado,Web
2746,179,2024-01-12,Pendiente,Marketplace
2747,652,2024-06-20,Completado,Web
2748,258,2025-12-15,Completado,App
2749,143,2024-03-31,Completado,Web
2750,418,2024-08-08,Completado,Web
2751,336,2025-09-04,Completado,Tienda fisica
2752,619,2024-06-23,Completado,Tienda fisica
2753,951,2026-05-27,Completado,App
2754,539,2026-03-25,Completado,Web
2755,466,2025-05-31,Completado,App
2756,942,2026-04-30,Completado,Web
2757,626,2025-03-28,En preparacion,Web
2758,151,2024-05-13,Completado,Web
2759,637,2024-02-01,Completado,Web
2760,704,2025-11-21,Completado,WhatsApp
2761,558,2025-11-15,Pendiente,Marketplace
2762,965,2024-04-01,Completado,App
2763,672,2025-10-11,Pendiente,Tienda fisica
2764,758,2024-05-07,Completado,App
2765,437,2024-05-12,Completado,Tienda fisica
2766,948,2024-11-09,Completado,WhatsApp
2767,3,2025-11-12,Completado,Web
2768,646,2024-12-27,Completado,Web
2769,179,2025-12-26,Completado,Web
2770,688,2025-10-04,Completado,Marketplace
2771,603,2025-03-09,Completado,App
2772,565,2025-04-10,Completado,App
2773,729,2025-09-09,Completado,Tienda fisica
2774,251,2026-06-06,Completado,Web
2775,70,2024-09-08,Completado,Marketplace
2776,868,2024-12-17,Completado,Web
2777,493,2024-08-10,Completado,Web
2778,869,2024-11-09,Pendiente,Web
2779,587,2024-09-28,Completado,Web
2780,534,2024-11-03,Cancelado,Web
2781,407,2026-07-12,Completado,Tienda fisica
2782,239,2026-01-15,Cancelado,Tienda fisica
2783,265,2026-04-11,Completado,Tienda fisica
2784,543,2025-10-28,Completado,Tienda fisica
2785,342,2025-07-25,Completado,Web
2786,205,2026-08-20,Completado,App
2787,98,2026-07-24,Completado,App
2788,399,2025-12-17,Completado,Web
2789,932,2024-01-10,Completado,Web
2790,52,2026-07-20,Cancelado,Tienda fisica
2791,244,2026-05-30,Completado,Marketplace
2792,390,2025-07-15,Completado,Tienda fisica
2793,88,2024-06-16,Completado,Web
2794,183,2024-12-28,Completado,Marketplace
2795,453,2025-11-06,Cancelado,Marketplace
2796,336,2024-08-23,Completado,Tienda fisica
2797,469,2024-08-01,Completado,App
2798,3,2025-07-02,Completado,Marketplace
2799,567,2025-06-27,Completado,Tienda fisica
2800,318,2025-03-05,Completado,MARKETPLACE
2801,60,2026-03-27,Completado,Web
2802,112,2025-11-02,Completado,App
2803,784,2025-05-28,Completado,Web
2804,779,2025-10-18,Completado,WhatsApp
2805,771,2026-08-06,Completado,Web
2806,194,2024-06-07,Pendiente,Marketplace
2807,652,2025-10-17,Completado,App
2808,670,2025-09-28,Completado,Tienda fisica
2809,868,2025-05-23,Pendiente,Tienda fisica
2810,45,2025-06-13,Completado,Tienda fisica
2811,141,2026-08-21,Completado,Web
2812,994,2024-12-14,Completado,Tienda fisica
2813,68,2025-09-21,Completado,Tienda fisica
2814,807,2024-05-24,Completado,Marketplace
2815,139,2025-05-22,Completado,Web
2816,525,2025-11-05,Completado,App
2817,994,2026-04-04,Completado,App
2818,95,2025-01-17,Completado,Web
2819,505,2024-07-22,Completado,Web
2820,362,2025-04-12,Completado,Tienda fisica
2821,779,2024-09-13,Completado,Web
2822,270,2024-11-18,Completado,Tienda fisica
2823,663,2024-03-25,En preparacion,Web
2824,146,2024-11-23,Completado,Web
2825,688,2025-11-07,Completado,Tienda fisica
2826,173,2026-04-24,Completado,Web
2827,567,2024-04-24,Completado,Tienda fisica
2828,86,2024-12-07,Completado,Tienda fisica
2829,323,2025-03-18,Completado,Tienda fisica
2830,883,2024-12-04,Completado,Tienda fisica
2831,901,2026-02-21,Completado,Tienda fisica
2832,522,2026-01-30,Completado,App
2833,643,2025-12-29,Completado,App
2834,336,2024-04-10,Completado,Tienda fisica
2835,504,2026-06-25,Completado,Tienda fisica
2836,364,2026-07-31,Completado,Marketplace
2837,857,2025-11-24,Completado,WhatsApp
2838,869,2025-12-13,Completado,Web
2839,151,2026-08-11,Completado,Web
2840,578,2025-12-27,Completado,Marketplace
2841,320,2025-08-16,Completado,App
2842,457,2024-07-21,Completado,Web
2843,178,2024-03-21,Completado,Web
2844,505,2026-02-23,Completado,Web
2845,994,2025-03-11,Completado,App
2846,183,2024-01-05,Completado,Web
2847,399,2024-12-27,Completado,Web
2848,977,2026-06-19,Completado,Marketplace
2849,562,2024-05-10,Completado,Web
2850,716,2024-11-28,Completado,App
2851,278,2024-06-03,En preparacion,Web
2852,353,2025-11-08,Cancelado,WhatsApp
2853,757,2026-08-10,Completado,App
2854,716,2024-08-22,Completado,Tienda fisica
2855,534,2026-05-19,Completado,Web
2856,994,2025-09-07,Completado,Tienda fisica
2857,219,2026-01-30,Completado,App
2858,833,2024-12-03,Completado,Web
2859,857,2024-03-09,Completado,Web
2860,379,2025-09-10,Completado,Tienda fisica
2861,713,2026-07-20,Completado,Web
2862,711,2024-04-01,Completado,Web
2863,839,2026-02-07,Completado,Tienda fisica
2864,781,2025-10-02,Pendiente,Marketplace
2865,20,2024-07-11,Completado,App
2866,783,2025-01-27,Completado,Web
2867,643,2026-07-13,Completado,Marketplace
2868,487,2025-03-13,En preparacion,Tienda fisica
2869,890,2025-05-30,Completado,Tienda fisica
2870,826,2024-11-21,Completado ,Web
2871,442,2024-12-15,Completado,Tienda fisica
2872,200,2024-05-07,Completado,Web
2873,521,2024-11-19,Completado,Web
2874,118,2026-03-09,completado,App
2875,210,2026-08-05,Completado,Web
2876,512,2025-10-07,Completado,Web
2877,119,2024-10-09,Completado,WhatsApp
2878,20,2024-04-21,Completado,Marketplace
2879,99,2024-06-28,Completado,Marketplace
2880,186,2024-10-16,Completado,Tienda fisica
2881,567,2024-05-22,Completado,Web
2882,179,2025-10-09,Completado,Tienda fisica
2883,652,2026-05-01,Completado,App
2884,541,2025-10-30,Completado,Web
2885,399,2025-12-23,Completado,Tienda fisica
2886,251,2025-07-18,Completado,Web
2887,122,2025-05-20,Completado,Marketplace
2888,362,2025-03-24,Completado,Marketplace
2889,761,2025-10-20,Completado,Marketplace
2890,442,2024-03-06,Completado,Web
2891,457,2026-02-22,Completado,App
2892,442,2024-11-26,Completado,Tienda fisica
2893,736,2026-04-18,Completado,Web
2894,994,2026-01-23,Completado,Web
2895,733,2025-07-11,En preparacion,Marketplace
2896,457,2024-11-23,Completado,Tienda fisica
2897,234,2025-12-05,Completado,Web
2898,68,2025-04-07,Cancelado,Marketplace
2899,206,2025-10-15,Completado,App
2900,80,2026-07-18,Completado,Tienda fisica
2901,642,2025-12-05,Completado,Tienda fisica
2902,575,2024-01-26,Completado,Web
2903,118,2026-06-07,Completado,Web
2904,762,2024-08-16,Completado,Marketplace
2905,872,2025-12-02,Completado,Tienda fisica
2906,555,2024-11-21,pendiente,Web
2907,28,2024-12-21,Cancelado,Web
2908,117,2025-01-24,Completado,Tienda fisica
2909,841,2025-06-21,Completado,Tienda fisica
2910,20,2025-07-05,Completado,Web
2911,482,2025-10-17,Cancelado,Web
2912,486,2025-01-31,Completado,WhatsApp
2913,883,2026-04-09,Completado,Tienda fisica
2914,998,2025-12-25,Completado,WhatsApp
2915,396,2025-02-25,Completado,App
2916,761,2024-11-09,Completado,Web
2917,599,2024-06-04,Completado,App
2918,716,2024-03-22,Completado,App
2919,20,2024-10-30,Completado,Web
2920,828,2025-10-01,Completado,App
2921,506,2024-10-21,Pendiente,Marketplace
2922,677,2026-06-14,Completado,Web
2923,938,2026-03-30,Completado,App
2924,994,2025-11-08,Completado,App
2925,943,2025-07-07,Completado,App
2926,943,2024-03-08,Cancelado,App
2927,652,2024-03-14,Completado,Tienda fisica
2928,973,2025-07-14,Completado,Tienda fisica
2929,733,2026-02-16,En preparacion,Web
2930,63,2025-09-07,Completado,App
2931,407,2025-05-13,Completado,WhatsApp
2932,603,2024-12-29,Completado,Web
2933,994,2024-01-20,Completado,Tienda fisica
2934,19,2025-06-11,En preparacion,App
2935,590,2025-11-07,Completado,Web
2936,70,2024-04-17,Completado,Web
2937,293,2024-01-31,Completado,App
2938,390,2026-03-10,Completado,Web
2939,3,2024-09-26,Completado,Web
2940,849,2024-06-06,Completado,App
2941,385,2025-08-17,Completado,Web
2942,663,2025-03-27,Completado,Tienda fisica
2943,209,2026-01-28,Completado,Web
2944,281,2024-03-09,Completado,Web
2945,641,2024-01-12,En preparacion,Web
2946,646,2025-02-10,En preparacion,Web
2947,857,2024-08-30,Completado,Web
2948,481,2025-10-31,Completado,Tienda fisica
2949,326,2025-06-30,Completado,Web
2950,241,2025-10-16,Completado,App
2951,713,2026-04-01,Pendiente,Tienda fisica
2952,565,2024-05-01,Completado,WhatsApp
2953,841,2026-05-10,Completado,Tienda fisica
2954,965,2024-06-17,Completado,Tienda fisica
2955,708,2025-01-11,Completado,App
2956,575,2025-06-26,En preparacion,Web
2957,700,2024-09-18,completado,Web
2958,474,2024-10-05,Completado,Web
2959,779,2025-03-08,Completado,WhatsApp
2960,575,2024-06-14,Completado,Web
2961,995,2026-01-30,Completado,Tienda fisica
2962,640,2026-04-11,Cancelado,WhatsApp
2963,663,2026-01-14,Cancelado,Marketplace
2964,442,2025-08-27,Completado,Tienda fisica
2965,239,2025-05-01,Completado,Web
2966,162,2024-03-01,Cancelado,Web
2967,869,2024-11-29,Completado,Web
2968,302,2026-07-27,Completado,Tienda fisica
2969,719,2025-03-24,Completado,WhatsApp
2970,348,2024-03-09,Completado,Marketplace
2971,233,2025-10-31,Completado,Web
2972,821,2024-12-25,Completado,Web
2973,855,2025-04-27,Completado,App
2974,3,2024-11-26,Completado,Tienda fisica
2975,350,2025-08-01,Completado,WhatsApp
2976,970,2024-03-10,Completado,Web
2977,352,2025-01-29,Completado,Web
2978,410,2025-01-17,Completado,App
2979,450,2025-12-16,Completado,Marketplace
2980,26,2024-09-09,Completado,Web
2981,594,2025-01-06,Completado,Tienda fisica
2982,869,2024-07-21,Completado,Web
2983,951,2024-06-12,Completado,Web
2984,816,2024-12-09,Completado,App
2985,555,2024-01-03,Completado,Tienda fisica
2986,466,2025-11-05,Completado,Web
2987,106,2026-07-04,completado,TIENDA FISICA
2988,841,2026-06-12,Cancelado,Tienda fisica
2989,68,2024-01-26,Completado,Web
2990,812,2025-11-04,Completado,Tienda fisica
2991,141,2025-03-04,Completado,Web
2992,520,2026-03-05,Completado,App
2993,526,2026-04-08,Completado,App
2994,578,2025-02-02,Completado,Web
2995,906,2024-12-28,Completado,Web
2996,22,2025-10-08,En preparacion,Tienda fisica
2997,399,2024-04-12,Completado,Web
2998,494,2026-05-17,Completado,Web
2999,929,2025-01-29,Completado,Marketplace
3000,556,2025-05-16,Completado,App
3001,965,2024-09-08,Completado,Web
3002,534,2025-11-22,Completado,Tienda fisica
3003,396,2025-09-18,Completado,Web
3004,453,2024-06-16,Completado,App
3005,734,2025-06-29,Completado,WhatsApp
3006,78,2026-07-04,Completado,Web
3007,428,2024-01-19,Completado,Web
3008,879,2024-10-11,Completado,App
3009,696,2026-08-30,Completado,Tienda fisica
3010,739,2025-10-17,Completado,Tienda fisica
3011,567,2024-03-03,Completado,Web
3012,558,2026-03-22,Completado,Tienda fisica
3013,127,2026-08-12,Completado,Web
3014,179,2025-05-03,Completado,Web
3015,948,2024-07-10,Completado,Web
3016,836,2025-06-27,Completado,Tienda fisica
3017,352,2025-11-14,Completado,App
3018,502,2024-11-14,Cancelado,Tienda fisica
3019,642,2024-09-04,Completado,WhatsApp
3020,748,2026-08-31,Completado,Tienda fisica
3021,419,2025-03-20,Cancelado,Marketplace
3022,637,2024-06-26,Pendiente,Web
3023,767,2026-04-30,Completado,Tienda fisica
3024,865,2025-10-08,Completado,Web
3025,186,2025-09-02,Completado,Tienda fisica
3026,310,2024-01-09,Pendiente,Tienda fisica
3027,534,2025-09-26,Completado,WhatsApp
3028,270,2024-03-06,Cancelado,Web
3029,455,2025-04-19,Completado,Tienda fisica
3030,119,2024-02-19,Completado ,Tienda fisica
3031,640,2026-07-23,Completado,Web
3032,693,2025-02-07,Completado,App
3033,118,2026-02-06,Pendiente,Web
3034,994,2026-04-09,Completado,Web
3035,383,2026-01-02,Completado,App
3036,519,2026-02-03,Completado,Web
3037,675,2026-08-20,Completado,Tienda fisica
3038,970,2025-02-08,Completado,Web
3039,883,2026-05-06,Completado,WhatsApp
3040,318,2025-10-25,Cancelado,Web
3041,435,2025-10-08,Pendiente,Tienda fisica
3042,481,2025-07-11,Completado,Web
3043,614,2026-07-31,Completado,Web
3044,46,2026-08-21,Completado,Web
3045,599,2024-05-11,Completado,WEB
3046,534,2024-10-21,Completado,Web
3047,390,2025-12-18,Completado,Web
3048,569,2026-07-17,Completado,Web
3049,994,2025-11-15,Completado,Web
3050,960,2026-03-27,Completado,Tienda fisica
3051,925,2024-07-17,Completado,Web
3052,40,2025-11-23,Completado,Marketplace
3053,677,2026-08-29,Completado,Web
3054,10,2025-07-09,Completado,Web
3055,603,2026-04-23,Completado,Web
3056,836,2025-03-13,Completado,Web
3057,573,2025-03-29,En preparacion,Web
3058,910,2025-12-10,completado,Tienda fisica
3059,883,2024-10-24,Completado,Web
3060,336,2025-09-06,Completado,Web
3061,599,2025-07-31,Completado,WhatsApp
3062,546,2025-01-21,Completado,Web
3063,717,2024-11-01,Completado,Web
3064,312,2025-06-20,Completado,App
3065,807,2024-04-29,Completado,Web
3066,926,2026-08-13,Completado,Tienda fisica
3067,447,2025-05-09,Completado,Web
3068,572,2026-08-08,Completado,Web
3069,211,2024-08-14,Completado,Tienda fisica
3070,734,2024-11-23,Completado,Web
3071,251,2025-08-03,Completado,Web
3072,121,2025-04-25,Completado,Web
3073,798,2024-07-26,Cancelado,Web
3074,193,2026-04-10,Completado,Tienda fisica
3075,647,2025-10-10,Completado,App
3076,578,2025-04-25,Completado,App
3077,646,2026-02-11,Completado,Web
3078,943,2025-12-03,Completado,App
3079,350,2025-04-04,Completado,Web
3080,567,2024-11-23,Completado,App
3081,215,2025-12-29,Completado,Web
3082,534,2025-05-03,Cancelado,WhatsApp
3083,46,2026-03-27,Completado,Tienda fisica
3084,957,2024-07-06,Pendiente,Web
3085,965,2024-04-24,Completado,Web
3086,44,2025-12-06,Pendiente,Web
3087,977,2026-08-01,Completado,Marketplace
3088,425,2025-03-11,Pendiente,Tienda fisica
3089,97,2026-03-20,Completado,WhatsApp
3090,350,2024-10-27,Completado,App
3091,340,2026-07-22,Completado,Web
3092,146,2024-06-05,Completado,Web
3093,270,2026-02-20,Completado,Web
3094,633,2024-04-27,Completado,WhatsApp
3095,46,2025-11-01,Cancelado,Web
3096,624,2025-08-24,Completado,Marketplace
3097,265,2026-03-19,Completado,Web
3098,674,2026-08-26,Completado,Web
3099,379,2026-06-10,Completado,Marketplace
3100,794,2024-08-29,Completado,Marketplace
3101,378,2026-01-17,Completado,WhatsApp
3102,315,2026-05-12,Completado,Web
3103,20,2024-03-16,Completado,WhatsApp
3104,603,2025-07-12,Completado,Tienda fisica
3105,390,2024-04-24,Completado,Web
3106,748,2026-08-08,Completado,Web
3107,396,2026-07-04,Pendiente,Web
3108,282,2025-01-13,Pendiente,App
3109,599,2026-03-21,Completado,Web
3110,232,2026-06-23,Completado,Tienda fisica
3111,599,2025-03-14,Completado,App
3112,916,2026-01-23,Completado,APP
3113,450,2025-11-23,Completado,MARKETPLACE
3114,310,2024-07-13,Completado,Web
3115,549,2026-05-01,Pendiente ,Marketplace
3116,942,2025-11-14,Cancelado,Tienda fisica
3117,562,2025-01-11,Completado,Tienda fisica
3118,162,2025-12-14,Completado,Web
3119,505,2024-09-11,Completado,Web
3120,621,2024-10-25,Cancelado,App
3121,603,2025-08-11,Completado,Web
3122,817,2025-05-31,Pendiente,Web
3123,526,2026-07-08,Completado,Web
3124,107,2026-03-06,Completado,Web
3125,205,2025-11-27,Completado,Web
3126,409,2025-06-08,Completado,App
3127,603,2026-06-08,Completado,App
3128,388,2024-07-17,Completado,App
3129,804,2026-05-30,Completado,Web
3130,419,2024-12-27,Pendiente,Web
3131,127,2025-07-19,Pendiente,WhatsApp
3132,648,2026-07-04,Pendiente,App
3133,68,2024-03-02,Completado,Tienda fisica
3134,711,2024-01-19,Cancelado,Web
3135,431,2025-03-08,Completado,WhatsApp
3136,474,2024-04-26,Completado,WhatsApp
3137,196,2026-08-03,Completado,Tienda fisica
3138,796,2024-02-23,Completado,Web
3139,828,2025-05-19,Cancelado,Tienda fisica
3140,194,2024-06-24,Completado,Web
3141,122,2026-04-26,Completado,App
3142,638,2025-01-11,Completado,Web
3143,816,2024-02-23,Completado,Tienda fisica
3144,641,2024-12-24,Completado,Web
3145,873,2024-05-28,Completado ,App
3146,124,2024-07-16,Completado,App
3147,61,2024-03-26,Cancelado,App
3148,179,2025-03-21,En preparacion,Web
3149,412,2024-10-09,Completado,Web
3150,88,2024-07-13,Completado,Tienda fisica
3151,151,2024-02-17,Completado,Tienda fisica
3152,841,2024-01-12,Completado,Web
3153,812,2025-01-12,Completado,Web
3154,942,2025-12-22,Completado,App
3155,603,2024-01-23,Pendiente,Web
3156,534,2024-06-03,Completado,Marketplace
3157,970,2024-09-12,Completado,WhatsApp
3158,680,2024-04-28,Completado,WhatsApp
3159,68,2026-08-15,Completado,Marketplace
3160,430,2026-08-02,Completado,Web
3161,3,2024-01-06,Completado,WhatsApp
3162,642,2025-01-31,Completado,Web
3163,177,2025-10-27,Pendiente,WhatsApp
3164,28,2025-03-08,Completado,App
3165,816,2026-06-13,Completado,Web
3166,294,2025-04-29,Completado,Tienda fisica
3167,92,2024-10-27,Completado,Marketplace
3168,634,2026-04-08,Completado,Web
3169,750,2024-05-30,Completado,Web
3170,51,2024-11-18,Completado,App
3171,670,2026-08-11,Completado,App
3172,505,2025-12-01,Completado,App
3173,642,2025-12-13,Pendiente,Tienda fisica
3174,648,2025-05-04,Completado,Web
3175,868,2025-12-20,Completado,WhatsApp
3176,409,2025-06-14,Completado,Tienda fisica
3177,713,2025-08-01,Completado,Web
3178,278,2025-05-29,Completado,Web
3179,958,2024-10-21,Completado,Tienda fisica
3180,734,2026-03-19,Completado,Marketplace
3181,766,2026-03-29,Completado,App
3182,255,2026-06-20,Completado ,Web
3183,447,2026-07-02,Completado,App
3184,652,2026-03-21,Completado,Web
3185,920,2026-06-02,completado,Marketplace
3186,647,2024-09-24,Completado,Tienda fisica
3187,965,2025-08-03,Completado,Web
3188,409,2025-12-24,Completado,Web
3189,965,2025-10-03,Completado,Web
3190,650,2025-10-13,Completado,Web
3191,287,2024-02-15,En preparacion,Web
3192,821,2024-06-23,Completado,Web
3193,590,2025-08-12,Completado,WEB
3194,614,2025-06-15,Completado,WhatsApp
3195,647,2024-07-09,Completado,Tienda fisica
3196,779,2025-07-11,Completado,Web
3197,118,2024-08-24,Completado,Tienda fisica
3198,468,2024-11-16,Completado,WHATSAPP
3199,281,2026-05-24,Completado,App
3200,994,2026-02-02,Completado,Marketplace
3201,354,2026-02-21,Completado,Web
3202,883,2024-10-28,Completado,Web
3203,652,2026-07-02,Completado,Web
3204,738,2025-08-27,Completado,Web
3205,506,2025-12-02,Completado,WHATSAPP
3206,136,2026-04-10,Completado,Web
3207,91,2025-05-03,Completado,Web
3208,494,2025-07-26,Completado,Marketplace
3209,925,2024-01-25,Completado,Marketplace
3210,262,2025-09-11,Completado,APP
3211,341,2026-02-04,Completado,App
3212,721,2026-03-09,Completado,WhatsApp
3213,84,2025-10-13,Cancelado,Web
3214,805,2024-10-14,Completado,App
3215,911,2024-01-25,Cancelado,Web
3216,508,2024-02-23,Completado,Marketplace
3217,323,2024-01-14,Completado,App
3218,430,2024-12-25,Completado,Marketplace
3219,457,2025-03-11,Completado,WhatsApp
3220,993,2026-01-26,Completado,App
3221,66,2025-11-28,Completado,Web
3222,962,2025-12-01,Completado,App
3223,967,2024-06-15,Completado,Tienda fisica
3224,965,2024-10-16,Completado,Marketplace
3225,87,2026-03-02,Completado,Web
3226,704,2025-12-30,Completado,Tienda fisica
3227,833,2026-05-29,En preparacion,Marketplace
3228,965,2025-07-27,Completado,Tienda fisica
3229,578,2026-04-02,Pendiente,Tienda fisica
3230,119,2024-12-25,Completado,Web
3231,468,2025-03-28,Completado,WhatsApp
3232,396,2026-07-04,Completado,Web
3233,799,2026-05-17,Completado,Marketplace
3234,306,2025-05-11,Completado,Tienda fisica
3235,816,2024-10-05,Completado,Tienda fisica
3236,80,2026-02-06,Completado,Web
3237,279,2025-10-07,Cancelado,Marketplace
3238,486,2025-12-27,Pendiente,Marketplace
3239,200,2025-12-07,Completado,WhatsApp
3240,486,2025-12-03,Completado,Web
3241,255,2026-04-16,Pendiente,App
3242,557,2026-06-15,Completado,App
3243,64,2025-12-09,Completado,App
3244,520,2024-09-19,Completado,Web
3245,368,2024-12-17,Completado,Tienda fisica
3246,518,2024-05-25,Completado,Tienda fisica
3247,965,2024-01-19,Completado,Web
3248,118,2024-10-12,Completado,App
3249,642,2025-09-19,Completado,Marketplace
3250,571,2024-04-19,En preparacion,Marketplace
3251,816,2025-10-31,Completado,Tienda fisica
3252,962,2024-06-06,Completado,Web
3253,523,2026-06-26,Completado,Tienda fisica
3254,729,2026-03-07,Completado,WhatsApp
3255,164,2026-04-13,Completado,Marketplace
3256,857,2025-09-12,Completado,Web
3257,603,2026-05-02,Completado,Marketplace
3258,787,2025-05-06,Completado,Tienda fisica
3259,336,2024-10-15,Completado,App
3260,798,2026-04-03,Completado,Web
3261,626,2026-08-03,Completado,Web
3262,68,2026-07-13,Cancelado,App
3263,46,2025-05-03,Completado,Web
3264,952,2024-08-26,Completado,App
3265,603,2024-08-06,Completado ,Tienda fisica
3266,836,2025-02-27,En preparacion,Tienda fisica
3267,534,2025-03-01,Completado,Marketplace
3268,959,2026-05-25,Completado,Tienda fisica
3269,315,2026-03-16,Completado,Marketplace
3270,937,2026-06-02,Completado,WhatsApp
3271,493,2025-01-20,Completado,Web
3272,748,2026-06-16,Completado,App
3273,970,2025-01-26,Completado,Web
3274,507,2025-07-24,Completado,Marketplace
3275,318,2024-10-23,En preparacion,App
3276,46,2025-12-17,Completado,Web
3277,145,2025-03-30,Completado,App
3278,455,2025-11-06,Completado,Tienda fisica
3279,276,2025-11-30,Cancelado,App
3280,841,2024-01-15,Completado,App
3281,264,2026-07-23,Completado,WhatsApp
3282,127,2024-11-02,Completado,WhatsApp
3283,833,2024-07-19,Cancelado,Web
3284,764,2024-04-14,Completado,Tienda fisica
3285,180,2025-07-06,Completado,Web
3286,10,2025-02-28,Completado,Web
3287,652,2026-01-04,Completado,Tienda fisica
3288,121,2025-09-29,Completado,Web
3289,816,2025-08-09,Completado,Marketplace
3290,401,2024-02-25,En preparacion,Web
3291,345,2025-09-25,Completado,Web
3292,609,2025-09-21,Completado,Marketplace
3293,833,2026-07-22,Cancelado,Tienda fisica
3294,299,2025-07-06,Pendiente,WhatsApp
3295,450,2026-02-13,Completado ,App
3296,855,2025-01-28,completado,Tienda fisica
3297,567,2026-08-27,Completado,WEB
3298,492,2024-01-25,Completado,Web
3299,852,2026-03-25,Cancelado,Tienda fisica
3300,553,2025-05-08,Completado,Tienda fisica
3301,336,2025-06-06,Completado,Web
3302,837,2025-01-04,Cancelado,Web
3303,750,2025-06-06,Completado,Web
3304,28,2024-09-30,Completado,App
3305,278,2026-04-24,Pendiente,WhatsApp
3306,804,2026-05-07,Completado,Web
3307,251,2025-08-20,Completado,Tienda fisica
3308,977,2025-09-09,Completado,Web
3309,256,2024-05-06,Completado,Tienda fisica
3310,590,2026-07-04,Cancelado,Tienda fisica
3311,328,2024-07-18,Completado,Web
3312,743,2024-04-30,Completado,WhatsApp
3313,619,2024-04-20,Completado,Marketplace
3314,3,2024-02-17,Completado,App
3315,155,2025-01-30,Completado,App
3316,46,2025-06-11,Completado,Web
3317,58,2024-07-26,Completado,WhatsApp
3318,876,2024-05-30,Completado,Tienda fisica
3319,534,2024-06-22,Completado,Tienda fisica
3320,535,2024-04-16,Completado,App
3321,652,2025-12-03,Completado,Tienda fisica
3322,920,2025-06-20,Completado,Web
3323,344,2025-11-19,Pendiente,Tienda fisica
3324,246,2025-09-11,Completado ,Web
3325,287,2024-12-20,Cancelado,WhatsApp
3326,947,2026-08-26,Completado,Web
3327,734,2025-12-09,Completado,Web
3328,697,2025-12-05,Completado,Web
3329,643,2025-12-01,Completado,APP
3330,965,2024-03-23,Completado,WhatsApp
3331,827,2026-01-01,En preparacion,Web
3332,612,2024-10-03,Pendiente,Web
3333,621,2024-12-26,Completado,Web
3334,457,2026-02-21,Completado,WhatsApp
3335,922,2025-10-08,Completado,Web
3336,179,2025-04-10,Completado,WhatsApp
3337,450,2025-09-22,Completado,Web
3338,428,2026-08-08,Completado,Web
3339,145,2025-09-12,Completado,Marketplace
3340,447,2025-07-30,Completado,Web
3341,648,2024-11-15,Completado,Web
3342,119,2024-02-02,Completado,Web
3343,779,2024-03-18,Completado,MARKETPLACE
3344,336,2024-11-12,Completado,Web
3345,509,2025-11-01,Completado ,App
3346,829,2025-10-24,Completado,App
3347,779,2024-07-21,Completado,Web
3348,481,2024-04-18,Completado,App
3349,164,2024-09-15,Completado,Web
3350,837,2024-09-20,Completado,App
3351,883,2024-07-16,Completado,Web
3352,642,2024-12-17,Completado,Marketplace
3353,359,2026-01-11,Completado,WhatsApp
3354,960,2024-04-11,Completado,Web
3355,794,2024-10-21,En preparacion,Tienda fisica
3356,998,2025-12-25,Cancelado,WhatsApp
3357,628,2026-01-06,Completado,Marketplace
3358,812,2024-10-29,Completado,Tienda fisica
3359,979,2025-07-26,Completado,Web
3360,535,2024-05-14,Completado,Tienda fisica
3361,603,2024-07-03,Completado,Tienda fisica
3362,993,2024-08-22,Cancelado,Web
3363,285,2024-10-20,Completado,Marketplace
3364,481,2024-09-01,Completado,Tienda fisica
3365,665,2025-04-28,Completado,Web
3366,637,2024-07-05,Completado,App
3367,385,2025-03-30,Completado,Web
3368,766,2025-12-31,En preparacion,Web
3369,522,2024-02-23,Completado,Tienda fisica
3370,973,2024-12-02,Completado,Tienda fisica
3371,534,2026-04-04,Completado,Web
3372,973,2026-07-25,Cancelado,Web
3373,816,2024-01-19,Completado,Web
3374,816,2024-10-17,Completado,WhatsApp
3375,246,2024-08-17,En preparacion,Tienda fisica
3376,63,2026-07-07,Completado,App
3377,28,2024-05-25,Completado,Web
3378,3,2025-04-20,Completado,Web
3379,609,2025-03-07,Completado,Marketplace
3380,717,2025-09-04,Completado,Tienda fisica
3381,837,2025-05-24,Completado,Web
3382,99,2024-11-20,Cancelado,Web
3383,475,2024-01-27,Completado,Web
3384,700,2026-03-29,Completado,Web
3385,294,2025-11-16,Pendiente,WhatsApp
3386,845,2026-05-14,completado,Tienda fisica
3387,925,2024-12-23,Completado,Marketplace
3388,293,2025-08-15,Completado,Web
3389,7,2025-12-03,Completado,Web
3390,992,2026-02-26,Completado,Web
3391,748,2026-08-08,Cancelado,App
3392,535,2024-12-11,Completado,App
3393,520,2024-04-30,Completado,Web
3394,779,2024-01-13,Cancelado,Web
3395,590,2026-05-02,Completado,Tienda fisica
3396,837,2025-05-05,Completado,Web
3397,574,2025-04-15,Completado,Web
3398,437,2025-04-25,Completado,Tienda fisica
3399,474,2025-11-20,Completado,App
3400,525,2025-06-07,Completado,Tienda fisica
3401,778,2025-05-31,Completado,Tienda fisica
3402,943,2026-07-31,Completado,Marketplace
3403,516,2026-07-09,Completado,WHATSAPP
3404,855,2024-08-09,Completado,Web
3405,175,2024-10-10,Completado,WhatsApp
3406,794,2025-04-05,Completado,Web
3407,925,2025-11-07,Completado,Web
3408,117,2025-09-17,Completado,App
3409,447,2025-08-31,Completado,Tienda fisica
3410,612,2024-03-07,Completado,Web
3411,802,2025-12-03,Completado,Web
3412,440,2025-11-25,Pendiente,Web
3413,493,2025-02-02,Completado ,Web
3414,304,2024-12-18,Completado,Web
3415,497,2025-12-20,Completado,Web
3416,565,2025-04-03,Completado,App
3417,633,2025-04-24,Completado,Web
3418,399,2024-08-04,Completado,WEB
3419,945,2024-08-25,Completado,WhatsApp
3420,336,2025-04-29,Completado,App
3421,390,2026-01-31,Completado,Web
3422,119,2025-10-10,Completado,Web
3423,567,2024-04-15,Cancelado,WhatsApp
3424,345,2024-09-05,Completado,Web
3425,163,2024-08-28,Completado,Tienda fisica
3426,442,2025-03-18,Completado,Tienda fisica
3427,688,2025-12-27,Completado,App
3428,857,2024-10-26,Completado,Tienda fisica
3429,200,2026-02-05,Completado,Tienda fisica
3430,523,2025-10-17,Completado,WEB
3431,702,2026-02-12,Completado,Web
3432,146,2025-01-13,Pendiente,App
3433,396,2026-08-05,Completado,Tienda fisica
3434,31,2025-04-28,Completado,WhatsApp
3435,794,2025-12-22,Completado,Tienda fisica
3436,848,2025-12-05,Completado,Tienda fisica
3437,353,2024-04-26,Completado,Marketplace
3438,476,2024-08-02,Completado,Marketplace
3439,291,2024-07-26,Completado,WhatsApp
3440,973,2024-03-13,Completado,APP
3441,439,2026-02-07,Completado,Web
3442,63,2024-06-29,Completado,Tienda fisica
3443,970,2026-04-22,Completado,Tienda fisica
3444,876,2025-06-21,Completado,Web
3445,270,2025-12-21,En preparacion,Tienda fisica
3446,116,2025-05-14,Completado,Tienda fisica
3447,310,2025-05-31,Completado,Web
3448,118,2026-03-16,Completado,App
3449,168,2025-04-28,Completado,WhatsApp
3450,407,2025-12-09,Completado,Web
3451,742,2024-04-26,Completado,App
3452,872,2025-07-11,Completado,Tienda fisica
3453,360,2024-09-24,Cancelado,Web
3454,68,2024-08-18,En preparacion,App
3455,416,2024-11-27,Completado,Web
3456,577,2024-06-29,Cancelado ,Marketplace
3457,416,2024-10-10,Cancelado,Web
3458,38,2026-07-04,Completado,Web
3459,679,2026-07-06,Cancelado,Web
3460,976,2025-03-07,Completado,Marketplace
3461,889,2024-09-07,Completado,App
3462,436,2024-05-08,Completado,Marketplace
3463,633,2024-07-25,Completado,Web
3464,121,2024-07-24,Completado,Tienda fisica
3465,383,2025-11-29,Completado,Web
3466,836,2025-01-06,Completado,Tienda fisica
3467,147,2024-03-01,Completado,Tienda fisica
3468,543,2024-12-22,Pendiente,Web
3469,979,2024-12-17,Completado,Web
3470,419,2026-04-01,Cancelado,Tienda fisica
3471,442,2025-11-21,Cancelado,Marketplace
3472,879,2024-06-17,Completado,WhatsApp
3473,784,2026-04-28,Completado,Web
3474,970,2026-03-15,Cancelado,Tienda fisica
3475,80,2024-10-29,Completado,Tienda fisica
3476,628,2024-02-20,Completado,Tienda fisica
3477,937,2024-11-18,Completado,Tienda fisica
3478,779,2024-04-05,Completado,Tienda fisica
3479,469,2024-04-29,Completado,Web
3480,172,2026-03-14,Completado,Web
3481,119,2024-07-11,Completado,WhatsApp
3482,385,2026-08-06,Completado,Web
3483,200,2025-07-20,Completado,App
3484,942,2024-04-15,Completado,WhatsApp
3485,121,2024-12-28,Completado,App
3486,358,2025-04-19,Completado,Marketplace
3487,869,2025-11-27,Cancelado,Web
3488,482,2025-08-01,Completado,Tienda fisica
3489,836,2025-10-05,Completado,Tienda fisica
3490,962,2024-01-12,Completado,App
3491,364,2025-06-25,Completado,Web
3492,11,2025-05-15,Completado,Web
3493,474,2024-01-20,Completado,App
3494,510,2024-12-02,Completado,Tienda fisica
3495,469,2024-10-11,Pendiente,WhatsApp
3496,270,2025-07-19,Completado,Marketplace
3497,396,2025-10-01,Completado,Web
3498,755,2026-08-28,Completado,Marketplace
3499,767,2024-11-30,Completado,WhatsApp
3500,896,2024-11-11,Completado,Tienda fisica
3501,643,2025-12-12,Completado,Web
3502,315,2024-01-08,Cancelado,Tienda fisica
3503,46,2025-04-18,Completado,Web
3504,570,2026-04-04,Completado,Web
3505,469,2026-07-07,Completado,Tienda fisica
3506,831,2024-11-15,Completado,Web
3507,270,2024-06-29,Completado,Web
3508,209,2024-10-01,Completado,Tienda fisica
3509,677,2026-07-07,Completado,WhatsApp
3510,541,2026-01-02,Completado,Web
3511,816,2025-04-13,Completado,Web
3512,155,2024-07-13,Completado,App
3513,578,2026-01-26,Completado,Web
3514,664,2025-05-03,Completado,App
3515,689,2025-10-26,Completado,App
3516,943,2025-07-01,Completado,Web
3517,928,2025-05-30,Completado,Tienda fisica
3518,928,2025-04-28,Completado,Tienda fisica
3519,495,2025-08-24,Completado,Tienda fisica
3520,752,2025-08-03,Completado,Tienda fisica
3521,438,2025-06-13,Completado,Tienda fisica
3522,959,2026-01-16,Completado,Web
3523,811,2024-03-28,Completado,App
3524,567,2025-12-12,Completado,Tienda fisica
3525,882,2026-05-19,Completado,Web
3526,481,2024-05-11,Completado,Web
3527,68,2025-07-23,Pendiente,App
3528,876,2026-02-15,Completado,Tienda fisica
3529,381,2025-08-19,Completado,Web
3530,734,2025-11-22,Completado,Web
3531,481,2024-08-14,Completado,Marketplace
3532,433,2024-12-13,Completado,App
3533,876,2024-10-25,Cancelado,Web
3534,357,2024-05-13,Completado,App
3535,3,2026-02-16,Completado,App
3536,283,2024-11-07,Completado ,Tienda fisica
3537,794,2025-05-29,Completado,Web
3538,306,2026-03-24,Completado,Web
3539,10,2025-07-22,cancelado,Tienda fisica
3540,693,2025-05-05,Completado ,App
3541,118,2026-08-08,Cancelado,App
3542,442,2024-03-22,Completado,Web
3543,527,2025-12-20,Completado,Web
3544,843,2024-12-02,Completado,WEB
3545,409,2024-07-03,Completado,Tienda fisica
3546,698,2026-01-13,Completado,App
3547,644,2024-10-22,Completado,WhatsApp
3548,729,2024-04-17,Completado,Tienda fisica
3549,734,2024-06-17,Completado,Marketplace
3550,805,2025-12-03,Completado,Marketplace
3551,46,2025-09-02,Completado,Web
3552,546,2024-12-22,Completado,App
3553,275,2024-02-23,Completado,Tienda fisica
3554,127,2025-10-21,Pendiente,Web
3555,474,2024-11-17,En preparacion,App
3556,179,2025-11-17,Completado,Marketplace
3557,285,2025-04-02,Completado,App
3558,688,2024-10-31,Completado,Web
3559,310,2025-12-04,Completado,Web
3560,364,2024-03-06,Completado,Tienda fisica
3561,276,2025-09-17,Completado,Web
3562,455,2024-02-01,Pendiente,Tienda fisica
3563,517,2025-10-24,Completado,Marketplace
3564,963,2024-11-26,Completado,Marketplace
3565,235,2024-03-09,Completado,Tienda fisica
3566,238,2026-07-12,Completado,Web
3567,665,2025-02-23,Completado,Tienda fisica
3568,278,2026-04-02,Completado,Web
3569,567,2024-06-23,Completado,Web
3570,670,2026-07-28,Completado,Web
3571,536,2025-10-10,Completado,Tienda fisica
3572,801,2024-08-11,Completado,APP
3573,478,2026-08-08,Completado,Web
3574,812,2026-05-15,Completado,App
3575,350,2024-08-19,Pendiente,Tienda fisica
3576,388,2025-04-03,Completado,App
3577,725,2026-02-28,Completado,Web
3578,428,2025-11-15,Completado,Web
3579,450,2026-07-08,Completado,App
3580,212,2026-07-03,Completado,Web
3581,828,2026-04-18,Completado,Marketplace
3582,744,2025-06-07,Completado,WhatsApp
3583,738,2026-05-17,Completado,Web
3584,393,2026-01-22,Cancelado,Marketplace
3585,704,2026-02-26,Completado,Web
3586,962,2024-04-21,Completado,App
3587,565,2024-08-25,Completado,Web
3588,338,2025-07-14,Completado,Web
3589,390,2024-08-03,Pendiente,WhatsApp
3590,46,2025-08-18,Completado,Tienda fisica
3591,407,2025-09-29,Completado,Web
3592,401,2025-09-13,Completado,Marketplace
3593,33,2024-10-23,Completado,Web
3594,869,2026-08-01,Pendiente,Web
3595,663,2025-06-14,Completado,Tienda fisica
3596,743,2025-06-19,Completado,App
3597,333,2025-03-05,Completado,TIENDA FISICA
3598,457,2025-04-02,Completado,App
3599,803,2024-02-16,Completado,Web
3600,281,2025-10-09,Completado,Tienda fisica
3601,282,2024-11-01,Cancelado,Web
3602,549,2025-05-10,Completado,App
3603,926,2026-02-14,Completado,WhatsApp
3604,977,2026-07-03,Completado,Web
3605,190,2025-08-09,Completado,Web
3606,652,2026-02-08,Completado,Web
3607,575,2024-12-04,Completado,App
3608,962,2025-12-13,Completado,Web
3609,843,2024-05-23,Completado,App
3610,409,2025-01-24,Completado,WhatsApp
3611,567,2024-03-15,Completado,Tienda fisica
3612,100,2026-01-07,Completado,Web
3613,753,2025-10-06,Completado,Web
3614,750,2024-11-23,Pendiente,App
3615,832,2025-10-02,Completado,Web
3616,3,2026-02-28,Completado,Web
3617,20,2026-04-17,Completado,Web
3618,474,2024-12-23,Completado,App
3619,364,2024-08-03,Completado,Marketplace
3620,118,2024-12-23,Completado,Web
3621,948,2026-07-17,Cancelado,Tienda fisica
3622,449,2025-12-08,Completado,Web
3623,64,2025-12-19,En preparacion,App
3624,151,2024-04-12,Completado,Web
3625,248,2026-07-10,Completado,Web
3626,69,2025-10-31,Completado,Web
3627,894,2024-04-13,Completado,Tienda fisica
3628,345,2024-07-09,Completado,Web
3629,836,2026-02-10,Completado,Web
3630,652,2025-11-15,Completado,Web
3631,970,2024-12-27,Completado,App
3632,253,2025-11-14,Completado,Tienda fisica
3633,643,2025-12-19,Completado,WhatsApp
3634,946,2024-04-03,En preparacion,App
3635,716,2025-03-20,Completado,Web
3636,945,2024-07-16,Completado,Web
3637,581,2024-07-23,Completado,Web
3638,510,2026-08-01,Completado,App
3639,436,2024-09-04,Completado,Web
3640,504,2026-01-16,Completado,WhatsApp
3641,702,2025-11-19,Completado,Web
3642,857,2024-07-29,Completado,Tienda fisica
3643,4,2025-02-16,Completado,Tienda fisica
3644,776,2026-01-02,Completado,Marketplace
3645,225,2024-04-27,Completado,Web
3646,474,2024-12-01,Completado,APP
3647,339,2025-03-26,Completado,Web
3648,567,2024-11-01,Completado,Web
3649,310,2024-07-20,Completado,Marketplace
3650,872,2025-07-03,Completado,Marketplace
3651,816,2024-11-14,Completado,Tienda fisica
3652,586,2025-10-06,Completado,Web
3653,474,2025-11-21,Completado,Marketplace
3654,837,2024-12-12,Completado,Tienda fisica
3655,160,2026-02-05,Completado,Tienda fisica
3656,970,2024-11-22,Completado,Marketplace
3657,585,2025-07-21,Completado,Marketplace
3658,951,2024-01-01,Completado,Web
3659,713,2025-10-06,Completado,Web
3660,857,2024-03-13,Completado,App
3661,635,2025-04-23,Completado,Web
3662,831,2024-03-01,Completado,Web
3663,567,2026-08-12,Completado,Tienda fisica
3664,903,2025-07-26,Completado,Tienda fisica
3665,179,2024-03-31,Completado,Web
3666,970,2024-12-22,Cancelado,Tienda fisica
3667,663,2026-06-27,Completado,Web
3668,495,2024-10-31,Completado,Tienda fisica
3669,98,2025-11-29,Completado,Web
3670,783,2025-06-09,Completado,App
3671,925,2025-03-06,Completado,Web
3672,575,2026-04-01,Completado,Marketplace
3673,146,2025-04-02,Cancelado,Web
3674,688,2025-03-07,completado,Tienda fisica
3675,113,2025-12-12,Completado,Web
3676,136,2025-11-25,Cancelado,Web
3677,692,2026-07-14,Completado,Web
3678,504,2026-05-07,Completado,Web
3679,457,2025-06-28,Completado,Tienda fisica
3680,672,2024-02-28,Completado,Web
3681,277,2025-06-01,Completado,Web
3682,783,2024-09-12,Completado,Tienda fisica
3683,360,2025-04-05,Completado,Tienda fisica
3684,965,2025-01-03,Completado,Web
3685,973,2025-02-14,Completado,Web
3686,272,2024-12-14,Completado,Tienda fisica
3687,469,2025-06-04,Completado,Web
3688,44,2026-02-22,Completado,Web
3689,301,2024-12-22,Completado,Tienda fisica
3690,72,2025-10-25,Completado,Tienda fisica
3691,108,2025-06-16,Completado,Tienda fisica
3692,285,2025-01-23,Completado,Web
3693,599,2025-04-26,Pendiente,Web
3694,522,2025-08-19,Completado,Tienda fisica
3695,320,2026-04-04,Completado,Tienda fisica
3696,338,2025-09-25,Completado,Marketplace
3697,336,2026-03-18,Completado,Web
3698,128,2025-05-16,Completado,App
3699,573,2025-08-09,Completado,Tienda fisica
3700,855,2025-06-14,Completado,Tienda fisica
3701,278,2024-04-21,Completado,Web
3702,345,2024-07-04,Completado,Marketplace
3703,206,2025-04-21,Completado,App
3704,80,2024-05-17,Completado,Tienda fisica
3705,970,2026-01-31,Completado,Tienda fisica
3706,669,2024-07-31,Completado,Tienda fisica
3707,404,2024-08-01,Completado,App
3708,151,2026-04-11,Completado,App
3709,200,2025-05-01,Completado,Tienda fisica
3710,181,2024-11-15,Completado,Marketplace
3711,336,2024-09-19,Completado,Web
3712,117,2026-07-05,Completado,Web
3713,841,2024-05-18,Completado,Web
3714,353,2025-11-11,Pendiente,Web
3715,278,2026-02-27,Completado,Tienda fisica
3716,872,2025-07-27,Completado,Tienda fisica
3717,484,2026-07-18,En preparacion,WhatsApp
3718,278,2024-10-22,Cancelado,Web
3719,410,2026-02-04,Completado,Web
3720,219,2025-12-30,Completado,Web
3721,450,2026-06-07,Completado,App
3722,100,2024-09-04,Completado,App
3723,179,2024-04-21,Completado,Web
3724,133,2026-08-10,Completado,Tienda fisica
3725,697,2025-12-08,Completado,Web
3726,270,2024-06-13,Completado,Tienda fisica
3727,179,2024-12-09,Completado,Web
3728,731,2025-08-25,Completado,Web
3729,923,2024-08-08,Completado,Web
3730,147,2024-08-31,Pendiente,Marketplace
3731,67,2026-01-11,Completado,Marketplace
3732,484,2025-11-15,Completado,Tienda fisica
3733,469,2024-06-08,Completado,Web
3734,787,2024-07-20,Completado,Marketplace
3735,663,2025-01-29,Completado,Marketplace
3736,336,2024-11-02,Pendiente,Web
3737,294,2025-10-21,Cancelado,App
3738,358,2025-04-15,Completado,Web
3739,546,2024-08-27,Completado,WhatsApp
3740,643,2026-02-19,Completado,Tienda fisica
3741,928,2024-07-08,Completado ,Web
3742,817,2025-07-24,Completado,Web
3743,385,2025-10-23,Completado,App
3744,827,2026-02-03,Completado,Web
3745,118,2025-10-02,Completado,Marketplace
3746,68,2025-10-31,Completado,Web
3747,46,2026-04-27,Completado,Web
3748,306,2024-09-30,Completado,App
3749,979,2026-01-20,Completado,Web
3750,837,2024-12-19,Completado,App
3751,989,2026-08-28,Completado,Web
3752,555,2025-03-30,Completado,Tienda fisica
3753,68,2026-01-22,Completado,Web
3754,114,2026-08-23,Completado,Web
3755,63,2025-08-21,Pendiente,App
3756,965,2024-07-31,Completado,Marketplace
3757,395,2024-03-17,Completado,Web
3758,436,2024-11-20,Completado,Tienda fisica
3759,364,2024-09-28,Completado,Web
3760,272,2024-03-07,Completado,Web
3761,711,2025-03-20,Completado,Web
3762,285,2024-11-29,Completado,Tienda fisica
3763,210,2025-12-16,Cancelado,WEB
3764,321,2025-07-12,Completado,App
3765,336,2025-11-21,Pendiente,App
3766,266,2025-11-01,Completado,Marketplace
3767,698,2024-04-27,Completado,WhatsApp
3768,535,2025-10-20,Completado,Web
3769,642,2026-03-30,Completado,Web
3770,77,2025-07-15,Completado,WhatsApp
3771,13,2026-04-18,Completado,Tienda fisica
3772,73,2024-05-17,Completado,Web
3773,767,2024-08-12,En preparacion,Tienda fisica
3774,78,2026-03-21,Completado,TIENDA FISICA
3775,645,2025-11-26,Cancelado,Web
3776,117,2025-08-23,completado,WhatsApp
3777,494,2025-05-03,Completado,Web
3778,409,2024-12-20,Completado,WhatsApp
3779,68,2024-12-13,Completado,Tienda fisica
3780,986,2026-04-29,Pendiente,Marketplace
3781,119,2026-03-04,completado,Web
3782,868,2026-07-10,completado,Tienda fisica
3783,464,2026-08-26,Completado,WhatsApp
3784,20,2025-03-25,Completado,App
3785,385,2024-12-06,Pendiente,Marketplace
3786,571,2025-07-05,Completado,Web
3787,410,2026-05-20,Pendiente,Marketplace
3788,655,2024-11-19,En preparacion,Tienda fisica
3789,63,2025-06-14,Completado,App
3790,3,2026-05-26,Completado,APP
3791,767,2026-07-17,Completado,App
3792,883,2026-03-26,Completado,Tienda fisica
3793,603,2024-10-14,Completado,App
3794,677,2025-10-24,En preparacion,App
3795,644,2024-12-14,Completado,Web
3796,88,2025-08-21,Completado,Web
3797,595,2026-05-20,En preparacion,Web
3798,318,2024-06-29,Completado,Web
3799,971,2025-10-23,Completado,Web
3800,762,2024-11-09,Completado,App
3801,951,2024-01-14,Completado,Tienda fisica
3802,965,2024-10-29,Completado,Web
3803,962,2024-03-31,Completado,Web
3804,734,2025-12-23,Completado,Web
3805,637,2024-12-03,Completado,Tienda fisica
3806,536,2025-07-17,Cancelado,App
3807,118,2026-02-12,Completado,Tienda fisica
3808,573,2024-08-18,Cancelado,Marketplace
3809,538,2026-03-26,Completado,Tienda fisica
3810,565,2024-03-13,Completado,Tienda fisica
3811,528,2024-08-01,Completado,Web
3812,843,2024-11-11,Completado,Web
3813,526,2026-04-01,Completado,Marketplace
3814,807,2026-02-06,Completado,Tienda fisica
3815,419,2024-08-01,Completado,WhatsApp
3816,455,2026-04-28,Completado,Tienda fisica
3817,354,2025-03-02,Completado,Web
3818,417,2024-07-26,Completado,Marketplace
3819,729,2024-11-09,Completado,App
3820,603,2025-11-24,Pendiente,App
3821,494,2025-07-24,Completado,Web
3822,155,2024-05-04,Completado,Web
3823,826,2026-03-11,Completado,Tienda fisica
3824,666,2026-02-18,Completado,Web
3825,468,2025-08-09,Completado,Web
3826,271,2025-03-24,Completado,Marketplace
3827,585,2024-01-12,Completado,Web
3828,278,2024-03-04,Completado,Marketplace
3829,970,2024-08-26,Completado,Web
3830,845,2024-11-14,Completado,Web
3831,896,2025-02-14,Completado,Tienda fisica
3832,477,2024-04-16,Completado,Tienda fisica
3833,734,2025-02-17,Completado,Marketplace
3834,294,2025-05-22,Completado,WhatsApp
3835,345,2024-05-03,Completado,Web
3836,585,2024-07-03,Completado,Web
3837,663,2025-03-26,Completado,Marketplace
3838,567,2024-05-24,Completado,Web
3839,99,2024-07-12,Completado,Web
3840,66,2026-02-13,Cancelado,Tienda fisica
3841,118,2024-12-07,Completado,Web
3842,869,2025-09-12,Completado,App
3843,410,2025-07-20,Completado,Web
3844,932,2024-09-07,Completado,WhatsApp
3845,345,2025-12-15,Completado,Web
3846,693,2024-02-13,Completado,Web
3847,89,2024-07-19,Completado,Marketplace
3848,414,2026-06-03,Completado,Tienda fisica
3849,664,2026-05-02,Completado,Marketplace
3850,430,2026-02-08,Completado,Web
3851,136,2026-03-14,En preparacion,Web
3852,293,2024-06-28,Completado,App
3853,599,2024-06-22,Completado,Tienda fisica
3854,744,2025-06-01,En preparacion,Marketplace
3855,986,2026-08-20,Completado,Tienda fisica
3856,253,2025-06-09,Completado,WhatsApp
3857,436,2025-12-14,Completado,App
3858,270,2024-10-07,Completado,Web
3859,992,2024-04-20,Completado,Web
3860,664,2025-08-14,Completado,WhatsApp
3861,321,2024-03-09,Completado,Web
3862,412,2025-10-11,Cancelado,WhatsApp
3863,750,2025-06-16,Completado,WhatsApp
3864,238,2025-10-01,Completado,Tienda fisica
3865,63,2025-05-19,Completado,Web
3866,241,2026-03-21,Completado,Web
3867,563,2025-12-05,Cancelado,Web
3868,977,2024-12-04,Completado,Web
3869,766,2026-05-13,Cancelado,App
3870,2,2025-08-03,Completado,App
3871,27,2025-05-24,Cancelado,WhatsApp
3872,846,2024-12-06,Completado,Marketplace
3873,9,2024-09-23,En preparacion,Tienda fisica
3874,802,2024-11-28,Completado,App
3875,56,2026-02-08,Pendiente,App
3876,80,2024-12-29,Completado,Tienda fisica
3877,98,2026-01-31,Completado ,App
3878,852,2025-11-03,Pendiente,Web
3879,343,2025-08-19,Completado,Marketplace
3880,293,2025-01-04,Completado,Web
3881,838,2024-03-03,Completado,App
3882,889,2024-04-22,Completado,WhatsApp
3883,119,2026-04-12,Completado,Web
3884,64,2025-12-20,Completado,Web
3885,983,2026-04-25,Completado,Web
3886,329,2024-07-15,Completado,Web
3887,979,2025-10-20,Completado,WhatsApp
3888,644,2024-10-03,Completado,Web
3889,534,2024-03-28,Completado,Web
3890,99,2025-01-17,Completado,Web
3891,336,2024-09-19,Completado,Tienda fisica
3892,637,2025-06-21,Completado,Tienda fisica
3893,628,2024-05-29,Completado,Tienda fisica
3894,893,2024-03-03,Completado,WEB
3895,73,2026-05-02,Completado,Tienda fisica
3896,647,2025-04-30,Completado,App
3897,658,2024-07-07,Completado,App
3898,627,2026-03-16,Completado,App
3899,46,2025-06-02,Completado,Web
3900,55,2025-10-12,Completado,Marketplace
3901,688,2024-05-25,Pendiente,App
3902,234,2026-04-07,Completado,WhatsApp
3903,310,2025-04-27,Cancelado,Tienda fisica
3904,68,2025-08-16,Completado,Web
3905,642,2025-05-21,Pendiente,TIENDA FISICA
3906,553,2024-12-13,En preparacion,App
3907,648,2026-04-11,Completado,Marketplace
3908,320,2025-06-25,Completado,Web
3909,320,2024-09-18,Completado,Tienda fisica
3910,767,2024-10-20,Completado,App
3911,419,2025-04-19,En preparacion,App
3912,430,2025-06-16,Completado,Web
3913,468,2024-12-26,Completado,App
3914,328,2025-10-19,Completado,Web
3915,943,2024-07-19,Completado,Tienda fisica
3916,572,2024-07-06,Completado,App
3917,837,2024-06-15,Completado,Web
3918,868,2026-07-23,Completado,Tienda fisica
3919,73,2024-01-25,Completado,Web
3920,836,2026-01-01,Completado,App
3921,35,2025-03-25,Completado,WhatsApp
3922,191,2025-09-29,Completado,Web
3923,364,2024-09-16,Completado,Web
3924,587,2024-06-23,Completado,App
3925,534,2025-02-21,Completado,Web
3926,523,2024-07-01,Completado,Web
3927,143,2025-04-13,Completado,Tienda fisica
3928,412,2025-08-03,Pendiente,Web
3929,812,2024-04-30,Completado,Web
3930,940,2025-06-26,Completado,Web
3931,294,2025-10-06,Completado,Web
3932,430,2024-06-22,Completado,Web
3933,118,2025-04-25,Cancelado,App
3934,486,2026-02-15,Completado,Web
3935,95,2025-01-10,Completado,App
3936,5,2026-06-18,Completado,App
3937,591,2026-06-12,Completado,Web
3938,819,2026-02-17,Completado,Web
3939,599,2025-08-18,Pendiente,App
3940,285,2024-12-22,Completado,Web
3941,658,2025-05-16,Completado,App
3942,506,2025-03-22,Completado,Web
3943,634,2024-04-25,Completado,Web
3944,58,2025-03-03,Completado,App
3945,827,2025-12-09,Completado,Marketplace
3946,663,2024-03-30,Completado,Tienda fisica
3947,428,2025-10-08,Completado,Tienda fisica
3948,716,2025-09-17,Completado,Web
3949,811,2025-11-26,Completado,App
3950,713,2025-09-06,Completado,Tienda fisica
3951,407,2025-09-08,Completado,Web
3952,802,2026-07-06,En preparacion,Web
3953,95,2025-03-29,Completado,Web
3954,409,2025-03-08,Completado,Web
3955,146,2025-04-20,Completado,Web
3956,87,2025-11-27,Cancelado,WEB
3957,971,2024-03-30,Completado,Web
3958,833,2025-09-03,Completado,Web
3959,587,2024-11-09,Completado,App
3960,124,2024-06-07,Completado,Tienda fisica
3961,151,2025-12-26,Completado,Marketplace
3962,260,2025-08-13,Completado,Web
3963,248,2026-08-08,Completado,Web
3964,251,2024-01-25,Pendiente,Web
3965,474,2024-08-18,Completado,App
3966,994,2026-06-11,Completado,Tienda fisica
3967,442,2024-04-20,Completado,Web
3968,781,2026-01-13,Completado,Web
3969,581,2025-11-21,Completado,Web
3970,437,2024-11-25,Completado,Web
3971,266,2024-11-22,Completado,Tienda fisica
3972,506,2025-04-25,Completado,Web
3973,805,2024-06-27,Completado,Tienda fisica
3974,463,2024-10-06,Completado,Web
3975,970,2025-12-07,Completado,App
3976,141,2024-12-18,En preparacion,WEB
3977,275,2024-04-24,Completado,Marketplace
3978,353,2025-05-03,Completado,Tienda fisica
3979,364,2026-02-09,Completado,App
3980,118,2025-06-19,Completado,Tienda fisica
3981,588,2025-11-18,Cancelado,Tienda fisica
3982,350,2025-08-12,Completado,WhatsApp
3983,509,2025-02-18,Completado,App
3984,754,2025-10-14,Completado,Web
3985,781,2025-09-22,Completado,Web
3986,350,2025-12-21,Completado,Web
3987,248,2025-09-23,Completado,Tienda fisica
3988,868,2024-09-15,Cancelado,Tienda fisica
3989,965,2024-02-03,Completado,App
3990,937,2024-07-24,Completado,Marketplace
3991,340,2026-04-11,Completado,Web
3992,179,2024-10-16,Completado,Web
3993,151,2025-05-26,Completado,Web
3994,684,2024-01-05,Completado,App
3995,970,2024-01-29,Completado,Tienda fisica
3996,837,2024-10-16,Completado,Web
3997,321,2025-07-25,Completado,Web
3998,133,2026-03-21,Completado,Web
3999,855,2026-03-19,Completado,Tienda fisica
4000,711,2024-07-18,Completado,Marketplace
4001,693,2025-04-09,Completado,WhatsApp
4002,943,2024-08-13,Completado,Tienda fisica
4003,804,2026-04-23,Pendiente,Web
4004,588,2026-06-27,Completado,Web
4005,876,2024-12-30,Completado,Web
4006,928,2024-07-12,Completado,Web
4007,816,2025-02-05,Completado,Web
4008,638,2024-08-18,Completado,WEB
4009,663,2025-11-01,Completado,Web
4010,715,2024-01-26,Completado,Web
4011,310,2026-05-29,Completado,Tienda fisica
4012,2,2024-07-05,Pendiente,WhatsApp
4013,328,2025-11-27,Completado ,Tienda fisica
4014,119,2024-10-04,Completado,App
4015,106,2025-11-25,Completado,Tienda fisica
4016,998,2025-10-04,Completado ,Web
4017,68,2024-10-07,Completado,Web
4018,348,2025-04-09,Completado,Web
4019,763,2025-10-21,Completado,Marketplace
4020,361,2026-03-26,Completado,Tienda fisica
4021,294,2026-07-16,Completado,Marketplace
4022,642,2024-12-21,Pendiente,WhatsApp
4023,904,2025-09-04,Completado,Marketplace
4024,965,2026-04-22,Pendiente,App
4025,587,2025-05-24,Cancelado,Web
4026,612,2024-02-23,Completado,Web
4027,869,2024-11-16,Completado,Web
4028,614,2024-09-25,Completado,Web
4029,841,2025-12-06,Completado,Tienda fisica
4030,58,2024-07-06,Completado,Web
4031,200,2024-06-10,completado,App
4032,713,2024-09-06,Cancelado,Web
4033,141,2024-04-03,Completado,WhatsApp
4034,912,2025-07-13,En preparacion,Web
4035,753,2025-11-29,Completado,Web
4036,700,2024-05-26,completado,Web
4037,534,2024-03-08,Completado,Tienda fisica
4038,252,2026-07-04,Completado,Web
4039,994,2024-01-03,Completado,App
4040,855,2024-10-02,Completado,Tienda fisica
4041,742,2024-10-24,Completado,Web
4042,959,2025-07-12,Completado,Tienda fisica
4043,396,2024-12-02,Completado,WhatsApp
4044,926,2025-11-29,Completado,Web
4045,781,2025-09-07,Completado,App
4046,396,2025-11-03,Completado,App
4047,214,2024-05-07,Completado,App
4048,994,2026-06-07,Completado,Web
4049,281,2025-12-21,Completado,Web
4050,565,2024-03-28,completado,App
4051,657,2025-09-16,Completado,Web
4052,667,2026-07-15,Cancelado,App
4053,742,2025-03-02,Completado,App
4054,70,2024-06-25,Completado,Web
4055,430,2026-03-07,Completado,Web
4056,691,2025-08-28,Cancelado,Web
4057,119,2025-05-25,Completado,Tienda fisica
4058,534,2024-04-07,Completado,Web
4059,637,2024-12-06,Completado,Web
4060,164,2025-05-27,Completado,Marketplace
4061,965,2024-03-24,Completado,Web
4062,5,2026-04-23,Completado,Tienda fisica
4063,575,2025-02-02,Completado,App
4064,308,2024-04-12,Pendiente,Web
4065,590,2025-08-16,Completado,Web
4066,928,2024-12-30,Completado,App
4067,505,2026-02-20,Completado,Web
4068,278,2025-02-25,Completado,Web
4069,675,2024-09-21,Completado,Web
4070,883,2024-11-20,Completado,Tienda fisica
4071,28,2025-09-17,Completado,Web
4072,960,2025-12-20,Completado,Tienda fisica
4073,146,2024-06-04,en preparacion,WhatsApp
4074,161,2024-07-09,Completado,Marketplace
4075,506,2026-07-24,Completado,Tienda fisica
4076,937,2024-06-14,Completado,App
4077,2,2024-06-12,Completado,Tienda fisica
4078,121,2025-11-15,Completado,WhatsApp
4079,132,2025-07-27,Completado,Web
4080,816,2024-11-22,Completado,Web
4081,10,2025-03-31,Completado,Marketplace
4082,238,2024-05-31,Completado,App
4083,270,2024-04-24,Completado,Web
4084,534,2024-11-09,Completado,App
4085,594,2026-04-10,Pendiente,WhatsApp
4086,766,2025-11-05,En preparacion,Web
4087,920,2024-12-30,Completado,Web
4088,430,2024-12-31,Completado,Web
4089,20,2024-10-09,Completado,Tienda fisica
4090,395,2024-12-13,Completado,Web
4091,340,2024-12-23,Completado,Marketplace
4092,926,2025-07-13,Completado,Marketplace
4093,122,2026-05-23,Completado,Web
4094,754,2026-06-10,Completado,Web
4095,713,2025-11-20,Completado,Web
4096,396,2025-11-19,Completado,Tienda fisica
4097,400,2026-05-12,Completado,WhatsApp
4098,160,2026-08-11,En preparacion,Tienda fisica
4099,68,2025-12-15,Completado,TIENDA FISICA
4100,716,2026-02-13,Completado,Web
4101,612,2024-05-30,Completado,Web
4102,743,2024-07-12,Completado,Tienda fisica
4103,883,2026-05-16,Completado,Web
4104,200,2024-11-21,Completado,Web
4105,535,2026-03-18,Completado,Web
4106,345,2024-08-17,Completado,Tienda fisica
4107,729,2024-09-23,Pendiente,Tienda fisica
4108,563,2024-11-06,Completado,Web
4109,802,2026-06-13,Pendiente,App
4110,857,2025-06-26,Pendiente,Tienda fisica
4111,965,2024-04-20,Completado,Web
4112,692,2025-05-08,Completado,Tienda fisica
4113,3,2024-04-18,Completado,App
4114,80,2025-01-29,Completado,Marketplace
4115,711,2024-07-04,Completado,Web
4116,970,2025-02-21,Completado,Tienda fisica
4117,970,2024-09-29,Completado,App
4118,469,2025-05-11,Completado,Web
4119,628,2025-05-02,En preparacion,App
4120,942,2025-05-17,Completado,Web
4121,60,2025-03-29,Completado,Tienda fisica
4122,412,2025-11-22,Completado,WEB
4123,5,2026-04-10,Completado,WEB
4124,696,2026-01-12,Completado,Web
4125,926,2026-05-02,Completado,Web
4126,784,2025-08-25,Cancelado,Tienda fisica
4127,812,2024-03-22,Completado,Tienda fisica
4128,399,2025-01-06,Completado,Marketplace
4129,468,2025-01-30,Completado,Marketplace
4130,328,2024-11-30,Completado,Web
4131,342,2026-03-22,Completado,Tienda fisica
4132,876,2024-12-02,Completado,WhatsApp
4133,119,2025-01-18,Completado,Web
4134,22,2024-06-06,Completado,Web
4135,466,2026-03-07,Completado,App
4136,935,2025-09-21,Cancelado,Tienda fisica
4137,390,2025-03-23,Completado,WhatsApp
4138,977,2025-09-04,Completado,App
4139,278,2025-09-01,Completado,Web
4140,816,2024-04-30,Completado,Web
4141,838,2025-08-18,Completado,Marketplace
4142,733,2024-11-24,Completado,Web
4143,637,2025-12-06,Completado,Web
4144,994,2026-07-26,Completado,WhatsApp
4145,253,2024-12-06,Completado,Tienda fisica
4146,606,2025-11-17,Completado,App
4147,815,2024-04-25,Completado,Web
4148,7,2025-04-12,Cancelado,Marketplace
4149,399,2025-06-25,Completado,Web
4150,496,2024-04-25,Completado,Web
4151,871,2026-02-16,Completado,Web
4152,239,2026-05-25,Completado,Tienda fisica
4153,315,2024-12-09,completado,Web
4154,285,2024-04-12,Completado,Tienda fisica
4155,294,2024-03-21,En preparacion,Web
4156,944,2026-06-28,Completado,Web
4157,688,2025-12-26,Completado,App
4158,801,2024-09-22,Completado,Marketplace
4159,822,2025-10-29,Completado,Tienda fisica
4160,359,2026-03-27,Completado,App
4161,603,2024-04-25,Completado,Web
4162,233,2026-03-30,Completado,Tienda fisica
4163,128,2025-01-24,Completado,Tienda fisica
4164,940,2026-03-31,Completado,Web
4165,857,2024-07-19,Completado,Tienda fisica
4166,828,2024-08-11,Completado,Web
4167,658,2024-05-04,Completado,Web
4168,118,2024-06-29,Completado,Web
4169,965,2024-03-11,Cancelado,Web
4170,815,2026-07-24,Completado,App
4171,796,2024-10-14,completado,Tienda fisica
4172,492,2025-11-08,Completado,App
4173,686,2026-03-20,Completado,WhatsApp
4174,855,2025-07-13,Completado,Web
4175,923,2024-07-29,Completado,Web
4176,750,2024-01-30,Completado,Tienda fisica
4177,977,2026-01-02,Completado,Web
4178,652,2024-06-24,Completado,Web
4179,293,2025-11-28,Pendiente,WEB
4180,652,2026-07-31,Completado,Tienda fisica
4181,141,2024-04-12,Completado,App
4182,451,2026-06-29,Completado,Tienda fisica
4183,475,2026-06-06,En preparacion,Tienda fisica
4184,951,2024-12-31,Completado,Tienda fisica
4185,711,2026-06-05,Completado,APP
4186,805,2024-08-03,Completado,Web
4187,626,2025-05-14,Completado,Tienda fisica
4188,79,2025-10-18,Completado,Tienda fisica
4189,548,2024-01-03,Completado,App
4190,430,2026-02-06,Completado,App
4191,736,2025-03-22,Completado,Tienda fisica
4192,306,2026-04-03,Completado,Web
4193,808,2026-03-30,Completado,Web
4194,752,2024-05-10,Completado,App
4195,762,2024-06-22,Completado,App
4196,118,2026-08-25,Completado,Web
4197,733,2025-04-01,Completado,Web
4198,977,2025-05-15,Completado,Web
4199,46,2025-04-27,Completado,Web
4200,693,2025-01-17,Completado,App
4201,495,2026-03-19,Completado,Web
4202,784,2025-12-13,Completado,Marketplace
4203,173,2025-01-10,Completado,Web
4204,409,2024-08-26,Completado,Tienda fisica
4205,233,2025-12-01,Completado,Web
4206,5,2025-12-22,Completado,Marketplace
4207,713,2025-05-12,Completado,WhatsApp
4208,378,2026-07-11,Completado,Tienda fisica
4209,534,2024-11-07,Completado,Tienda fisica
4210,294,2025-05-03,Completado,Tienda fisica
4211,234,2026-08-20,Completado,App
4212,519,2026-08-29,Completado,Web
4213,318,2025-09-12,Completado,Web
4214,58,2025-10-18,Completado,Web
4215,198,2024-08-16,Completado,Tienda fisica
4216,973,2025-07-06,Completado,Tienda fisica
4217,534,2026-03-02,Completado,Tienda fisica
4218,642,2024-06-04,Completado,Web
4219,739,2026-05-21,Pendiente,Marketplace
4220,990,2024-03-08,Completado,Tienda fisica
4221,179,2026-03-08,Completado,App
4222,512,2026-06-24,Completado,Web
4223,519,2025-03-26,Cancelado,Marketplace
4224,959,2026-01-15,Completado,Web
4225,388,2024-05-16,Completado,Tienda fisica
4226,265,2025-12-01,Completado,Web
4227,74,2025-08-23,Cancelado,App
4228,99,2025-02-05,Completado,Web
4229,525,2025-12-06,Completado,App
4230,66,2025-04-19,Completado,WhatsApp
4231,711,2024-03-29,Completado,App
4232,474,2024-05-10,Cancelado,App
4233,567,2024-01-11,Completado,App
4234,653,2026-05-02,Completado ,Web
4235,970,2025-04-26,Completado,Tienda fisica
4236,164,2024-08-07,Completado,Web
4237,391,2024-05-12,Completado,Web
4238,811,2026-02-09,Completado,Web
4239,293,2025-03-30,Completado,Tienda fisica
4240,977,2025-03-14,Completado,App
4241,348,2024-02-20,Completado,App
4242,504,2026-05-08,Completado,Marketplace
4243,464,2026-01-11,Completado,Tienda fisica
4244,359,2026-03-20,Completado,Tienda fisica
4245,350,2026-01-30,Completado,App
4246,626,2025-05-17,Completado,Tienda fisica
4247,205,2025-02-17,Completado,Web
4248,416,2024-12-25,Completado,App
4249,468,2025-04-05,En preparacion,App
4250,606,2025-12-30,Completado,WhatsApp
4251,438,2025-03-24,Pendiente,Tienda fisica
4252,51,2025-12-09,Completado,WhatsApp
4253,984,2024-09-04,Completado,Tienda fisica
4254,423,2025-09-20,Completado,Web
4255,435,2024-07-05,Completado,Tienda fisica
4256,33,2025-12-17,Completado,Tienda fisica
4257,868,2024-12-29,Completado,Tienda fisica
4258,794,2025-12-17,En preparacion,Tienda fisica
4259,293,2024-11-30,Completado,Tienda fisica
4260,994,2026-03-24,Completado,Tienda fisica
4261,164,2025-04-12,Completado,Web
4262,9,2024-01-11,Completado,Web
4263,857,2025-12-11,Completado,Marketplace
4264,942,2025-11-24,Completado,Marketplace
4265,623,2024-02-25,Completado,Tienda fisica
4266,576,2026-08-07,Cancelado,Marketplace
4267,468,2024-11-22,Completado,Web
4268,765,2025-09-21,Completado,App
4269,590,2025-04-02,Completado,Web
4270,719,2025-05-08,Completado,Tienda fisica
4271,847,2026-04-07,Completado,App
4272,811,2025-12-04,Completado,Tienda fisica
4273,522,2025-08-01,Pendiente,Web
4274,520,2025-01-04,Completado,Web
4275,645,2025-08-07,Completado,App
4276,607,2025-03-07,Completado,Tienda fisica
4277,766,2025-04-15,Cancelado,Tienda fisica
4278,536,2025-06-06,Completado,Web
4279,390,2026-01-14,En preparacion,Tienda fisica
4280,857,2024-04-20,Completado,Marketplace
4281,413,2024-12-08,Completado,Web
4282,524,2025-09-24,Completado,Web
4283,812,2025-08-11,Completado,WhatsApp
4284,171,2024-09-29,Completado,Tienda fisica
4285,143,2025-08-29,Completado,App
4286,663,2024-11-11,Completado,Web
4287,855,2026-03-12,Completado,Tienda fisica
4288,430,2024-01-14,Completado,App
4289,336,2026-04-02,Pendiente,Marketplace
4290,28,2026-07-31,Completado,Marketplace
4291,118,2026-02-10,Completado,Web
4292,567,2024-10-03,Completado,App
4293,542,2026-03-29,Completado,App
4294,431,2024-10-29,Cancelado,Tienda fisica
4295,450,2026-07-21,Completado,Web
4296,944,2025-02-12,Completado,Tienda fisica
4297,270,2024-02-16,Completado,App
4298,428,2024-04-20,Completado,Marketplace
4299,70,2024-12-09,Completado,Web
4300,130,2024-07-20,Completado,TIENDA FISICA
4301,481,2024-07-11,Completado,App
4302,767,2026-02-04,Completado,App
4303,364,2024-12-20,Pendiente,WhatsApp
4304,320,2025-11-28,Completado,Web
4305,623,2025-05-03,Completado,Tienda fisica
4306,893,2025-01-29,Completado,Web
4307,340,2024-11-19,Completado,WhatsApp
4308,281,2024-08-30,Completado,Tienda fisica
4309,925,2025-01-24,Completado,Web
4310,90,2026-05-13,Completado,Tienda fisica
4311,516,2024-03-19,Completado,Tienda fisica
4312,119,2024-03-31,Completado,Web
4313,320,2026-07-14,Completado,Web
4314,504,2026-03-04,Completado,Tienda fisica
4315,855,2024-11-14,Completado,WhatsApp
4316,2,2024-10-09,Completado,Web
4317,80,2025-09-21,Completado,Web
4318,994,2025-01-21,Completado,Tienda fisica
4319,837,2024-11-27,Completado,Tienda fisica
4320,211,2025-04-20,Completado,Web
4321,970,2025-08-26,Completado,Web
4322,599,2024-12-21,Completado,Tienda fisica
4323,481,2025-12-24,Cancelado,App
4324,88,2024-10-24,Completado,Web
4325,378,2026-02-18,Completado,App
4326,206,2025-11-05,Completado,Web
4327,644,2024-06-08,Completado,Tienda fisica
4328,345,2024-12-29,Completado,Marketplace
4329,436,2025-03-14,completado,Web
4330,253,2025-10-04,Completado,App
4331,318,2024-09-25,Completado,Web
4332,510,2025-04-09,Completado,Web
4333,164,2025-12-10,Cancelado,Web
4334,80,2024-12-13,Completado,Web
4335,792,2026-05-20,Pendiente,App
4336,68,2024-04-17,Cancelado,Web
4337,117,2025-01-07,Completado,Tienda fisica
4338,275,2026-07-22,Completado,Web
4339,310,2026-02-03,Completado,Marketplace
4340,604,2025-10-16,Completado,Tienda fisica
4341,358,2025-12-03,Completado,Web
4342,35,2025-12-23,Cancelado,Web
4343,364,2024-12-28,Completado,WhatsApp
4344,450,2026-06-18,Completado,App
4345,652,2025-09-13,Pendiente,WhatsApp
4346,970,2025-08-04,Cancelado,Tienda fisica
4347,151,2025-11-09,Completado,Web
4348,206,2025-04-08,Completado,Tienda fisica
4349,448,2025-02-15,Completado,Marketplace
4350,117,2024-10-02,Completado,Web
4351,281,2024-11-08,Completado,App
4352,401,2024-03-21,Completado,App
4353,345,2026-03-02,Completado,Tienda fisica
4354,469,2025-07-15,Completado,Web
4355,576,2024-07-11,Completado,Web
4356,292,2025-07-18,Completado,Marketplace
4357,805,2024-04-28,Completado,WEB
4358,285,2025-12-21,Completado,App
4359,68,2026-03-13,Completado,App
4360,587,2025-12-06,Cancelado,Web
4361,962,2024-09-16,Completado,App
4362,628,2025-10-28,Completado,App
4363,643,2025-08-05,Completado,Web
4364,161,2026-08-16,completado ,Web
4365,272,2025-09-13,Cancelado,Web
4366,217,2025-04-25,Completado,Web
4367,652,2024-02-22,Completado,Tienda fisica
4368,663,2025-05-19,Completado,Web
4369,765,2025-03-01,Cancelado,Web
4370,437,2024-12-31,Completado,Web
4371,474,2024-05-24,Completado,Web
4372,576,2026-08-24,Completado,Web
4373,517,2025-12-27,Completado,Web
4374,535,2024-11-28,Completado,Web
4375,712,2026-01-12,Completado,Tienda fisica
4376,253,2025-04-12,Completado ,Web
4377,4,2025-11-30,Completado,Web
4378,296,2025-10-18,Completado,Web
4379,248,2024-01-15,Completado,Web
4380,396,2025-11-22,Completado,Web
4381,926,2026-01-17,Completado,WhatsApp
4382,633,2024-11-09,Pendiente ,Web
4383,254,2026-03-17,Completado,Tienda fisica
4384,474,2026-04-11,Completado,WhatsApp
4385,852,2025-01-29,Completado,Web
4386,146,2024-12-29,Completado,Web
4387,35,2025-12-08,Completado,Marketplace
4388,92,2024-11-16,Completado,App
4389,362,2024-07-13,Pendiente,Tienda fisica
4390,578,2026-06-25,Completado,App
4391,179,2024-03-21,Completado,App
4392,867,2026-05-02,Completado,App
4393,199,2025-04-20,Completado,Web
4394,691,2025-01-02,Pendiente,Tienda fisica
4395,652,2024-09-06,Completado,Tienda fisica
4396,603,2024-10-27,Completado,Marketplace
4397,233,2024-12-12,Cancelado,Web
4398,522,2025-10-03,Completado,Web
4399,937,2025-06-14,Completado,Web
4400,429,2025-10-10,cancelado,Web
4401,304,2024-12-13,Completado,Marketplace
4402,940,2025-10-27,Completado,Web
4403,883,2026-06-03,Completado,Web
4404,271,2024-10-28,Completado,Web
4405,876,2024-05-11,Completado,Tienda fisica
4406,802,2025-06-13,Completado,App
4407,920,2025-09-26,Completado,Marketplace
4408,74,2025-07-18,Completado,WhatsApp
4409,261,2026-05-19,Completado,App
4410,482,2025-07-23,Completado,App
4411,519,2025-06-28,Cancelado,App
4412,994,2025-07-22,Completado,Web
4413,623,2025-06-07,Completado,App
4414,578,2024-10-29,Completado,Tienda fisica
4415,89,2026-02-17,Completado,Tienda fisica
4416,151,2024-01-08,Completado,App
4417,402,2026-03-05,Completado,Web
4418,536,2025-06-27,Completado,Web
4419,315,2024-05-23,Cancelado,Web
4420,269,2024-06-24,Completado,Marketplace
4421,7,2025-08-19,Completado,Web
4422,889,2026-06-03,Completado,Tienda fisica
4423,571,2024-05-17,Completado,Tienda fisica
4424,855,2025-05-07,Completado,Tienda fisica
4425,381,2024-11-21,Completado,App
4426,802,2024-12-09,Completado,Web
4427,358,2025-11-03,Completado,Tienda fisica
4428,713,2025-02-23,Completado,Web
4429,359,2026-06-17,Completado,App
4430,750,2025-05-31,Completado,Tienda fisica
4431,168,2024-07-28,Completado,Marketplace
4432,239,2025-07-11,Completado,Web
4433,320,2025-03-06,Completado,Marketplace
4434,362,2024-11-07,Completado,Web
4435,64,2025-09-17,completado,Tienda fisica
4436,437,2024-07-11,Cancelado,Web
4437,926,2026-06-25,Completado,Web
4438,399,2026-03-18,Completado,Marketplace
4439,155,2024-09-28,Completado,Web
4440,837,2024-06-15,Completado,Tienda fisica
4441,587,2025-03-28,Completado,Web
4442,205,2024-03-23,Completado,Web
4443,983,2024-11-13,Completado,Tienda fisica
4444,219,2024-01-18,Completado,Tienda fisica
4445,179,2024-08-08,Cancelado,Web
4446,522,2024-11-13,Completado,Web
4447,603,2024-11-25,Completado,Web
4448,581,2025-12-12,Completado,WhatsApp
4449,469,2026-07-01,Completado,Web
4450,973,2024-12-25,Completado,App
4451,390,2024-05-25,Completado,Marketplace
4452,278,2026-04-03,Completado,Web
4453,925,2024-08-31,Completado,Marketplace
4454,484,2024-01-23,Completado,Web
4455,39,2024-11-24,Completado,Tienda fisica
4456,837,2024-07-08,Completado,App
4457,505,2024-05-24,Pendiente,Marketplace
4458,853,2026-08-15,Completado,App
4459,652,2024-10-16,Completado,Tienda fisica
4460,743,2025-06-26,Completado,Web
4461,475,2024-07-02,Completado,Web
4462,181,2024-04-03,Completado,Tienda fisica
4463,994,2025-02-06,Completado,Web
4464,458,2026-03-07,Completado,WhatsApp
4465,509,2026-04-20,Completado,Web
4466,829,2025-12-20,Completado,Tienda fisica
4467,779,2025-02-18,Completado,Tienda fisica
4468,84,2024-08-26,Cancelado,App
4469,643,2026-03-17,Completado,Web
4470,618,2024-12-24,Completado,Web
4471,404,2026-06-06,Completado,Web
4472,278,2024-04-27,Completado,App
4473,121,2024-03-25,Completado,Web
4474,973,2025-06-30,Completado,Marketplace
4475,162,2025-12-04,Completado,Marketplace
4476,817,2024-03-08,Completado,Web
4477,536,2024-09-11,Completado,Web
4478,139,2026-02-14,Completado,Tienda fisica
4479,617,2024-11-02,Completado,Tienda fisica
4480,310,2026-04-12,Completado,WhatsApp
4481,984,2024-10-24,Completado,Tienda fisica
4482,318,2024-10-01,Cancelado,WhatsApp
4483,940,2026-03-26,Completado,Web
4484,205,2024-05-26,Completado,Web
4485,409,2024-12-28,Completado,Web
4486,762,2025-05-15,Completado,Tienda fisica
4487,183,2024-02-17,Completado,Web
4488,994,2024-11-13,Completado,App
4489,468,2026-04-10,Completado,Marketplace
4490,621,2025-07-04,Cancelado,Web
4491,249,2024-06-01,Cancelado,App
4492,164,2024-05-02,Completado,Web
4493,713,2024-11-03,Completado,App
4494,248,2025-03-24,Completado,App
4495,655,2025-05-13,Completado,Web
4496,5,2025-12-26,Completado,Web
4497,186,2025-05-02,Completado,App
4498,784,2024-06-26,Completado,Marketplace
4499,442,2024-09-12,Completado,App
4500,711,2026-04-24,Completado,App
4501,430,2025-12-29,Completado,Web
4502,3,2025-12-03,Completado,Web
4503,559,2026-02-06,Completado,App
4504,442,2025-06-25,Completado,Tienda fisica
4505,495,2024-07-04,Completado,Tienda fisica
4506,342,2026-03-20,Completado,Tienda fisica
4507,937,2024-07-06,Completado,Web
4508,823,2024-12-14,Pendiente,Web
4509,925,2024-12-23,Cancelado,App
4510,442,2024-11-02,Completado,App
4511,691,2024-05-02,Completado,Web
4512,958,2024-04-22,Completado,Web
4513,711,2024-05-30,Completado,Tienda fisica
4514,733,2026-07-14,Cancelado,Web
4515,522,2024-10-09,Completado,Tienda fisica
4516,381,2024-02-06,Completado,WhatsApp
4517,238,2026-02-09,Pendiente,WhatsApp
4518,603,2024-05-11,Completado,WhatsApp
4519,362,2025-12-17,Completado,Tienda fisica
4520,959,2025-04-16,Completado,Tienda fisica
4521,55,2026-08-18,Completado,Web
4522,248,2024-01-17,Completado,Web
4523,947,2026-05-23,Completado,Web
4524,474,2025-04-09,Completado,WhatsApp
4525,55,2025-11-07,Completado,Web
4526,481,2025-05-13,Completado,Tienda fisica
4527,336,2025-10-25,Completado,Marketplace
4528,468,2024-11-03,Completado,Web
4529,716,2024-04-12,Completado,Tienda fisica
4530,438,2025-05-07,Completado,Tienda fisica
4531,289,2024-07-21,Cancelado,WhatsApp
4532,442,2024-04-06,Completado,Web
4533,182,2025-11-14,Completado,App
4534,811,2024-02-25,Completado,Web
4535,310,2024-09-08,Completado,Marketplace
4536,928,2026-07-25,Cancelado,App
4537,214,2025-03-29,Completado,Tienda fisica
4538,567,2025-05-28,Completado,Tienda fisica
4539,318,2024-05-02,Completado,WhatsApp
4540,762,2024-11-14,Completado,Tienda fisica
4541,119,2024-01-06,Completado,Marketplace
4542,716,2025-12-04,Completado,TIENDA FISICA
4543,652,2024-06-14,Completado,App
4544,296,2026-08-19,Completado,App
4545,907,2026-06-29,Completado,App
4546,495,2024-04-16,En preparacion,Web
4547,546,2024-08-17,Completado,App
4548,395,2026-06-27,Completado,Tienda fisica
4549,837,2025-11-21,Completado,Tienda fisica
4550,547,2026-03-21,Completado,App
4551,219,2025-05-17,Completado,App
4552,294,2024-10-12,Completado,App
4553,46,2026-04-15,Completado,App
4554,270,2024-05-18,Completado,Tienda fisica
4555,165,2026-06-27,Completado,App
4556,820,2025-07-04,Completado,Tienda fisica
4557,738,2025-10-26,Completado,Web
4558,748,2026-06-30,Completado,Web
4559,457,2024-09-02,Completado,WhatsApp
4560,7,2025-04-11,Completado,Web
4561,119,2024-09-09,Cancelado,Web
4562,381,2024-01-08,Completado,App
4563,119,2024-01-23,Completado,Tienda fisica
4564,106,2026-07-29,Pendiente,Web
4565,429,2026-07-22,Pendiente,Web
4566,625,2026-02-12,Completado,Web
4567,416,2026-01-02,Completado,Tienda fisica
4568,652,2026-04-02,Completado,Tienda fisica
4569,843,2025-10-02,Completado,Web
4570,937,2024-11-19,Completado,App
4571,697,2025-09-04,Completado,Web
4572,38,2025-04-11,Completado,Tienda fisica
4573,534,2026-02-09,Completado,App
4574,604,2025-01-06,En preparacion,Marketplace
4575,961,2025-11-05,Completado,Web
4576,986,2026-03-15,Cancelado,Tienda fisica
4577,41,2024-08-04,Completado,Web
4578,442,2024-10-01,Completado,Tienda fisica
4579,494,2026-04-09,Completado,Marketplace
4580,281,2024-11-30,Completado,Web
4581,637,2024-12-28,Completado,App
4582,480,2024-04-16,Completado,App
4583,547,2025-07-05,Completado,Web
4584,603,2024-07-18,Completado,Tienda fisica
4585,713,2024-08-24,Completado,Web
4586,289,2024-03-21,Completado,WhatsApp
4587,362,2025-07-08,Completado,Web
4588,105,2024-08-07,Completado,Tienda fisica
4589,278,2024-08-10,Completado,Web
4590,933,2025-04-05,Completado,Web
4591,436,2025-04-06,Completado,APP
4592,233,2024-07-10,Completado,Tienda fisica
4593,179,2025-03-15,Completado,App
4594,986,2026-01-15,Completado,Tienda fisica
4595,125,2024-12-30,Completado,App
4596,575,2025-11-26,Completado,App
4597,122,2024-01-12,Completado,App
4598,381,2026-03-28,Completado,WhatsApp
4599,675,2024-12-06,Completado,Web
4600,3,2024-11-02,Completado,Tienda fisica
4601,903,2026-03-16,Completado,Web
4602,396,2025-06-06,Completado,WhatsApp
4603,780,2026-07-29,Completado,WhatsApp
4604,510,2026-08-01,Completado,App
4605,331,2026-02-11,Completado,Tienda fisica
4606,575,2025-12-16,Completado,Tienda fisica
4607,954,2024-12-09,Completado,Web
4608,628,2026-07-07,Cancelado,App
4609,869,2024-11-05,Completado,Web
4610,384,2026-08-01,Completado,App
4611,965,2024-07-25,Completado,Web
4612,943,2025-03-06,En preparacion,Tienda fisica
4613,336,2024-04-22,Completado,WhatsApp
4614,599,2024-12-12,Cancelado,Tienda fisica
4615,238,2024-12-09,Completado,Web
4616,994,2026-07-11,Completado,App
4617,442,2024-04-20,Completado,Web
4618,933,2026-03-02,Completado,Web
4619,348,2025-11-10,En preparacion,Tienda fisica
4620,385,2026-07-08,Completado,Tienda fisica
4621,535,2025-09-23,Completado,Web
4622,601,2025-09-19,Completado,Web
4623,750,2025-04-26,Completado,WEB
4624,361,2025-12-25,Completado,App
4625,151,2024-03-02,Completado,Tienda fisica
4626,833,2024-11-29,Completado,Web
4627,711,2024-12-28,Completado,Web
4628,573,2024-12-06,Completado,Marketplace
4629,104,2024-09-01,Completado,Tienda fisica
4630,461,2024-05-03,Completado,App
4631,734,2025-10-27,Completado,Web
4632,409,2024-11-14,Completado,App
4633,977,2026-08-23,Completado,Marketplace
4634,981,2025-07-12,Completado,WhatsApp
4635,841,2025-09-22,En preparacion,Tienda fisica
4636,734,2025-03-08,Completado,App
4637,590,2026-01-28,Cancelado,Marketplace
4638,276,2025-12-19,Completado,Web
4639,417,2025-08-30,Cancelado,App
4640,486,2026-02-14,Completado,Tienda fisica
4641,132,2026-06-14,Completado,Web
4642,239,2026-07-18,Completado,Web
4643,88,2024-12-17,Cancelado,Web
4644,130,2026-03-24,Completado,MARKETPLACE
4645,783,2024-08-06,Completado,Tienda fisica
4646,293,2025-12-01,En preparacion,App
4647,767,2024-04-06,Completado,Web
4648,449,2024-08-13,Pendiente,Marketplace
4649,945,2024-09-21,Completado,Web
4650,995,2026-01-05,Completado,Tienda fisica
4651,519,2025-04-22,Cancelado,Web
4652,971,2024-12-10,Completado,Web
4653,567,2024-07-01,Pendiente,App
4654,385,2025-12-27,Completado,Tienda fisica
4655,164,2024-04-15,Completado,Web
4656,977,2024-10-01,Completado,Web
4657,3,2024-06-25,Pendiente,Web
4658,994,2025-04-05,Completado,WhatsApp
4659,77,2025-12-11,Completado,Tienda fisica
4660,965,2024-03-11,Completado,Tienda fisica
4661,965,2024-05-08,Completado,Web
4662,99,2024-09-08,Completado,Web
4663,364,2024-02-17,Completado,Web
4664,486,2025-09-03,Completado,Web
4665,253,2024-06-19,Completado,Tienda fisica
4666,811,2024-12-31,Completado,Web
4667,438,2025-08-03,Completado,Web
4668,33,2026-08-29,Completado,App
4669,253,2024-06-10,Completado,App
4670,317,2026-03-26,Completado,App
4671,404,2024-06-30,Completado,App
4672,205,2025-05-06,Completado,Web
4673,613,2024-05-15,Completado,Web
4674,227,2026-03-07,Completado,WhatsApp
4675,575,2024-08-06,Completado,App
4676,179,2024-07-13,Pendiente,Tienda fisica
4677,391,2024-11-25,Completado,Web
4678,977,2024-12-07,Completado,Web
4679,534,2024-11-13,Completado,Marketplace
4680,841,2024-12-25,Completado,Tienda fisica
4681,291,2024-08-05,Completado,WEB
4682,970,2024-07-28,Pendiente,Marketplace
4683,998,2025-12-30,Completado,Tienda fisica
4684,663,2025-04-04,Completado,Web
4685,652,2025-02-23,Completado,Tienda fisica
4686,68,2024-12-06,Completado,Web
4687,246,2024-11-01,Completado,Tienda fisica
4688,858,2024-07-03,Completado,WhatsApp
4689,177,2024-12-26,completado,Tienda fisica
4690,407,2026-04-15,Completado,Web
4691,716,2025-08-16,Completado,WhatsApp
4692,439,2024-01-15,Completado,WhatsApp
4693,331,2026-01-21,Completado,App
4694,836,2026-02-22,Pendiente,Web
4695,138,2026-07-23,Completado,Marketplace
4696,628,2024-02-24,Completado,Web
4697,837,2024-09-28,Completado,Tienda fisica
4698,663,2024-04-16,Completado,Marketplace
4699,960,2024-03-20,Completado,App
4700,66,2025-08-19,Completado,WEB
4701,10,2025-12-07,Completado,WhatsApp
4702,932,2024-04-12,Completado,App
4703,438,2025-04-12,Completado,Tienda fisica
4704,396,2025-12-01,Completado,Web
4705,590,2026-04-04,Completado,Marketplace
4706,281,2024-11-18,completado,Web
4707,948,2024-01-28,Pendiente,Tienda fisica
4708,70,2026-03-02,Completado,App
4709,693,2024-11-08,Completado,Web
4710,779,2026-06-26,Completado,App
4711,779,2024-06-06,Completado,Tienda fisica
4712,959,2025-11-26,Completado,Marketplace
4713,750,2024-06-01,Completado,Web
4714,599,2024-10-10,Pendiente,Marketplace
4715,855,2024-11-25,Completado,WhatsApp
4716,299,2025-09-05,Completado,Web
4717,828,2026-07-04,Completado,Marketplace
4718,965,2025-06-13,Completado ,App
4719,334,2025-10-02,Completado,Web
4720,965,2024-01-22,Completado,App
4721,534,2024-06-02,Completado,Web
4722,233,2026-05-20,Completado,Tienda fisica
4723,945,2025-09-01,Completado,App
4724,855,2024-11-04,Completado,Tienda fisica
4725,948,2025-02-13,Cancelado,Web
4726,781,2026-05-25,Completado,Web
4727,534,2026-06-13,Completado,App
4728,181,2024-09-17,Completado,App
4729,977,2025-06-21,Completado,Marketplace
4730,2,2024-02-23,Completado,TIENDA FISICA
4731,469,2024-12-30,Completado,Web
4732,350,2024-08-27,Completado,Web
4733,948,2025-09-18,Cancelado,Web
4734,294,2025-10-09,Completado,Tienda fisica
4735,868,2024-12-01,Completado,Marketplace
4736,113,2026-08-23,Completado,Web
4737,115,2025-05-06,Cancelado,Tienda fisica
4738,637,2025-12-18,Completado,Marketplace
4739,663,2024-05-18,Completado,Marketplace
4740,677,2025-12-24,En preparacion,Web
4741,750,2026-08-16,Completado,Web
4742,675,2025-08-07,Completado,Web
4743,143,2025-08-02,Completado,Tienda fisica
4744,535,2025-08-27,Cancelado,App
4745,46,2025-08-14,Completado,Web
4746,66,2026-02-25,Completado,Web
4747,425,2026-08-29,Cancelado,Web
4748,119,2024-12-25,Completado,Web
4749,716,2025-04-15,En preparacion,App
4750,652,2024-01-17,Completado,WhatsApp
4751,670,2025-01-16,Completado,Web
4752,68,2025-11-13,Completado,Web
4753,156,2026-06-03,Completado,App
4754,572,2025-04-22,Completado,Web
4755,468,2024-12-05,Cancelado,App
4756,321,2024-04-06,En preparacion,App
4757,833,2024-11-29,Completado,Marketplace
4758,857,2024-01-24,Completado,Web
4759,281,2024-07-27,Completado,Tienda fisica
4760,536,2024-11-21,Completado,Web
4761,658,2026-06-13,Completado,WhatsApp
4762,295,2026-05-06,Completado,App
4763,943,2024-11-15,Completado,Tienda fisica
4764,493,2025-01-19,Completado,Tienda fisica
4765,977,2025-07-28,Completado,Marketplace
4766,520,2025-09-06,Completado,WhatsApp
4767,516,2024-04-24,Completado,WhatsApp
4768,336,2025-09-14,Completado,WhatsApp
4769,562,2025-11-19,Cancelado,Tienda fisica
4770,294,2024-05-15,Completado,Tienda fisica
4771,518,2024-04-30,Completado,Tienda fisica
4772,970,2024-07-30,Completado,Tienda fisica
4773,223,2025-05-01,Completado,Marketplace
4774,575,2026-01-23,Completado,WhatsApp
4775,712,2024-06-06,Completado,Tienda fisica
4776,948,2024-09-25,Completado,App
4777,502,2024-04-11,Cancelado,Tienda fisica
4778,970,2024-06-17,Completado,App
4779,284,2024-06-27,Completado,Web
4780,872,2024-06-21,Completado,Tienda fisica
4781,587,2025-11-28,Completado,Web
4782,9,2025-06-16,Completado,Marketplace
4783,518,2024-07-04,Pendiente,Web
4784,702,2025-04-15,Completado,WhatsApp
4785,310,2024-08-10,Completado,Web
4786,350,2025-09-18,Completado,Web
4787,191,2025-10-16,Completado,Web
4788,663,2026-07-13,Completado,Marketplace
4789,553,2025-09-28,Completado ,Tienda fisica
4790,658,2024-09-26,Completado,Web
4791,970,2026-06-09,Completado,App
4792,181,2025-02-10,Completado,Tienda fisica
4793,348,2024-12-09,Cancelado,Tienda fisica
4794,711,2026-05-09,Completado,Web
4795,492,2025-10-21,Completado,Web
4796,305,2024-10-27,Completado,App
4797,353,2026-03-24,Completado,App
4798,175,2026-01-06,Completado,Web
4799,173,2024-11-25,Completado,Marketplace
4800,416,2025-01-27,Completado,Tienda fisica
4801,54,2025-08-24,Completado,Web
4802,416,2026-08-06,Completado,Tienda fisica
4803,234,2025-12-12,Completado,App
4804,579,2025-06-07,Completado ,App
4805,223,2025-03-15,Completado,Tienda fisica
4806,567,2024-01-22,Completado,Web
4807,276,2026-04-24,Completado,Marketplace
4808,430,2025-12-12,Completado,Marketplace
4809,111,2024-12-28,Completado,Marketplace
4810,580,2025-04-12,Cancelado,WhatsApp
4811,765,2024-10-22,Completado,Tienda fisica
4812,489,2024-02-15,Cancelado,Web
4813,520,2024-09-28,Completado,Tienda fisica
4814,345,2024-08-15,Completado,Web
4815,33,2024-10-20,Completado,Tienda fisica
4816,400,2026-01-24,Completado,Tienda fisica
4817,817,2025-02-06,Completado,Tienda fisica
4818,385,2025-01-03,Completado,Web
4819,222,2024-12-22,cancelado,Tienda fisica
4820,573,2025-01-31,Completado,Web
4821,779,2024-09-23,Completado,Web
4822,463,2025-05-02,Completado,App
4823,942,2024-03-09,Completado,Web
4824,60,2024-12-28,Completado,Web
4825,453,2026-08-22,Completado,Web
4826,812,2026-04-06,Completado,Web
4827,239,2026-01-19,Cancelado,Tienda fisica
4828,762,2026-01-02,Pendiente,WhatsApp
4829,870,2024-12-07,Completado,Web
4830,868,2025-02-04,Cancelado,Web
4831,270,2024-11-10,Completado,Web
4832,251,2024-08-01,Completado,App
4833,932,2024-01-03,Completado,Tienda fisica
4834,603,2025-06-26,Completado,Web
4835,534,2024-03-04,Completado,App
4836,51,2024-10-03,Completado,Tienda fisica
4837,13,2026-05-08,Completado,Marketplace
4838,328,2024-12-01,Completado,Web
4839,457,2024-12-09,Completado,Web
4840,603,2024-12-15,Completado,Web
4841,200,2024-10-13,Completado,Web
4842,811,2024-06-27,En preparacion,Tienda fisica
4843,336,2025-12-18,Cancelado,Tienda fisica
4844,396,2025-08-26,Pendiente,Web
4845,238,2024-12-12,Completado,Web
4846,868,2025-03-18,Completado,Tienda fisica
4847,817,2024-12-30,Completado,Marketplace
4848,509,2025-10-17,Completado,Web
4849,17,2025-02-23,Completado,Web
4850,517,2026-04-02,Completado,Tienda fisica
4851,556,2024-03-29,Completado,Tienda fisica
4852,186,2026-04-23,Completado,Web
4853,57,2026-06-13,Completado,Tienda fisica
4854,358,2024-12-17,Completado,Web
4855,468,2026-06-25,Completado,Web
4856,816,2024-04-17,Completado,Web
4857,233,2024-05-23,Completado,App
4858,811,2025-12-30,En preparacion,Marketplace
4859,817,2025-02-08,Completado,Tienda fisica
4860,546,2025-08-02,Completado,Web
4861,565,2025-09-26,Completado ,Web
4862,826,2025-05-26,Completado,Tienda fisica
4863,599,2025-12-09,Completado,Tienda fisica
4864,14,2026-04-30,Completado,App
4865,546,2025-06-14,Completado,Web
4866,575,2024-01-06,Completado,App
4867,715,2025-08-27,Completado,Web
4868,423,2026-04-03,Completado,Tienda fisica
4869,430,2025-07-24,Completado,Web
4870,869,2024-06-20,En preparacion,WhatsApp
4871,285,2024-12-11,Completado,Web
4872,353,2024-06-18,Completado,App
4873,206,2025-10-17,Completado,Tienda fisica
4874,516,2024-12-13,Completado,Tienda fisica
4875,948,2024-10-14,Completado,Web
4876,779,2024-11-04,Completado,App
4877,396,2025-07-10,Completado,Tienda fisica
4878,553,2025-09-12,Cancelado,Marketplace
4879,345,2024-11-13,Completado,App
4880,324,2026-05-23,Cancelado,Tienda fisica
4881,963,2025-02-07,Completado,Web
4882,353,2025-09-09,Completado,Web
4883,859,2026-06-24,Completado,Web
4884,368,2026-07-01,Completado,Web
4885,658,2024-08-09,Completado,Marketplace
4886,58,2024-11-02,Completado,Tienda fisica
4887,283,2025-03-19,Cancelado,App
4888,812,2024-11-15,Completado,Tienda fisica
4889,599,2026-04-06,Pendiente,WhatsApp
4890,944,2025-09-19,Completado,App
4891,3,2025-04-06,Completado,Web
4892,704,2025-11-16,Completado,Web
4893,962,2025-11-20,Completado,App
4894,691,2024-11-02,Completado,Web
4895,99,2024-10-22,Completado,Marketplace
4896,295,2024-12-19,Cancelado,Tienda fisica
4897,63,2024-07-02,Completado,Marketplace
4898,586,2025-11-14,Completado,Tienda fisica
4899,663,2024-02-24,Completado,Tienda fisica
4900,663,2024-08-06,Completado,Web
4901,840,2026-05-22,Completado,Tienda fisica
4902,318,2024-03-23,Completado,Web
4903,480,2025-12-23,Completado,Web
4904,841,2024-04-01,En preparacion,App
4905,612,2025-03-18,Completado,App
4906,396,2025-02-25,Completado,Tienda fisica
4907,713,2025-10-07,Completado,App
4908,155,2024-12-06,Completado,App
4909,70,2025-10-18,Completado,Tienda fisica
4910,988,2025-12-05,Completado,App
4911,733,2025-07-01,Completado,Web
4912,276,2025-12-07,Completado,Web
4913,971,2024-08-02,Completado,App
4914,179,2026-04-10,Cancelado,Marketplace
4915,362,2024-06-27,Completado,App
4916,5,2026-01-24,Completado,Web
4917,251,2026-06-28,Completado,App
4918,873,2025-07-05,Completado,Tienda fisica
4919,571,2024-08-17,Completado,App
4920,711,2025-02-18,Completado,Tienda fisica
4921,642,2024-04-20,Completado,App
4922,674,2026-06-10,En preparacion,Web
4923,534,2025-07-26,Completado,Web
4924,962,2024-05-06,Completado,App
4925,606,2024-10-25,Completado,App
4926,224,2025-05-26,Completado,App
4927,281,2024-01-11,Completado,App
4928,838,2026-06-04,Completado,Web
4929,159,2026-07-27,Completado,Web
4930,447,2026-03-13,Completado,Tienda fisica
4931,691,2025-10-10,Completado,Web
4932,801,2025-08-23,Completado,Web
4933,58,2024-03-05,Completado,Web
4934,119,2025-01-31,Completado,Web
4935,19,2026-05-01,Completado,Tienda fisica
4936,637,2025-06-02,Completado,Tienda fisica
4937,68,2024-09-22,Completado,Web
4938,179,2025-01-30,Completado,Marketplace
4939,741,2024-03-02,Completado,Web
4940,177,2026-05-30,Completado,Web
4941,119,2024-09-27,Completado,App
4942,323,2025-08-09,Completado,Web
4943,994,2026-01-10,Completado,App
4944,102,2024-12-13,Completado ,App
4945,606,2026-06-13,Completado,App
4946,66,2025-09-03,Completado,Marketplace
4947,186,2024-08-31,En preparacion,Tienda fisica
4948,647,2026-07-01,Completado,Web
4949,876,2025-11-21,Completado,Tienda fisica
4950,345,2026-01-30,Completado,App
4951,293,2024-02-15,Completado,Tienda fisica
4952,677,2026-03-18,Completado,Web
4953,836,2026-04-04,Completado,Tienda fisica
4954,621,2026-02-18,Completado,Marketplace
4955,92,2026-04-24,Completado,App
4956,146,2025-11-17,Completado,Tienda fisica
4957,642,2024-08-21,Completado,Tienda fisica
4958,239,2026-06-09,Completado,Tienda fisica
4959,117,2025-03-20,Completado,Web
4960,901,2026-01-09,Completado,Web
4961,841,2024-01-06,Completado,App
4962,734,2026-01-03,Completado,Web
4963,486,2025-12-08,Completado,Web
4964,39,2024-01-12,En preparacion ,Web
4965,118,2025-09-13,Completado,Tienda fisica
4966,843,2025-03-23,Cancelado,Web
4967,216,2026-08-19,Pendiente,Marketplace
4968,535,2024-12-29,Cancelado,Tienda fisica
4969,962,2025-02-07,Completado,Tienda fisica
4970,270,2024-05-04,Completado,Web
4971,214,2025-03-30,Cancelado,Web
4972,293,2024-03-03,Cancelado,Web
4973,350,2024-12-27,Completado,Web
4974,535,2024-09-10,Completado,Tienda fisica
4975,652,2024-04-05,Completado,Web
4976,994,2025-11-03,Completado,WhatsApp
4977,869,2026-01-09,Completado,Web
4978,246,2025-02-22,Completado,Web
4979,756,2024-12-21,Completado,Web
4980,572,2025-11-11,Completado,Marketplace
4981,463,2024-07-12,Completado,Tienda fisica
4982,755,2025-08-30,Pendiente,App
4983,854,2025-01-17,Completado,App
4984,238,2026-06-10,Completado,App
4985,92,2025-05-22,Completado,Web
4986,816,2024-12-02,Completado,App
4987,70,2024-06-01,Completado,App
4988,224,2025-11-30,Completado,Web
4989,179,2024-09-10,Completado,Tienda fisica
4990,926,2025-08-22,Completado,Marketplace
4991,227,2026-08-17,Completado,Marketplace
4992,693,2024-11-28,Completado,App
4993,429,2026-07-02,Completado,Web
4994,794,2025-03-25,Completado,App
4995,819,2024-12-23,Completado,Tienda fisica
4996,96,2026-08-28,Completado,Tienda fisica
4997,993,2024-08-14,Completado,WhatsApp
4998,636,2026-02-11,Cancelado,Web
4999,970,2024-05-25,Completado,Tienda fisica
5000,784,2024-08-05,Completado,Web
5001,733,2026-06-04,En preparacion,WhatsApp
5002,437,2025-05-16,Completado,Web
5003,816,2024-01-12,Completado,WEB
5004,66,2025-08-10,Completado,Web
5005,517,2025-09-03,Completado,Marketplace
5006,533,2025-02-15,Completado,App
5007,125,2025-07-19,Pendiente,Web
5008,674,2025-03-19,Completado,Tienda fisica
5009,925,2026-04-13,Completado,Tienda fisica
5010,599,2024-09-28,Completado,App
5011,318,2025-03-30,Completado,Web
5012,816,2025-04-12,Completado,Tienda fisica
5013,151,2025-12-05,Pendiente,Tienda fisica
5014,450,2026-08-17,Completado,Tienda fisica
5015,194,2024-02-17,Completado,Marketplace
5016,155,2024-08-10,Completado,Web
5017,204,2025-11-01,Completado,Web
5018,238,2024-04-18,Completado,Web
5019,618,2024-11-23,Completado,Web
5020,943,2025-02-21,Completado,Web
5021,96,2026-05-25,Completado,Web
5022,46,2025-09-28,Completado,App
5023,573,2025-07-14,Completado,Marketplace
5024,99,2025-05-21,Completado,Web
5025,943,2025-06-11,Completado,Web
5026,657,2024-12-10,Completado,Web
5027,762,2024-12-15,Pendiente,WhatsApp
5028,652,2026-04-12,Cancelado,App
5029,146,2024-11-15,Completado,Web
5030,970,2024-01-15,Cancelado,Tienda fisica
5031,572,2026-08-19,Completado,Tienda fisica
5032,650,2026-07-09,Completado,Web
5033,876,2024-09-13,Completado,Marketplace
5034,506,2024-06-06,Completado,Web
5035,779,2025-12-25,Cancelado,Tienda fisica
5036,421,2024-08-03,Completado,Tienda fisica
5037,711,2024-07-05,Completado,Marketplace
5038,612,2025-08-15,Completado,Tienda fisica
5039,652,2025-04-20,Completado,Web
5040,299,2025-05-23,Completado,Web
5041,464,2026-04-26,Completado,Web
5042,869,2024-05-02,Completado,Web
5043,829,2026-08-14,Completado,Web
5044,151,2024-03-21,Completado,Web
5045,286,2026-02-11,Completado,WhatsApp
5046,864,2024-01-09,Completado,App
5047,390,2024-11-23,Pendiente,Web
5048,534,2026-06-25,Completado,WhatsApp
5049,269,2025-08-10,Completado,Tienda fisica
5050,293,2026-06-30,Completado,Web
5051,358,2025-09-02,Completado,Web
5052,771,2026-07-25,Completado,Web
5053,179,2024-12-03,Completado,Web
5054,139,2025-07-31,Completado,Web
5055,99,2025-04-04,Completado,Web
5056,646,2026-03-11,En preparacion,Web
5057,151,2024-06-30,Completado,Web
5058,646,2025-10-29,Completado,Web
5059,675,2024-03-15,Completado,Tienda fisica
5060,951,2025-05-16,Completado,Web
5061,200,2025-02-07,Completado,Web
5062,299,2026-03-18,Pendiente,Web
5063,89,2024-11-13,Completado,App
5064,353,2025-03-14,Completado,Marketplace
5065,248,2024-07-25,En preparacion,Web
5066,74,2026-05-09,Completado,Tienda fisica
5067,762,2026-04-12,Completado,Marketplace
5068,696,2025-12-23,Completado,Tienda fisica
5069,970,2024-08-24,Completado,Web
5070,145,2026-01-21,Completado,Web
5071,713,2026-01-09,Completado,App
5072,259,2025-10-26,Completado,Web
5073,19,2025-10-23,Completado,App
5074,535,2025-09-24,Completado,Marketplace
5075,419,2024-07-08,Completado,Tienda fisica
5076,294,2024-02-29,Completado,App
5077,271,2024-09-19,Cancelado,Web
5078,253,2024-08-11,Completado,App
5079,482,2026-03-11,Completado,App
5080,339,2024-06-21,Completado,Web
5081,716,2024-04-18,Completado,WhatsApp
5082,567,2025-04-17,Completado,Tienda fisica
5083,495,2024-05-04,Completado,WEB
5084,805,2024-07-11,Pendiente,Tienda fisica
5085,118,2024-06-12,Pendiente,Web
5086,937,2026-07-02,Completado,Web
5087,872,2025-05-10,Completado,APP
5088,399,2025-11-10,Completado,Web
5089,262,2024-12-01,Completado,Web
5090,565,2025-03-01,Completado,Marketplace
5091,293,2026-05-20,Completado,Web
5092,536,2024-01-13,Completado,Tienda fisica
5093,177,2025-10-03,Pendiente,App
5094,883,2025-12-18,Completado,Tienda fisica
5095,766,2025-07-19,Cancelado,Web
5096,253,2024-11-19,Pendiente,Web
5097,691,2024-07-20,Completado,Web
5098,362,2024-03-07,Completado ,Tienda fisica
5099,438,2025-06-07,Completado,App
5100,318,2024-08-20,Completado,Web
5101,604,2024-01-13,Completado,Tienda fisica
5102,318,2024-06-05,Completado,Web
5103,574,2024-09-29,Completado,App
5104,320,2024-10-07,Completado,Tienda fisica
5105,855,2025-04-10,Completado,Tienda fisica
5106,77,2025-10-20,Pendiente,Web
5107,890,2025-02-16,Completado,Tienda fisica
5108,986,2026-07-18,Completado,Tienda fisica
5109,599,2024-08-20,Completado,Tienda fisica
5110,77,2026-05-08,Completado,Web
5111,603,2024-06-05,Cancelado,App
5112,817,2024-08-07,Completado,Web
5113,197,2025-06-13,Completado,WhatsApp
5114,994,2025-03-08,Pendiente,Tienda fisica
5115,637,2024-01-16,Pendiente,Web
5116,76,2025-12-03,Completado,Web
5117,361,2025-12-12,Completado,Web
5118,155,2024-06-02,Completado,Web
5119,320,2024-11-09,Completado,Web
5120,534,2024-06-26,Completado,App
5121,86,2025-02-01,Completado,Web
5122,876,2025-06-03,Completado,Tienda fisica
5123,664,2026-01-09,Completado,App
5124,764,2025-12-20,Completado,WhatsApp
5125,104,2025-12-02,Completado,App
5126,586,2026-04-30,Completado,Web
5127,657,2025-02-10,Completado,Web
5128,222,2026-05-27,Completado,App
5129,87,2025-09-06,Completado,WhatsApp
5130,39,2026-04-09,Completado,App
5131,652,2025-04-15,Completado,Marketplace
5132,663,2025-07-02,Completado,Web
5133,784,2024-01-11,Completado,WhatsApp
5134,68,2025-05-04,Completado,Marketplace
5135,179,2024-07-09,Completado,Web
5136,118,2024-11-15,Completado,Web
5137,293,2024-07-10,Completado,Marketplace
5138,940,2026-01-30,Cancelado,Marketplace
5139,828,2025-12-18,Completado,Tienda fisica
5140,597,2026-06-20,Completado,Web
5141,359,2026-01-23,Completado,Web
5142,352,2026-07-29,Pendiente,App
5143,383,2026-02-03,Completado,Tienda fisica
5144,2,2025-08-12,Completado,Tienda fisica
5145,991,2026-07-25,Completado,Web
5146,507,2025-05-01,Completado,App
5147,259,2024-04-09,Completado,APP
5148,271,2024-03-29,Completado,Tienda fisica
5149,61,2025-08-31,Completado,Web
5150,928,2025-04-17,En preparacion,Web
5151,962,2024-01-08,Completado,App
5152,382,2025-04-18,Completado,Marketplace
5153,66,2026-05-22,Completado,App
5154,689,2025-10-21,Completado,Web
5155,181,2024-09-23,Completado,Tienda fisica
5156,817,2025-09-12,Completado,WhatsApp
5157,364,2024-11-28,Completado,App
5158,5,2026-04-23,Completado,App
5159,534,2024-12-04,En preparacion,Web
5160,505,2024-07-13,Completado,Marketplace
5161,617,2024-06-03,Completado,App
5162,973,2025-12-10,Cancelado,App
5163,294,2025-10-09,Completado,App
5164,689,2026-02-06,completado,Marketplace
5165,442,2024-06-14,Cancelado,Tienda fisica
5166,590,2026-07-23,Completado,Tienda fisica
5167,293,2024-07-27,Completado,App
5168,270,2024-04-26,Cancelado,Marketplace
5169,310,2024-05-16,Completado,Web
5170,940,2026-03-22,Completado,Tienda fisica
5171,481,2025-11-26,Completado,Web
5172,254,2024-12-29,Completado,WhatsApp
5173,843,2025-12-11,Completado,Web
5174,534,2024-12-14,Completado,Web
5175,233,2024-06-28,Completado,WEB
5176,449,2026-04-09,Completado,Tienda fisica
5177,729,2025-11-14,Completado,App
5178,353,2025-12-07,Completado,App
5179,642,2024-11-13,Cancelado,Web
5180,479,2025-06-25,Completado,Web
5181,962,2026-07-22,completado,App
5182,171,2024-07-07,Cancelado,App
5183,839,2026-06-30,Completado,Tienda fisica
5184,493,2024-03-16,Completado,Web
5185,139,2025-12-26,En preparacion,Web
5186,812,2024-09-29,Completado,Marketplace
5187,233,2024-09-21,Cancelado,Tienda fisica
5188,474,2026-01-16,Completado,Web
5189,740,2024-06-29,Completado,WhatsApp
5190,303,2026-04-03,Completado,Web
5191,391,2024-04-10,Completado,Tienda fisica
5192,409,2024-03-24,Completado,Web
5193,117,2025-10-23,Completado,Tienda fisica
5194,965,2024-02-28,en preparacion,App
5195,657,2025-07-30,Completado,Web
5196,928,2025-01-04,Completado,Web
5197,181,2025-12-15,Completado,Web
5198,14,2026-04-09,Completado,Web
5199,211,2024-08-15,Completado,Web
5200,519,2025-04-19,Completado,Web
5201,496,2025-04-12,Completado,Web
5202,837,2025-05-24,Completado,App
5203,328,2026-06-08,Completado,Tienda fisica
5204,948,2024-10-25,Completado ,Tienda fisica
5205,855,2026-01-18,Completado,Marketplace
5206,206,2025-11-24,Completado,Web
5207,300,2025-08-09,Completado,Web
5208,358,2026-07-25,Completado,Marketplace
5209,567,2026-06-26,Pendiente,Web
5210,39,2024-10-10,Completado,Web
5211,942,2024-10-09,Completado,Web
5212,395,2024-05-06,Completado,Tienda fisica
5213,422,2024-10-21,Completado,Web
5214,933,2026-06-06,Completado,Web
5215,380,2025-08-11,Completado,Web
5216,689,2026-03-13,Completado,App
5217,520,2024-02-11,Completado,App
5218,828,2025-07-26,Completado,Tienda fisica
5219,659,2026-08-22,Completado,Web
5220,294,2025-05-17,Completado,Web
5221,393,2025-09-02,Completado,Tienda fisica
5222,336,2024-10-15,Completado,Tienda fisica
5223,944,2026-02-28,Completado,Tienda fisica
5224,162,2026-05-10,Completado,App
5225,250,2026-05-15,Completado,App
5226,691,2025-07-10,Cancelado,Marketplace
5227,318,2025-03-05,Completado,Tienda fisica
5228,7,2025-12-16,Completado,Tienda fisica
5229,940,2025-09-24,Completado,Tienda fisica
5230,534,2024-05-23,Completado,Web
5231,362,2025-03-28,Completado,Web
5232,567,2026-05-18,Completado,Web
5233,219,2024-01-26,Cancelado,Web
5234,665,2026-06-20,Completado,App
5235,183,2024-11-14,Completado,App
5236,978,2025-10-08,Completado,Web
5237,520,2024-03-29,Completado,Tienda fisica
5238,873,2025-10-10,Completado,App
5239,937,2024-11-09,Completado,Tienda fisica
5240,285,2025-06-10,Completado,Tienda fisica
5241,327,2025-11-12,Completado,App
5242,278,2024-12-12,Completado,Web
5243,553,2025-08-21,Completado,Web
5244,648,2025-01-28,En preparacion,Web
5245,341,2025-12-28,Completado,App
5246,647,2025-04-25,Completado,App
5247,80,2024-06-11,Completado,Web
5248,474,2024-08-16,Completado,Web
5249,948,2025-10-27,completado,Web
5250,837,2025-06-27,Completado,Web
5251,663,2024-12-27,Completado,Tienda fisica
5252,58,2026-02-25,Completado,Marketplace
5253,963,2024-10-17,Completado,App
5254,855,2026-03-11,Completado,Web
5255,628,2025-08-28,Completado,Tienda fisica
5256,147,2024-03-22,Cancelado,Web
5257,468,2026-01-28,Completado,Tienda fisica
5258,914,2025-11-22,Completado,App
5259,215,2025-07-17,Completado,Marketplace
5260,66,2025-09-18,Cancelado,Web
5261,572,2024-04-01,Completado,Web
5262,69,2024-10-05,Completado,Web
5263,644,2025-04-08,Completado,Web
5264,647,2025-07-27,Completado,Tienda fisica
5265,100,2025-04-20,Completado,Web
5266,546,2024-03-04,Completado,Marketplace
5267,310,2025-07-04,completado,WhatsApp
5268,779,2024-06-13,Completado,WhatsApp
5269,578,2026-05-27,Completado,Web
5270,353,2024-01-17,Completado,App
5271,430,2024-07-27,Completado,Tienda fisica
5272,599,2024-02-22,Completado,Web
5273,912,2026-08-17,Cancelado,Web
5274,942,2024-02-06,Completado,Web
5275,932,2025-08-15,Completado,Web
5276,666,2026-06-01,Cancelado,Web
5277,270,2024-04-06,Completado,Tienda fisica
5278,783,2026-01-17,Completado,Web
5279,565,2026-05-24,Completado,Web
5280,46,2025-10-19,Completado,WhatsApp
5281,890,2025-10-14,Completado,App
5282,565,2025-05-20,Completado,Web
5283,796,2024-06-23,Completado,WhatsApp
5284,104,2024-10-03,Completado,Web
5285,650,2026-04-15,Completado,Web
5286,238,2024-06-09,Completado,Web
5287,390,2024-08-07,Cancelado,Web
5288,151,2025-12-19,Completado,Web
5289,505,2026-03-11,Completado,Tienda fisica
5290,236,2025-02-02,Completado,Web
5291,494,2025-11-14,Completado,Web
5292,505,2024-04-11,Completado,Web
5293,833,2024-11-15,Completado,Web
5294,315,2026-01-14,Completado,App
5295,693,2026-04-30,Completado,App
5296,833,2025-12-23,Completado,Web
5297,932,2025-03-15,Completado,Tienda fisica
5298,380,2025-01-29,Pendiente,Web
5299,407,2024-12-30,Completado,Web
5300,318,2026-01-01,Completado,Web
5301,784,2024-08-05,Completado,Tienda fisica
5302,437,2024-05-16,Completado,Web
5303,837,2026-05-06,Completado,Tienda fisica
5304,70,2024-10-26,Completado,Web
5305,744,2025-09-26,Completado,Tienda fisica
5306,383,2025-07-09,Pendiente,Tienda fisica
5307,970,2024-11-27,Completado,Marketplace
5308,341,2025-07-28,Pendiente,WhatsApp
5309,937,2024-04-09,Completado,Tienda fisica
5310,614,2026-07-23,Completado,Tienda fisica
5311,559,2026-04-09,Completado,TIENDA FISICA
5312,381,2024-09-11,Completado,Web
5313,482,2025-12-26,Completado,Web
5314,66,2025-07-12,Cancelado,Marketplace
5315,143,2024-07-01,Completado,Web
5316,43,2026-06-25,Completado,Web
5317,151,2024-03-31,Completado,App
5318,205,2026-05-29,Completado,Web
5319,181,2026-04-04,Completado,Tienda fisica
5320,965,2024-01-03,Completado,Web
5321,481,2024-10-15,Completado,Web
5322,967,2025-01-13,Completado,Tienda fisica
5323,657,2025-11-20,Completado,Tienda fisica
5324,139,2026-04-08,Cancelado ,App
5325,816,2024-12-12,Completado,App
5326,811,2024-11-17,Completado,Web
5327,535,2026-02-05,Completado,Tienda fisica
5328,82,2025-11-15,Completado,App
5329,281,2025-09-24,Cancelado,WhatsApp
5330,362,2025-06-07,Completado,App
5331,468,2025-04-20,Cancelado,Web
5332,563,2026-03-04,Completado,App
5333,560,2026-06-12,Completado,Tienda fisica
5334,295,2025-12-04,Completado,App
5335,118,2026-05-30,Completado,Marketplace
5336,599,2025-08-19,Completado,Web
5337,344,2025-10-18,Cancelado,Tienda fisica
5338,965,2024-12-21,Completado,App
5339,474,2024-10-31,Completado,Web
5340,603,2024-07-22,Completado,Tienda fisica
5341,382,2026-05-16,Completado,Web
5342,173,2025-08-01,Completado,App
5343,469,2026-07-22,Completado,Tienda fisica
5344,784,2026-05-22,Completado,Web
5345,677,2026-02-20,Completado,Web
5346,775,2026-03-10,Completado,Tienda fisica
5347,151,2025-12-20,Completado,Web
5348,183,2025-01-01,Completado,Tienda fisica
5349,155,2026-05-12,Completado,Web
5350,534,2024-04-23,Completado,App
5351,227,2026-02-03,Completado,Web
5352,879,2024-07-12,Completado,Web
5353,854,2025-12-08,Completado,App
5354,637,2025-05-18,Completado,Web
5355,637,2024-02-25,Completado,Web
5356,634,2026-02-22,Completado,Tienda fisica
5357,281,2025-04-01,Completado,Web
5358,20,2026-04-03,Completado,Web
5359,281,2025-12-10,Completado,WhatsApp
5360,967,2024-09-21,Completado,WhatsApp
5361,841,2024-04-18,Completado,Web
5362,117,2026-01-14,Completado,Web
5363,361,2026-07-04,Completado,App
5364,811,2026-04-08,Completado,App
5365,849,2026-05-29,Completado,Web
5366,438,2026-06-16,Completado,Web
5367,310,2026-02-02,Completado,Tienda fisica
5368,248,2026-04-16,Completado,App
5369,173,2025-11-16,Completado,Web
5370,713,2024-04-16,Completado,Marketplace
5371,206,2025-04-28,Pendiente,Tienda fisica
5372,943,2025-02-21,Pendiente,WhatsApp
5373,46,2026-05-18,Completado,Web
5374,970,2025-08-01,Completado,App
5375,347,2025-12-12,Completado,Tienda fisica
5376,750,2026-04-04,Completado,App
5377,350,2025-11-02,Completado,Tienda fisica
5378,68,2026-05-09,Completado,Web
5379,643,2025-07-06,Completado,Tienda fisica
5380,807,2024-10-01,Completado,Marketplace
5381,155,2024-12-23,En preparacion,Marketplace
5382,578,2026-06-21,Completado,App
5383,388,2024-05-15,Completado,App
5384,1000,2024-01-01,Completado,Tienda fisica
5385,906,2024-11-11,Completado,Web
5386,841,2025-12-02,Completado,Web
5387,455,2024-07-24,Pendiente,App
5388,798,2024-03-31,Completado,Web
5389,348,2025-08-17,Completado,Web
5390,652,2025-08-11,Completado,Marketplace
5391,744,2025-05-31,Completado,Web
5392,994,2025-12-04,Completado,Web
5393,407,2024-09-12,Completado,Web
5394,647,2024-01-08,Completado,App
5395,843,2024-06-08,Completado,App
5396,642,2026-07-07,Completado,Tienda fisica
5397,833,2024-10-25,Completado,Tienda fisica
5398,522,2025-08-11,Completado,App
5399,733,2026-01-28,Pendiente,Web
5400,362,2025-03-02,Completado,Web
5401,939,2026-07-09,Completado,App
5402,64,2025-05-13,Completado,Tienda fisica
5403,123,2026-03-27,Cancelado,Tienda fisica
5404,518,2025-08-18,Completado,TIENDA FISICA
5405,342,2026-08-31,Completado,App
5406,994,2025-09-04,Completado,Tienda fisica
5407,543,2026-01-01,Completado,Web
5408,428,2026-05-22,Completado,Tienda fisica
5409,27,2025-04-30,Completado,Tienda fisica
5410,233,2025-04-18,Completado,Tienda fisica
5411,63,2024-08-21,Completado,WhatsApp
5412,349,2025-08-03,Pendiente ,Tienda fisica
5413,474,2024-01-04,Completado,App
5414,361,2025-12-20,Completado,Web
5415,663,2024-11-02,Completado,Tienda fisica
5416,657,2024-10-18,Completado,Web
5417,362,2024-05-13,Completado,Web
5418,670,2024-07-30,Completado,Web
5419,474,2025-12-11,Completado,WhatsApp
5420,129,2026-05-27,Completado,WhatsApp
5421,983,2025-12-11,Pendiente,Marketplace
5422,711,2024-11-23,Completado,Web
5423,526,2026-04-08,En preparacion,Marketplace
5424,364,2026-01-24,Completado,App
5425,141,2024-01-12,Cancelado,Marketplace
5426,951,2024-09-06,Completado,Marketplace
5427,962,2025-06-07,Pendiente,App
5428,146,2024-06-04,Completado,Tienda fisica
5429,44,2026-06-25,Completado,Web
5430,868,2024-01-22,Completado,Tienda fisica
5431,779,2024-09-29,Pendiente,Tienda fisica
5432,951,2025-07-09,Completado,Tienda fisica
5433,413,2025-05-27,Completado,Web
5434,358,2026-08-08,Completado,App
5435,146,2025-04-28,Completado,Tienda fisica
5436,886,2026-08-08,Completado,Tienda fisica
5437,652,2026-04-24,Completado,Web
5438,775,2024-04-19,Completado,Tienda fisica
5439,757,2026-05-13,Cancelado,Web
5440,935,2025-11-16,Completado,App
5441,658,2025-12-21,Completado,Tienda fisica
5442,119,2025-12-30,Completado,Web
5443,879,2024-12-26,Completado,App
5444,409,2025-12-20,Completado,Tienda fisica
5445,962,2025-03-27,Completado,Web
5446,390,2024-02-18,Completado,Marketplace
5447,947,2024-08-08,Completado,App
5448,970,2024-07-30,Completado,Marketplace
5449,305,2025-12-01,Pendiente,App
5450,903,2026-02-20,Completado,Web
5451,210,2026-06-10,Completado,Marketplace
5452,498,2026-07-27,Completado,Web
5453,688,2024-05-17,Completado,Web
5454,534,2024-02-17,Completado,Tienda fisica
5455,69,2026-06-05,Completado,Marketplace
5456,555,2025-06-22,Completado,Tienda fisica
5457,402,2024-09-26,Completado,Tienda fisica
5458,994,2026-02-16,Completado,Web
5459,655,2025-04-04,Completado,Marketplace
5460,68,2025-07-06,Completado,Tienda fisica
5461,951,2024-12-05,Completado,App
5462,674,2026-08-20,Completado,App
5463,305,2024-03-26,Completado,Web
5464,535,2024-09-05,Completado,App
5465,816,2024-10-16,En preparacion,App
5466,417,2025-06-14,Completado,App
5467,587,2025-08-09,Completado,Tienda fisica
5468,784,2026-01-01,Completado,Tienda fisica
5469,658,2026-04-12,Completado,Tienda fisica
5470,153,2024-07-12,Completado,App
5471,409,2025-01-22,Completado,Web
5472,828,2026-04-24,Completado,Web
5473,320,2026-01-23,En preparacion,App
5474,534,2024-10-18,Completado,App
5475,565,2025-09-14,Completado,Web
5476,248,2025-03-05,Completado,Web
5477,398,2026-08-11,Completado,Web
5478,794,2025-12-07,Completado,Web
5479,617,2025-07-04,Completado,WhatsApp
5480,385,2026-05-21,Completado,Tienda fisica
5481,885,2025-11-04,Completado,App
5482,532,2026-05-13,Completado,App
5483,752,2024-09-17,Completado,WhatsApp
5484,173,2025-06-05,Completado,App
5485,164,2024-03-04,Completado,Marketplace
5486,238,2024-05-03,Completado,Web
5487,617,2024-04-04,Completado,Web
5488,653,2026-05-10,Completado,App
5489,423,2026-06-08,Completado,Web
5490,315,2024-04-15,Pendiente,App
5491,28,2025-06-18,Completado,Web
5492,450,2025-12-23,Completado,Tienda fisica
5493,999,2024-05-09,Completado,Web
5494,816,2024-05-25,Cancelado,Web
5495,802,2025-04-06,Completado,App
5496,573,2024-07-21,Cancelado,Tienda fisica
5497,943,2025-08-11,Completado,App
5498,46,2025-12-19,Completado,Web
5499,119,2024-11-23,Completado,App
5500,744,2025-06-14,Completado,Web
5501,66,2025-12-24,Cancelado,WhatsApp
5502,826,2025-06-09,Completado,WhatsApp
5503,642,2024-08-01,Completado,Tienda fisica
5504,778,2025-12-30,Completado,Web
5505,7,2024-12-12,Completado,Web
5506,822,2025-01-08,Completado,App
5507,318,2025-11-15,Cancelado,WhatsApp
5508,393,2025-12-03,Completado,Web
5509,289,2025-08-20,Completado,App
5510,474,2025-11-14,Cancelado,Web
5511,855,2026-01-29,Completado,Web
5512,460,2026-06-10,Completado,Web
5513,711,2024-03-06,Completado,App
5514,155,2026-06-15,En preparacion,WhatsApp
5515,623,2025-02-03,Cancelado,Web
5516,599,2024-07-16,Cancelado,Web
5517,92,2025-08-03,Pendiente,WhatsApp
5518,760,2026-04-11,Cancelado,Web
5519,816,2026-06-27,Completado,Web
5520,399,2025-02-10,Completado,Web
5521,580,2026-04-23,Completado,Tienda fisica
5522,238,2024-08-20,Completado,Web
5523,999,2025-12-31,Completado,Web
5524,278,2024-08-08,Completado,Web
5525,743,2025-01-11,Completado,Web
5526,717,2024-04-12,Completado,Web
5527,571,2024-11-15,Completado,Web
5528,838,2024-11-09,Completado,Web
5529,474,2025-10-04,Completado,App
5530,926,2025-09-13,Completado,Web
5531,794,2026-02-14,Completado,Web
5532,363,2025-12-16,Completado,WhatsApp
5533,409,2026-07-08,Pendiente,Tienda fisica
5534,270,2026-07-25,Pendiente,App
5535,306,2024-03-30,Completado,Web
5536,534,2025-07-29,Completado,TIENDA FISICA
5537,438,2024-12-25,Completado,Web
5538,551,2024-12-02,Completado,Web
5539,734,2025-09-11,Completado,Web
5540,804,2026-08-13,Completado,Web
5541,811,2025-11-22,Completado,Web
5542,783,2026-08-13,Completado,Tienda fisica
5543,855,2026-07-05,Completado,App
5544,762,2024-02-24,Completado,Tienda fisica
5545,670,2024-05-25,Completado,Web
5546,409,2025-09-06,Completado,App
5547,733,2026-04-29,Completado,Web
5548,196,2026-07-27,Completado,Tienda fisica
5549,767,2024-09-12,Completado,Web
5550,994,2024-10-03,Completado,Tienda fisica
5551,816,2026-05-23,Completado,WhatsApp
5552,68,2025-09-23,Completado,Tienda fisica
5553,663,2026-02-23,Completado,Web
5554,767,2025-12-05,Cancelado,App
5555,276,2025-03-22,Completado,Web
5556,697,2026-07-31,Completado,Marketplace
5557,675,2024-03-24,Completado,Web
5558,517,2025-05-23,Completado,WhatsApp
5559,58,2024-02-13,Completado,Web
5560,538,2025-09-16,Completado,Web
5561,68,2026-07-21,Completado,App
5562,395,2026-03-19,Completado,Tienda fisica
5563,955,2024-09-27,En preparacion,Tienda fisica
5564,902,2025-04-28,Pendiente,App
5565,535,2024-12-15,Completado,App
5566,270,2024-09-16,Completado,Tienda fisica
5567,855,2025-08-18,Completado,App
5568,869,2025-06-07,Completado,App
5569,20,2026-03-13,Completado,Web
5570,828,2024-12-09,Completado,Tienda fisica
5571,767,2026-02-08,Completado,Web
5572,805,2024-08-24,Completado,Marketplace
5573,626,2025-07-21,Completado,Web
5574,276,2025-06-11,Completado,Tienda fisica
5575,779,2025-08-09,Completado,Tienda fisica
5576,565,2026-04-02,Completado,Web
5577,567,2025-11-08,Completado,Web
5578,225,2024-11-30,Completado,Marketplace
5579,767,2024-02-02,Cancelado,App
5580,407,2024-12-09,Completado,Marketplace
5581,341,2026-01-04,Completado,Web
5582,711,2026-07-09,Completado,Web
5583,235,2025-06-07,Completado,Web
5584,688,2024-05-11,Completado,Marketplace
5585,935,2024-12-18,Completado,App
5586,663,2024-03-13,En preparacion,Tienda fisica
5587,534,2026-03-10,Completado,Tienda fisica
5588,838,2025-12-01,Completado,App
5589,903,2024-12-06,Completado,Tienda fisica
5590,946,2024-11-08,Completado,App
5591,468,2025-11-16,Completado,Tienda fisica
5592,320,2026-04-25,Completado,Marketplace
5593,194,2024-07-27,Completado,Web
5594,578,2024-11-13,Completado,WhatsApp
5595,962,2025-08-18,Completado,Tienda fisica
5596,546,2025-12-22,Completado,Tienda fisica
5597,883,2024-11-16,Completado,Web
5598,994,2025-01-16,Completado,App
5599,453,2024-10-24,Completado,Tienda fisica
5600,442,2024-09-23,Completado,Tienda fisica
5601,534,2024-12-27,Completado,App
5602,99,2025-04-14,Completado,Web
5603,522,2024-03-23,Completado,App
5604,370,2025-04-19,Completado,Marketplace
5605,914,2026-04-28,Completado,Web
5606,590,2025-06-12,completado,Web
5607,984,2026-06-15,Completado,Web
5608,248,2025-10-10,Completado,Tienda fisica
5609,864,2024-08-30,Completado,Web
5610,163,2025-12-19,Completado,Web
5611,868,2024-08-25,Completado,Tienda fisica
5612,1000,2025-08-29,En preparacion,Web
5613,350,2025-12-05,Completado,Web
5614,923,2025-03-14,Completado,Tienda fisica
5615,670,2024-05-24,Cancelado,Tienda fisica
5616,509,2025-08-04,Completado,Web
5617,235,2024-11-09,Completado,Web
5618,345,2025-12-06,Completado,Web
5619,490,2025-09-26,Completado,Web
5620,816,2026-06-04,Completado,Tienda fisica
5621,301,2024-12-16,Completado,Web
5622,362,2025-12-05,Completado,Web
5623,194,2024-05-03,Cancelado,Web
5624,133,2024-02-17,Completado,Web
5625,928,2026-07-22,Completado,Tienda fisica
5626,994,2024-02-05,Completado,Tienda fisica
5627,414,2025-09-15,Completado,App
5628,299,2026-03-06,Completado,Web
5629,603,2024-12-07,Completado,Web
5630,16,2024-06-14,Completado,Web
5631,574,2024-09-07,completado,Tienda fisica
5632,580,2025-06-21,Completado,Web
5633,951,2026-05-29,Completado,Tienda fisica
5634,548,2025-06-25,completado,App
5635,794,2025-07-15,Completado,App
5636,780,2026-04-22,Completado,App
5637,567,2025-01-23,Completado,App
5638,320,2024-06-17,Completado,Tienda fisica
5639,939,2025-12-19,Completado,Web
5640,119,2024-08-24,Cancelado,Web
5641,965,2025-04-18,Completado,Web
5642,248,2025-06-27,Completado,Web
5643,903,2026-06-28,Cancelado,Tienda fisica
5644,833,2025-11-04,Completado,Web
5645,816,2026-08-24,Completado,Web
5646,362,2026-06-03,Completado,Tienda fisica
5647,508,2025-04-17,Completado,Web
5648,663,2026-06-17,Completado,Web
5649,205,2024-03-18,Completado,App
5650,80,2024-02-12,Completado,Tienda fisica
5651,293,2025-09-06,Completado,Web
5652,399,2024-03-06,Completado,WhatsApp
5653,239,2025-04-23,Completado,Web
5654,193,2026-01-31,Completado,Web
5655,506,2026-05-21,Completado,App
5656,948,2025-11-16,Completado,Web
5657,843,2025-04-17,Completado,Web
5658,236,2024-09-12,Completado,Web
5659,821,2024-03-08,Completado,Web
5660,118,2025-07-28,Cancelado,Tienda fisica
5661,469,2024-11-18,Pendiente,Web
5662,743,2024-09-25,Completado,Web
5663,711,2025-12-14,Completado,Marketplace
5664,926,2026-08-30,Cancelado,Tienda fisica
5665,383,2025-04-09,Completado,WhatsApp
5666,251,2024-01-24,Completado,App
5667,849,2025-12-26,Completado,Marketplace
5668,328,2025-04-28,Completado,App
5669,344,2026-08-24,Completado,App
5670,535,2026-06-05,Completado,App
5671,652,2024-09-26,Completado,Web
5672,534,2024-05-19,Completado,App
5673,841,2024-06-13,Completado,Tienda fisica
5674,176,2026-03-06,Completado,App
5675,506,2025-12-27,Completado,Marketplace
5676,829,2025-03-22,Completado,Web
5677,652,2024-06-26,Completado,Tienda fisica
5678,119,2024-11-16,Completado,Tienda fisica
5679,349,2025-04-22,Completado,Tienda fisica
5680,900,2025-12-14,completado,Tienda fisica
5681,816,2025-10-10,Completado,Web
5682,672,2025-09-25,Completado,Web
5683,486,2026-04-19,Completado,Web
5684,70,2024-12-29,Completado,Tienda fisica
5685,956,2026-07-02,Completado,WhatsApp
5686,889,2024-10-08,Completado,App
5687,318,2025-04-08,Completado ,App
5688,436,2025-06-03,Completado,WEB
5689,970,2024-04-18,Completado,Tienda fisica
5690,565,2024-08-12,Completado,App
5691,382,2025-03-14,Completado,Web
5692,857,2024-12-09,Completado,Web
5693,560,2026-05-29,Completado,Web
5694,481,2024-03-04,Completado,Tienda fisica
5695,119,2024-03-16,Completado,Tienda fisica
5696,385,2024-11-04,Completado,Marketplace
5697,984,2024-03-26,Completado,Web
5698,22,2024-06-29,Completado,Web
5699,423,2025-12-29,Completado,Marketplace
5700,200,2024-10-12,Pendiente,Web
5701,576,2026-05-29,Pendiente,Tienda fisica
5702,943,2024-02-13,Completado,Tienda fisica
5703,647,2024-10-05,Completado,Tienda fisica
5704,668,2024-11-13,Pendiente,WhatsApp
5705,474,2024-06-18,En preparacion,Web
5706,146,2025-07-28,Completado,Tienda fisica
5707,956,2024-11-23,Completado,Tienda fisica
5708,68,2024-12-14,Completado,Web
5709,315,2024-10-09,Cancelado ,App
5710,102,2025-12-20,Completado,Web
5711,677,2026-05-19,Completado,Tienda fisica
5712,46,2025-02-13,Completado,Web
5713,173,2025-05-02,Completado,APP
5714,270,2024-10-26,Completado,Web
5715,812,2024-01-25,Completado,Web
5716,839,2025-11-08,Completado,Web
5717,643,2025-05-17,Completado,App
5718,179,2025-10-07,Completado,Tienda fisica
5719,970,2024-11-23,Completado,Web
5720,468,2024-05-21,Pendiente,Web
5721,642,2026-02-03,Completado,Marketplace
5722,396,2025-11-05,Completado,Marketplace
5723,926,2025-11-29,Completado,Web
5724,807,2025-12-13,Completado,App
5725,118,2025-11-06,Completado,Tienda fisica
5726,534,2025-01-14,Completado,Web
5727,392,2024-03-25,Completado,App
5728,146,2026-08-01,Completado,Web
5729,663,2024-08-06,Completado,App
5730,603,2024-04-04,En preparacion,Web
5731,942,2024-04-26,Completado,Marketplace
5732,617,2025-05-05,Completado,Tienda fisica
5733,10,2026-03-27,Completado,App
5734,281,2026-01-17,Completado,Web
5735,127,2025-11-08,Completado,WhatsApp
5736,518,2024-08-23,Completado,WhatsApp
5737,599,2026-04-01,Completado,Marketplace
5738,575,2025-08-12,Completado,App
5739,578,2024-11-23,Completado,Tienda fisica
5740,945,2024-05-08,Completado,App
5741,175,2026-03-10,Completado,WhatsApp
5742,743,2024-12-13,Completado,App
5743,166,2024-12-07,Completado,App
5744,2,2024-01-04,Completado,Web
5745,992,2024-03-23,Completado,Web
5746,762,2025-09-06,Completado,Web
5747,457,2024-05-28,Completado,App
5748,67,2025-12-30,Completado,App
5749,455,2024-04-11,Completado,App
5750,948,2025-11-23,Completado,App
5751,99,2024-11-13,Completado,App
5752,958,2024-12-20,Completado,Web
5753,652,2025-01-16,Cancelado,App
5754,992,2025-03-01,Completado,Tienda fisica
5755,733,2025-12-29,Pendiente,Web
5756,119,2025-02-16,Completado,Web
5757,587,2024-04-14,Completado,Tienda fisica
5758,857,2024-08-07,Completado,Web
5759,139,2024-11-05,Completado,WhatsApp
5760,353,2026-04-22,Completado,Tienda fisica
5761,146,2024-08-31,Completado,Web
5762,965,2026-06-23,Completado,App
5763,522,2024-04-27,Completado,App
5764,396,2025-12-08,Completado,Tienda fisica
5765,965,2024-02-11,Completado,WhatsApp
5766,705,2025-07-11,Completado,Tienda fisica
5767,238,2024-02-11,Completado,Tienda fisica
5768,505,2025-06-18,Completado,Web
5769,869,2025-01-10,Completado,Tienda fisica
5770,396,2026-04-25,Completado,Tienda fisica
5771,293,2024-02-20,Completado,Marketplace
5772,534,2024-07-18,Completado ,Marketplace
5773,573,2024-06-14,Completado,Web
5774,408,2025-07-10,Cancelado,Web
5775,380,2024-11-26,Completado,Web
5776,294,2024-07-20,Completado,Web
5777,807,2025-04-05,completado,App
5778,353,2025-09-03,Completado,Web
5779,652,2026-05-01,Completado,WhatsApp
5780,976,2024-01-06,Completado,Tienda fisica
5781,399,2025-04-26,Completado,Web
5782,693,2025-03-21,Completado,Marketplace
5783,590,2026-01-27,Completado,Web
5784,68,2024-03-28,Completado,Tienda fisica
5785,352,2024-06-26,Cancelado,Tienda fisica
5786,399,2025-09-19,Completado,WEB
5787,270,2025-08-02,Cancelado,Web
5788,760,2024-07-12,Completado,Web
5789,162,2026-03-20,Completado,Tienda fisica
5790,647,2025-08-07,Cancelado,WhatsApp
5791,474,2024-04-11,Completado,Web
5792,571,2024-05-31,Cancelado,Tienda fisica
5793,979,2026-04-15,Completado,App
5794,770,2025-09-27,completado,Web
5795,31,2025-07-24,Completado,Web
5796,841,2024-12-21,Completado,App
5797,130,2024-06-28,Completado,Marketplace
5798,303,2025-11-09,Completado,Tienda fisica
5799,46,2025-12-03,Completado,Tienda fisica
5800,119,2025-04-02,Completado,WhatsApp
5801,587,2025-05-30,Completado,Web
5802,262,2024-08-03,Completado,Tienda fisica
5803,349,2025-06-07,Cancelado,Web
5804,181,2024-12-16,Completado,Web
5805,869,2024-03-22,Completado,App
5806,865,2026-04-24,Completado,App
5807,857,2024-08-21,Pendiente,Web
5808,706,2024-11-13,Cancelado,Web
5809,474,2025-07-31,completado,Tienda fisica
5810,965,2026-07-08,Completado ,Web
5811,876,2024-04-13,Completado,App
5812,587,2024-07-20,Completado,Web
5813,455,2024-01-21,Completado,Marketplace
5814,508,2026-01-08,Completado,Marketplace
5815,353,2025-10-20,Completado,Web
5816,675,2026-03-28,Completado,Web
5817,248,2024-12-04,Completado,Tienda fisica
5818,942,2025-08-13,Completado,Web
5819,98,2025-04-24,Completado,App
5820,33,2024-02-20,Completado,Web
5821,652,2025-02-15,Completado,Marketplace
5822,652,2024-07-14,Completado,App
5823,494,2025-10-28,Completado,Web
5824,617,2026-08-23,Completado,Web
5825,612,2024-02-17,Completado,Web
5826,939,2026-04-14,completado,Web
5827,912,2025-12-05,Completado,Web
5828,493,2025-08-17,Completado,Marketplace
5829,293,2024-09-12,Completado,Marketplace
5830,205,2025-11-26,Completado,Web
5831,762,2024-12-18,Completado,Web
5832,466,2024-08-19,Completado,Web
5833,238,2025-04-03,Completado,Web
5834,459,2025-07-26,Completado,Web
5835,119,2024-12-24,Completado,Web
5836,66,2025-04-07,Pendiente,Marketplace
5837,806,2026-04-15,Completado,Web
5838,22,2026-04-13,Completado,Web
5839,173,2026-01-08,Pendiente,Tienda fisica
5840,833,2024-04-19,Completado,Tienda fisica
5841,876,2025-08-26,Completado,Web
5842,525,2025-08-03,Completado,Tienda fisica
5843,750,2025-09-29,Completado,Tienda fisica
5844,965,2025-02-28,Completado ,Marketplace
5845,125,2025-12-18,Completado,Web
5846,543,2025-02-06,Pendiente,Web
5847,869,2024-04-09,Completado,App
5848,965,2024-11-23,Completado,WhatsApp
5849,212,2024-07-26,Cancelado,WhatsApp
5850,943,2024-10-26,Completado,Web
5851,944,2025-05-09,Pendiente,Marketplace
5852,377,2025-12-14,Cancelado,Tienda fisica
5853,1000,2025-03-11,Completado,Web
5854,407,2026-05-09,Completado,WhatsApp
5855,99,2026-06-06,Completado,Web
5856,918,2025-12-22,Completado,Tienda fisica
5857,179,2025-06-20,Completado,Web
5858,256,2024-02-12,Completado,WhatsApp
5859,399,2024-05-23,Completado,App
5860,802,2025-04-14,Completado,App
5861,519,2024-09-22,Completado ,Web
5862,442,2024-04-25,Completado,Web
5863,621,2024-04-18,Completado,App
5864,520,2025-08-15,Cancelado,Web
5865,4,2025-02-04,Completado,App
5866,575,2024-12-25,Completado,Web
5867,455,2024-06-14,Completado,Web
5868,506,2024-12-14,Completado,Web
5869,275,2025-10-18,En preparacion,Web
5870,151,2026-03-08,Completado,Tienda fisica
5871,594,2025-02-24,Completado,Web
5872,233,2025-12-04,Completado,Web
5873,345,2025-05-01,Completado,Tienda fisica
5874,699,2026-07-08,Completado,Marketplace
5875,674,2025-06-21,Completado,WEB
5876,320,2026-02-06,Completado,Web
5877,716,2025-11-20,Completado,Tienda fisica
5878,907,2025-10-20,Completado,Tienda fisica
5879,320,2025-08-09,Completado,Tienda fisica
5880,384,2026-02-23,Completado,Web
5881,219,2024-02-21,Completado,Tienda fisica
5882,393,2025-09-25,Completado,Marketplace
5883,320,2025-11-04,Completado,Web
5884,315,2025-07-25,Completado,Tienda fisica
5885,385,2025-07-05,Completado,Web
5886,270,2025-05-12,Completado,Tienda fisica
5887,609,2024-03-06,Completado,Tienda fisica
5888,721,2026-01-01,Completado,Tienda fisica
5889,73,2026-08-04,Completado,App
5890,358,2024-12-09,Completado,App
5891,573,2025-11-03,Completado,Web
5892,565,2025-12-26,Completado,Web
5893,68,2024-01-30,Completado,Marketplace
5894,899,2025-12-08,Completado,Web
5895,447,2025-02-20,Pendiente,Web
5896,396,2025-12-11,Completado,Marketplace
5897,739,2026-05-01,Completado,Web
5898,205,2024-04-19,Completado,Web
5899,603,2025-05-31,Completado,Marketplace
5900,770,2024-12-20,Completado,Web
5901,46,2025-12-24,Completado,WhatsApp
5902,879,2024-11-30,Completado,Web
5903,628,2024-07-27,Completado ,App
5904,680,2025-01-30,Completado,Marketplace
5905,675,2025-01-29,Completado,Web
5906,353,2026-01-24,Completado,Web
5907,836,2026-04-21,Completado,App
5908,409,2024-02-26,Completado ,Tienda fisica
5909,430,2026-08-29,Pendiente,Web
5910,948,2026-01-19,Completado,Tienda fisica
5911,293,2025-05-22,En preparacion,Web
5912,204,2026-08-19,Completado,Tienda fisica
5913,637,2024-02-24,Completado,Tienda fisica
5914,944,2025-10-30,Completado,App
5915,438,2025-05-17,Completado,Tienda fisica
5916,525,2025-12-06,Completado,Web
5917,372,2026-04-06,Completado,Web
5918,704,2026-05-12,Completado,Web
5919,146,2025-07-25,Completado,WhatsApp
5920,669,2025-10-11,Completado,App
5921,951,2025-12-21,Completado,App
5922,143,2024-04-16,Completado,Marketplace
5923,585,2025-03-05,Completado,Web
5924,281,2024-04-05,Completado,Tienda fisica
5925,320,2024-07-18,Completado,Web
5926,268,2025-04-05,Pendiente,Tienda fisica
5927,523,2025-01-10,Completado,Tienda fisica
5928,741,2024-11-03,Completado,Web
5929,474,2024-04-15,Completado,Web
5930,977,2026-07-11,Completado,Web
5931,832,2025-01-29,Completado,Tienda fisica
5932,549,2024-10-19,Completado,App
5933,291,2026-04-06,Completado,App
5934,179,2024-02-12,Pendiente,App
5935,806,2026-02-12,Completado,Web
5936,179,2025-11-17,Completado,Web
5937,41,2025-11-18,Pendiente,Tienda fisica
5938,696,2025-08-21,Completado,Marketplace
5939,643,2026-03-05,Completado,Web
5940,933,2024-05-04,Completado,Web
5941,522,2024-12-29,En preparacion,Tienda fisica
5942,748,2026-08-13,Completado,App
5943,858,2024-04-17,Completado,Web
5944,957,2025-03-05,Completado,Tienda fisica
5945,920,2025-07-05,Completado,Tienda fisica
5946,951,2024-02-24,Completado,Web
5947,981,2025-09-29,Completado,Marketplace
5948,783,2024-08-03,Completado,Web
5949,904,2025-01-05,Completado,Tienda fisica
5950,495,2025-11-29,Completado,Web
5951,158,2025-10-28,En preparacion,Marketplace
5952,399,2024-10-18,Cancelado,Tienda fisica
5953,66,2025-09-23,Completado,Web
5954,999,2024-07-29,Completado,Web
5955,190,2026-07-19,Completado,Tienda fisica
5956,878,2024-07-26,Completado,Tienda fisica
5957,994,2024-03-31,Completado,Web
5958,173,2024-11-09,Completado,Web
5959,573,2024-12-12,Completado ,Tienda fisica
5960,474,2024-07-16,Completado,Web
5961,706,2026-04-14,Completado,Web
5962,939,2025-12-06,Pendiente,Tienda fisica
5963,963,2025-06-14,Pendiente,Web
5964,418,2026-03-02,Completado,App
5965,520,2025-01-28,Completado,Tienda fisica
5966,994,2025-10-26,Completado,Web
5967,663,2025-11-21,Completado,Web
5968,270,2026-03-08,Completado,Tienda fisica
5969,99,2024-10-30,Cancelado,App
5970,248,2025-07-19,Completado,Web
5971,241,2024-08-31,Completado,App
5972,179,2024-02-05,Completado,Web
5973,716,2025-11-09,En preparacion,WhatsApp
5974,869,2024-07-21,Completado,WhatsApp
5975,716,2025-03-01,Pendiente,Web
5976,637,2025-05-23,Completado,Web
5977,512,2024-12-27,Cancelado,App
5978,35,2025-12-02,Completado,Tienda fisica
5979,33,2024-03-30,Completado,Web
5980,841,2024-02-26,Completado,Marketplace
5981,250,2024-09-12,Pendiente,Web
5982,494,2025-11-06,Completado,Web
5983,20,2024-12-12,Completado,Web
5984,161,2024-11-16,Completado,Web
5985,534,2024-11-25,Completado,App
5986,139,2024-10-03,Completado,Tienda fisica
5987,816,2025-11-15,Completado,App
5988,396,2026-05-09,Completado,App
5989,146,2026-06-06,Completado,Web
5990,943,2024-05-03,Pendiente,WhatsApp
5991,121,2024-07-27,Completado,Tienda fisica
5992,702,2026-04-29,Completado,Marketplace
5993,164,2024-01-05,Completado,Web
5994,455,2025-12-22,Completado,Web
5995,395,2024-11-07,Completado,Tienda fisica
5996,454,2025-05-14,Completado,Web
5997,293,2024-06-05,Completado,Web
5998,205,2025-02-01,Completado,TIENDA FISICA
5999,942,2024-01-21,Completado,Tienda fisica
6000,208,2025-03-31,Completado,Web
6001,492,2025-12-23,Completado,Tienda fisica
6002,534,2026-03-07,Pendiente,App
6003,20,2024-08-22,Pendiente,App
6004,817,2024-12-13,Completado,Web
6005,883,2026-04-11,Cancelado,App
6006,582,2025-09-02,Completado,Web
6007,565,2024-06-29,Completado,Tienda fisica
6008,233,2026-07-01,Completado,Tienda fisica
6009,396,2025-03-31,Completado,WhatsApp
6010,965,2025-05-23,Completado,Marketplace
6011,385,2025-03-15,Completado,Tienda fisica
6012,395,2024-12-21,Completado,Tienda fisica
6013,165,2025-06-10,Completado,Web
6014,278,2024-11-20,Completado,Web
6015,888,2025-06-27,Completado,Web
6016,577,2024-10-19,Completado,Marketplace
6017,506,2024-01-13,Completado,Web
6018,234,2026-04-09,Completado,Marketplace
6019,775,2025-10-04,Completado,Web
6020,385,2026-02-11,Cancelado,TIENDA FISICA
6021,200,2026-06-16,Completado,Tienda fisica
6022,436,2024-12-02,Completado,Marketplace
6023,970,2025-07-11,Completado,App
6024,627,2025-07-16,Completado,Marketplace
6025,546,2024-03-10,Completado,WhatsApp
6026,200,2026-06-18,Completado,Web
6027,836,2025-05-05,Completado,Tienda fisica
6028,147,2025-09-16,Completado,Tienda fisica
6029,598,2025-04-11,Cancelado,Tienda fisica
6030,3,2024-04-26,En preparacion,TIENDA FISICA
6031,520,2026-07-06,Completado,Web
6032,18,2025-04-03,Completado,Web
6033,580,2024-10-16,Completado,Web
6034,623,2026-06-20,Completado,App
6035,938,2026-02-25,Completado,App
6036,407,2026-03-25,Pendiente,WhatsApp
6037,253,2024-11-12,Completado,Web
6038,683,2026-08-26,Completado,Web
6039,436,2024-08-25,Completado,Web
6040,828,2024-06-21,Completado,App
6041,599,2024-05-14,Completado,Tienda fisica
6042,345,2024-07-05,Cancelado,Tienda fisica
6043,1000,2025-03-08,Completado,Tienda fisica
6044,794,2024-12-13,Completado,Web
6045,489,2024-01-13,Completado,Web
6046,970,2025-02-08,Completado,Web
6047,879,2024-11-06,Completado,Tienda fisica
6048,354,2025-04-22,Pendiente,Web
6049,750,2024-01-27,Completado,Tienda fisica
6050,306,2024-06-12,Cancelado,Web
6051,161,2024-07-24,Completado,Tienda fisica
6052,734,2025-06-24,Completado,App
6053,617,2024-08-19,Completado,Web
6054,534,2024-05-17,Completado,Marketplace
6055,897,2025-12-19,Cancelado,App
6056,181,2024-09-13,Completado,Web
6057,518,2024-03-03,Completado,Marketplace
6058,474,2025-06-11,Completado,WEB
6059,181,2025-07-27,Completado,Tienda fisica
6060,725,2025-12-19,Completado,Tienda fisica
6061,519,2025-07-26,Cancelado,Web
6062,857,2024-07-28,Completado,Web
6063,702,2025-02-21,Completado,Web
6064,180,2024-11-08,Completado,Web
6065,358,2025-05-30,Completado,Tienda fisica
6066,342,2025-09-05,Completado,Web
6067,68,2025-12-12,Completado,App
6068,119,2026-06-11,Completado,Web
6069,543,2025-06-21,Completado,App
6070,392,2024-02-01,Completado,Marketplace
6071,886,2025-04-18,Completado,Web
6072,567,2024-05-28,Completado,Marketplace
6073,118,2024-08-16,Pendiente,Web
6074,872,2025-06-19,Completado,Tienda fisica
6075,734,2026-07-27,Completado,Web
6076,482,2025-09-10,Completado,WhatsApp
6077,270,2025-08-18,Completado,Tienda fisica
6078,121,2024-03-18,Completado,WEB
6079,233,2026-06-10,Completado,App
6080,827,2026-07-19,Completado,Web
6081,145,2025-05-10,Completado,Web
6082,851,2025-12-05,Completado,Marketplace
6083,691,2024-12-13,Completado,Tienda fisica
6084,284,2025-02-03,Completado,Tienda fisica
6085,836,2025-08-22,Cancelado,App
6086,238,2024-09-17,Completado,Marketplace
6087,275,2024-01-12,Completado,App
6088,688,2024-07-18,Completado,Tienda fisica
6089,58,2024-12-26,Completado,Tienda fisica
6090,165,2025-11-28,Completado,Marketplace
6091,687,2024-12-23,Completado,App
6092,409,2026-02-03,Completado,Web
6093,970,2025-03-13,Completado,Web
6094,271,2026-03-15,Completado,App
6095,119,2024-06-19,Pendiente,Marketplace
6096,807,2025-03-15,Pendiente,Tienda fisica
6097,285,2024-07-13,Completado,App
6098,353,2025-07-23,Completado,Web
6099,663,2025-01-29,Completado,Marketplace
6100,469,2025-12-06,En preparacion,Web
6101,764,2026-07-11,Completado,Tienda fisica
6102,349,2025-03-01,Completado,Web
6103,151,2024-01-10,Completado,Web
6104,536,2026-01-10,Completado,Web
6105,536,2024-12-27,Completado,Web
6106,28,2024-11-04,Completado,Web
6107,925,2024-09-27,Completado,Tienda fisica
6108,164,2024-06-28,Completado,Marketplace
6109,623,2024-06-07,Completado,App
6110,407,2024-01-11,Completado,Web
6111,572,2025-06-15,Completado,Web
6112,40,2025-07-05,Completado,Web
6113,865,2025-11-21,Completado,Tienda fisica
6114,567,2025-02-21,Completado,Web
6115,413,2024-09-26,Completado,Web
6116,612,2024-12-18,Completado,Web
6117,99,2025-07-22,Completado,Marketplace
6118,534,2025-10-22,Completado,Tienda fisica
6119,838,2025-12-05,Completado,Tienda fisica
6120,118,2025-03-22,Completado,Marketplace
6121,287,2026-04-17,Cancelado,Marketplace
6122,299,2025-10-27,Pendiente,App
6123,817,2024-01-05,Completado,Tienda fisica
6124,543,2025-06-19,Completado,Web
6125,409,2025-07-05,Completado,Tienda fisica
6126,418,2025-09-22,Completado,Tienda fisica
6127,455,2026-03-26,Completado,Web
6128,693,2026-08-02,Completado,App
6129,762,2024-05-02,Completado,App
6130,657,2025-05-15,Completado,Tienda fisica
6131,984,2025-04-06,Cancelado,Web
6132,200,2024-10-24,Completado,Web
6133,10,2026-04-19,Completado,Web
6134,556,2024-03-27,En preparacion,Web
6135,816,2025-02-23,En preparacion,App
6136,175,2024-09-11,Completado,Web
6137,648,2025-10-08,Completado,Tienda fisica
6138,778,2024-12-10,Completado,Tienda fisica
6139,867,2024-08-18,Completado,Tienda fisica
6140,948,2024-04-17,Completado,Marketplace
6141,590,2026-05-20,Completado,Web
6142,46,2025-11-11,Completado,Web
6143,869,2024-11-02,Completado,Marketplace
6144,425,2026-06-19,Completado,Web
6145,932,2024-05-28,Completado,Tienda fisica
6146,455,2026-05-19,Completado,App
6147,64,2025-12-07,Completado,App
6148,937,2024-07-28,Completado,Web
6149,638,2024-11-04,Completado,Web
6150,623,2024-12-27,Pendiente,App
6151,818,2025-02-10,Cancelado,Tienda fisica
6152,955,2024-12-06,completado,Tienda fisica
6153,281,2025-04-25,Completado,Tienda fisica
6154,586,2026-05-18,Pendiente,WhatsApp
6155,590,2026-01-18,Completado,Web
6156,902,2025-12-25,Completado,Web
6157,925,2025-01-18,Completado,Web
6158,554,2026-07-11,Completado,Tienda fisica
6159,451,2026-07-24,Completado,App
6160,663,2025-05-29,Completado,Web
6161,164,2024-02-10,Pendiente,App
6162,688,2025-11-17,Completado,Tienda fisica
6163,450,2025-10-27,Completado,Web
6164,879,2025-05-02,Completado,Web
6165,328,2024-10-21,Completado,Tienda fisica
6166,783,2026-04-23,Completado,WhatsApp
6167,91,2024-09-20,Completado,Marketplace
6168,670,2024-06-03,Completado,Web
6169,948,2025-03-18,Completado,Marketplace
6170,994,2025-03-11,Completado,Tienda fisica
6171,717,2024-10-28,Completado,Marketplace
6172,565,2026-07-04,Completado,Tienda fisica
6173,804,2026-03-25,Completado,Web
6174,534,2024-08-12,Completado,App
6175,33,2025-04-12,Completado,Tienda fisica
6176,743,2024-07-13,Completado,Tienda fisica
6177,10,2025-12-03,Completado,Web
6178,657,2024-11-14,Completado,Tienda fisica
6179,753,2026-01-04,Cancelado,Tienda fisica
6180,305,2024-03-09,Completado,WhatsApp
6181,628,2025-08-12,Completado,Web
6182,928,2026-04-17,Completado,App
6183,644,2025-05-12,Completado,Tienda fisica
6184,978,2025-09-24,Completado,Tienda fisica
6185,693,2024-06-15,Completado,Web
6186,652,2026-04-10,Completado,Web
6187,773,2026-05-27,Completado,Web
6188,802,2025-11-07,Completado,Marketplace
6189,961,2026-07-18,Completado,Tienda fisica
6190,874,2026-05-14,cancelado,Marketplace
6191,123,2026-05-09,Completado,Web
6192,504,2026-06-07,Completado,Tienda fisica
6193,124,2025-04-26,Completado,App
6194,713,2025-07-13,Completado,Web
6195,799,2025-10-10,Cancelado,Tienda fisica
6196,642,2024-08-09,Completado,App
6197,994,2025-05-06,Completado,Web
6198,233,2024-10-01,Completado,Tienda fisica
6199,396,2026-06-20,Completado,Web
6200,562,2025-08-18,Completado,Marketplace
6201,336,2025-11-18,Completado,Marketplace
6202,525,2026-02-22,Completado,Web
6203,481,2026-07-16,Completado,Tienda fisica
6204,275,2024-08-24,Completado,Web
6205,716,2024-05-13,Completado,Marketplace
6206,108,2025-11-24,Completado,App
6207,130,2024-11-22,Completado ,WhatsApp
6208,345,2025-10-26,Completado,Web
6209,946,2024-03-12,Completado,WhatsApp
6210,715,2024-08-24,Completado,Web
6211,874,2025-04-27,Completado,Web
6212,663,2025-03-04,Completado,WEB
6213,519,2025-02-13,Completado,WEB
6214,839,2025-04-28,Completado,Marketplace
6215,304,2025-05-07,Completado,Tienda fisica
6216,716,2025-11-05,Completado,App
6217,643,2026-08-20,Completado,App
6218,603,2026-07-21,Completado,Web
6219,951,2024-05-29,Completado,Tienda fisica
6220,670,2025-01-25,Completado,Web
6221,96,2026-05-11,Cancelado,App
6222,42,2025-08-28,Pendiente,App
6223,857,2025-04-09,completado,App
6224,628,2024-07-23,Completado,App
6225,848,2024-10-05,Completado,Marketplace
6226,896,2024-08-31,Cancelado,App
6227,179,2024-08-30,Completado,Tienda fisica
6228,663,2025-07-24,Completado,App
6229,657,2024-02-23,Completado,Web
6230,762,2026-05-02,Completado,App
6231,937,2024-09-07,Completado,Web
6232,641,2024-01-26,Completado,Web
6233,885,2026-04-18,Completado,Marketplace
6234,450,2026-07-15,Completado,Tienda fisica
6235,506,2025-12-26,Completado,App
6236,328,2024-08-30,Completado,Web
6237,519,2025-05-23,Completado,App
6238,665,2026-05-19,Completado,Web
6239,270,2025-10-07,Completado,Marketplace
6240,118,2025-07-19,Completado,Tienda fisica
6241,345,2025-02-08,Completado,Tienda fisica
6242,328,2025-12-27,Completado,Tienda fisica
6243,811,2024-12-20,Completado,Tienda fisica
6244,298,2025-11-07,En preparacion,Web
6245,670,2026-03-25,Completado,App
6246,948,2024-01-27,Completado,Web
6247,409,2024-01-30,Completado,App
6248,28,2025-03-01,Completado,App
6249,970,2025-10-16,Completado,Tienda fisica
6250,691,2024-09-06,Completado,Tienda fisica
6251,868,2025-04-08,completado,App
6252,421,2025-03-18,Completado,Web
6253,251,2024-02-02,Completado,Marketplace
6254,994,2025-08-15,Completado,Marketplace
6255,812,2025-11-10,Completado,Web
6256,176,2026-03-12,Completado,App
6257,22,2024-07-26,Completado,Web
6258,653,2026-07-01,Completado,WhatsApp
6259,638,2024-08-23,Completado,Web
6260,833,2025-07-25,Completado,Web
6261,270,2025-10-28,Completado,Tienda fisica
6262,762,2025-11-26,Completado,Web
6263,692,2025-02-05,Completado,Tienda fisica
6264,260,2026-03-26,En preparacion,App
6265,960,2026-07-30,Completado,Marketplace
6266,272,2024-06-21,Pendiente,Web
6267,180,2025-04-20,Completado,Web
6268,780,2026-07-05,Completado,Tienda fisica
6269,836,2025-11-06,Completado,Marketplace
6270,309,2026-03-14,Completado,Web
6271,64,2026-02-22,Completado ,App
6272,2,2025-09-02,Completado,Tienda fisica
6273,56,2025-04-08,Completado,Web
6274,688,2025-03-18,Completado,Tienda fisica
6275,855,2024-11-04,Completado,Web
6276,35,2025-02-27,Completado,WhatsApp
6277,487,2024-07-09,Completado,Tienda fisica
6278,959,2025-07-15,Completado,WEB
6279,336,2024-11-13,Completado,Web
6280,168,2025-12-16,Completado,Web
6281,888,2026-02-09,Completado,Tienda fisica
6282,7,2025-11-20,Completado,App
6283,80,2026-04-24,Completado,Tienda fisica
6284,577,2026-07-15,Completado,Tienda fisica
6285,255,2025-06-14,Completado,Web
6286,794,2025-06-13,Completado,Web
6287,441,2025-12-11,Completado,Web
6288,286,2026-05-31,Completado,App
6289,364,2024-08-22,Completado,Tienda fisica
6290,49,2025-11-29,Completado,Tienda fisica
6291,239,2025-04-05,Completado,App
6292,3,2025-12-13,Completado,App
6293,63,2026-07-23,Completado,WhatsApp
6294,390,2024-07-18,Completado,Web
6295,567,2024-01-17,Pendiente,WhatsApp
6296,955,2024-11-14,Completado,Web
6297,623,2024-03-01,Completado,Tienda fisica
6298,430,2025-12-05,Completado,Marketplace
6299,702,2025-05-09,Completado,Web
6300,823,2025-04-05,Completado,Web
6301,122,2026-07-16,Completado,Marketplace
6302,633,2024-07-22,Completado,Web
6303,973,2024-05-16,Completado,WhatsApp
6304,994,2025-05-08,En preparacion,Web
6305,943,2024-10-13,Completado,Web
6306,121,2024-03-26,Completado,Web
6307,239,2026-04-02,Completado,Marketplace
6308,42,2025-08-25,Completado,Web
6309,994,2026-02-19,Completado,Tienda fisica
6310,7,2025-03-29,Completado,App
6311,425,2024-10-25,Completado,Tienda fisica
6312,233,2024-05-14,Completado,WhatsApp
6313,678,2026-02-28,Completado,App
6314,20,2025-02-06,Completado,Tienda fisica
6315,469,2026-07-17,Completado,Marketplace
6316,796,2024-04-29,Completado,Tienda fisica
6317,281,2024-04-02,Completado,WhatsApp
6318,306,2024-12-12,Completado,TIENDA FISICA
6319,175,2026-04-19,Completado,Web
6320,124,2024-10-22,Completado,Web
6321,321,2026-03-20,Cancelado,Tienda fisica
6322,700,2025-08-15,Completado,Web
6323,505,2024-01-02,Completado,App
6324,754,2026-02-16,Completado,Tienda fisica
6325,520,2024-08-08,Completado,Tienda fisica
6326,970,2024-09-28,Completado,App
6327,270,2025-10-26,Completado,Web
6328,847,2026-02-23,Completado,Tienda fisica
6329,412,2026-07-24,Completado,Web
6330,3,2025-02-16,Completado,Tienda fisica
6331,779,2024-03-01,En preparacion,Web
6332,147,2024-02-24,Completado,App
6333,973,2025-11-18,Cancelado,Tienda fisica
6334,251,2025-09-19,Completado,App
6335,265,2025-12-25,Completado,Web
6336,86,2024-11-20,Completado,Marketplace
6337,423,2026-03-21,Pendiente,App
6338,9,2024-05-05,Completado,App
6339,702,2026-07-27,Completado,Tienda fisica
6340,522,2024-12-28,Completado,App
6341,743,2025-10-16,Completado ,Marketplace
6342,705,2025-06-20,Completado ,Web
6343,89,2024-12-28,Pendiente,Web
6344,677,2025-11-17,Completado,Marketplace
6345,942,2024-03-11,Completado,App
6346,779,2025-02-03,Completado,Web
6347,256,2025-12-13,Completado,Web
6348,762,2025-03-13,Completado,Tienda fisica
6349,68,2025-11-22,Pendiente,Marketplace
6350,733,2025-06-05,Completado,Web
6351,704,2026-03-18,Completado,Web
6352,587,2025-07-24,Completado,App
6353,391,2025-03-21,Completado,Web
6354,97,2024-12-10,Completado,App
6355,811,2026-02-21,Completado,Web
6356,368,2024-01-19,Completado,Tienda fisica
6357,837,2025-03-30,Completado,Web
6358,979,2024-12-29,Completado,App
6359,603,2026-04-18,Completado,Tienda fisica
6360,440,2025-04-27,Completado,Tienda fisica
6361,906,2024-07-17,Completado,Web
6362,549,2026-07-09,Completado,Tienda fisica
6363,318,2024-04-13,Completado,Web
6364,857,2025-06-06,Completado,Web
6365,855,2024-12-20,Completado,Web
6366,811,2025-03-03,En preparacion,Tienda fisica
6367,88,2024-08-22,Completado,Web
6368,732,2026-02-02,Completado,Web
6369,817,2024-07-29,Cancelado,Web
6370,603,2026-05-30,Completado,Tienda fisica
6371,693,2024-11-02,Completado,WhatsApp
6372,480,2024-02-15,Completado,Tienda fisica
6373,599,2025-08-30,Completado,Marketplace
6374,294,2025-12-18,Completado,WhatsApp
6375,241,2024-11-24,Completado,App
6376,841,2024-04-07,Completado,Marketplace
6377,450,2026-03-20,Completado,Web
6378,831,2024-09-06,Completado,Tienda fisica
6379,310,2025-10-02,Completado,Marketplace
6380,599,2024-12-26,Cancelado,Web
6381,469,2026-04-18,Completado,Marketplace
6382,455,2024-05-31,Completado,APP
6383,787,2025-06-06,Completado,Web
6384,837,2026-06-05,Completado,Web
6385,449,2024-04-25,Completado,Web
6386,261,2026-05-26,Cancelado,App
6387,803,2024-10-31,En preparacion,Web
6388,367,2024-01-21,Completado,Web
6389,579,2026-05-23,Completado,Marketplace
6390,294,2024-01-16,Completado,Tienda fisica
6391,140,2026-05-01,Completado,Tienda fisica
6392,7,2026-06-12,Completado,App
6393,390,2026-07-24,Completado,Tienda fisica
6394,383,2026-06-19,Completado,Web
6395,547,2024-11-26,Cancelado,Tienda fisica
6396,711,2024-05-16,Completado ,App
6397,336,2024-01-13,Completado,Web
6398,928,2024-10-22,Completado,Web
6399,11,2025-06-07,Completado,App
6400,233,2025-09-03,Pendiente,WhatsApp
6401,395,2024-07-25,Completado,App
6402,836,2026-08-13,Completado,Web
6403,38,2025-05-30,Completado,Web
6404,652,2024-12-06,Completado,Web
6405,628,2024-06-15,Completado,Web
6406,587,2025-12-15,Completado,Web
6407,409,2025-04-12,Completado,WhatsApp
6408,481,2024-06-07,Completado,App
6409,472,2026-05-08,Completado,Marketplace
6410,565,2024-07-07,Completado,Marketplace
6411,180,2026-03-13,Completado,Web
6412,419,2024-07-12,Completado,Tienda fisica
6413,293,2024-07-21,Pendiente,Web
6414,350,2024-12-30,Completado,Web
6415,119,2024-06-29,Completado,Web
6416,58,2024-08-17,Completado,Marketplace
6417,962,2024-06-08,Completado,Web
6418,251,2026-08-10,Completado,Tienda fisica
6419,238,2024-12-25,Pendiente,Web
6420,836,2025-07-02,Completado,Web
6421,843,2025-10-30,Completado,Tienda fisica
6422,303,2025-08-29,Completado,Tienda fisica
6423,670,2025-02-16,Completado,Web
6424,698,2024-06-01,Completado,Tienda fisica
6425,68,2024-05-02,Completado,Web
6426,55,2025-05-02,completado,App
6427,837,2026-07-27,Completado,Web
6428,328,2025-03-09,Pendiente,Marketplace
6429,430,2024-09-19,En preparacion,Web
6430,637,2025-10-30,Completado,App
6431,843,2025-06-07,Completado,Tienda fisica
6432,883,2026-06-24,Completado,WhatsApp
6433,837,2025-01-12,Completado,Tienda fisica
6434,965,2024-03-21,Pendiente,Tienda fisica
6435,965,2024-08-07,Completado,Web
6436,409,2024-03-05,En preparacion,Tienda fisica
6437,327,2024-11-05,Completado,Tienda fisica
6438,132,2026-07-21,Completado,Web
6439,66,2025-06-02,Completado,App
6440,122,2024-09-21,Completado,Web
6441,922,2025-10-07,Completado,Web
6442,350,2025-03-21,Completado,App
6443,837,2024-07-17,Completado,Web
6444,565,2025-03-19,En preparacion,Tienda fisica
6445,970,2024-03-13,Completado,Web
6446,663,2025-12-15,Completado ,Web
6447,161,2024-07-08,Pendiente,Web
6448,812,2024-07-23,Completado,Tienda fisica
6449,623,2026-06-14,Completado,Tienda fisica
6450,951,2024-05-31,Completado,Web
6451,994,2024-03-16,Pendiente,App
6452,736,2025-06-21,Completado,Marketplace
6453,546,2024-04-05,Completado,App
6454,731,2024-11-22,Cancelado,Tienda fisica
6455,443,2026-06-27,Completado,Tienda fisica
6456,457,2024-05-31,Completado,Web
6457,811,2025-10-20,Pendiente,Marketplace
6458,612,2024-08-29,Completado,Tienda fisica
6459,262,2026-08-11,Completado,Web
6460,599,2024-12-14,Completado,Web
6461,816,2024-10-08,Completado,Web
6462,903,2025-03-24,Completado,Web
6463,276,2025-08-13,Cancelado,Web
6464,20,2024-05-08,Completado,Tienda fisica
6465,436,2025-09-23,Completado,Tienda fisica
6466,469,2025-04-26,Completado,Marketplace
6467,613,2024-03-07,Completado,Web
6468,946,2025-05-10,Completado,WhatsApp
6469,764,2024-05-03,Completado,Web
6470,469,2024-08-01,Completado,Web
6471,45,2024-12-25,Completado,Tienda fisica
6472,764,2024-09-21,Completado,WhatsApp
6473,534,2026-08-20,Completado,Web
6474,270,2025-07-24,Completado,WEB
6475,607,2025-07-26,Cancelado,Marketplace
6476,439,2024-05-26,Completado,App
6477,119,2024-09-06,Completado,Web
6478,69,2024-08-17,Pendiente,App
6479,492,2024-02-07,Completado,Web
6480,817,2024-06-23,Completado,Web
6481,353,2025-11-05,Completado,Web
6482,425,2025-11-13,Completado,App
6483,933,2026-03-13,Pendiente,Tienda fisica
6484,358,2025-05-20,Completado,Web
6485,520,2026-07-19,Completado,Web
6486,767,2026-03-12,Completado,Tienda fisica
6487,251,2024-01-31,Completado,Web
6488,883,2025-10-09,Completado,App
6489,799,2025-08-11,Completado,App
6490,652,2026-06-14,Pendiente,Marketplace
6491,987,2024-09-30,Completado,App
6492,937,2024-10-10,Completado,Web
6493,178,2024-06-22,Pendiente,Marketplace
6494,973,2024-03-21,Completado,Web
6495,353,2024-09-15,Completado,Tienda fisica
6496,383,2026-03-08,Completado,Web
6497,285,2025-03-15,Completado,Marketplace
6498,557,2026-08-10,Completado,App
6499,450,2025-11-08,Completado,Marketplace
6500,729,2025-05-18,Cancelado,Web
6501,348,2024-07-27,Completado ,Web
6502,20,2024-07-05,Completado,Web
6503,965,2024-07-25,Completado,Tienda fisica
6504,60,2025-08-07,Completado,App
6505,396,2024-11-14,Completado,Web
6506,179,2024-02-21,Completado,Marketplace
6507,312,2025-07-03,Completado,WhatsApp
6508,68,2024-10-01,Completado,Marketplace
6509,947,2025-09-03,Completado,App
6510,520,2026-03-25,Completado,Tienda fisica
6511,450,2026-08-17,Cancelado,Marketplace
6512,970,2024-11-19,Completado,Web
6513,549,2024-11-16,En preparacion,Web
6514,992,2024-03-06,Completado,Tienda fisica
6515,637,2025-06-14,Completado,WhatsApp
6516,880,2026-03-27,Completado,App
6517,251,2026-04-22,Completado,Web
6518,409,2025-01-02,Pendiente,App
6519,181,2024-03-22,Completado,Web
6520,522,2025-03-04,Completado,Web
6521,121,2025-05-06,Pendiente,Web
6522,506,2024-03-22,Completado,Tienda fisica
6523,281,2026-04-26,Cancelado,App
6524,281,2026-03-28,Completado,Web
6525,663,2025-10-29,Cancelado,Marketplace
6526,353,2026-08-26,Completado,Web
6527,565,2025-06-07,completado,Tienda fisica
6528,139,2026-06-26,Completado,Web
6529,466,2024-01-17,Completado,Web
6530,96,2026-04-05,completado,App
6531,693,2024-06-12,Completado,App
6532,798,2024-12-09,Completado,App
6533,520,2025-02-08,Completado,Tienda fisica
6534,924,2026-01-06,Completado,Web
6535,146,2024-01-05,Completado,App
6536,691,2026-04-23,Completado,App
6537,623,2024-06-07,Completado,Tienda fisica
6538,691,2025-09-10,Completado,WhatsApp
6539,535,2025-03-02,Completado,WhatsApp
6540,855,2025-08-18,Completado,Web
6541,542,2026-06-02,Completado,Web
6542,181,2025-06-05,Completado,Tienda fisica
6543,300,2024-11-14,Cancelado,Web
6544,553,2025-07-29,Cancelado,Marketplace
6545,565,2024-03-08,Completado,Web
6546,19,2025-07-24,En preparacion,Tienda fisica
6547,904,2024-08-01,Cancelado,Web
6548,320,2024-08-09,Completado,App
6549,739,2026-01-08,Completado,Web
6550,151,2025-12-14,Completado,Web
6551,505,2024-07-21,Pendiente,Tienda fisica
6552,140,2026-04-18,Completado,Marketplace
6553,794,2024-10-08,Completado,Tienda fisica
6554,200,2025-05-24,Completado,Marketplace
6555,750,2024-05-29,Completado,Web
6556,133,2026-08-28,Completado,Marketplace
6557,340,2026-08-06,Completado,Web
6558,64,2026-03-19,Completado,Tienda fisica
6559,525,2025-11-30,Completado,Marketplace
6560,396,2025-11-05,Completado,Web
6561,378,2025-01-05,Completado,Web
6562,926,2025-10-31,Completado,Web
6563,234,2026-06-03,Completado,Web
6564,752,2025-02-07,Completado,WhatsApp
6565,506,2024-11-19,Cancelado,App
6566,674,2025-05-23,Pendiente,Web
6567,117,2024-12-08,Completado,Marketplace
6568,617,2024-11-09,Completado,Tienda fisica
6569,691,2025-06-11,Completado,Web
6570,715,2024-04-21,Completado,Marketplace
6571,698,2025-02-12,Completado,Web
6572,710,2025-07-24,Completado,Tienda fisica
6573,994,2025-01-27,Completado,Web
6574,128,2025-08-21,Completado,Web
6575,674,2026-01-10,Completado,Marketplace
6576,382,2025-02-13,Completado,Web
6577,879,2025-02-11,Completado,Tienda fisica
6578,767,2025-04-23,En preparacion,Tienda fisica
6579,734,2026-03-10,Completado,Web
6580,664,2026-07-23,En preparacion,Tienda fisica
6581,198,2024-10-07,Completado,Web
6582,396,2025-07-10,completado,App
6583,320,2026-05-15,Completado,WEB
6584,385,2025-02-23,Completado,Web
6585,486,2026-02-01,Completado,Tienda fisica
6586,802,2024-12-21,Completado,Tienda fisica
6587,725,2026-03-31,Completado,Tienda fisica
6588,943,2025-02-07,completado,Web
6589,233,2024-09-17,Completado,Web
6590,794,2026-05-09,Completado,Tienda fisica
6591,652,2024-08-15,Completado,Tienda fisica
6592,146,2026-01-28,Completado,Web
6593,981,2026-06-05,Cancelado,Web
6594,183,2024-01-19,Pendiente,Tienda fisica
6595,31,2024-09-20,Completado,Marketplace
6596,573,2026-05-09,Completado,Web
6597,233,2024-06-07,completado,Marketplace
6598,835,2026-03-06,Completado,Tienda fisica
6599,648,2025-09-03,Completado,Web
6600,284,2025-11-17,Completado,Web
6601,567,2025-12-12,Completado,Marketplace
6602,299,2025-12-24,Completado,Web
6603,603,2024-07-08,Completado,Web
6604,315,2025-01-03,Completado,Marketplace
6605,281,2024-02-27,Pendiente,APP
6606,709,2025-08-19,Completado ,Web
6607,73,2024-07-13,Completado,WhatsApp
6608,281,2024-02-14,Completado,App
6609,520,2024-07-03,Completado,App
6610,253,2024-04-16,Completado,App
6611,612,2024-02-07,Completado,Web
6612,457,2024-06-26,Completado,Marketplace
6613,598,2024-12-01,Completado,Web
6614,534,2025-09-06,Completado,Web
6615,855,2025-06-23,Completado,Web
6616,948,2024-02-10,Completado,Web
6617,469,2026-02-20,Completado,Marketplace
6618,807,2024-09-07,Completado,Tienda fisica
6619,163,2025-08-09,Completado,App
6620,784,2025-11-23,Completado,WhatsApp
6621,457,2024-06-01,Completado,Web
6622,10,2025-02-25,Completado,Web
6623,962,2026-03-05,Completado,WhatsApp
6624,970,2024-01-21,Completado,Web
6625,151,2026-03-20,Completado,Web
6626,833,2024-04-05,Completado,WhatsApp
6627,69,2025-08-07,Completado,Web
6628,362,2024-05-11,Completado,Web
6629,828,2024-10-19,Completado,Tienda fisica
6630,841,2025-01-29,Completado,Web
6631,603,2025-11-04,Completado,Web
6632,348,2024-03-01,Completado,App
6633,474,2024-05-12,En preparacion,Tienda fisica
6634,825,2026-08-19,Completado,WhatsApp
6635,278,2024-03-01,Cancelado,App
6636,124,2024-04-16,Completado,Tienda fisica
6637,205,2024-08-05,Cancelado,Web
6638,541,2026-01-19,Completado,Tienda fisica
6639,178,2024-08-02,Completado,Web
6640,702,2025-12-13,Completado,Web
6641,26,2025-10-18,Completado,Web
6642,734,2025-12-28,Completado,App
6643,734,2024-09-07,Completado,Web
6644,301,2024-10-19,Completado,Marketplace
6645,807,2024-11-22,Completado,Web
6646,869,2024-04-01,Completado,Web
6647,812,2025-08-10,Completado,App
6648,603,2024-04-23,Completado,WhatsApp
6649,466,2025-05-28,Completado,Web
6650,779,2024-06-09,Completado,App
6651,205,2024-04-17,Completado,Web
6652,970,2024-10-13,Completado,Marketplace
6653,993,2026-06-03,Completado,Web
6654,428,2026-08-06,Completado,App
6655,63,2025-12-28,Completado,Web
6656,5,2026-04-11,Completado,Web
6657,497,2026-01-10,Completado,App
6658,459,2025-10-24,Cancelado,Tienda fisica
6659,455,2024-10-22,Completado,Tienda fisica
6660,754,2025-09-27,Completado,App
6661,28,2025-10-07,Completado,Web
6662,928,2025-08-15,Completado,Web
6663,965,2024-07-22,Pendiente,WhatsApp
6664,468,2024-04-12,Completado,Tienda fisica
6665,353,2025-11-12,Completado,Tienda fisica
6666,390,2026-02-25,Completado,WhatsApp
6667,522,2025-07-04,En preparacion,Marketplace
6668,546,2024-02-03,Completado,App
6669,20,2024-09-12,Completado,Tienda fisica
6670,13,2026-06-05,Pendiente,Web
6671,370,2025-02-02,Completado,Web
6672,448,2025-03-24,Completado,Tienda fisica
6673,151,2025-06-24,Completado,App
6674,457,2026-07-17,Completado,Web
6675,565,2024-09-26,Completado,Tienda fisica
6676,925,2025-12-11,Completado,Marketplace
6677,505,2025-08-02,Completado,Web
6678,596,2026-07-23,Completado,Web
6679,119,2024-12-19,Completado,Marketplace
6680,348,2025-12-03,Completado,Marketplace
6681,525,2026-04-12,Completado,Tienda fisica
6682,841,2026-08-25,Completado,Tienda fisica
6683,474,2025-11-20,Completado,Web
6684,505,2024-08-23,Completado,Tienda fisica
6685,734,2025-10-09,Completado,Web
6686,970,2024-11-23,Completado,App
6687,940,2025-07-21,Completado,App
6688,28,2025-03-29,Cancelado,Web
6689,57,2026-07-21,Completado,App
6690,827,2026-07-08,Completado,Tienda fisica
6691,46,2025-10-24,Completado,Web
6692,66,2025-12-06,Completado,TIENDA FISICA
6693,270,2026-03-27,Pendiente,App
6694,39,2025-02-14,Completado,App
6695,97,2024-05-08,Completado,Tienda fisica
6696,175,2024-12-17,Completado,Web
6697,46,2025-12-06,Completado,Tienda fisica
6698,294,2025-03-09,Completado,Tienda fisica
6699,750,2024-03-22,Completado,Web
6700,385,2025-11-16,Completado,Marketplace
6701,20,2024-01-13,Completado,WhatsApp
6702,215,2024-04-02,Completado,App
6703,117,2024-12-03,Completado,Tienda fisica
6704,352,2024-12-21,Completado,Web
6705,603,2025-08-18,Completado,Tienda fisica
6706,205,2025-12-06,Completado,Web
6707,599,2024-09-06,Completado,Web
6708,241,2025-03-03,completado,Tienda fisica
6709,212,2024-11-22,Completado,Web
6710,767,2024-05-03,En preparacion,Tienda fisica
6711,543,2026-07-12,Completado,Tienda fisica
6712,599,2024-04-21,Completado,App
6713,520,2024-09-28,Completado,App
6714,910,2025-12-25,Completado,Tienda fisica
6715,55,2025-06-22,Completado,Web
6716,93,2025-05-01,Completado,Tienda fisica
6717,925,2026-07-06,En preparacion,App
6718,873,2025-10-06,Completado,App
6719,522,2024-08-02,En preparacion,Web
6720,553,2025-01-24,Completado,App
6721,469,2025-09-16,Completado,Web
6722,475,2025-12-25,Completado,Tienda fisica
6723,528,2024-05-10,Cancelado,Web
6724,315,2024-12-04,Completado,App
6725,212,2024-10-18,Completado,App
6726,783,2025-10-29,Completado,App
6727,293,2024-03-26,Completado,Tienda fisica
6728,867,2024-02-26,Completado,Tienda fisica
6729,253,2024-08-01,Completado,App
6730,99,2025-10-21,Completado,Web
6731,457,2025-03-15,Completado ,Web
6732,494,2025-04-09,Completado,Tienda fisica
6733,179,2026-07-19,Completado,Tienda fisica
6734,119,2024-05-10,Completado,Web
6735,508,2025-02-08,Completado,Web
6736,276,2025-08-05,Completado,Tienda fisica
6737,344,2024-03-05,Completado,Web
6738,307,2026-07-06,Cancelado,Marketplace
6739,164,2025-10-31,Completado ,Web
6740,572,2026-07-14,Completado,Tienda fisica
6741,567,2024-02-06,Completado,Marketplace
6742,994,2024-12-18,Completado,Web
6743,546,2024-06-11,Completado,Web
6744,657,2024-04-14,Completado,Marketplace
6745,95,2025-11-10,Completado,App
6746,762,2024-01-15,Completado,Tienda fisica
6747,729,2026-03-27,Cancelado,Web
6748,606,2026-06-21,Completado,Marketplace
6749,811,2024-09-13,Completado,Web
6750,118,2025-09-21,Completado,Marketplace
6751,7,2025-11-10,Completado,Marketplace
6752,575,2024-11-27,Completado,Web
6753,675,2025-05-08,Completado,Tienda fisica
6754,296,2025-03-15,Cancelado,Web
6755,613,2025-01-03,Completado,Tienda fisica
6756,578,2025-05-21,En preparacion,Tienda fisica
6757,517,2025-07-29,Completado,Web
6758,663,2025-05-24,Completado,Web
6759,977,2026-03-12,Completado,Web
6760,338,2026-07-25,Completado,Tienda fisica
6761,396,2025-05-16,Completado,Web
6762,336,2026-07-10,Completado,Web
6763,642,2024-05-06,En preparacion,Marketplace
6764,119,2024-12-02,Completado,Web
6765,239,2026-04-03,Completado,Web
6766,548,2024-06-20,Completado,Web
6767,409,2025-12-25,Completado,Web
6768,599,2024-02-23,Completado,Web
6769,132,2025-05-20,Pendiente,App
6770,118,2025-05-17,Completado,Web
6771,155,2024-02-13,Completado,Marketplace
6772,100,2024-07-31,Completado,Web
6773,638,2025-12-09,Completado,Web
6774,146,2026-05-16,Completado,Tienda fisica
6775,565,2026-02-12,Completado,Web
6776,704,2026-05-19,Completado,Tienda fisica
6777,718,2026-07-28,Completado,Web
6778,526,2026-05-29,Completado,Marketplace
6779,994,2024-07-12,Completado,App
6780,567,2024-03-04,Cancelado,WhatsApp
6781,693,2025-10-30,Completado,App
6782,643,2026-03-21,Completado,App
6783,16,2025-01-28,Completado,Tienda fisica
6784,660,2025-11-03,Completado,Web
6785,250,2025-11-22,Completado,Web
6786,869,2024-06-29,En preparacion,Tienda fisica
6787,647,2025-11-29,Completado,Web
6788,678,2026-04-10,Completado,Tienda fisica
6789,14,2025-02-23,Completado,WhatsApp
6790,285,2025-10-03,Completado,Web
6791,425,2024-02-12,Completado,Web
6792,617,2025-03-04,Completado,Tienda fisica
6793,409,2024-01-08,Completado,Tienda fisica
6794,603,2025-05-28,Completado,Web
6795,984,2026-07-10,Completado,Web
6796,396,2025-12-09,Completado,Web
6797,455,2024-03-12,En preparacion,Tienda fisica
6798,486,2025-09-20,Completado,Web
6799,879,2025-11-22,Completado,WhatsApp
6800,765,2024-12-14,Completado,Web
6801,493,2024-10-29,Completado,Marketplace
6802,763,2026-04-24,Completado,Web
6803,937,2025-04-17,Pendiente,Marketplace
6804,181,2024-01-14,Completado,Tienda fisica
6805,750,2025-02-07,Cancelado,Web
6806,118,2024-06-24,Completado,Web
6807,2,2026-08-13,Pendiente,App
6808,578,2024-09-07,Cancelado,Web
6809,557,2026-04-09,Completado,Web
6810,522,2024-05-13,Completado,Tienda fisica
6811,468,2024-09-13,Completado,Marketplace
6812,688,2025-04-19,Completado,App
6813,837,2025-07-25,Cancelado,App
6814,543,2024-12-05,Completado,Tienda fisica
6815,560,2026-02-03,Completado,Web
6816,648,2024-10-26,Completado,Marketplace
6817,762,2025-06-14,Cancelado,Web
6818,291,2024-12-11,Completado,Web
6819,925,2025-03-22,Completado,App
6820,734,2025-04-17,En preparacion,Tienda fisica
6821,164,2024-09-14,Completado,WhatsApp
6822,628,2024-04-26,Completado,Tienda fisica
6823,709,2025-09-16,Completado,WhatsApp
6824,496,2025-01-03,Pendiente,Web
6825,658,2024-03-01,Completado,Web
6826,173,2026-04-18,Completado,Marketplace
6827,904,2024-04-17,Completado,Tienda fisica
6828,294,2025-02-07,Completado,Web
6829,575,2025-06-06,Pendiente,Web
6830,565,2026-05-30,Completado,Web
6831,505,2026-08-15,Completado,App
6832,603,2024-11-15,Completado,Web
6833,450,2026-01-14,Completado,Web
6834,289,2026-04-11,Completado,Web
6835,251,2026-06-28,Completado,WhatsApp
6836,587,2024-11-29,Completado,Tienda fisica
6837,305,2025-05-09,Completado,Tienda fisica
6838,691,2025-02-01,Completado,Web
6839,336,2025-12-20,Completado,Tienda fisica
6840,634,2024-11-23,Completado ,Web
6841,567,2026-07-22,Completado,App
6842,970,2026-06-05,Completado,WhatsApp
6843,864,2025-07-30,Completado,Tienda fisica
6844,794,2026-04-01,Completado,App
6845,999,2024-12-30,Completado,Tienda fisica
6846,390,2024-07-18,Completado,Web
6847,816,2026-08-27,Pendiente,Tienda fisica
6848,392,2024-09-09,Completado,Tienda fisica
6849,2,2024-04-15,Completado,Web
6850,970,2025-02-17,Completado,WhatsApp
6851,68,2024-11-30,Completado,App
6852,118,2024-12-21,En preparacion,Tienda fisica
6853,741,2025-04-17,Completado,App
6854,55,2025-12-10,Completado ,App
6855,693,2024-08-02,Completado,Tienda fisica
6856,585,2026-01-27,Cancelado,WhatsApp
6857,743,2024-04-20,Completado,Tienda fisica
6858,904,2024-04-16,Completado,Marketplace
6859,10,2025-01-25,Completado,Web
6860,2,2024-06-11,Completado,Web
6861,75,2026-05-26,Completado,Web
6862,784,2024-10-07,Completado,Marketplace
6863,558,2025-10-02,Completado,Web
6864,716,2024-01-15,Completado,Tienda fisica
6865,587,2025-06-03,Completado,Web
6866,293,2024-03-28,Completado,Web
6867,270,2024-11-22,Cancelado,App
6868,881,2026-01-16,Completado,App
6869,258,2025-09-27,Completado,Tienda fisica
6870,812,2024-08-08,Completado,App
6871,663,2024-02-09,Completado,Web
6872,236,2024-03-23,Completado,Web
6873,175,2025-05-01,Completado,App
6874,118,2024-12-31,Completado,Web
6875,293,2024-03-22,Completado,Marketplace
6876,264,2026-04-25,Completado,Web
6877,378,2025-11-15,Completado,Web
6878,294,2024-01-16,Completado,Web
6879,843,2024-06-27,Completado,WhatsApp
6880,831,2025-09-14,Completado,App
6881,520,2026-03-21,Completado,Web
6882,205,2026-03-01,Completado,Web
6883,223,2024-05-12,Completado,App
6884,493,2024-02-01,Completado,Web
6885,63,2025-08-29,Completado,Web
6886,869,2025-02-06,Completado,Tienda fisica
6887,464,2026-06-18,Completado,Tienda fisica
6888,587,2026-03-06,Cancelado,Tienda fisica
6889,270,2025-12-09,Completado,App
6890,409,2025-09-25,Pendiente,App
6891,155,2024-02-21,Completado,Marketplace
6892,293,2025-10-02,Cancelado,Tienda fisica
6893,663,2025-02-05,Completado,App
6894,783,2025-07-15,Completado,App
6895,798,2025-10-07,Completado,Tienda fisica
6896,246,2024-04-02,Completado,Tienda fisica
6897,599,2025-08-17,Completado,Web
6898,855,2025-11-14,Completado,Web
6899,151,2024-08-25,Completado,App
6900,879,2024-12-23,Cancelado,App
6901,139,2026-01-17,Completado,Web
6902,204,2025-10-15,Completado,Web
6903,128,2025-09-21,Completado,Web
6904,994,2024-05-08,Completado,Web
6905,505,2026-03-28,Cancelado,Tienda fisica
6906,926,2025-10-06,Completado,Tienda fisica
6907,928,2025-03-10,En preparacion,App
6908,276,2025-10-23,Completado,Web
6909,894,2024-08-16,Completado,App
6910,409,2025-12-06,Completado,Web
6911,843,2024-07-10,Completado,App
6912,851,2024-09-20,Completado,Tienda fisica
6913,58,2024-03-30,Completado,Web
6914,347,2025-05-28,Completado,Web
6915,129,2026-06-21,Completado,Tienda fisica
6916,251,2025-04-13,Completado ,Tienda fisica
6917,824,2026-08-08,Completado,WhatsApp
6918,951,2025-03-28,En preparacion,WhatsApp
6919,455,2026-05-26,Completado,Web
6920,796,2024-07-02,Completado,Marketplace
6921,787,2024-10-25,Completado,Web
6922,617,2024-09-05,Completado,App
6923,565,2024-04-28,Completado ,Web
6924,525,2026-01-02,Completado,Tienda fisica
6925,984,2024-02-03,Completado,Tienda fisica
6926,940,2026-07-31,Completado,Tienda fisica
6927,251,2024-02-10,Completado,Marketplace
6928,474,2024-07-22,Completado,Web
6929,603,2025-01-14,Completado,Web
6930,146,2025-12-26,Completado,Web
6931,251,2026-07-23,Completado,Web
6932,869,2024-03-02,completado,Tienda fisica
6933,450,2026-08-21,Completado,Marketplace
6934,38,2025-11-20,Completado,Web
6935,179,2024-09-12,Completado,Web
6936,368,2024-03-25,Completado,Tienda fisica
6937,883,2025-10-24,Pendiente,Web
6938,698,2026-07-14,Pendiente,Web
6939,320,2024-05-30,cancelado,Web
6940,965,2024-12-05,Completado,Marketplace
6941,275,2026-01-03,Completado,App
6942,757,2026-06-30,Completado,Web
6943,843,2026-04-28,Pendiente,App
6944,802,2025-07-16,Completado,Web
6945,98,2025-07-13,Completado,Web
6946,455,2024-03-01,Completado,App
6947,145,2026-07-28,Completado,Web
6948,155,2026-03-27,Completado,App
6949,119,2025-06-02,Completado,Web
6950,837,2024-09-30,Completado,Web
6951,20,2025-02-18,Completado,Web
6952,285,2024-10-19,Completado,Web
6953,175,2025-12-20,Completado,App
6954,828,2025-01-08,En preparacion,Web
6955,9,2024-03-30,Completado,Tienda fisica
6956,179,2024-10-23,Completado,Web
6957,209,2025-04-10,Completado ,Web
6958,784,2024-06-07,Completado,Tienda fisica
6959,409,2026-06-16,Completado,Tienda fisica
6960,181,2024-04-27,Completado,Marketplace
6961,138,2026-03-26,Pendiente,Web
6962,209,2025-06-27,En preparacion,App
6963,175,2026-04-11,Cancelado,Tienda fisica
6964,920,2026-07-15,Completado,Web
6965,750,2024-09-17,Completado,Web
6966,429,2026-01-02,Completado,Tienda fisica
6967,439,2024-02-08,Cancelado,Tienda fisica
6968,270,2025-04-17,Completado,Web
6969,146,2025-07-26,Completado,WhatsApp
6970,510,2025-11-04,Completado,Web
6971,838,2026-01-03,Pendiente,WEB
6972,233,2024-06-11,Completado,APP
6973,663,2025-08-04,Completado,Web
6974,96,2025-12-20,Completado,Tienda fisica
6975,88,2024-07-30,Completado,Web
6976,939,2025-12-27,Pendiente,Web
6977,551,2024-07-08,Completado,Web
6978,549,2026-03-12,Completado,WhatsApp
6979,599,2026-01-23,Completado,App
6980,657,2024-12-30,Completado,Web
6981,893,2026-01-28,Cancelado,Tienda fisica
6982,965,2024-07-31,En preparacion,Web
6983,816,2025-07-25,Completado,APP
6984,926,2025-11-17,Pendiente,App
6985,896,2024-01-03,Completado,Web
6986,943,2025-07-05,Completado,Tienda fisica
6987,837,2025-01-21,Completado,Marketplace
6988,823,2024-02-15,En preparacion,Web
6989,481,2024-02-22,Completado,Web
6990,802,2025-07-19,Completado,Marketplace
6991,658,2026-07-25,Completado,Tienda fisica
6992,266,2024-04-02,Completado,Web
6993,481,2024-11-30,Completado,Web
6994,646,2024-08-25,Completado,Web
6995,709,2025-10-08,Completado,Tienda fisica
6996,550,2026-07-31,Completado,App
6997,841,2024-04-29,Completado,Web
6998,183,2024-04-06,Completado,Web
6999,270,2024-12-13,Completado,Marketplace
7000,520,2025-01-18,Completado,Marketplace
7001,767,2025-06-30,Cancelado,Web
7002,657,2026-01-24,Completado,Web
7003,3,2024-03-11,Completado,Web
7004,855,2025-10-23,Completado,Tienda fisica
7005,179,2026-04-10,Completado,WhatsApp
7006,118,2024-09-24,Cancelado,Tienda fisica
7007,891,2026-07-06,Completado,Web
7008,41,2024-08-17,Completado,Web
7009,965,2024-03-30,Completado,Web
7010,155,2025-12-12,Completado,App
7011,604,2026-03-18,Completado,Tienda fisica
7012,410,2026-03-28,completado,Web
7013,833,2026-07-22,Completado,Web
7014,361,2025-06-30,Completado,Marketplace
7015,711,2024-10-04,Completado,Web
7016,348,2025-01-12,Completado,Web
7017,9,2025-09-17,Completado,Web
7018,663,2025-12-20,Completado,Tienda fisica
7019,535,2024-01-13,Completado,Web
7020,994,2025-12-09,Completado,Web
7021,781,2026-02-13,Completado,App
7022,767,2024-07-10,Completado,Marketplace
7023,536,2024-03-31,Completado,Marketplace
7024,293,2025-07-09,Completado,Web
7025,178,2024-02-16,Completado,Tienda fisica
7026,647,2026-06-20,Pendiente,Web
7027,435,2025-12-19,Completado,Tienda fisica
7028,652,2025-03-05,Completado,App
7029,783,2024-12-04,Completado,Marketplace
7030,768,2026-06-05,Completado,Web
7031,726,2026-07-13,Completado,App
7032,155,2024-07-13,Completado,Web
7033,534,2024-01-09,Completado ,App
7034,407,2024-01-26,Completado,Web
7035,151,2025-05-27,Completado,App
7036,946,2024-01-22,Completado,Web
7037,396,2025-05-23,Completado,Tienda fisica
7038,526,2026-08-16,Completado,App
7039,575,2025-10-25,Completado,Tienda fisica
7040,761,2026-07-14,Completado,Web
7041,436,2024-12-07,Completado,Web
7042,925,2024-11-16,Completado,Tienda fisica
7043,548,2024-08-19,Completado,Tienda fisica
7044,574,2024-11-01,Completado,Web
7045,68,2024-08-16,Completado,App
7046,590,2025-04-17,Completado,Web
7047,688,2024-03-28,Completado,App
7048,567,2025-03-27,Completado,Tienda fisica
7049,652,2025-08-13,Cancelado,Web
7050,843,2024-11-13,Completado,Tienda fisica
7051,119,2024-03-06,Completado,App
7052,291,2025-12-19,Completado,Web
7053,383,2026-03-19,Completado,Tienda fisica
7054,278,2025-11-11,Completado,Tienda fisica
7055,70,2024-07-18,Completado,Web
7056,336,2026-04-20,Cancelado,Web
7057,693,2024-05-03,Completado,Tienda fisica
7058,959,2025-12-08,Completado,Tienda fisica
7059,812,2025-12-18,Completado,App
7060,520,2026-01-29,Completado,WhatsApp
7061,2,2025-10-22,Completado,Marketplace
7062,657,2024-02-15,Completado,Tienda fisica
7063,634,2024-02-01,Completado,Web
7064,41,2025-12-12,Completado,WhatsApp
7065,476,2024-09-14,completado,App
7066,590,2026-08-31,Completado,Web
7067,663,2026-08-07,Completado,Tienda fisica
7068,310,2026-05-05,Completado,Tienda fisica
7069,421,2025-10-09,Completado,App
7070,468,2024-08-09,Completado,App
7071,390,2026-04-26,Completado,Tienda fisica
7072,792,2024-08-16,Completado,Tienda fisica
7073,991,2026-03-15,Completado,Web
7074,180,2026-02-26,Completado,Tienda fisica
7075,304,2024-11-29,Completado,WhatsApp
7076,179,2024-06-26,Completado,App
7077,164,2025-10-22,Pendiente,Marketplace
7078,896,2024-07-17,Completado,Marketplace
7079,675,2024-01-08,Pendiente,Web
7080,119,2024-06-09,Pendiente,Marketplace
7081,396,2026-04-03,Completado,Web
7082,238,2024-03-25,Pendiente,App
7083,20,2024-10-09,Completado,Web
7084,70,2024-12-12,Completado,Web
7085,211,2024-09-06,Completado,App
7086,803,2025-09-12,Completado,Tienda fisica
7087,603,2024-04-28,Completado,Tienda fisica
7088,564,2025-07-17,Completado,Web
7089,238,2025-03-19,Cancelado,Web
7090,926,2025-08-10,Completado,Web
7091,726,2025-07-23,Completado,Tienda fisica
7092,787,2024-09-22,Pendiente,Tienda fisica
7093,652,2025-11-13,Completado,App
7094,642,2024-01-10,Completado,Web
7095,320,2025-03-21,Completado,Tienda fisica
7096,99,2024-07-21,Completado,Web
7097,970,2024-12-12,Completado,WhatsApp
7098,506,2024-12-09,Completado,Tienda fisica
7099,879,2025-05-31,Completado,Web
7100,994,2024-04-12,Completado,Web
7101,173,2026-06-01,Completado,Web
7102,670,2025-04-26,Completado ,App
7103,165,2025-08-15,Completado,App
7104,431,2024-10-04,Completado,WhatsApp
7105,347,2025-08-23,Completado,App
7106,67,2024-12-02,Completado,Marketplace
7107,352,2025-05-13,Completado,App
7108,293,2024-12-22,Completado,Tienda fisica
7109,293,2024-11-08,Completado,Marketplace
7110,414,2024-05-25,Cancelado,Marketplace
7111,535,2025-04-04,Completado,WhatsApp
7112,410,2024-04-24,Completado,Web
7113,362,2025-05-13,Completado,Marketplace
7114,947,2024-05-10,Completado,WhatsApp
7115,948,2024-09-29,Completado,Web
7116,278,2024-10-30,Completado,Web
7117,186,2024-07-04,Completado,Web
7118,457,2024-12-06,Completado,Web
7119,121,2025-09-19,Completado,App
7120,58,2026-05-21,Completado,Web
7121,857,2024-08-19,Completado,App
7122,811,2025-10-22,Completado,App
7123,729,2024-09-13,Completado,Web
7124,278,2025-03-15,Completado,Marketplace
7125,293,2026-05-21,Completado,Web
7126,925,2025-12-11,Completado,Web
7127,375,2025-09-04,Completado,Tienda fisica
7128,298,2025-11-21,Completado,Tienda fisica
7129,281,2024-11-23,Pendiente,Web
7130,163,2026-04-15,Completado,Tienda fisica
7131,521,2024-03-09,Completado,Tienda fisica
7132,3,2025-12-03,Completado,WEB
7133,173,2025-12-11,Completado,Web
7134,717,2025-12-27,Completado,Web
7135,314,2025-07-30,Completado,Web
7136,562,2024-11-17,Completado,Marketplace
7137,843,2024-07-18,Completado,Tienda fisica
7138,521,2025-08-21,Completado,Tienda fisica
7139,281,2024-07-04,Pendiente,App
7140,119,2024-12-10,Completado,App
7141,603,2025-06-22,Completado,Tienda fisica
7142,867,2024-11-29,Completado,App
7143,603,2025-09-14,Completado,Web
7144,621,2024-03-21,Completado,Tienda fisica
7145,93,2026-03-15,Completado,Tienda fisica
7146,315,2024-01-05,Completado,App
7147,628,2024-04-07,Completado,Tienda fisica
7148,88,2025-05-12,Completado,Marketplace
7149,836,2025-06-19,Cancelado,Tienda fisica
7150,200,2025-12-04,Completado,Marketplace
7151,979,2025-04-01,Completado,Tienda fisica
7152,994,2026-06-29,Completado,Web
7153,354,2025-11-17,Completado,Web
7154,708,2026-03-06,completado,Web
7155,204,2025-12-17,Completado,Web
7156,587,2026-06-04,Completado,Tienda fisica
7157,285,2025-06-20,Completado,Web
7158,674,2026-04-08,Completado,App
7159,33,2025-03-11,Completado ,Web
7160,535,2024-10-08,Pendiente,Web
7161,328,2025-11-19,Completado,App
7162,399,2024-02-17,Completado,Tienda fisica
7163,688,2024-11-23,Completado,Web
7164,74,2025-12-28,Completado,Web
7165,903,2024-03-12,Completado,App
7166,362,2025-04-30,Completado,Web
7167,293,2024-07-25,Pendiente,Web
7168,293,2026-02-01,Completado,Web
7169,536,2024-02-27,Completado,Tienda fisica
7170,96,2026-05-27,Completado,Tienda fisica
7171,505,2026-06-30,Completado,Web
7172,520,2025-12-02,Completado,App
7173,762,2024-03-13,Completado,Web
7174,937,2024-08-31,Completado,App
7175,442,2024-08-08,Completado,Tienda fisica
7176,698,2025-01-07,Completado,Web
7177,302,2025-11-26,Completado,Tienda fisica
7178,474,2025-05-26,Completado,Tienda fisica
7179,166,2024-06-30,Completado,WhatsApp
7180,670,2024-06-02,Completado,Marketplace
7181,857,2024-08-29,Completado,WhatsApp
7182,253,2024-08-18,Completado,Tienda fisica
7183,994,2026-05-02,Pendiente,App
7184,612,2025-11-21,Completado,Tienda fisica
7185,58,2024-02-12,Completado,Tienda fisica
7186,546,2024-11-30,Completado,Web
7187,546,2026-03-05,completado,Web
7188,442,2024-08-04,Completado,Web
7189,845,2025-03-29,Completado,Web
7190,349,2025-06-12,Completado ,Web
7191,903,2025-09-05,En preparacion,Web
7192,775,2025-01-01,Completado,App
7193,562,2026-04-27,Completado,App
7194,531,2025-12-11,Completado,WhatsApp
7195,314,2025-09-04,Completado,Tienda fisica
7196,603,2025-10-31,Completado,Web
7197,442,2024-06-22,Completado,Marketplace
7198,179,2025-12-31,Pendiente,Web
7199,336,2026-01-31,Completado,Web
7200,455,2024-01-08,Completado,Tienda fisica
7201,948,2024-09-24,Completado,Tienda fisica
7202,977,2025-05-10,Completado,WEB
7203,28,2025-01-20,Completado,App
7204,901,2026-07-15,Completado,App
7205,508,2024-05-19,Completado,Web
7206,965,2024-03-31,Completado,Tienda fisica
7207,769,2026-04-28,Completado,Tienda fisica
7208,991,2025-11-29,Completado,Web
7209,565,2025-07-04,Completado,Web
7210,393,2026-01-08,Completado,App
7211,512,2026-08-22,Completado,App
7212,623,2026-07-17,Completado,Web
7213,994,2024-07-13,Completado,Web
7214,821,2024-08-19,Completado,Web
7215,362,2024-03-28,Completado,App
7216,396,2024-11-22,Completado,App
7217,526,2026-08-21,Pendiente,Tienda fisica
7218,151,2024-03-22,Completado,Tienda fisica
7219,320,2025-09-12,Completado,WhatsApp
7220,379,2025-11-19,Completado,Web
7221,799,2025-10-03,Completado,Tienda fisica
7222,627,2024-11-27,Completado,Web
7223,61,2026-05-29,Completado,Web
7224,251,2025-10-03,Completado,Tienda fisica
7225,396,2025-10-03,Completado,Tienda fisica
7226,657,2024-07-19,Completado,Web
7227,763,2024-02-10,Completado,Web
7228,657,2024-05-21,Completado,App
7229,572,2025-09-12,Completado,Tienda fisica
7230,431,2025-09-06,Completado,Tienda fisica
7231,543,2024-09-05,Completado,Web
7232,717,2025-07-19,Completado,Web
7233,657,2024-05-20,Completado,Web
7234,11,2025-01-20,Completado,Tienda fisica
7235,94,2025-07-31,Completado ,Tienda fisica
7236,146,2026-02-05,Completado,Marketplace
7237,534,2024-12-27,Cancelado,Tienda fisica
7238,182,2025-12-18,Completado,Tienda fisica
7239,642,2024-07-20,Cancelado,App
7240,906,2024-05-31,Completado,Web
7241,828,2026-03-05,Completado,Web
7242,122,2024-12-13,Completado,Tienda fisica
7243,270,2025-03-29,Completado,Web
7244,455,2025-11-28,Completado,Web
7245,987,2026-08-14,En preparacion,Web
7246,281,2024-10-07,Completado,Web
7247,345,2025-04-03,Completado,Tienda fisica
7248,623,2026-05-18,Completado,Tienda fisica
7249,208,2026-06-30,Completado,Tienda fisica
7250,959,2025-12-30,Completado,Web
7251,474,2025-08-23,Completado,Tienda fisica
7252,235,2024-03-03,Completado,Tienda fisica
7253,662,2025-12-05,Completado,Tienda fisica
7254,647,2025-01-11,Completado,WhatsApp
7255,713,2026-08-29,Completado,Tienda fisica
7256,409,2024-08-07,Completado,Tienda fisica
7257,752,2024-01-15,Cancelado,App
7258,864,2024-09-07,Completado,WhatsApp
7259,285,2025-03-04,Completado,WhatsApp
7260,565,2025-12-22,Completado,Web
7261,68,2025-04-26,Cancelado,Marketplace
7262,517,2024-07-03,Completado,Tienda fisica
7263,555,2025-09-19,Completado,Web
7264,643,2026-08-29,Completado,Tienda fisica
7265,699,2026-01-31,Cancelado,Marketplace
7266,494,2024-12-13,Completado,Web
7267,754,2026-07-25,Completado,Web
7268,118,2025-03-04,Cancelado,Web
7269,573,2025-11-06,Completado,App
7270,308,2025-10-24,Pendiente,Web
7271,8,2026-07-18,Completado,WhatsApp
7272,238,2024-10-23,Completado,Tienda fisica
7273,506,2025-12-20,Completado,Marketplace
7274,244,2024-08-26,Completado,App
7275,256,2024-04-03,completado,Web
7276,565,2024-11-13,Completado,App
7277,407,2024-10-23,Cancelado,WEB
7278,879,2025-11-13,Pendiente ,Web
7279,837,2026-07-12,Completado,Web
7280,490,2025-10-13,Completado,App
7281,58,2026-05-28,Completado,App
7282,256,2024-01-10,Completado,App
7283,998,2026-08-16,Completado,Tienda fisica
7284,428,2025-07-17,Completado,Marketplace
7285,711,2024-05-28,Completado,Web
7286,817,2025-11-18,Completado,WhatsApp
7287,449,2025-12-17,Completado,Tienda fisica
7288,505,2025-05-03,En preparacion,Web
7289,447,2025-09-20,Completado,Tienda fisica
7290,269,2026-03-14,Pendiente,Tienda fisica
7291,428,2024-12-06,completado,Web
7292,107,2025-09-28,Completado,Web
7293,577,2025-06-11,Cancelado,Web
7294,158,2024-11-09,Completado ,WhatsApp
7295,644,2024-12-01,Completado,App
7296,907,2025-12-10,Completado,Marketplace
7297,965,2024-07-27,Pendiente,WhatsApp
7298,572,2026-05-05,Completado,Tienda fisica
7299,934,2025-12-03,Completado,Web
7300,932,2025-07-16,Completado,Marketplace
7301,617,2025-04-12,Completado,Web
7302,39,2024-02-16,Completado,App
7303,928,2025-03-19,Completado,Web
7304,119,2025-04-24,Completado,Web
7305,648,2026-04-16,Completado,Web
7306,409,2025-11-29,Completado,Web
7307,875,2025-06-29,completado,WhatsApp
7308,855,2025-06-01,Completado,Tienda fisica
7309,385,2025-06-03,Completado,App
7310,543,2024-10-10,Completado,App
7311,177,2026-06-10,Completado,Web
7312,973,2024-02-15,Completado,App
7313,901,2026-07-17,Completado,Web
7314,617,2025-01-30,Completado,App
7315,321,2024-05-07,Completado,Tienda fisica
7316,826,2026-05-28,Completado,Web
7317,118,2025-05-20,Completado,Web
7318,779,2024-09-20,Completado,Tienda fisica
7319,663,2026-02-13,Completado,Web
7320,557,2026-08-15,Completado,Web
7321,928,2025-07-18,Completado,App
7322,693,2025-02-11,Cancelado,Tienda fisica
7323,2,2025-04-06,Completado,Web
7324,918,2024-11-02,Completado,Marketplace
7325,693,2024-08-26,Cancelado,Tienda fisica
7326,98,2026-08-25,Completado,WhatsApp
7327,541,2026-03-29,Cancelado,Tienda fisica
7328,516,2024-06-18,Completado,Marketplace
7329,600,2025-10-21,Completado,Web
7330,536,2026-05-05,Pendiente,Marketplace
7331,621,2024-01-05,Completado,Marketplace
7332,657,2024-06-03,Completado,App
7333,603,2024-10-14,Completado,Web
7334,843,2025-09-20,Completado,WhatsApp
7335,648,2024-12-02,Completado,App
7336,80,2024-09-13,Completado,Web
7337,146,2024-10-23,Completado,Marketplace
7338,637,2024-08-04,Completado,Tienda fisica
7339,270,2024-11-22,Completado,Web
7340,948,2024-02-03,Completado,WhatsApp
7341,951,2024-02-16,Completado,Web
7342,162,2026-03-19,Completado,Web
7343,893,2024-03-09,Completado,Web
7344,311,2025-07-14,Completado,Web
7345,275,2024-10-20,Completado,Web
7346,251,2024-09-16,Completado,Web
7347,977,2025-03-30,Completado,WhatsApp
7348,794,2025-08-01,Completado,Web
7349,548,2024-08-24,En preparacion,WhatsApp
7350,711,2025-12-25,Completado,Tienda fisica
7351,991,2026-03-19,Completado,Marketplace
7352,474,2024-05-20,Completado,Web
7353,396,2026-06-03,Completado,Web
7354,879,2025-09-09,Completado,WhatsApp
7355,3,2024-06-21,Completado,Web
7356,711,2024-08-19,Completado,Web
7357,739,2026-07-15,Completado,Web
7358,896,2024-07-28,Completado,Web
7359,46,2025-09-10,Completado,Web
7360,784,2025-01-10,Completado,App
7361,553,2025-09-06,Completado,Web
7362,305,2025-09-08,Completado,Web
7363,179,2025-05-04,Cancelado,Marketplace
7364,270,2025-07-11,Completado,Web
7365,77,2025-12-13,Completado,Web
7366,403,2024-11-26,Completado,App
7367,178,2024-04-28,Completado,Tienda fisica
7368,320,2024-10-02,Completado,Tienda fisica
7369,872,2025-11-10,Cancelado,App
7370,565,2025-08-06,Completado,WhatsApp
7371,492,2025-01-25,Completado,Tienda fisica
7372,652,2024-06-06,Completado,Marketplace
7373,672,2025-04-05,Completado,App
7374,811,2025-07-18,Completado,Marketplace
7375,845,2026-03-25,Pendiente,Tienda fisica
7376,404,2024-01-19,Completado,Tienda fisica
7377,236,2026-03-07,Completado,Tienda fisica
7378,603,2026-04-14,Completado,Web
7379,688,2025-04-19,Completado,Web
7380,652,2024-02-18,Cancelado,Web
7381,417,2024-05-17,Completado,Tienda fisica
7382,67,2026-08-07,Completado,Tienda fisica
7383,474,2025-12-01,Cancelado,Web
7384,994,2024-09-28,En preparacion,Web
7385,27,2025-12-06,Completado,Web
7386,224,2025-10-23,Completado,App
7387,291,2026-03-07,Completado,Web
7388,455,2026-07-18,Completado,Tienda fisica
7389,385,2025-05-14,Completado,App
7390,794,2024-12-25,Completado,Marketplace
7391,693,2025-05-16,Completado,Web
7392,883,2026-04-11,Cancelado,Tienda fisica
7393,18,2025-10-07,Completado,Marketplace
7394,39,2025-07-28,Completado,Marketplace
7395,494,2024-11-16,Completado,Marketplace
7396,675,2024-02-18,Completado,Tienda fisica
7397,799,2026-04-16,Completado,App
7398,590,2025-04-21,Completado,Marketplace
7399,762,2024-08-29,Completado,Marketplace
7400,28,2025-04-19,Completado,Marketplace
7401,741,2026-07-31,Completado,Web
7402,206,2025-08-12,Completado,Web
7403,893,2025-08-31,Completado,WhatsApp
7404,670,2024-02-09,Completado,Web
7405,128,2024-09-19,Completado,APP
7406,759,2025-07-02,Completado,Tienda fisica
7407,361,2026-01-22,Completado,Tienda fisica
7408,146,2024-10-31,Completado,Tienda fisica
7409,417,2024-07-20,Completado,App
7410,663,2024-03-27,Completado,Web
7411,567,2025-04-27,Completado,Tienda fisica
7412,407,2025-07-24,Completado,Web
7413,637,2024-03-28,Completado,Web
7414,603,2025-07-02,Completado,App
7415,400,2025-12-12,Completado,Marketplace
7416,534,2025-07-12,En preparacion,WEB
7417,928,2026-03-14,Completado,App
7418,260,2026-01-29,Pendiente,Marketplace
7419,603,2024-04-28,Completado,Web
7420,182,2025-09-12,Completado,App
7421,739,2026-04-02,Cancelado,Web
7422,634,2024-04-12,Pendiente,App
7423,196,2026-08-30,Cancelado,Web
7424,826,2024-10-26,Completado,Tienda fisica
7425,399,2024-10-23,Completado,App
7426,920,2025-09-05,Completado,Marketplace
7427,293,2026-07-08,Completado,Web
7428,648,2024-08-17,Completado,Web
7429,175,2026-05-03,Completado,Tienda fisica
7430,944,2025-12-02,Completado,Web
7431,816,2024-03-31,Completado,Tienda fisica
7432,574,2026-05-01,Completado,Tienda fisica
7433,155,2025-12-19,Completado,Tienda fisica
7434,293,2025-02-28,Completado,Tienda fisica
7435,155,2025-08-24,Cancelado,Marketplace
7436,857,2024-12-11,Completado,Tienda fisica
7437,155,2025-11-04,Completado,Web
7438,552,2026-02-02,Completado,Web
7439,599,2025-12-20,Completado,App
7440,484,2025-11-15,Completado,App
7441,816,2024-12-27,Completado,WhatsApp
7442,837,2025-05-24,Completado,Web
7443,75,2026-03-06,Completado,Web
7444,587,2024-03-25,Completado,Web
7445,20,2024-01-05,En preparacion,App
7446,399,2024-04-16,Completado,Web
7447,227,2025-05-27,En preparacion,Tienda fisica
7448,998,2025-11-22,En preparacion,Tienda fisica
7449,948,2026-01-16,Completado,Web
7450,2,2024-01-02,Completado,Web
7451,943,2025-01-02,Completado,Marketplace
7452,567,2025-03-05,Completado,Marketplace
7453,127,2026-08-28,En preparacion,Web
7454,944,2026-01-15,Pendiente,Tienda fisica
7455,708,2024-05-17,Completado,Marketplace
7456,310,2026-05-06,Completado,Marketplace
7457,556,2024-05-22,Completado,Tienda fisica
7458,179,2024-03-26,Completado,WhatsApp
7459,829,2024-04-02,Completado,Web
7460,297,2025-04-20,Completado,Tienda fisica
7461,954,2024-09-22,Pendiente,Marketplace
7462,567,2024-03-20,Completado,TIENDA FISICA
7463,457,2024-08-13,Completado,Marketplace
7464,635,2025-01-26,Completado,Marketplace
7465,643,2025-12-12,Completado,Tienda fisica
7466,868,2024-06-24,Completado,Tienda fisica
7467,146,2024-02-04,Completado,Web
7468,155,2025-06-09,Completado,Web
7469,350,2025-03-07,Completado,Tienda fisica
7470,516,2024-08-27,Completado,Web
7471,812,2024-08-03,Completado,Web
7472,621,2024-12-16,Completado,Tienda fisica
7473,390,2026-05-04,Pendiente,Web
7474,328,2025-03-04,Completado,Marketplace
7475,965,2024-11-26,Completado,Tienda fisica
7476,301,2024-12-19,Completado,Web
7477,901,2025-04-22,Cancelado,Marketplace
7478,652,2024-10-11,Completado,App
7479,474,2025-05-25,Completado,Tienda fisica
7480,288,2025-01-29,Completado,App
7481,828,2026-05-10,Completado,Marketplace
7482,648,2025-03-12,Cancelado,Web
7483,657,2024-07-01,Completado,Web
7484,13,2026-03-29,Completado,App
7485,534,2024-08-17,Completado,Web
7486,486,2026-08-03,Cancelado,Web
7487,599,2025-11-29,Completado,Marketplace
7488,99,2024-09-14,Completado,App
7489,841,2024-09-14,Completado,Web
7490,543,2024-01-14,Completado,Web
7491,141,2025-05-25,En preparacion,App
7492,587,2025-11-29,Completado,Tienda fisica
7493,573,2024-06-13,Completado,App
7494,743,2025-01-05,Completado,Web
7495,179,2024-07-26,Completado,Tienda fisica
7496,704,2026-05-29,Completado,App
7497,973,2025-10-23,Cancelado,Web
7498,858,2025-10-14,completado,WhatsApp
7499,395,2025-05-17,Completado,Web
7500,843,2024-07-14,Completado,Web
7501,519,2026-08-08,Completado,Tienda fisica
7502,419,2024-07-27,Completado,Tienda fisica
7503,619,2024-06-06,Completado,Tienda fisica
7504,299,2025-08-19,Completado,Web
7505,799,2025-12-30,Completado,App
7506,80,2025-05-31,Completado,Web
7507,234,2026-04-16,Completado,App
7508,66,2026-04-28,Completado,Web
7509,522,2024-09-27,Completado,Tienda fisica
7510,670,2025-12-27,Completado,Web
7511,46,2025-12-31,Completado,Tienda fisica
7512,236,2025-08-07,Completado,Web
7513,412,2025-04-13,Completado ,Web
7514,833,2026-01-28,Completado,Web
7515,716,2025-08-21,Completado,Tienda fisica
7516,925,2025-08-17,Cancelado,WhatsApp
7517,482,2025-12-23,Completado,Tienda fisica
7518,767,2026-04-15,Completado,Web
7519,474,2025-11-01,Completado,Tienda fisica
7520,628,2024-05-12,Completado,WhatsApp
7521,970,2026-08-04,Completado,Tienda fisica
7522,887,2025-02-07,Completado,Tienda fisica
7523,942,2024-11-14,completado,Tienda fisica
7524,225,2025-08-28,Completado,WhatsApp
7525,535,2025-06-21,Completado,App
7526,543,2026-01-08,Completado,Web
7527,767,2024-05-15,Completado,Web
7528,385,2025-12-29,Completado,Tienda fisica
7529,970,2025-08-18,Pendiente,App
7530,942,2024-05-14,Completado,Tienda fisica
7531,151,2025-10-27,Completado,Tienda fisica
7532,5,2026-04-21,Completado,Web
7533,954,2025-08-01,Completado,Web
7534,118,2025-06-03,Completado,App
7535,409,2026-03-04,Cancelado,Marketplace
7536,816,2024-10-17,Completado,Web
7537,121,2024-12-08,Completado,WhatsApp
7538,260,2025-11-23,Cancelado,Marketplace
7539,977,2024-10-15,Completado,Web
7540,674,2025-04-24,Completado,Web
7541,989,2026-06-05,Completado,Web
7542,150,2025-09-18,Completado,App
7543,999,2025-05-20,Completado,WhatsApp
7544,663,2024-12-13,Completado,Web
7545,854,2026-06-12,Completado,Tienda fisica
7546,186,2024-08-14,Completado,Marketplace
7547,992,2024-12-06,Completado,WhatsApp
7548,318,2026-05-15,Completado,Marketplace
7549,590,2026-04-04,Completado,Tienda fisica
7550,587,2024-06-07,Completado,App
7551,599,2026-01-06,Completado,WhatsApp
7552,951,2024-07-17,Completado,Web
7553,534,2025-06-11,Completado,Tienda fisica
7554,194,2024-11-02,Completado,Marketplace
7555,353,2024-06-22,Completado,WhatsApp
7556,400,2026-07-08,Completado,Web
7557,336,2024-07-26,Completado,Web
7558,536,2024-03-09,Completado,Tienda fisica
7559,110,2024-02-08,Completado,Web
7560,742,2026-05-15,En preparacion,WhatsApp
7561,719,2025-11-14,Completado,WhatsApp
7562,431,2025-01-27,Completado,Web
7563,74,2026-05-09,Pendiente,Tienda fisica
7564,893,2024-03-20,Completado,Web
7565,457,2025-07-16,Completado,Web
7566,320,2025-03-01,Completado,App
7567,14,2026-04-05,Completado,Marketplace
7568,639,2025-12-29,Completado,Web
7569,516,2024-10-29,Completado,App
7570,339,2024-11-10,Completado,Tienda fisica
7571,923,2024-02-05,Completado,Marketplace
7572,843,2025-10-25,Cancelado,App
7573,222,2024-11-06,Completado ,Marketplace
7574,590,2025-05-17,Cancelado,App
7575,468,2026-01-10,Completado,Web
7576,128,2024-05-15,Completado,Web
7577,368,2024-09-10,Completado,Web
7578,66,2025-10-07,Completado,Marketplace
7579,438,2026-05-14,Completado,App
7580,409,2025-09-24,Completado,Web
7581,541,2026-03-07,Completado,Web
7582,80,2024-11-01,Completado,Tienda fisica
7583,994,2024-11-29,Completado,Web
7584,822,2024-06-26,Cancelado,Web
7585,278,2026-01-08,Completado,Marketplace
7586,599,2025-07-11,Completado,Tienda fisica
7587,253,2024-09-03,Cancelado,Web
7588,385,2025-03-23,Completado,Web
7589,320,2025-01-31,Completado,Tienda fisica
7590,764,2024-07-02,Completado,Web
7591,828,2024-10-12,Completado,Marketplace
7592,669,2025-09-15,Completado,Marketplace
7593,960,2025-07-05,Completado,App
7594,693,2025-06-26,Completado,Web
7595,320,2025-03-07,Completado,App
7596,524,2025-11-08,Completado,Tienda fisica
7597,151,2024-04-04,Completado,App
7598,643,2025-10-25,Completado,Web
7599,281,2024-10-27,Completado,Tienda fisica
7600,857,2024-03-02,Completado,Marketplace
7601,84,2024-09-21,Completado,Web
7602,643,2025-12-19,Cancelado,WhatsApp
7603,364,2025-06-25,Completado,Tienda fisica
7604,324,2024-05-01,Completado,Web
7605,779,2024-02-21,completado,Web
7606,277,2025-08-26,Completado,Tienda fisica
7607,612,2024-05-29,Completado,Web
7608,711,2024-03-05,Completado,Web
7609,486,2025-10-07,Completado,Web
7610,543,2024-10-29,Completado,Tienda fisica
7611,224,2026-01-18,Pendiente,Web
7612,669,2024-02-11,Completado,Tienda fisica
7613,897,2025-11-26,Pendiente,Tienda fisica
7614,970,2026-08-14,Pendiente,MARKETPLACE
7615,693,2025-01-07,Completado,Web
7616,323,2024-12-31,Completado,Tienda fisica
7617,248,2025-08-28,Completado,Web
7618,617,2024-09-20,Completado,Marketplace
7619,928,2024-12-18,Completado,App
7620,61,2026-06-06,Completado,Tienda fisica
7621,39,2024-11-26,Completado,Web
7622,573,2025-12-08,Completado,Web
7623,546,2025-01-18,Completado,WhatsApp
7624,932,2025-05-21,Completado,TIENDA FISICA
7625,430,2024-11-08,Completado,MARKETPLACE
7626,961,2024-07-23,Completado,App
7627,407,2025-11-19,Completado,Web
7628,318,2024-03-08,Completado,Web
7629,117,2024-10-17,Completado,Web
7630,295,2025-02-09,Completado,Tienda fisica
7631,794,2024-11-17,Completado,Web
7632,816,2024-11-29,Completado,Web
7633,468,2026-03-11,Completado,Web
7634,275,2024-11-01,Completado,WhatsApp
7635,155,2025-06-02,Completado,Web
7636,133,2024-05-18,Completado,Web
7637,547,2025-11-08,Completado,WEB
7638,705,2025-12-17,Completado,Web
7639,928,2025-11-05,Completado,Marketplace
7640,294,2026-02-03,Completado,Web
7641,951,2026-08-02,Completado,Tienda fisica
7642,168,2025-08-28,Completado,Web
7643,783,2024-08-29,Completado,Web
7644,101,2025-12-08,Completado,Marketplace
7645,26,2024-12-22,Completado,Marketplace
7646,503,2026-07-13,Completado,WhatsApp
7647,493,2026-08-02,Completado,Marketplace
7648,450,2025-10-28,Completado,WhatsApp
7649,447,2025-07-12,Pendiente,WhatsApp
7650,318,2024-03-16,Completado,Tienda fisica
7651,926,2025-07-02,En preparacion,Tienda fisica
7652,628,2026-07-14,Completado,Web
7653,599,2025-07-20,Completado,Tienda fisica
7654,869,2024-06-07,Completado,App
7655,294,2026-05-19,Completado,App
7656,572,2026-06-19,Completado,Marketplace
7657,215,2026-03-24,Pendiente,Tienda fisica
7658,521,2024-09-10,Completado,Marketplace
7659,623,2025-11-10,Completado,App
7660,270,2024-09-05,Completado,Tienda fisica
7661,152,2026-06-17,Completado,Web
7662,383,2026-05-23,Completado,WhatsApp
7663,748,2026-07-24,Completado,Web
7664,691,2026-03-13,Cancelado,Tienda fisica
7665,383,2026-04-13,Completado,Web
7666,811,2026-03-10,Completado,App
7667,468,2024-12-07,Completado,Web
7668,447,2025-11-28,Cancelado,App
7669,841,2025-10-24,Completado,Web
7670,857,2024-10-02,Completado,Marketplace
7671,784,2025-12-31,Completado,App
7672,215,2025-12-28,Completado,Web
7673,448,2025-04-17,Completado,Tienda fisica
7674,523,2024-04-04,Completado,Web
7675,70,2024-10-05,Completado,Tienda fisica
7676,565,2025-11-22,En preparacion,Tienda fisica
7677,252,2024-03-19,En preparacion,Web
7678,817,2024-02-23,Completado,Web
7679,717,2025-02-17,Pendiente,Web
7680,45,2024-11-21,Completado,Web
7681,612,2024-07-23,Completado,Tienda fisica
7682,565,2024-06-09,Completado,WhatsApp
7683,89,2025-12-18,Cancelado,Web
7684,629,2026-01-14,Pendiente,Web
7685,934,2025-10-23,Pendiente,Tienda fisica
7686,519,2024-11-24,Completado ,Web
7687,549,2024-06-10,Completado,Web
7688,238,2024-11-14,Completado,Web
7689,102,2025-09-15,Completado,Web
7690,816,2024-04-25,Completado,Web
7691,617,2025-01-26,En preparacion,Web
7692,255,2025-04-21,Completado,App
7693,448,2025-12-06,En preparacion,Tienda fisica
7694,234,2026-08-14,Completado,Web
7695,628,2024-07-05,Completado,Web
7696,940,2026-04-20,Completado,Web
7697,691,2024-12-06,Completado,Web
7698,876,2025-08-09,Completado,Web
7699,948,2025-03-17,Completado,Web
7700,547,2025-09-29,Completado,Marketplace
7701,623,2024-08-05,Completado,WhatsApp
7702,164,2026-04-01,Cancelado,App
7703,399,2024-07-19,Completado,Web
7704,248,2024-09-19,Completado,Marketplace
7705,580,2025-06-07,Completado,App
7706,60,2025-12-05,Completado,WhatsApp
7707,962,2026-02-19,Completado,App
7708,480,2024-12-06,Completado,Marketplace
7709,712,2026-04-18,Completado,App
7710,409,2024-02-11,Cancelado,Web
7711,664,2025-09-18,Completado,Tienda fisica
7712,764,2026-04-23,Completado,App
7713,612,2025-06-29,Completado,Marketplace
7714,621,2026-06-16,Completado,App
7715,541,2025-07-26,Completado,Web
7716,253,2024-04-12,Completado,Tienda fisica
7717,146,2024-07-20,Completado,Web
7718,625,2026-08-22,Completado,App
7719,318,2025-01-03,Completado,Tienda fisica
7720,119,2024-12-07,Completado,Marketplace
7721,767,2026-04-18,Cancelado,Web
7722,817,2025-12-12,Cancelado,Tienda fisica
7723,621,2024-09-26,Completado,Web
7724,948,2026-05-10,Completado,Web
7725,992,2024-12-07,Completado,Marketplace
7726,102,2025-10-23,Completado,Web
7727,281,2025-05-10,Completado,Web
7728,928,2024-12-18,Completado,Tienda fisica
7729,879,2026-04-30,Completado,Tienda fisica
7730,455,2026-02-14,Completado,Tienda fisica
7731,344,2025-12-31,Completado,Web
7732,67,2026-06-13,En preparacion,Marketplace
7733,650,2025-02-24,Completado,App
7734,658,2024-08-25,Completado,Tienda fisica
7735,812,2025-03-25,Completado,Marketplace
7736,762,2024-12-07,Completado,Web
7737,293,2024-03-29,Cancelado,Tienda fisica
7738,837,2025-09-19,Completado,Web
7739,711,2024-06-20,Completado,WhatsApp
7740,603,2024-12-07,Completado,Tienda fisica
7741,396,2025-10-04,Completado,Tienda fisica
7742,41,2026-04-08,Completado,Tienda fisica
7743,119,2025-03-19,En preparacion,Marketplace
7744,869,2024-12-15,Completado,Web
7745,469,2025-01-24,Completado,Tienda fisica
7746,310,2025-11-27,Completado,WhatsApp
7747,815,2025-11-24,Completado ,Tienda fisica
7748,179,2026-03-10,Completado,Web
7749,781,2026-06-21,Completado,Tienda fisica
7750,179,2024-05-20,Completado,Web
7751,396,2026-03-02,Completado,App
7752,293,2026-01-13,Completado,Tienda fisica
7753,150,2025-12-13,Completado,Tienda fisica
7754,925,2024-04-09,Completado,Web
7755,534,2025-07-21,Completado,Tienda fisica
7756,918,2025-01-25,Completado,Tienda fisica
7757,6,2024-11-30,Completado,Web
7758,575,2024-07-30,Completado,Web
7759,779,2026-08-28,Completado,Tienda fisica
7760,641,2025-05-30,Completado,Web
7761,399,2024-06-21,Completado,App
7762,841,2024-11-15,Completado,Web
7763,536,2024-07-05,Completado,Web
7764,855,2024-12-26,Completado,Tienda fisica
7765,177,2025-06-26,Completado,Web
7766,293,2025-03-28,Pendiente,Web
7767,399,2024-12-10,Completado,Web
7768,54,2026-03-30,Pendiente,WhatsApp
7769,567,2025-10-17,Completado,Tienda fisica
7770,524,2025-07-11,Cancelado,Tienda fisica
7771,838,2024-12-23,Completado,Web
7772,260,2026-01-09,Completado,App
7773,546,2024-01-06,Completado,Tienda fisica
7774,275,2025-05-08,Completado ,Web
7775,183,2025-01-11,Completado,Tienda fisica
7776,977,2025-09-24,Completado,Tienda fisica
7777,69,2024-02-01,Completado,Web
7778,282,2025-07-30,Completado,Web
7779,854,2025-11-08,Completado,Tienda fisica
7780,989,2026-03-28,Completado,Marketplace
7781,914,2025-12-12,Completado,WhatsApp
7782,970,2024-02-23,Completado,Marketplace
7783,711,2024-03-08,Completado,Web
7784,563,2024-12-24,Completado,Tienda fisica
7785,16,2024-03-15,Completado,App
7786,934,2026-04-10,Completado,Web
7787,594,2024-02-08,Completado,Marketplace
7788,285,2026-08-13,Completado,Marketplace
7789,90,2026-07-10,Completado,Tienda fisica
7790,534,2025-10-16,Completado,Tienda fisica
7791,407,2025-07-15,Completado,App
7792,736,2024-06-23,Completado,Marketplace
7793,338,2024-08-04,Cancelado,Tienda fisica
7794,722,2024-12-15,Completado,Marketplace
7795,567,2024-07-02,Completado,Marketplace
7796,778,2024-05-23,Pendiente,Marketplace
7797,278,2024-03-14,Completado,Marketplace
7798,224,2026-08-29,Completado ,Web
7799,520,2026-07-12,Pendiente,App
7800,315,2025-01-02,Completado,Marketplace
7801,474,2025-03-22,Completado,WhatsApp
7802,597,2024-11-01,Cancelado,Web
7803,80,2025-11-24,Completado,Web
7804,179,2025-08-28,Completado,Web
7805,855,2025-12-17,En preparacion,WhatsApp
7806,68,2024-08-24,Completado,Tienda fisica
7807,168,2025-05-31,Pendiente,App
7808,409,2024-11-15,Completado,Web
7809,122,2026-04-29,Completado,App
7810,567,2026-03-23,Completado,Web
7811,765,2024-10-18,Completado,Web
7812,391,2024-06-29,Completado,Marketplace
7813,297,2025-12-06,Cancelado,Web
7814,619,2024-06-10,Completado,WhatsApp
7815,644,2026-05-06,Completado,Web
7816,837,2024-07-13,Completado,Web
7817,628,2025-12-13,Completado,Web
7818,55,2026-03-05,En preparacion,Web
7819,3,2024-10-04,Completado,Tienda fisica
7820,70,2025-07-26,Completado,App
7821,977,2026-08-22,Completado,Web
7822,155,2025-01-10,Completado,Web
7823,482,2025-12-06,Completado,Web
7824,578,2024-11-13,Completado,Web
7825,922,2025-11-21,Pendiente,Web
7826,276,2025-04-30,Completado,Tienda fisica
7827,183,2025-10-26,Completado,App
7828,119,2025-04-21,Completado,App
7829,623,2024-04-13,Completado,Tienda fisica
7830,652,2024-09-21,Completado,App
7831,581,2025-05-06,Completado,Tienda fisica
7832,790,2026-08-22,Completado,App
7833,145,2026-04-09,Completado,Web
7834,293,2024-05-19,Completado,Web
7835,99,2026-05-18,En preparacion,Web
7836,294,2024-03-17,Completado,Web
7837,425,2024-03-23,Completado,App
7838,921,2025-06-20,Completado,Web
7839,377,2025-11-21,Completado,App
7840,816,2024-03-28,Completado,Web
7841,696,2026-01-09,Pendiente,App
7842,890,2025-07-18,Completado,Tienda fisica
7843,571,2025-10-18,Completado,Web
7844,166,2025-09-22,En preparacion,Web
7845,342,2026-04-09,Completado ,Web
7846,990,2024-05-29,Completado,Web
7847,767,2024-06-08,Completado,Marketplace
7848,336,2025-12-13,completado,App
7849,437,2024-01-09,Completado,Tienda fisica
7850,965,2025-03-14,En preparacion,Tienda fisica
7851,578,2026-01-07,Completado,Marketplace
7852,327,2024-12-28,Completado,Tienda fisica
7853,521,2025-05-03,Cancelado,Web
7854,128,2025-08-05,Completado,Web
7855,657,2025-09-05,Completado,Web
7856,816,2025-07-27,Completado,Web
7857,977,2026-05-23,Completado,Web
7858,183,2025-07-02,Completado,Tienda fisica
7859,994,2024-03-01,Completado,Marketplace
7860,652,2024-02-10,Completado,App
7861,436,2024-11-12,En preparacion,Tienda fisica
7862,743,2025-11-08,Completado,Tienda fisica
7863,494,2025-09-24,Completado,Web
7864,596,2025-10-31,Completado,Web
7865,510,2025-12-15,Completado,Marketplace
7866,925,2024-12-21,Completado,TIENDA FISICA
7867,575,2024-09-08,Completado,Web
7868,565,2025-06-09,Completado,Web
7869,447,2025-03-28,Completado,Tienda fisica
7870,293,2024-12-01,Completado,App
7871,347,2026-08-31,Completado,Marketplace
7872,557,2026-07-21,Completado,Marketplace
7873,587,2024-04-09,Completado,Tienda fisica
7874,285,2024-03-09,Completado,Marketplace
7875,973,2024-02-16,en preparacion,App
7876,716,2024-09-09,Pendiente,App
7877,429,2026-05-06,Completado,Tienda fisica
7878,350,2025-03-12,Completado,App
7879,364,2024-08-10,Completado,Tienda fisica
7880,382,2024-11-22,Pendiente,App
7881,784,2024-06-13,Completado,Tienda fisica
7882,915,2026-03-03,Pendiente,Web
7883,590,2025-05-10,Completado,Marketplace
7884,944,2025-12-02,Completado,Tienda fisica
7885,572,2025-10-25,Completado,WhatsApp
7886,635,2025-11-20,Completado,Web
7887,606,2025-07-30,Completado,Web
7888,58,2025-02-05,Completado,Web
7889,874,2025-05-02,Completado,App
7890,776,2024-06-05,Completado,App
7891,534,2025-12-31,Completado,Tienda fisica
7892,321,2025-01-15,Completado,Web
7893,617,2025-12-22,Completado,App
7894,396,2025-04-11,Completado,Tienda fisica
7895,275,2026-05-06,Cancelado,Web
7896,249,2024-02-07,Completado,Tienda fisica
7897,572,2024-03-18,Completado,Marketplace
7898,587,2025-05-19,Completado,Web
7899,28,2024-10-04,Pendiente,TIENDA FISICA
7900,233,2024-02-26,Completado,Web
7901,665,2024-05-20,Completado,Web
7902,970,2024-03-26,Completado,Web
7903,348,2025-03-27,Completado,Web
7904,342,2026-02-14,Completado,Web
7905,457,2024-06-14,Cancelado,Tienda fisica
7906,634,2024-03-27,Completado,Tienda fisica
7907,63,2025-04-03,Completado,App
7908,315,2025-11-21,Completado,App
7909,716,2024-12-27,Cancelado,Web
7910,779,2026-08-06,Completado,Web
7911,360,2026-01-17,Completado,WhatsApp
7912,957,2025-01-11,Cancelado,Web
7913,612,2025-11-02,Completado,Tienda fisica
7914,779,2024-09-01,Completado,Web
7915,162,2026-02-12,Completado,WhatsApp
7916,68,2025-06-12,Completado,Marketplace
7917,214,2024-12-13,Completado,WhatsApp
7918,675,2024-03-18,Cancelado,App
7919,962,2025-11-19,Completado,Tienda fisica
7920,940,2025-09-08,Completado,Web
7921,849,2025-08-24,Completado,Web
7922,827,2026-07-02,Pendiente,Tienda fisica
7923,168,2026-05-16,Pendiente,Web
7924,409,2024-08-08,Completado,Tienda fisica
7925,812,2025-11-13,Completado,Marketplace
7926,345,2024-06-22,Completado,Web
7927,879,2024-09-11,Completado,Web
7928,45,2024-09-16,Completado,App
7929,204,2025-05-06,Completado,Marketplace
7930,18,2024-12-20,Completado,App
7931,480,2024-01-19,Completado,Tienda fisica
7932,119,2025-11-22,Pendiente,Tienda fisica
7933,856,2026-07-31,Completado,Tienda fisica
7934,469,2026-03-09,Completado,App
7935,264,2024-07-22,Completado,App
7936,970,2024-05-21,Completado,Web
7937,648,2025-09-25,Completado,App
7938,205,2025-02-06,Completado,Web
7939,103,2026-03-18,Completado,Web
7940,647,2025-10-15,Completado,App
7941,336,2025-07-17,Completado,App
7942,399,2026-05-07,Completado,WhatsApp
7943,578,2024-12-27,Pendiente,Web
7944,102,2025-12-03,En preparacion,App
7945,521,2026-08-14,Completado,Marketplace
7946,522,2024-06-08,En preparacion,Tienda fisica
7947,152,2026-05-30,Completado,Marketplace
7948,652,2024-01-26,Completado,Marketplace
7949,418,2024-12-19,Completado,Marketplace
7950,962,2025-05-05,Completado,Web
7951,762,2024-10-06,Completado,Tienda fisica
7952,802,2025-01-05,Completado,Tienda fisica
7953,816,2024-09-05,En preparacion,Tienda fisica
7954,841,2025-04-24,Pendiente,Tienda fisica
7955,233,2024-10-12,Completado,Marketplace
7956,336,2024-10-13,Completado,Web
7957,183,2025-07-03,Completado,Web
7958,348,2024-08-03,Completado,Web
7959,663,2025-10-16,Completado,Tienda fisica
7960,84,2024-06-08,Completado,Web
7961,911,2024-12-22,En preparacion,Marketplace
7962,459,2025-10-10,Completado,Web
7963,687,2026-05-24,Completado,Web
7964,181,2024-12-31,Completado,Web
7965,870,2025-08-05,Completado,Tienda fisica
7966,73,2024-11-02,Cancelado,Web
7967,57,2026-07-05,Completado,Web
7968,248,2025-11-16,En preparacion,WEB
7969,353,2024-07-26,Completado,Marketplace
7970,481,2026-05-28,Completado,Marketplace
7971,812,2024-07-15,Completado,Web
7972,179,2024-01-30,En preparacion,App
7973,970,2025-12-18,Completado,Tienda fisica
7974,980,2025-05-05,completado,App
7975,642,2025-12-31,Completado,Tienda fisica
7976,438,2025-12-10,Completado,Marketplace
7977,430,2024-11-02,Completado,Web
7978,67,2025-07-23,En preparacion,Marketplace
7979,590,2025-06-22,Completado,Tienda fisica
7980,546,2024-04-01,Completado,Tienda fisica
7981,281,2025-04-18,Completado,Web
7982,283,2025-10-10,Completado,Web
7983,340,2024-11-28,Completado,Tienda fisica
7984,965,2025-08-14,Completado,Tienda fisica
7985,828,2025-07-01,Completado,Marketplace
7986,832,2024-12-21,Completado,App
7987,70,2024-01-06,Completado,Tienda fisica
7988,455,2026-07-14,Completado,Web
7989,652,2025-06-23,Completado,App
7990,469,2026-01-16,Completado,App
7991,510,2025-01-31,Completado,Tienda fisica
7992,713,2024-08-20,Completado,Web
7993,466,2025-01-09,Pendiente,Tienda fisica
7994,74,2025-08-03,Completado,Web
7995,345,2024-08-26,Completado,Marketplace
7996,708,2025-01-08,Completado,Web
7997,275,2024-11-15,Completado,Tienda fisica
7998,96,2026-02-09,Completado,Web
7999,836,2026-02-21,Pendiente,WhatsApp
8000,939,2026-06-27,Completado,App
